time,phiDeg,thetaDeg,psiDeg,omegaX,omegaY,omegaZ,wheel1,wheel2,wheel3,wheel4,uX,uY,uZ
0,10,5,-4,0,0,0,0,0,0,0,0,0,0
1,10.0000047384425,5.00000020073766,-3.99999932365672,1.61721995455034e-07,1.10361853186951e-08,3.73249175400438e-08,0.022664374266372,0.0406222702415432,-0.0491735020531711,0.00814822659535809,-0.0273687550846201,-0.0453266510597913,0.044469121234923
2,9.99769123771628,4.99858323843119,-3.99880351958392,-8.36940990780346e-05,-4.1970382059173e-05,3.36752492710428e-05,0.0218546175690094,0.0391687997208867,-0.047412856877918,0.00785806071767722,-0.0263914710396687,-0.0437056531915462,0.0428760034072585
3,9.99084062745699,4.99439942159008,-3.99527538996332,-0.00016461147099396,-8.24540479580031e-05,6.61293107895141e-05,0.0210694039731227,0.0377584984629476,-0.0457038424244037,0.00757717958059651,-0.0254440906436527,-0.0421331851335297,0.0413291557538216
4,9.97961174299077,4.98754855280163,-3.98949833929576,-0.000242679975205,-0.000121484680230198,9.74336534810167e-05,0.0203026467747323,0.0363781746146794,-0.0440306256158677,0.00730359393515706,-0.0245193786992,-0.0405949065392273,0.0398138936913198
5,9.96415880454422,4.97812846476101,-3.98155435733968,-0.000317967140096009,-0.000159093834772659,0.000127611463488237,0.0195540185027393,0.0350274891325265,-0.0423928253133515,0.00703713901962403,-0.0236169126099917,-0.0390903832400517,0.0383299312058262
6,9.94463208587787,4.96623539860246,-3.97152431648773,-0.000390539261868462,-0.000195312668223728,0.000156685726295783,0.0188231938587034,0.0337061019265654,-0.0407900577428245,0.0067776522438863,-0.0227362732061858,-0.0376191812740478,0.036876978395342
7,9.92117801702687,4.95196396194744,-3.95948791356019,-0.00046046141174349,-0.000230171938084341,0.000184679223593104,0.0181098511660425,0.0324136750466817,-0.0392219402988967,0.006524973669618,-0.0218770464707029,-0.0361808703513421,0.0354547449942363
8,9.89393928424506,4.93540709141107,-3.94552361691996,-0.000527797448610241,-0.000263702006024094,0.000211614532756028,0.0174136724391358,0.0311498721036893,-0.0376880909324593,0.00627894606950394,-0.0210388236427148,-0.0347750233066305,0.034062939729518
9,9.86305492705698,4.91665601932006,-3.92970861861809,-0.000592610032229353,-0.000295932840679407,0.00023751402584687,0.0167343434444255,0.0299143577567534,-0.0361881276143766,0.00603941497621819,-0.0202212013067575,-0.0334012156187006,0.0327012697524294
10,9.82866043245714,4.89580024451247,-3.91211879137793,-0.000654960636871274,-0.00032689402001428,0.000262399868183484,0.0160715537544197,0.0287067972617628,-0.0347216678698664,0.00580622872168038,-0.019423781469917,-0.0320590249772602,0.031369440154369
11,9.79088782630414,4.87292750708267,-3.8928286502255,-0.000714909565376374,-0.000356614733283175,0.000286294016542298,0.0154249967943764,0.0275268560774694,-0.0332883283787632,0.00557923846740182,-0.0186461716254078,-0.0307480309085008,0.0300671535477318
12,9.74986576196076,4.84812376693004,-3.87191131857186,-0.000772515963581833,-0.000385123782650696,0.000309218217046971,0.0147943698821288,0.0263741995256661,-0.0318877246373869,0.00535829822650217,-0.0178879848057413,-0.0294678144492785,0.0287941097137745
13,9.70571960623552,4.82147318596594,-3.84943849855354,-0.000827837835060341,-0.000412449584511803,0.000331194002794498,0.0141793742614407,0.0252484925020005,-0.0305194706777772,0.00514326487810597,-0.0171488396236031,-0.0282179578634837,0.0275500053162941
14,9.65857152268559,4.79305811383049,-3.82548044543746,-0.000880932056146532,-0.000438620170555434,0.000352242691262875,0.0135797151290448,0.0241493992341431,-0.0291831788403133,0.00493399817460884,-0.0164283603038341,-0.0269980444081707,0.0263345336662858
15,9.60854055234291,4.76295907696861,-3.80010594589874,-0.000931854391195498,-0.000463663188612674,0.000372385381546048,0.0129951016558271,0.0230765830839813,-0.0278784595957488,0.00473036074245402,-0.0157261767041992,-0.0258076581323534,0.0251473845473767
16,9.55574269192902,4.73125477091341,-3.77338229998105,-0.000980659508037555,-0.000487605903322061,0.000391642951457796,0.0124252470024047,0.0220297063908633,-0.0266049214128813,0.0045322180770234,-0.0150419243294472,-0.0246463837179058,0.0239882440858388
17,9.50029096962562,4.69802205562494,-3.74537530655225,-0.00102740099360494,-0.000510475196653506,0.000410036054538189,0.0118698683293677,0.0210084303526886,-0.0253621706683459,0.0043394385319794,-0.01437524433377,-0.0235138063576081,0.0228567946634263
18,9.44229551846966,4.6633359537322,-3.7161492520711,-0.0010721313696833,-0.000532297568318209,0.000427585116999378,0.0113286868025769,0.0200124149420502,-0.024149811595049,0.0041518933036796,-0.0137257835192585,-0.0224095116581641,0.021752714878935
19,9.38186364744262,4.62726965152718,-3.68576690248391,-0.00111490210876666,-0.000553099136095363,0.000444310334641801,0.0108014275937211,0.0190413188546191,-0.0229674462659492,0.00396945641106293,-0.0130931943213698,-0.0213330855822677,0.0206756795383005
20,9.31909991032508,4.58989450256146,-3.65428949807439,-0.0011557636499802,-0.000572905636102547,0.000460231669769804,0.0102878198764906,0.0180947994870922,-0.0218146746100628,0.00379200467146737,-0.0124771347946257,-0.0202841144045504,0.0196253596926047
21,9.25410617238742,4.55128003369751,-3.62177675109388,-0.00119476541504173,-0.000591742423036759,0.000475368848131329,0.00978759681869177,0.0171725129420866,-0.0206910944577741,0.00361941767274341,-0.0118772685865243,-0.0192621847091829,0.0186014226906778
22,9.18698167498832,4.51149395346922,-3.58828684600358,-0.00123195582425802,-0.000609634470406336,0.000489741355907604,0.00930049557032333,0.0162741140576532,-0.0195963016125089,0.00345157774202871,-0.0112932649089538,-0.0182668833962837,0.0176035322738785
23,9.11782309815131,4.47060216260905,-3.55387644216544,-0.00126738231249028,-0.000626606370777445,0.000503368436771951,0.00882625724835509,0.0153992564589159,-0.0185298899462619,0.00328836991162145,-0.0107247985023457,-0.0172977977120405,0.0166313486931372
24,9.04672462119113,4.42866876660227,-3.51860067882281,-0.0013010913451113,-0.000642682336049635,0.000516269089040582,0.00836462691794963,0.0145475926298348,-0.0174914515162317,0.00312968188223149,-0.0101715495951339,-0.016354515307019,0.0156845288390474
25,8.97377798145888,4.38575609013205,-3.48251318221744,-0.00133312843390541,-0.000657886197783913,0.000528462062927769,0.00791535357076048,0.0137187740027543,-0.0164805767003946,0.00297540398387837,-0.00963320386180054,-0.0154366242937944,0.0147627264093546
26,8.89907253127544,4.34192469328278,-3.44566607469434,-0.00136353815290429,-0.000672241407591296,0.000539965857923717,0.00747819010034972,0.0129124510639966,-0.0154968543496593,0.00282542913481618,-0.00910945237163479,-0.0145437133352817,0.0138655920783742
27,8.82269529312088,4.29723338937294,-3.40810998565146,-0.00139236415414221,-0.000685771037603362,0.000550798720309271,0.00705289327500053,0.0121282734733458,-0.0145398719544048,0.00267965279867053,-0.00859999153928631,-0.0136753717376316,0.012992773690119
28,8.7447310131465,4.25173926429256,-3.36989406419624,-0.00141964918330211,-0.000698497781029468,0.000560978640815485,0.0066392237082593,0.0113658901959083,-0.0136092158236434,0.00253797294012075,-0.008104523068434,-0.012831189556083,0.0121439164634687
29,8.66526221307488,4.2054976972249,-3.33106599337668,-0.00144543509525671,-0.000710443952813488,0.000570523352443045,0.00623694582720749,0.0106249496445978,-0.0127044712746913,0.00240028997933921,-0.00762275389263176,-0.0120107577100221,0.0113186632092671
30,8.58436924055168,4.15856238263572,-3.29167200585974,-0.00146976286948211,-0.00072163149040283,0.000579450328445457,0.00584582783882606,0.00990509983158038,-0.0118252228317986,0.00226650674532923,-0.00715439611836199,-0.0112136681111163,0.0105166545522627
31,8.50213031801072,4.11098535341814,-3.25175690093532,-0.00149267262532993,-0.000732081954632182,0.000587776780485855,0.00546564169461265,0.00920598852736738,-0.010971054432048,0.00213652842847388,-0.00669916695792334,-0.0104395137906781,0.00973752916873729
32,8.41862159011337,4.06281700508528,-3.21136406272936,-0.00151420363715092,-0.000741816530731593,0.000595519656972616,0.00509616305362259,0.00852726342609933,-0.0101415496370149,0.00201026253242204,-0.00625678866785827,-0.00968788904033501,0.0089809240227792
33,8.33391716982032,4.01410612090746,-3.17053547951484,-0.00153439434926162,-0.000750856029462182,0.000602695641579351,0.00473717124407837,0.00786857231581056,-0.00933629184876541,0.00188761882551965,-0.00582698848111954,-0.00895838955285173,0.00824647461172423
34,8.24808918315263,3.96489989789481,-3.12931176401446,-0.00155328239074159,-0.000759220888386883,0.00060932115194973,0.0043884492237981,0.00722956325240299,-0.00855486452901221,0.00176850929187715,-0.00540949853952772,-0.00825061256813262,0.00753381521328259
35,8.1612078126968,3.9152439735309,-3.08773217459426,-0.00157090459005909,-0.000766931173276102,0.000615412338593342,0.00404978353949042,0.00660988473632626,-0.00779685142009095,0.00165284808229385,-0.00500405582473233,-0.00756415702156817,0.00684257913484904
36,8.07334133990665,3.86518245316701,-3.04583463725211,-0.00158729698951291,-0.000774006579651236,0.000620985083972227,0.00372096428514134,0.00600918589093331,-0.00706183676674515,0.00154055146515868,-0.00461040208825118,-0.00689862369404314,0.00617239896363531
37,7.9845561862532,3.81475793799132,-3.00365576830987,-0.00160249485948862,-0.000780466434470917,0.000626055001777549,0.00340178505962138,0.00542711664148003,-0.00634940553772796,0.0014315377773783,-0.00422828378074586,-0.00625361536260451,0.00552290681660348
38,7.89491695327122,3.76401155349111,-2.96123089772304,-0.00161653271252508,-0.000786329697954864,0.000630637436399154,0.00309204292357176,0.00486332789408441,-0.00565914364621547,0.00132572737555182,-0.00385745198071866,-0.00562873695123131,0.00489373458906857
39,7.80448646154972,3.71298297833078,-2.9185940929262,-0.00162944431718254,-0.000791614965549611,0.000634747462584667,0.00279153835578529,0.00431747171372346,-0.00499063816827301,0.0012230425874222,-0.00349766232286387,-0.00502359568080205,0.00428451420119443
40,7.71332578871144,3.66171047357208,-2.87577818313708,-0.00164126271171225,-0.000796340470035334,0.000638399885286233,0.00250007520916318,0.00378920150056344,-0.00434347755861935,0.00112340766368073,-0.00314867492621017,-0.00443780121761043,0.00369487784157235
41,7.62149430642461,3.61023091216736,-2.83281478404649,-0.00165202021752416,-0.000800524083768284,0.000641609239695076,0.00221746066630887,0.0032781721640931,-0.00371725186293038,0.00102674873029143,-0.00281025432213274,-0.00387096581991697,0.00312445820710652
42,7.52904971648831,3.55857980866039,-2.78973432282565,-0.00166174845245164,-0.000804183321062525,0.000644389791459085,0.00194350519490238,0.00278404029430107,-0.00311155292611022,0.000932993741310307,-0.00248216938260012,-0.00332270448199881,0.00257288873841248
43,7.43604808603079,3.50679134903304,-2.74656606338654,-0.00167047834381043,-0.000807335340703962,0.000646755537079893,0.00167802250292443,0.00230646432952739,-0.00252597459602222,0.00084207243231899,-0.00216419324840096,-0.00279263507500392,0.00203980385054569
44,7.34254388185849,3.45489842064008,-2.70333813183476,-0.00167824014124948,-0.000809996948596908,0.000648720204487523,0.00142082949383561,0.00184510472039291,-0.00196011292209739,0.000753916274525452,-0.00185610325780729,-0.00228037848436458,0.00152483915812572
45,7.2485900039917,3.40293264217766,-2.66007754205848,-0.00168506342939595,-0.000812184600537278,0.000650297253786567,0.00117174622175146,0.00139962408950208,-0.00141356634848272,0.000668458429574547,-0.0015576808760084,-0.00178555874375902,0.00102763169422578
46,7.15423781842086,3.35092439363488,-2.61681022140038,-0.00169097714029239,-0.000813914405111211,0.000651499878170638,0.00093059584671247,0.000969687386452606,-0.000885935901289767,0.000585633705109988,-0.00126871162400424,-0.00130780316374438,0.000547820123997997
47,7.0595371891161,3.29890284618073,-2.57356103636337,-0.00169600956562694,-0.000815202126713685,0.000652341004999606,0.000697204590098614,0.000554962037890453,-0.000376825369658983,0.00050537851112966,-0.000988985009541976,-0.000846742457333814,8.50449502156209e-05
48,6.96453650932075,3.24689599194248,-2.53035381830406,-0.00170018836875622,-0.000816063188683077,0.000652833297035216,0.00047140169025488,0.000155118092319109,0.000114158519661944,0.00042763081717883,-0.000718294457666857,-0.000402010859731086,-0.000361051287073921
49,6.86928273215804,3.19493067363437,-2.48721138907123,-0.00170354059652403,-0.000816512676547919,0.000652989153829001,0.00025301935836713,-0.000230171640585181,0.000587405934432172,0.000352330110379775,-0.000456437242438504,2.67537565138074e-05,-0.000790823818503546
50,6.7738214005788,3.14303261399849,-2.44415558654978,-0.00170609269087492,-0.000816565341380325,0.000652820713257819,4.18927346486335e-05,-0.000601231456330486,0.0010433037759344,0.000279417354351083,-0.000203214419399484,0.000439909771579636,-0.00120462546068525
51,6.67819667667626,3.09122644502286,-2.40120729007348,-0.00170787050026531,-0.000816235603251788,0.000652339853200934,-0.000162140155127101,-0.000958382627812262,0.00148223552503238,0.000208834949016719,4.15692410960962e-05,0.000837811713781257,-0.00160280643906338
52,6.5824513703928,3.03953573690414,-2.35838644567272,-0.00170889929087353,-0.000815537554786204,0.000651558193353079,-0.00035923844270586,-0.00130194328348503,0.00190458109538644,0.000140526691325632,0.000278105319640679,0.00122081016041985,-0.00198571421845162
53,6.48662696764216,2.98798302672544,-2.31571209112626,-0.00170920375761146,-0.000814484964805191,0.000650487097167681,-0.000549558460017668,-0.00163222829160406,0.00231071669391266,7.44377368882731e-05,0.000506581812587357,0.00158925164417375,-0.00235369334134297
54,6.39076365786905,2.9365898468218,-2.2732023807884,-0.00170880803493907,-0.000813091282060207,0.000649137673924329,-0.000733253781390146,-0.00194954915059407,0.00270101468852916,1.05145625436432e-05,0.000727183195875163,0.00194347856507908,-0.00270708527404415
55,6.29490036106722,2.8853767528088,-2.23087461016549,-0.0017077357074847,-0.000811369639046791,0.000647520780914456,-0.000910475265285825,-0.00225421388560314,0.00307584348321374,-5.12950701486259e-05,0.000940090487844235,0.00228382910816155,-0.00304622826065533
56,6.19907475427562,2.83436335125157,-2.18874524021822,-0.00170600982047405,-0.000809332855895083,0.000645647025739651,-0.00108137109555063,-0.0025465269512409,0.00343556740037967,-0.000111042150479306,0.00114548131102125,0.00261063716671153,-0.00337145718490905
57,6.10332329757102,2.78356832695407,-2.14682992136789,-0.00170365288996943,-0.00080699344433191,0.000643526768716158,-0.00124608682213793,-0.00282678914051157,0.00378054657052512,-0.000168776453235048,0.00134352995284606,0.00292423227121969,-0.003683103439817
58,6.00768125957477,2.7330094698503,-2.10514351718748,-0.00170068691292351,-0.000804363611708836,0.000641170125379999,-0.00140476540131028,-0.00309529749990466,0.00411113682912146,-0.000224546572418035,0.00153440742534144,0.00322493952393583,-0.0039814948050903
59,5.91218274248992,2.68270370148127,-2.06370012775989,-0.00169713337704926,-0.000801455265090913,0.000638586969086777,-0.00155754723529533,-0.00335234525059965,0.00442768962066865,-0.000278399954042434,0.00171828152370411,0.00351307953900843,-0.00426695533225987
60,5.81686070668422,2.63266710104328,-2.02251311268778,-0.00169301327050957,-0.00079828001540129,0.00063578693370041,-0.00170457021138853,-0.00359822171573332,0.00473055190983763,-0.000330382928020122,0.0018953168838166,0.0037889683881614,-0.00453980523740955
61,5.72174699483335,2.58291493099483,-1.98159511374123,-0.00168834709142937,-0.000794849181616112,0.000632779416364375,-0.00184596974048931,-0.00383321225363426,0.00502006609956774,-0.000380540739148971,0.00206567503867459,0.00405291755181953,-0.00480036080138246
62,5.62687235563822,2.53346166221139,-1.94095807713087,-0.00168315485723342,-0.000791173795005144,0.000629573580350923,-0.00198187879507445,-0.0040575981969591,0.00529656995605442,-0.000428917577205421,0.00222951447373416,0.00430523387561881,-0.00504893427739471
63,5.53226646712878,2.48432099867829,-1.90061327539608,-0.0016774561138137,-0.000787264603412582,0.000626178357981905,-0.00211242794660726,-0.00427165679760122,0.00556039654046388,-0.000475556606160266,0.00238699068118879,0.00454621953218276,-0.00528583380588234
64,5.43795795956663,2.43550590171419,-1.86057132889881,-0.00167126994452692,-0.000783132075573391,0.00062260245361592,-0.00223774540235736,-0.00447566117727194,0.00581187414723948,-0.00052049999252344,0.00253825621315396,0.00477617198806855,-0.00551136333644287
65,5.34397443795745,2.38702861371828,-1.82084222691546,-0.00166461497902994,-0.000778786405460611,0.000618854346695966,-0.00235795704167058,-0.00466988028362622,0.00605132624884321,-0.000563788932857132,0.00268346073382177,0.00499538397577742,-0.00572582255669201
66,5.25034250418379,2.33890068143618,-1.78143534832016,-0.00165750940195098,-0.000774237516658279,0.000614942294853643,-0.00247318645165325,-0.00485457885179849,0.00627907144681227,-0.000605463680428303,0.00282275107053307,0.00520414347067831,-0.00592950682793245
67,5.15708777876821,2.29113297874031,-1.74235948185419,-0.00164997096140314,-0.000769495066756673,0.000610874337062883,-0.00258355496228229,-0.00503001737123044,0.00649542342890219,-0.000645563571070976,0.00295627126393139,0.00540273367287955,-0.00612270712725308
68,5.06423492227599,2.24373572892214,-1.70362284597733,-0.00164201697734285,-0.000764568451763435,0.000606658296840173,-0.0026891816809708,-0.0051964520575936,0.00670069093221133,-0.000684127048222257,0.00308416261642182,0.00559143299304462,-0.0063057099967603
69,4.97180765636586,2.19671852649414,-1.665233108298,-0.00163366434977554,-0.000759466810528337,0.000602301785484866,-0.00279018352655761,-0.00535413482971569,0.00689517771205856,-0.000721191687193084,0.00320656374129585,0.00577051504445394,-0.00647879749732031
70,4.87982878449731,2.15009035850093,-1.62719740458006,-0.0016249295668136,-0.000754199029175979,0.000597812205355768,-0.00288667526276576,-0.005503313291306,0.00707918251646362,-0.000756794218668445,0.00332361060863514,0.00594024863717538,-0.00664224717059424
71,4.78832021230162,2.10385962533947,-1.5895223573249,-0.00161582871258482,-0.000748773745543736,0.000593196753178553,-0.00297876953106875,-0.00564423071737031,0.00725299906600896,-0.000790970551466129,0.00343543659187879,0.00610089777818035,-0.00679633200519892
72,4.69730296762414,2.05803416108935,-1.55221409392848,-0.00160637747500242,-0.000743199353618618,0.000588462423381469,-0.00306657688308976,-0.00577712604506926,0.00741691603897445,-0.00082375579454694,0.00354217251291625,0.00625272167489574,-0.00694132040914797
73,4.60679722024429,2.01262125335484,-1.51527826441369,-0.00159659115339252,-0.000737484007972102,0.000583616011452731,-0.00315020581242655,-0.00590223386894842,0.00757121706146432,-0.000855184278335177,0.0036439466857301,0.00639597474225197,-0.00707747618816076
74,4.51682230127964,1.96762766262128,-1.47872005873896,-0.00158648466598299,-0.000731635628188508,0.000578664117316159,-0.00322976278593615,-0.00601978444034944,0.00771618070236116,-0.000885289575354138,0.00374088496057763,0.00653090661499093,-0.00720505852771967
75,4.42739672228013,1.92305964112865,-1.44254422368502,-0.00157607255726116,-0.000725661903281722,0.000573613148722432,-0.0033053522745557,-0.0061300036707812,0.00785208047297155,-0.000914104520171465,0.00383311076534415,0.00665776216156965,-0.0073243219821831
76,4.33853819401774,1.87892295126638,-1.40675507932199,-0.00156536900519955,-0.000719570296098721,0.000568469324650708,-0.00337707678360755,-0.00623311313913987,0.00797918483111722,-0.000941661228702346,0.00392074514748428,0.00677678150301661,-0.00743551646724049
77,4.25026364497697,1.83522288349345,-1.37135653505982,-0.00155438782835138,-0.000713368047706288,0.000563238678717249,-0.00344503688259466,-0.00632933010260284,0.00809775718949165,-0.000967991116876735,0.00400390681449661,0.00688820003450479,-0.0075388872575897
78,4.16258923955115,1.79196427378868,-1.33635210528534,-0.00154314249282246,-0.000707062181757693,0.000557927062587635,-0.00350933123453724,-0.00641886751101753,0.00820805592810536,-0.000993124918699015,0.00408271217368704,0.00699224845016733,-0.00763467498895556
79,4.07553039594906,1.74915152063649,-1.30174492458994,-0.00153164611911883,-0.000700659508836152,0.000552540149389621,-0.0035700566248323,-0.00650193402462241,0.0083103344106418,-0.00101709270369822,0.00415727537110327,0.00708915277089338,-0.00772311566437083
80,3.98910180381633,1.70678860155378,-1.26753776259202,-0.00151991148887339,-0.000694166630772852,0.000547083437122477,-0.00362730798964225,-0.00657873403494679,0.00840484100450622,-0.00103992389380945,0.00422770832966986,0.0071791343749744,-0.00780444066447861
81,3.90331744157588,1.66487908916395,-1.23373303835895,-0.00150795105145688,-0.000687589944936448,0.000541562252060715,-0.00368117844386211,-0.0066494676887155,0.00849181910442943,-0.00106164727969451,0.00429412078657817,0.00726241003143156,-0.00787887676171337
82,3.81819059349111,1.62342616682464,-1.20033283443353,-0.00149577693047162,-0.000680935648492426,0.00053598175214828,-0.00373175930862134,-0.00671433091462977,0.0085715071594033,-0.00108229103653084,0.00435662033003473,0.00733919193604317,-0.00794664613798991
83,3.73373386645582,1.58243264381563,-1.1673389104703,-0.00148340093013242,-0.000674209742628083,0.000530346930381603,-0.00377914013837148,-0.00677351545281065,0.00864413870281245,-0.00110188273925318,0.00441531243449471,0.00740968774893388,-0.00800796640668923
84,3.64995920651429,1.5419009700941,-1.13475271648719,-0.00147083454153828,-0.000667418036743313,0.000524662618177786,-0.00382340874756049,-0.0068272088868211,0.00870994238556435,-0.00112044937731428,0.00447030049716624,0.00747410063642684,-0.0080630506359586
85,3.56687791511492,1.50183325062432,-1.10257540573845,-0.00145808894883429,-0.000660566152602918,0.000518933488725994,-0.00386465123689146,-0.00687559467805373,0.00876914201205095,-0.00113801736893672,0.00452168587118955,0.00753262931235182,-0.00811210737775287
86,3.48450066510077,1.46223125928927,-1.07080784721488,-0.00144517503526869,-0.000653659528450524,0.000513164060319548,-0.0039029520191908,-0.00691885220239978,0.00882195657879167,-0.00115461257490819,0.00456956790024967,0.00758546808345865,-0.0081553406977328
87,3.40283751644,1.4230964523916,-1.0394506377775,-0.00143210338914626,-0.000646703423080336,0.000507358699666448,-0.00393839384489776,-0.00695715678899186,0.00886860031557913,-0.00117026031191056,0.00461404395100126,0.00763280689509535,-0.00819295020947563
88,3.32189793169922,1.3844299817519,-1.0085041139312,-0.00141888430967925,-0.000639702919866193,0.000501521625176324,-0.00397105782716837,-0.00699067976092346,0.00890928272898067,-0.00118498536540738,0.00465520944687209,0.00767483138062718,-0.00822513110927695
89,3.24169079126279,1.34623270741188,-0.977968363244773,-0.00140552781273868,-0.000632662930746429,0.000495656910221601,-0.0040010234666105,-0.00701958847780864,0.00894420864803654,-0.00119881200211272,0.0046931578986851,0.00771172290988323,-0.00825207421596194
90,3.16222440830059,1.30850520995054,-0.947843235424029,-0.00139204363650982,-0.000625588200162245,0.000489768486371051,-0.00402836867568148,-0.00704404638001824,0.00897357827200358,-0.00121176398205205,0.00472798093691352,0.00774365864125029,-0.00827396601077154
91,3.08350654348708,1.27124780242126,-0.918128353044735,-0.00137844124705063,-0.000618483308949158,0.000483860146594606,-0.00405316980272646,-0.0070642130345069,0.0089975872200266,-0.00122386457022131,0.00475976834163457,0.00777081157341501,-0.00829098868111849
92,3.00554441947438,1.23446054191799,-0.888823121952134,-0.00136472984375718,-0.000611352678179528,0.000477935548436244,-0.00407550165567935,-0.00708024418206372,0.00901642658253132,-0.00123513654787905,0.00478860807408326,0.00779335060046764,-0.00830332016412741
93,2.92834473512162,1.1981432407785,-0.859926741333988,-0.00135091836473536,-0.000604200572954948,0.000471998217155906,-0.00409543752543043,-0.00709229178588891,0.00903028297429976,-0.00124560222344042,0.00481458630443695,0.00781144056489544,-0.00831113419529324
94,2.8519136794834,1.16229547743288,-0.831438213473953,-0.00133701549208643,-0.000597031106149279,0.000466051548836458,-0.00411304920889443,-0.0071005040814083,0.00903933858901413,-0.00125528344306501,0.0048377874426573,0.00782524231517116,-0.00831460035525126
95,2.77625694555948,1.1269166069054,-0.803356353192295,-0.00132302965710124,-0.000589848242098403,0.000460098813455542,-0.00412840703174727,-0.00710502562713515,0.0090437712551552,-0.00126420160087605,0.00485829416632301,0.0078349127617109,-0.00831388412057945
96,2.70137974380817,1.09200577097783,-0.775679796980847,-0.00130896904536851,-0.000582655800238345,0.00045414315792198,-0.00414157987086686,-0.00710599735655538,0.00904375449319336,-0.00127237764885326,0.00487618744894315,0.00784060493463168,-0.00830914691511706
97,2.62728681542588,1.05756190802228,-0.748407011839131,-0.001294841601798,-0.000575457458689756,0.000448187609073985,-0.0041526351764734,-0.0071035566308756,0.0090394575738754,-0.00127983210641784,0.00489154658763126,0.00784246804203347,-0.00830054616271753
98,2.55398244539502,1.0235837625116,-0.721536303818583,-0.00128065503556124,-0.000568256757788777,0.000442235076638875,-0.00416163899398828,-0.00709783729256129,0.00903104557752967,-0.00128658506972307,0.00490444923032824,0.00784064752890125,-0.0082882353411897
99,2.48147047530251,0.990069894215323,-0.695065826281761,-0.00126641682494919,-0.000561057103563373,0.000436288356154216,-0.00416865598560643,-0.00708896971956726,0.00901867945430824,-0.00129265622063827,0.00491497140256157,0.0078352851365224,-0.0082723640373531
100,2.40975431593116,0.957018687089027,-0.66899358788339,-0.00125213422215079,-0.000553861771154456,0.000430350131847708,-0.00417374945160035,-0.00707708088014152,0.00900251608518815,-0.00129806483547066,0.00492318753378492,0.00782651896232609,-0.00825307800300358
101,2.33883695962621,0.924428357865053,-0.64331746028005,-0.0012378142579511,-0.000546673908181843,0.000424422979476862,-0.00417698135134608,-0.00706229438814894,0.00898270834370243,-0.00130282979340538,0.00492917048327694,0.0078144835200798,-0.00823051921177157
102,2.26872099243921,0.892296964352223,-0.618035185575281,-0.00122346374635285,-0.000539496538054738,0.000418509369126721,-0.00417841232409285,-0.00704473055881695,0.00895940515826416,-0.00130696958469887,0.00493299156585384,0.00779930980057793,-0.00820482591650317
103,2.19940860605137,0.860622413452293,-0.593144383506746,-0.00120908928912136,-0.0005323325632258,0.000412611667965991,-0.00417810170948146,-0.00702450646480983,0.00893275157502438,-0.0013105023186086,0.00493472057590376,0.00778112533123214,-0.00817613270860208
104,2.13090160947866,0.829402468900706,-0.568642558382111,-0.00119469728025575,-0.000525184768389808,0.000406732142959332,-0.00417610756781066,-0.00700173599257678,0.00890288882111324,-0.00131344573111417,0.00493442581423539,0.00776005423900152,-0.00814457057468851
105,2.06320144056076,0.798634758739097,-0.544527105770204,-0.00118029391038423,-0.000518055823625505,0.000400872963537546,-0.00417248670004786,-0.00697652989888161,0.00886995436825542,-0.00131581719237957,0.00493217411027255,0.00773621730910629,-0.00811026695803073
106,1.99630917723616,0.768316782526926,-0.520795318953866,-0.00116588517108915,-0.000510948287481256,0.000395036204223336,-0.00416729466761511,-0.00694899586744191,0.00883408199661158,-0.00131763371401834,0.00492803084709693,0.00770973204692373,-0.00807334581712976
107,1.93022554860536,0.738445918299484,-0.497444395150926,-0.00115147685915982,-0.000503864610004792,0.000389223847214341,-0.00416058581193648,-0.00691923856564346,0.00879540185884848,-0.00131891195613245,0.00492205998484697,0.00768071273855395,-0.008033927685938
108,1.86495094578463,0.709019429279382,-0.474471441509541,-0.00113707458077552,-0.000496807135716489,0.000383437784920908,-0.0041524132737501,-0.00688735970122409,0.00875404054426692,-0.0013196682341643,0.00491432408398585,0.00764927051145984,-0.00799212973403117
109,1.8004854325522,0.680034470348541,-0.451873480884131,-0.00112268375561972,-0.000489778106526688,0.000377679822460353,-0.00414282901220209,-0.00685345807889709,0.00871012114300271,-0.00131991852554565,0.00490488432809794,0.00761551339479294,-0.00794806582710686
110,1.73682875578928,0.651488094287569,-0.429647457397989,-0.00110830962092544,-0.000482779664596783,0.000371951680106458,-0.00413188382370724,-0.00681762965683548,0.00866376331018126,-0.00131967847615842,0.00489380054716106,0.0075795463802893,-0.00790184658672744
111,1.67398035571806,0.623377257789255,-0.407790241798557,-0.00109395723545728,-0.00047581385514568,0.000366254995694405,-0.00411962736062023,-0.00677996760300376,0.00861508332999479,-0.00131896340664265,0.00488113123849664,0.00754147148088016,-0.00785357945211839
112,1.61193937593858,0.5956988272528,-0.38629863661129,-0.0010796314834222,-0.000468882629199145,0.000360591326981573,-0.00410610814965089,-0.00674056235121613,0.0085641941796242,-0.00131778831848849,0.00486693358984428,0.00750138779140952,-0.00780336873943081
113,1.55070467326722,0.56844958436532,-0.365169381097846,-0.0010653370783198,-0.000461987846285335,0.000354962153963436,-0.00409137361010124,-0.00669950165694884,0.00851120559295795,-0.00131616790000052,0.00485126350159243,0.00745939154844003,-0.00775131570146676
114,1.49027482737839,0.541626231476916,-0.344399156024314,-0.00105107856672802,-0.000455131277075302,0.000349368881145218,-0.0040754700718901,-0.00665687065282384,0.00845622412405893,-0.00131411653209515,0.00483417560544178,0.00741557618637551,-0.00769751859050726
115,1.43064815025204,0.515225396775545,-0.323984588245053,-0.0010368603320255,-0.000448314605968946,0.000343812839769027,-0.00405844279336813,-0.00661275190372247,0.00839935321031444,-0.00131164829394638,0.00481572328904743,0.00737003239940178,-0.00764207271463513
116,1.37182269542898,0.489243639267793,-0.303922255107587,-0.00102268659805277,-0.000441539433627213,0.000338295289996745,-0.00404033597893759,-0.00656722546150103,0.00834069323523392,-0.00130877696849234,0.00479595871400583,0.00732284819656926,-0.00758507050016568
117,1.31379626707625,0.463677453571481,-0.284208688683921,-0.00100856143270996,-0.000434807279450045,0.000332817423049628,-0.00402119279645959,-0.00652036891925218,0.00828034159086857,-0.00130551604777523,0.00477493283796297,0.00727410896075556,-0.0075266015493652
118,1.2565664288649,0.438523274525939,-0.26484037983348,-0.00099448875149885,-0.000428119584002573,0.000327380363302908,-0.0040010553944921,-0.00647225746511751,0.00821839273976018,-0.00130187873819618,0.00475269543444191,0.00722389750506732,-0.00746675269981036
119,1.20013051266212,0.41377748162558,-0.245813782102864,-0.000980472321001419,-0.000421477711387703,0.000321985170337837,-0.00397996491930737,-0.00642296393557399,0.00815493827643737,-0.00129787796560038,0.0047292951120538,0.00717229412832041,-0.00740560808369094
120,1.14448562704021,0.389436403282348,-0.22712531546737,-0.000966515762303574,-0.000414882951567442,0.00031663284094986,-0.00395796153174481,-0.00637255886819878,0.00809006698838541,-0.00129352638026993,0.00470477933559754,0.00711937667205151,-0.00734324918453268
121,1.08962866560447,0.36549632092244,-0.208771369919223,-0.000952622554357052,-0.000408336522631874,0.000311324311114618,-0.00393508442384471,-0.00632111055385594,0.00802386491648636,-0.00128883636176217,0.00467919444424948,0.00706522057426071,-0.0072797548960816
122,1.03555631514227,0.341953472922563,-0.190748308907281,-0.000938796037289837,-0.000401839573018724,0.000306060457910172,-0.00391137183533018,-0.00626868508832482,0.00795641541485337,-0.00128382002368784,0.00465258567184922,0.00700989892484386,-0.00721520157833433
123,0.982265063595544,0.318804058390868,-0.173052472632931,-0.000925039415655657,-0.00039539318368119,0.000300842101398296,-0.00388686106987473,-0.00621534642328972,0.00788779921009212,-0.00127848921832754,0.00462499716426699,0.00695348251768198,-0.00714966311569987
124,0.929751207859014,0.296044240797563,-0.15568018120671,-0.000911355761630432,-0.000388998370207113,0.000295670006463021,-0.00386158851119567,-0.00616115641672009,0.00781809445990284,-0.00127285554117629,0.0045964720005333,0.00689603990605773,-0.0070832109705652
125,0.87801086140628,0.273670151460106,-0.138627737670121,-0.000897748018155946,-0.000382656084889026,0.000290544884608021,-0.00383558963898665,-0.00610617488259612,0.00774737681103818,-0.00126693033538932,0.00456705220930391,0.00683763745291339,-0.00701591424072092
126,0.827039961746037,0.251677892887676,-0.12189143088703,-0.000884219002025296,-0.000376367218745369,0.000285467395713358,-0.00380889904463125,-0.00605045963996345,0.00767571945658376,-0.00126072469610514,0.00453677878730157,0.00677833938263377,-0.00694783971391344
127,0.776834277710798,0.23006354198959,-0.105467538308836,-0.000870771406920064,-0.000370132603494927,0.000280438149751012,-0.00378155044677568,-0.00599406656132115,0.00760319319252561,-0.00125424947471399,0.00450569171863275,0.00671820783317822,-0.00687905192066854
128,0.727389416580206,0.208823153152137,-0.0893523286175931,-0.000857407806391395,-0.000363953013483312,0.000275457708461135,-0.00375357670669893,-0.00593704962029665,0.00752986647361783,-0.00124751528300178,0.00447382999115818,0.00665730290475591,-0.00680961318915858
129,0.678700831041314,0.187952761188199,-0.0735420642510999,-0.000844130656791504,-0.000357829167564025,0.000270526586988042,-0.00372500984351736,-0.00587946093863328,0.00745580546849616,-0.00124053249723683,0.00444123161473552,0.00659568270985144,-0.006739583697278
130,0.630763825987998,0.167448384163922,-0.0580330038138918,-0.000830942300154405,-0.00035176173093353,0.000265645255477463,-0.00369588104922211,-0.00582135083244928,0.00738107411405268,-0.00123331126216617,0.00440793363864208,0.00653340342186925,-0.00666902152463271
131,0.583573565161781,0.147306026106542,-0.0428214043779689,-0.000817844967025092,-0.000345751316921473,0.000260814140635213,-0.00366622070353027,-0.00576276785777424,0.00730573416904352,-0.00122586149492993,0.004373972167607,0.00647051932185097,-0.00659798270496679
132,0.537125077636332,0.127521679597415,-0.0279035236769671,-0.000804840779237918,-0.000339798488736163,0.00025603362724827,-0.00363605838855958,-0.0057037588553378,0.00722984526693279,-0.00121819288888307,0.00433938238088111,0.00640708284765933,-0.00652652127461126
133,0.491413264147985,0.108091328254135,-0.0132756221973973,-0.000791931752649937,-0.000333903761168256,0.000251304059667216,-0.00360542290335203,-0.00564436899465625,0.00715346496792226,-0.00121031491739463,0.00430419854671404,0.00634314463801826,-0.00645468932456025
134,0.446432903274267,0.089010949105495,0.00106603482947485,-0.000779119799822023,-0.000328067602249878,0.000246625743252793,-0.00357434227820877,-0.00558464181732793,0.00707664881020979,-0.00120223683752655,0.00426845403998441,0.00627875357910356,-0.00638253704843415
135,0.402178657462923,0.0702765148629946,0.0151251755317301,-0.000766406732653498,-0.000322290434872777,0.000241998945785839,-0.00354284378886016,-0.00552461927960891,0.00699945036044521,-0.00119396769366514,0.00423218135820145,0.0062139568489502,-0.00631011279110392
136,0.358645078913557,0.0518839960924676,0.0289055195935138,-0.000753794264971722,-0.000316572638365215,0.000237423898840731,-0.00351095397048315,-0.0054643417942268,0.00692192126335396,-0.00118551632110499,0.00419541213760181,0.00614879996134546,-0.0062374630962353
137,0.315826615314099,0.0338293632892538,0.0424107765411293,-0.00074128401507041,-0.000310914550027738,0.000232900799124763,-0.00347869863151629,-0.00540384827143913,0.00684411129058256,-0.00117689134952919,0.00415817716897392,0.00608332680889675,-0.00616463275312493
138,0.273717615434462,0.0161085888603074,0.0556446441153647,-0.000728877508206315,-0.000305316466629536,0.000228429809781775,-0.00344610286734081,-0.00534317615933224,0.00676606838869341,-0.00116810120646486,0.00412050641333402,0.00601757970532545,-0.0060916648427002
139,0.232312334579432,-0.0012823509835306,0.0686108067269759,-0.000716576179048695,-0.000299778645866034,0.00022401106166203,-0.00341319107377697,-0.00528236148338157,0.0066878387263518,-0.00115915412067201,0.00408242901737922,0.00595159942698382,-0.00601860078274955
140,0.191604939903108,-0.0183474744219329,0.0813129339923539,-0.000704381374084167,-0.000294301307777366,0.000219644654558837,-0.0033799869604245,-0.00522143888523282,0.00660946674069613,-0.00115005812546407,0.00404397332871816,0.00588542525352647,-0.00594548037240248
141,0.151589515587076,-0.0350907923030999,0.0937546793464966,-0.000692294353977434,-0.000288884636130156,0.00021533065841158,-0.00334651356382727,-0.00516044166075619,0.00653099518286454,-0.00114082106199436,0.00400516691106691,0.00581909500799583,-0.0058723418356249
142,0.112260067884465,-0.0515163065024412,0.105939678730462,-0.000680316295889129,-0.00028352877976169,0.000211069114477131,-0.00331279326049274,-0.00509940179732971,0.00645246516272447,-0.00113145058247378,0.00396603655885873,0.0057526450956957,-0.00579922186435847
143,0.0736105300321268,-0.067628008359025,0.117871549350603,-0.000668448295747768,-0.000278233853888013,0.000206860036469079,-0.00327884777971518,-0.00503835001038125,0.00637391619275795,-0.00112195415333462,0.00392660831216134,0.00568611054282741,-0.00572615566031179
144,0.0356347670331195,-0.083429877187037,0.129553888506931,-0.000656691370483963,-0.000272999941377423,0.000202703411665467,-0.00324469821627688,-0.00497731577920311,0.00629538623112818,-0.00111233905837673,0.00388690747106082,0.00561952503398705,-0.00565317697634424
145,-0.00167341968846121,-0.098925878859561,0.14099027248803,-0.000645046460217951,-0.000267827093987584,0.00019859920198683,-0.00321036504295771,-0.00491632738198875,0.00621691172394431,-0.00110261240181675,0.00384695860995843,0.00555292094898947,-0.00558031815694359
146,-0.0383202877579832,-0.114119964462049,0.152184255530074,-0.000633514430408354,-0.000262715333570509,0.000194547345043096,-0.00317586812288841,-0.00485541193018544,0.00613852764668245,-0.00109278111133939,0.00380678559168555,0.00548632939898258,-0.00550761017788532
147,-0.0743121494441203,-0.129016069012989,0.16313936883749,-0.000622096073960483,-0.000257664653242963,0.000190547755151688,-0.00314122672176142,-0.00479459540207988,0.00606026754481378,-0.00108285194108137,0.00376641158143726,0.00541978026175572,-0.00543508268513794
148,-0.109655367373853,-0.143618110249308,0.173859119662973,-0.000610792113290776,-0.000252675018524326,0.00018660032432713,-0.00310645951984806,-0.00473390267567498,0.00598216357363387,-0.0010728314745555,0.00372585906056545,0.00535330221639237,-0.00536276403291648
149,-0.144356350366444,-0.157929987474143,0.184346990444573,-0.000599603202355685,-0.000247746368443412,0.00018270492324127,-0.00307158462388498,-0.00467335756086297,0.00590424653725844,-0.00106272612757424,0.00368514983971481,0.0052869227766928,-0.00529068132142861
150,-0.178421549384463,-0.171955580464722,0.194606437997641,-0.000588529928639784,-0.000242878616612787,0.000178861402156953,-0.00303661957880478,-0.00461298283085996,0.00582654592685945,-0.00105254215109553,0.00364430507308147,0.00522066832513664,-0.00521886043258277
151,-0.211857453599655,-0.18569874843809,0.204640892759556,-0.00057757281510331,-0.000238071652273686,0.000175069591833778,-0.00300158137927578,-0.00455280025297644,0.00574908995808201,-0.00104228563404796,0.00360334527066585,0.00515456414436651,-0.00514732606669195
152,-0.244670586571588,-0.199163329072612,0.21445375808511,-0.000566732322093078,-0.000233325341310405,0.000171329304407281,-0.00296648648110566,-0.00449283061866917,0.00567190560767671,-0.00103196250611548,0.00356229031180503,0.00508863444936854,-0.00507610177697734
153,-0.276867502537054,-0.212353137583125,0.22404840959061,-0.000556008849215559,-0.0002286395272352,0.000167640334243155,-0.00293135081249769,-0.00443309377290849,0.00559501864939623,-0.00102157854046646,0.00352115945783435,0.00502290241824515,-0.00500521000405958
154,-0.308454782808233,-0.225271965847751,0.233428194544769,-0.000545402737175016,-0.000224014032145505,0.00016400245876456,-0.00289618978515651,-0.0043736086428822,0.00551845368907277,-0.00101113935648582,0.0034799713649746,0.00495739022270029,-0.00493467210925468
155,-0.339439032277627,-0.237923581584461,0.242596431304467,-0.000534914269568641,-0.000219448657652234,0.000160415439255609,-0.00286101830519002,-0.00431439326601964,0.00544223419895908,-0.00100065042242224,0.00343874409594021,0.00489211905676983,-0.00486450840820889
156,-0.369826876027566,-0.250311727575496,0.251556408793626,-0.000524543674650322,-0.000214943185781825,0.000156879021639706,-0.0028258507838933,-0.00425546481737556,0.00536638255129987,-0.000990117058041781,0.00339749513388297,0.00482710916736522,-0.00479473820131021
157,-0.399624956042492,-0.262440120937856,0.260311386023429,-0.000514291127060367,-0.000210497379850156,0.000153392937235248,-0.00279070114841569,-0.00419683963632031,0.00529092005120087,-0.000979544437219211,0.00335624139292741,0.00476237988083202,-0.00472537980668916
158,-0.428839928022123,-0.274312452438068,0.2688645916522,-0.000504156749513589,-0.000206110985311911,0.000149956903486666,-0.00275558285218754,-0.0041385332526421,0.0052158669687006,-0.000968937590511353,0.00331499923089721,0.00469794963135177,-0.00465645058999092
159,-0.457478458293282,-0.285932385849618,0.2772192235833,-0.000494140614458117,-0.000201783730583715,0.000146570624673759,-0.00272050888526563,-0.00408056041198816,0.00514124257016469,-0.000958301407693025,0.003273784460962,0.00463383598768452,-0.00458796699446833
160,-0.485547220818722,-0.297303557351351,0.285378448599465,-0.000484242745698678,-0.000197515327842494,0.000143233792598376,-0.00268549178451017,-0.00402293510068572,0.00506706514894216,-0.000947640640263645,0.00323261236339756,0.00457005567957311,-0.00451994457005477
161,-0.513052894300937,-0.308429574965302,0.293345402032053,-0.000474463119982704,-0.000193305473799853,0.000139946087249369,-0.00265054364357458,-0.00396567056996688,0.00499335205530693,-0.000936959903914366,0.00319149769624884,0.00450662462264114,-0.00445239800263267
162,-0.540002159379003,-0.319314018032418,0.301123187463728,-0.000464801668559171,-0.000189153850452143,0.00013670717744693,-0.00261567612281722,-0.00390877935956207,0.00492011972573344,-0.000926263680970027,0.00315045470836584,0.00444355794511069,-0.00438534114018482
163,-0.566401695916778,-0.329960436724702,0.308714876463159,-0.000455258278700429,-0.000185060125808575,0.000133516721465247,-0.00258090045900548,-0.00385227332074038,0.00484738371144103,-0.000915556322814029,0.00310949714844043,0.00438087001017533,-0.00431878702200609
164,-0.592258180380441,-0.340372351592385,0.31612350835033,-0.00044583279518958,-0.000181023954595481,0.000130374367636079,-0.00254622747486925,-0.00379616363873667,0.00477515870629322,-0.000904842052244692,0.00306863827730682,0.00431857444117424,-0.00425274790385565
165,-0.617578283303512,-0.350553253144719,0.323352089991165,-0.000436525021783398,-0.000177044978939539,0.000127279754931749,-0.00251166758857007,-0.00374046085461654,0.00470345857401327,-0.00089412496585309,0.00302789087825189,0.00425668414429836,-0.00418723528433145
166,-0.642368666837804,-0.360506601463088,0.33040359562015,-0.00042733472263609,-0.000173122829029191,0.000124232513529559,-0.00247723082295312,-0.00368517488658774,0.00463229637475063,-0.000883409036330704,0.0029872672678832,0.00419521133151782,-0.00412225992982055
167,-0.666635982388217,-0.370235825845166,0.33728096668974,-0.000418261623696481,-0.000169257123755178,0.000121232265357266,-0.00244292681469795,-0.00363031505075025,0.00456168439100009,-0.000872698114768208,0.00294677930619096,0.00413416754224326,-0.00405783189950708
168,-0.6903868683298,-0.379744324478877,0.343987111745326,-0.000409305414072541,-0.000165447471330943,0.000118278624619851,-0.00240876482329797,-0.00357589008131402,0.00449163415286381,-0.000861995932927508,0.00290643840710577,0.00407356366512182,-0.00399396056905601
169,-0.713627947805252,-0.38903546414498,0.350524906324614,-0.000400465747368111,-0.000161693469892803,0.000115371198309402,-0.00237475373993069,-0.0035219081502763,0.00442215646272714,-0.000851306105477055,0.00286625554900344,0.00401340995934905,-0.00393065465365439
170,-0.736365826601223,-0.398112579947105,0.35689719288032,-0.000391742242987079,-0.000157994708080663,0.00011250958669684,-0.0023409020961501,-0.0034683768865738,0.00435326141927886,-0.000840632132199817,0.00282624128396511,0.00395371607438882,-0.00386792223146385
171,-0.758607091101611,-0.406978975068163,0.363106780725075,-0.000383134487411092,-0.000154350765600974,0.000109693383807426,-0.00230721807246438,-0.00341530339476197,0.00428495844096829,-0.000829977400187144,0.00278640574788373,0.00389449107018132,-0.00380577076554893
172,-0.780358306316269,-0.415637920552046,0.369156445997536,-0.000374642035446301,-0.000150761213769569,0.000106922177878827,-0.0022737095067548,-0.00336269427313081,0.00421725628881111,-0.000819345185991639,0.00274675867048203,0.00383574343685804,-0.00374420712508388
173,-0.801626013983403,-0.424092655109581,0.37504893164865,-0.000366264411443511,-0.000147225616038042,0.000104195551804141,-0.00224038390257201,-0.00331055563138377,0.00415016308866641,-0.000808738657762302,0.00270730938431998,0.00377748111313174,-0.00368323760691844
174,-0.822416730744057,-0.432346384947745,0.380786947447165,-0.000358001110489164,-0.000143743528502005,0.000101513083558905,-0.00220724843728268,-0.00325889310781243,0.00408368635291671,-0.000798160877346799,0.00266806683467549,0.00371971150520523,-0.0036228679555239
175,-0.842736946387052,-0.440402283621188,0.38637317000343,-0.000349851599569674,-0.000140314500392519,9.88743466128374e-05,-0.00217430997008636,-0.00320771188600325,0.00401783300158567,-0.00078761480237334,0.00262903958825434,0.00366244150417124,-0.00356310338341769
176,-0.862593122162833,-0.44826349190513,0.391810242810584,-0.000341815318709727,-0.000136938074551443,9.62789103266358e-05,-0.00214157504990252,-0.00315701671109543,0.00395260938290272,-0.000777103288317774,0.00259023584254506,0.00360567750373797,-0.00350394859026018
177,-0.881991689164626,-0.455933117688755,0.397100776302275,-0.000333891682080278,-0.00013361378788953,9.37263403351301e-05,-0.0021090499230997,-0.00310681190556253,0.00388802129334248,-0.000766629090507755,0.00255166343488494,0.00354942541734778,-0.00344540778155723
178,-0.900939046775288,-0.463414235888194,0.402247347926104,-0.00032608007908513,-0.000130341171830279,9.12161989153865e-05,-0.00207674054112172,-0.00305710138458233,0.00382407399710902,-0.000756194866150285,0.00251332985062295,0.00349369069408355,-0.00338748468760779
179,-0.919441561178478,-0.470709888378331,0.407252502231945,-0.000318379875418698,-0.000127119752737558,8.87480453419769e-05,-0.002044652567964,-0.00300788867095427,0.00376077224511991,-0.000745803176300294,0.002475242232522,0.00343847833551226,-0.00333018258056192
180,-0.937505563932522,-0.477823083942576,0.412118750974415,-0.000310790414099567,-0.000123949052328952,8.63214362285587e-05,-0.00201279138752322,-0.00295917690960764,0.00369812029346779,-0.000735456487821539,0.00243740738874424,0.00338379291082866,-0.00327350429224677
181,-0.955137350605532,-0.48475679823986,0.416848573228725,-0.000303311016478068,-0.000120828588074124,8.39359258570368e-05,-0.00198116211081428,-0.00291096888168398,0.00363612192139552,-0.000725157175305783,0.00239983180126478,0.00332963857213449,-0.00321745223094501
182,-0.97234317947031,-0.491513973788097,0.421444415519223,-0.000295940983221515,-0.000117757873579964,8.15910664935444e-05,-0.00194976958307029,-0.00286326701823394,0.00357478044876436,-0.000714907522994606,0.00236252163391525,0.0032760190690789,-0.0031620283979194
183,-0.989129270257653,-0.498097519963403,0.425908691959907,-0.00028867959527306,-0.000114736418961357,7.92864086928672e-05,-0.0019186183907022,-0.00281607341350457,0.00351409875305868,-0.000704709726651342,0.00232548274119585,0.00322293776399822,-0.00310723440256503
184,-1.00550180296656,-0.504510313014361,0.430243784406296,-0.00028152611478793,-0.000111763731199026,7.70215015907759e-05,-0.00188771286813928,-0.00276938983784899,0.00345407928591447,-0.00069456589542103,0.00228872067489843,0.00317039764460814,-0.00305307147915532
185,-1.02146691673001,-0.51075519609069,0.434452042617976,-0.000274479786046526,-0.000108839314484471,7.4795893184835e-05,-0.00185705710454657,-0.00272321775025851,0.00339472408918736,-0.000684478053667359,0.00225224069301744,0.00311840133872938,-0.00299954050071649
186,-1.03703070873492,-0.51683497928565,0.438535784431251,-0.000267539836343706,-0.000105962670552232,7.26091306042873e-05,-0.00182665495041264,-0.00267755831052714,0.00333603481057775,-0.000674448142778036,0.00221604776719999,0.00306695112731448,-0.00294664199379041
187,-1.05219923319495,-0.522752439691569,0.442497295941285,-0.000260705476856753,-0.00010313329900019,7.04607603688194e-05,-0.00179651002402385,-0.00263241239105986,0.00327801271880819,-0.000664478022957617,0.00218014658944902,0.00301604895648503,-0.00289437615338302
188,-1.06697850037474,-0.528510321467909,0.446338831693189,-0.000253975903490241,-0.000100350697597834,6.83503286370075e-05,-0.00176662571781098,-0.00258778058832795,0.00322065871837538,-0.000654569474988376,0.00214454158031268,0.00296569645082966,-0.00284274285587367
189,-1.08137447566448,-0.534111335921274,0.450062614881504,-0.000247350297699832,-9.76143625830888e-05,6.62773814445509e-05,-0.001737005204583,-0.0025436632339839,0.00316397336388306,-0.000644724201971448,0.00210923689611023,0.00291589492551113,-0.00279174167235583
190,-1.09539307870329,-0.539558161596811,0.45367083755756,-0.000240827827293868,-9.49237889479393e-05,6.42414649325732e-05,-0.00170765144363422,-0.00250006040564327,0.00310795687396053,-0.000634943831041881,0.00207423643540654,0.0028666453974156,-0.0027413718821882
191,-1.10904018255027,-0.544853444380473,0.457165660844222,-0.000234407647214939,-9.22784707133115e-05,6.22421255662351e-05,-0.00167856718674319,-0.00245697193734298,0.0030526091447786,-0.000625229915066744,0.00203954384651238,0.00281794859711217,-0.00269163248500941
192,-1.12232161290198,-0.549999797611626,0.460549215157532,-0.000228088900300347,-8.96779011932811e-05,6.02789103442242e-05,-0.00164975498405379,-0.00241439742968075,0.00299792976317896,-0.000615583934314343,0.00200516253425509,0.00276980497988205,-0.00264252221297766
193,-1.13524314735515,-0.554999802205499,0.463823600434794,-0.000221870718022124,-8.71215732490512e-05,5.83513669990059e-05,-0.00162121718983868,-0.00237233625964448,0.00294391801941105,-0.000606007298103102,0.00197109566652938,0.00272221473633519,-0.00259403954272034
194,-1.14781051471327,-0.559856006785,0.466990886368661,-0.00021575222120746,-8.46089795330587e-05,5.64590441885042e-05,-0.00159295596815411,-0.00233078759014363,0.00289057291950306,-0.000596501346426925,0.00193734618094588,0.00267517780309474,-0.00254618270655194
195,-1.16002939433613,-0.564570927821436,0.470053112646811,-0.000209732520739976,-8.2139612723388e-05,5.46014916790941e-05,-0.00156497329838599,-0.00228975037924309,0.00283789319725917,-0.000587067351561784,0.00190391679183441,0.00262869387269151,-0.00249894970381075
196,-1.17190541553092,-0.569147049783697,0.473012289196783,-0.000203810718240597,-7.97129657488153e-05,5.27782605205971e-05,-0.00153727098067522,-0.00224922338911526,0.00278587732590649,-0.000577706519642153,0.00187080999530322,0.00258276240374326,-0.00245233831127849
197,-1.1834441569839,-0.573586825295469,0.475870396435613,-0.00019798590673114,-7.73285320047031e-05,5.09889032130951e-05,-0.00150985064124895,-0.00220920519470635,0.00273452352938711,-0.000568419992223031,0.0018380280768042,0.0025373826302616,-0.00240634609383185
198,-1.19465114623144,-0.577892675300064,0.478629385523879,-0.000192257171278332,-7.49858055602945e-05,4.92329738660964e-05,-0.00148271373763219,-0.00216969419214147,0.00268382979331201,-0.000559208847817318,0.00180557311645274,0.00249255357096202,-0.00236097041449146
199,-1.2055318591694,-0.582066989232478,0.481291178623812,-0.000186623589620045,-7.26842813570674e-05,4.75100283503187e-05,-0.00145586156376059,-0.00213068860685229,0.00263379387558482,-0.000550074103406559,0.00177344699551462,0.00244827403860632,-0.0023162084438308
200,-1.21609171959972,-0.586112125198276,0.483857669161121,-0.000181084232774032,-7.04234553990967e-05,4.58196244421084e-05,-0.00142929525498844,-0.00209218650145597,0.0025844133166989,-0.000541016715936168,0.00174165140152969,0.00240454264799722,-0.00227205717015764
201,-1.22633609881319,-0.59003041015896,0.486330722090212,-0.000175638165629107,-6.82028249353946e-05,4.41613219607925e-05,-0.00140301579299153,-0.00205418578338406,0.00253568544971585,-0.000532037583789587,0.00171018783514192,0.00236135782568366,-0.00222851340741625
202,-1.23627031520736,-0.593824140123449,0.488712174162492,-0.000170284447518224,-6.60218886341351e-05,4.25346828994424e-05,-0.00137702401056197,-0.00201668421226048,0.00248760740993962,-0.000523137548230837,0.00167905761485624,0.00231871781655476,-0.00218557380564535
203,-1.24589963393857,-0.597495580345331,0.491003834197448,-0.000165022132776634,-6.38801467494621e-05,4.09392715489944e-05,-0.00135132059631973,-0.00197967940704256,0.00244017614429154,-0.000514317394835045,0.00164826188267665,0.00227662069339948,-0.00214323485793462
204,-1.25522926660709,-0.601046965525555,0.493207483356237,-0.000159850271282232,-6.17771012810897e-05,3.93746546159357e-05,-0.00132590609930974,-0.00194316885293749,0.00239338842038661,-0.00050557785489546,0.00161780160992995,0.0022350643635577,-0.0021014929097664
205,-1.26426437097446,-0.604480500020254,0.495324875417491,-0.000154767908979865,-5.97122561265368e-05,3.78404013339336e-05,-0.00130078093350446,-0.00190714990808558,0.00234724083532624,-0.00049691960680523,0.00158767760225907,0.00219404657684018,-0.00206034416657163
206,-1.27301005071192,-0.607798358053396,0.49735773705509,-0.000149774088391016,-5.76851172266481e-05,3.63360835694732e-05,-0.0012759453822209,-0.00187161981002803,0.00230172982421379,-0.000488343277425198,0.00155789050489928,0.00215356493270641,-0.0020197847015354
207,-1.2814713551792,-0.611002683933951,0.499307768117653,-0.000144867849105719,-5.56951927043604e-05,3.48612759218456e-05,-0.00125139960242027,-0.00183657568196465,0.00225685166839739,-0.000479849443420259,0.00152844080774945,0.00211361688729383,-0.00197981046306821
208,-1.28965327923254,-0.614095592277322,0.501176641909505,-0.000140048228261655,-5.37419929970151e-05,3.34155558174158e-05,-0.00122714362893705,-0.00180201453879884,0.00221260250344623,-0.000471438632585948,0.00149932885036694,0.00207419976022873,-0.00194041728201635
209,-1.29756076306115,-0.617079168230736,0.502966005472902,-0.00013531426100713,-5.18250309823741e-05,3.19985035987353e-05,-0.00120317737860465,-0.00176793329298468,0.00216897832687508,-0.000463111325146475,0.00147055482684273,0.00203531074122276,-0.001901600878637
210,-1.30519869205126,-0.619955467702357,0.504677479871282,-0.000130664980949886,-4.9943822098343e-05,3.06097026081886e-05,-0.00117950065429372,-0.00173432876016742,0.00212597500560536,-0.000454867955035112,0.00144211879057897,0.00199694689645267,-0.00186335686932011
211,-1.31257189667677,-0.622726517593847,0.506312660473358,-0.000126099420590885,-4.80978844574584e-05,2.92487392672709e-05,-0.00115611314885387,-0.00170119766466256,0.00208358828321118,-0.000446708911149813,0.00141402065890899,0.00195910517471768,-0.00182568077315606
212,-1.31968515241574,-0.62539431603617,0.507873117237852,-0.000121616611745511,-4.62867389546923e-05,2.79152031499794e-05,-0.00113301444897959,-0.00166853664470449,0.00204181378687959,-0.000438634538596973,0.00138626021788559,0.00192178241361049,-0.00178856801797359
213,-1.32654317969187,-0.627960832628349,0.509360394998651,-0.000117215585949554,-4.4509909370724e-05,2.66086870525964e-05,-0.00111020403897555,-0.0016363422575608,0.0020006470341869,-0.0004306451399058,0.00135883712638546,0.00188497534510129,-0.00175201394677699
214,-1.33315064384016,-0.630428008679018,0.510776013750266,-0.000112895374852786,-4.27669224691944e-05,2.53287870583832e-05,-0.00108768130444634,-0.00160461098444156,0.00196008343962219,-0.000422740976226585,0.00133175092086825,0.00184868060086346,-0.00171601382320029
215,-1.33951215509589,-0.632797757450497,0.51212146893337,-0.000108655010599417,-4.10573080891212e-05,2.40751025980461e-05,-0.00106544553590066,-0.001573339235251,0.00192011832089863,-0.000414922268511142,0.00130500101932685,0.00181289471867719,-0.00168056283747244
216,-1.34563226860626,-0.635071964405215,0.513398231720285,-0.000104493526194726,-3.93805992320369e-05,2.28472365061707e-05,-0.0010434959322656,-0.00154252335316804,0.00188074690505379,-0.000407189198664308,0.00127858672572554,0.00177761414662798,-0.00164565611159385
217,-1.35151548446381,-0.63725248745427,0.514607749300264,-0.000100409955860845,-3.77363321447544e-05,2.16447950732856e-05,-0.00102183160433108,-0.001512159619076,0.0018419643343352,-0.000399541910692111,0.00125250723397677,0.0017428352487217,-0.0016112887046895
218,-1.35716624776095,-0.639341157207944,0.5157514451644,-9.64033353782738e-05,-3.61240463968729e-05,2.04673880944794e-05,-0.00100045157810128,-0.00148224425582474,0.00180376567189431,-0.000391980511809964,0.00122676163206164,0.0017085543097851,-0.0015774556178118
219,-1.3625889486648,-0.64133977722797,0.516830719390058,-9.24727024165272e-05,-3.4543284954049e-05,1.93146289139926e-05,-0.00097935479807471,-0.00145277343234678,0.00176614590727709,-0.000384505073542953,0.00120134890581286,0.00167476754008493,-0.00154415179953895
220,-1.36778792251165,-0.643250124281388,0.517846948924678,-8.86170968536014e-05,-3.29935942471845e-05,1.81861344660528e-05,-0.000958540130449218,-0.00142374326763425,0.00172909996172065,-0.000377115632814277,0.00117626794257016,0.00164147107975519,-0.00151137214959971
221,-1.37276744992047,-0.645073948595829,0.518801487868821,-8.48355610819867e-05,-3.1474524236691e-05,1.70815253126967e-05,-0.000938006366239177,-0.00139514983455758,0.00169262269327496,-0.000369812192992688,0.00115151753541089,0.00160866100372929,-0.00147911152410325
222,-1.37753175692447,-0.646812974116041,0.519695667758362,-8.11271403055312e-05,-2.99856284733003e-05,1.60004256777862e-05,-0.000917752224330846,-0.00136698916355947,0.00165670890173356,-0.000362594724942435,0.0011270963863831,0.00157633332561172,-0.00144736473968131
223,-1.38208501512044,-0.648468898761512,0.520530797845699,-7.7490882824096e-05,-2.85264641545875e-05,1.49424634780183e-05,-0.000897776354455361,-0.00133925724620738,0.00162135333339317,-0.000355463168042827,0.00110300311021188,0.00154448400196391,-0.00141612657763665
224,-1.38643134183487,-0.650043394685047,0.52130816537989,-7.39258403074452e-05,-2.70965921777054e-05,1.39072703508951e-05,-0.000878077340089187,-0.00131195003861734,0.00158655068564552,-0.000348417431188436,0.00107923623774415,0.0015131089362723,-0.00138539178799057
225,-1.3905748003064,-0.651538108532128,0.522029035885602,-7.043106805956e-05,-2.5695577188596e-05,1.28944816795029e-05,-0.000858653701289695,-0.00128506346475326,0.00155229561139777,-0.000341457393778943,0.00105579421950224,0.0014822039829658,-0.00135515509318523
226,-1.394519399884,-0.652954661700959,0.522694653440793,-6.70056252716357e-05,-2.4322987627444e-05,1.1903736614597e-05,-0.00083950389745243,-0.00125859341960057,0.00151858272333586,-0.000334582906681907,0.00103267542869134,0.00145176495083948,-0.00132541119209695
227,-1.39826909624006,-0.654294650603018,0.523306240953035,-6.36485752655987e-05,-2.29783957707763e-05,1.09346780938837e-05,-0.000820626330003951,-0.00123253577222226,0.00148540659803117,-0.000327793793180896,0.0010098781647394,0.00142178760695771,-0.00129615476329573
228,-1.40182779159805,-0.655559646924022,0.52386500043439,-6.03589857280574e-05,-2.1661377770324e-05,9.98695285857022e-06,-0.00080201934502786,-0.00120688636870114,0.00145276177989295,-0.000321089849908419,0.000987400656306542,0.00139226767997982,-0.00126738046861427
229,-1.40519933497406,-0.656751197885165,0.524372113274764,-5.71359289340598e-05,-2.03715136884984e-05,9.06021146752597e-06,-0.000783681235820205,-0.00118164103496655,0.00142064278497712,-0.000314470847754257,0.000965241064421684,0.00136320086356803,-0.00123908295637565
230,-1.40838752243156,-0.657870826504517,0.524828740513676,-5.39784819619977e-05,-1.91083875308994e-05,8.15410830889685e-06,-0.000765610245382659,-0.00115679557951493,0.00138904410464946,-0.000307936532760702,0.00094339748548774,0.00133458281962001,-0.00121125686454438
231,-1.41139609734896,-0.658920031858465,0.525236023110353,-5.08857268991868e-05,-1.78715872758157e-05,7.26830160940414e-06,-0.000747804568849587,-0.0011323457960249,0.00135796020911025,-0.000301486626998652,0.000921867954103403,0.00130640918127871,-0.00118389682385643
232,-1.41422875069943,-0.659900289343095,0.52559508221211,-4.7856751038913e-05,-1.66607049009052e-05,6.40245344134568e-06,-0.000730262355854866,-0.00110828746587106,0.00132738555078319,-0.000295120829428907,0.00090065044612761,0.00127867555619145,-0.0011569974604628
233,-1.41688912134231,-0.660813050935412,0.525907019420929,-4.48906470683277e-05,-1.54753364069345e-05,5.55622972758319e-06,-0.000712981712834164,-0.00108461636053539,0.00129731456757701,-0.000288838816740457,0.00087974288143168,0.00125137752913291,-0.00113055339897949
234,-1.41938079632578,-0.661659745454289,0.52617291705821,-4.19865132480062e-05,-1.43150818390752e-05,4.72930024427655e-06,-0.000695960705264571,-0.00106132824392873,0.00126774168601416,-0.000282640244177525,0.000859143126299284,0.00122451066500892,-0.00110455926493397
235,-1.42170731120013,-0.66244177882106,0.526393838427615,-3.91434535835558e-05,-1.31795453054682e-05,3.92133862176876e-06,-0.000679197359849751,-0.0010384188746145,0.00123866132424114,-0.000276524746347002,0.000838848996590786,0.00119807051135553,-0.00107900968750011
236,-1.42387215034124,-0.663160534319656,0.526570828075974,-3.63605779890298e-05,-1.20683349932697e-05,3.13202234360768e-06,-0.000662689666645526,-0.0010158840079417,0.00121006789492004,-0.000270491938007746,0.000818858259908523,0.0011720526012047,-0.00105389930165705
237,-1.4258787472838,-0.663817372856208,0.5267049120522,-3.36370024421777e-05,-1.09810631825677e-05,2.36103274354551e-06,-0.000646435581121217,-0.000993719398098538,0.00118195580799648,-0.000264541414848219,0.000799168638198437,0.00114645245517576,-0.00102922275091926
238,-1.42773048506367,-0.664413633218028,0.526797098164171,-3.09718491327475e-05,-9.91734625765072e-06,1.60805500108931e-06,-0.000630433026176531,-0.000971920800070531,0.00115431947336611,-0.000258672754242019,0.000779777810473654,0.00112126558440853,-0.00100497468902811
239,-1.42943069656912,-0.664950632331879,0.526848376233545,-2.83642466025311e-05,-8.87680471629826e-06,8.72778135189056e-07,-0.000614679894091533,-0.000950483971524908,0.00112715330342338,-0.000252885515990063,0.00076068341479672,0.00109648749226976,-0.00098114978267853
240,-1.43098266490037,-0.665429665521477,0.526859718348469,-2.58133298787731e-05,-7.85906317692943e-06,1.54894996386463e-07,-0.000599174048429285,-0.000929404674614352,0.0011004517155078,-0.000247179243048163,0.000741883050918467,0.00107211367710353,-0.000957742713018622
241,-1.43238962373707,-0.665852006764135,0.526832079114148,-2.331824060024e-05,-6.86375038356926e-06,-5.45897742486875e-07,-0.000583913325883936,-0.00090867867770058,0.00107420913424873,-0.000241553462235341,0.000723374282327957,0.00104813963410743,-0.000934748177804714
242,-1.43365475771319,-0.666218908946487,0.526766395901244,-2.08781271362362e-05,-5.89049920901585e-06,-1.22989959707525e-06,-0.00056889553807365,-0.000888301757009573,0.00104841999381086,-0.00023600768492821,0.000705154638499197,0.00102456085743512,-0.00091216089338531
243,-1.43478120279914,-0.666531604119229,0.526663589092088,-1.84921446995898e-05,-4.93894665595557e-06,-1.8974062837313e-06,-0.000554118473289683,-0.000868269698207338,0.00102307874003994,-0.0002305414077417,0.000687221617092374,0.0010013728420446,-0.000889975596237254
244,-1.43577204669045,-0.6667913037508,0.52652456232466,-1.61594554522669e-05,-4.00873385635308e-06,-2.5487097330215e-06,-0.000539579898186351,-0.0008485782979113,0.00099817983251592,-0.000225154113192042,0.000669572686058621,0.000978571085783571,-0.000868187044643649
245,-1.43663032920282,-0.666999198979957,0.526350202734332,-1.38792286052084e-05,-3.09950606919665e-06,-3.18409810425087e-06,-0.000525277559429063,-0.000829223365138502,0.000973717746526994,-0.000219845270344605,0.000652205285443614,0.000956151091153054,-0.000846790020512442
246,-1.4373590426731,-0.667156460867181,0.526141381193352,-1.16506405117214e-05,-2.21091267627125e-06,-3.80385580161154e-06,-0.00051120918528987,-0.000810200722675457,0.00094968697493562,-0.000214614335448659,0.0006351168296493,0.000934108367004432,-0.000825779330606645
247,-1.43796113236579,-0.667264240644857,0.52589895254804,-9.47287475502509e-06,-1.34260717662266e-06,-4.40826349111293e-06,-0.000497372487198468,-0.000791506208397727,0.000926082029976683,-0.000209460752556524,0.000618304709075199,0.000912438430274458,-0.000805149808099952
248,-1.43843949688482,-0.667323669966178,0.525623755853688,-7.34512223002165e-06,-4.94247179387173e-07,-4.99759811867999e-06,-0.000483765161247578,-0.000773135676524359,0.000902897444969151,-0.000204383954128729,0.000601766292176597,0.000891136807453377,-0.000784896314040133
249,-1.43879698859009,-0.667335861152722,0.525316614607161,-5.26658121900545e-06,3.3450560493818e-07,-5.57213292932335e-06,-0.000470384889649351,-0.000755084998810931,0.000880127775944816,-0.000199383361623318,0.000585498927144554,0.000870199036306134,-0.000765013738449614
250,-1.43903641401868,-0.667301907440655,0.524978336977158,-3.2364574621901e-06,1.14398537459149e-06,-6.13213748722106e-06,-0.000457229342151104,-0.000737350065687018,0.0008577676032035,-0.000194458386072043,0.000569499943703426,0.00084962066723934,-0.000745497001651178
251,-1.43916053431012,-0.66722288322552,0.52460971603216,-1.25396422284488e-06,1.93452224791341e-06,-6.67787769674923e-06,-0.000444296177406586,-0.000719926787341087,0.000835811532792961,-0.000189608428644003,0.000553766654713197,0.000829397264670596,-0.000726341055463452
252,-1.43917206563564,-0.667099844305557,0.52421152996602,6.8167765275096e-07,2.70644227611037e-06,-7.20961582438868e-06,-0.000431583044305713,-0.000702811094748613,0.000814254197915824,-0.000184832881194665,0.000538296358005858,0.000809524408470027,-0.00070754088419441
253,-1.43907367963093,-0.66693382812353,0.523784542321221,2.57123968077961e-06,3.46006745725576e-06,-7.72761052136855e-06,-0.000419087583259696,-0.000685998940650171,0.000793090260269541,-0.0001801311267989,0.000523086337803262,0.000789997695193738,-0.000689091505725975
254,-1.43886800383228,-0.666725854007013,0.523329502209768,4.41548568977894e-06,4.19571575143666e-06,-8.23211684717037e-06,-0.000406807427449545,-0.000669486300479366,0.000772314411316624,-0.000175502540274182,0.000508133866313338,0.000770812739361036,-0.000670987972434953
255,-1.43855762211557,-0.66647692340709,0.52284714453174,6.21517177548437e-06,4.91370109704289e-06,-8.72338629373398e-06,-0.000394740204033255,-0.000653269173242884,0.00075192137349044,-0.000170946488689492,0.00049343620529712,0.000751965174506749,-0.000653225372226575
256,-1.4381450751381,-0.666188020135464,0.522338190191468,7.97104626044144e-06,5.61433342812986e-06,-9.20166681034339e-06,-0.000382883535312611,-0.000637343582354675,0.000731905901338023,-0.00016646233186078,0.000478990607422372,0.000733450654457289,-0.000635798829235409
257,-1.43763286078278,-0.665860110599906,0.521803346311365,9.68384965791369e-06,6.29791869285155e-06,-9.66720282916167e-06,-0.00037123503986412,-0.000621705576423466,0.000712262782601941,-0.000162049422833968,0.000464794317758738,0.000715264854311872,-0.000618703504713536
258,-1.43702343460451,-0.665494144038044,0.521243306443393,1.13543146402054e-05,6.9647588728588e-06,-1.01202352913509e-05,-0.000359792333632126,-0.000606351229997823,0.00069298683924415,-0.000157707108355097,0.000450844575096191,0.000697403471467136,-0.000601934597774837
259,-1.43631921027848,-0.665091052749445,0.520658750778176,1.29831660112752e-05,7.61515200357692e-06,-1.05610016738249e-05,-0.000348553030983821,-0.000591276644270848,0.00067407292841046,-0.000153434729329463,0.00043713861326686,0.000679862226558144,-0.000585487346123164
260,-1.43552256005014,-0.664651752325972,0.520050346351755,1.45711206832684e-05,8.24939219547152e-06,-1.09897360164741e-05,-0.000337514745731542,-0.000576477947741305,0.000655515943342135,-0.000149231621267226,0.000423673662440992,0.000662636864450754,-0.000569357026632685
261,-1.4346358151866,-0.664177141880389,0.519418747249993,1.6118887657173e-05,8.86776965609631e-06,-1.14066689498137e-05,-0.000326675092118728,-0.000561951296838848,0.000637310814237478,-0.000145097114716194,0.000410446950359721,0.000645723155077661,-0.000553538955998665
262,-1.4336612664292,-0.663668104273188,0.518764594810644,1.76271680072038e-05,9.47057071301041e-06,-1.18120277232924e-05,-0.00031603168577172,-0.000547692876507504,0.000619452509053572,-0.000141030535685333,0.000397455703513867,0.00062911689424965,-0.000538028491311425
263,-1.43260116444705,-0.663125506337615,0.518088517823067,1.90966548689798e-05,1.00580778373759e-05,-1.22060362338542e-05,-0.000305582144618369,-0.000533698900757263,0.000601936034266198,-0.000137031206054847,0.000384697148321515,0.00061281390446041,-0.000522821030563051
264,-1.43145772029141,-0.662550199102885,0.517391132725616,2.05280334311763e-05,1.06305696683173e-05,-1.25889150549772e-05,-0.000295324089774924,-0.000519965613178387,0.000584756435578461,-0.000133098443976033,0.000372168512232853,0.000596810035637512,-0.000507912013119336
265,-1.43023310585042,-0.661943018015555,0.516673043800708,2.19219809307915e-05,1.11883210380057e-05,-1.29608814660326e-05,-0.000285255146400386,-0.000506489287421212,0.00056790879858465,-0.000129231564258283,0.000359867024814247,0.000581101165832673,-0.000493296920173188
266,-1.4289294543044,-0.66130478315904,0.515934843367564,2.32791666516754e-05,1.17316029973524e-05,-1.33221494820106e-05,-0.000275372944520317,-0.000493266227644242,0.000551388249388675,-0.000125429878746351,0.000347789918776881,0.000565683201904449,-0.000478971275128468
267,-1.42754886058108,-0.660636299471259,0.515177111972651,2.46002519262326e-05,1.2260682842309e-05,-1.36729298835638e-05,-0.000265675119820993,-0.000480292768930691,0.000535189955179341,-0.000121692696687226,0.000335934431014217,0.000550552080118982,-0.000464930643986117
268,-1.42609338181091,-0.659938356960399,0.51440041857782,2.58858901404943e-05,1.27758241407539e-05,-1.40134302472906e-05,-0.000256159314411989,-0.000467565277675239,0.000519309124765257,-0.000118019325084863,0.000324297803518234,0.000535703766781484,-0.000451170635659011
269,-1.42456503778207,-0.659211730918774,0.513605320746165,2.71367267419797e-05,1.32772867599939e-05,-1.43438549763103e-05,-0.000246823177562521,-0.000455080151938342,0.000503741009068247,-0.000114409069045011,0.000312877284378743,0.000521134258739253,-0.000437686902252025
270,-1.42296581139511,-0.658457182134771,0.512792364825593,2.8353399250536e-05,1.37653268946734e-05,-1.46644053310642e-05,-0.00023766436640834,-0.000442833821776021,0.00048848090157889,-0.00011086123211073,0.000301670128610953,0.000506839583969538,-0.000424475139376278
271,-1.42129764911697,-0.657675457102874,0.511962086130141,2.95365372722414e-05,1.42401970951794e-05,-1.49752794602626e-05,-0.000228680546629248,-0.000430822749542975,0.000473524138776758,-0.000107375116585931,0.000290673599094403,0.000492815802008129,-0.000411531086311604
272,-1.41956246143423,-0.656867288231756,0.51111500911904,3.06867625155201e-05,1.47021462965737e-05,-1.52766724321361e-05,-0.000219869393104465,-0.000419043430164817,0.000458866100510222,-0.000103950023851653,0.000279884967354185,0.000479059004414537,-0.000398850526260501
273,-1.41776212330554,-0.656033394050426,0.510251647573531,3.18046888103885e-05,1.51514198479101e-05,-1.55687762657053e-05,-0.000211228590537501,-0.000407492391388621,0.000444502210346832,-0.000100585254669189,0.000269301514405934,0.000465565315257054,-0.0003864292864784
274,-1.41589847461289,-0.655174479412422,0.509372504771466,3.28909221299608e-05,1.55882595418864e-05,-1.58517799623178e-05,-0.00020275583405676,-0.000396166194009461,0.000430427935885974,-9.7280109477127e-05,0.000258920531444482,0.000452330891397183,-0.000374263238498252
275,-1.4139733206117,-0.654291235698051,0.508478073659694,3.39460606144097e-05,1.6012903644955e-05,-1.61258695371639e-05,-0.000194448829792744,-0.000385061432071686,0.00041663878904459,-9.40338886758455e-05,0.000248739320737324,0.000439351922999051,-0.000362348298117225
276,-1.4119884323796,-0.653384341014664,0.507568837024243,3.49706945972459e-05,1.6425586927728e-05,-1.63912280510636e-05,-0.000186305295429443,-0.000374174733047681,0.000403130326305204,-9.08458929058657e-05,0.000238755196158918,0.000426624633767629,-0.000350680425585256
277,-1.40994554726366,-0.652454460394954,0.506645267658332,3.5965406633926e-05,1.68265406956831e-05,-1.66480356421479e-05,-0.00017832296073267,-0.000363502757997149,0.000389898148941851,-8.77154233144091e-05,0.000228965483994,0.000414145281247992,-0.000339255625670034
278,-1.40784636932601,-0.651502245993292,0.505707828528205,3.69307715326324e-05,1.72159928201441e-05,-1.68964695577671e-05,-0.000170499568053725,-0.000353042201704667,0.000376937903210605,-8.46417818156047e-05,0.000219367523565648,0.000401910157228082,-0.00032806994768719
279,-1.40569256978776,-0.650528337280079,0.504756972936814,3.78673563870189e-05,1.75941677696251e-05,-1.7136704186308e-05,-0.000162832872813485,-0.000342789792794796,0.000364245280517806,-8.16242713393111e-05,0.00020995866784341,0.000389915587824722,-0.000317119485487881
280,-1.403485787471,-0.649533361234121,0.503793144685372,3.87757206110107e-05,1.79612866413022e-05,-1.73689110891209e-05,-0.000155320643962453,-0.00033274229383124,0.000351816017559041,-7.86621960737332e-05,0.00020073628404067,0.000378157933909457,-0.000306400377480824
281,-1.4012276292388,-0.648517932533021,0.50281677823278,3.96564159754798e-05,1.83175671927384e-05,-1.75932590324477e-05,-0.000147960664420124,-0.000322896501396381,0.000339645896432955,-7.57548616993048e-05,0.000191697754223818,0.000366633591185266,-0.000295908806644069
282,-1.39891967043321,-0.647482653741591,0.501828298852951,4.050998664685e-05,1.86632238738614e-05,-1.78099140193022e-05,-0.000140750731493287,-0.000313249246151778,0.000327730744731967,-7.29015756127447e-05,0.000182840475792642,0.00035533899046716,-0.000285641000416585
283,-1.39656345531093,-0.64642811549828,0.500828122790048,4.13369692272895e-05,1.89984678590608e-05,-1.80190393213695e-05,-0.000133688657275032,-0.00030379739288289,0.000316066435608579,-7.0101647144964e-05,0.000174161862124813,0.000344270597732672,-0.000275593230758798
284,-1.39416049747677,-0.645354896699623,0.499816657411648,4.2137892796745e-05,1.93235070794354e-05,-1.82207955108853e-05,-0.000126772269022221,-0.000294537840527911,0.000304648887818435,-6.73543877707861e-05,0.000165659342938391,0.00033342491444408,-0.000265761813902265
285,-1.39171228031465,-0.644263564682709,0.498794301359861,4.29132789564241e-05,1.96385462552389e-05,-1.84153404924188e-05,-0.000119999409516163,-0.000285467522188928,0.000293474065743717,-6.46591113101169e-05,0.000157330364836621,0.000322798477509386,-0.000256143110423259
286,-1.38922025741616,-0.643154675405665,0.497761444700398,4.36636418739695e-05,1.99437869283657e-05,-1.86028295346617e-05,-0.000113367937401874,-0.000276583405130511,0.000282537979393298,-6.20151341229149e-05,0.00014917239178157,0.000312387859510207,-0.000246733525013602
287,-1.38668585300645,-0.642028773626176,0.496718469069635,4.43894883299931e-05,2.02394274950426e-05,-1.87834153020626e-05,-0.000106875727511625,-0.000267882490760756,0.000271836684385993,-5.94217752947156e-05,0.000141182905473755,0.000302189668722885,-0.000237529506423863
288,-1.38411046236753,-0.64088639307802,0.495665747819666,4.50913177659987e-05,2.05256632384849e-05,-1.89572478864734e-05,-0.000100520671169208,-0.000259361814601781,0.000261366281911583,-5.6878356817768e-05,0.00013335940578901,0.000292200549221583,-0.000228527547291781
289,-1.38149545225876,-0.639728056645641,0.494603646161376,4.57696223336306e-05,2.08026863617252e-05,-1.91244748386301e-05,-9.43006764783246e-05,-0.000251018446243941,0.000251122918675854,-5.43842037628364e-05,0.000125699411160462,0.000282417180926078,-0.000219724183993717
290,-1.37884216133458,-0.638554276536757,0.493532521305549,4.64248869452559e-05,2.10706860204364e-05,-1.92852411995583e-05,-8.82136685928808e-05,-0.000242849489289208,0.000241102786827133,-5.19386444449773e-05,0.000118200458944533,0.00027283627964086,-0.000211115996475482
291,-1.37615190055922,-0.637365554453004,0.49245272260202,4.7057589325666e-05,2.13298483557854e-05,-1.9439689531876e-05,-8.22575899716717e-05,-0.000234852081282318,0.000231302123865785,-4.95410105830815e-05,0.00011086010576774,0.000263454597078386,-0.000202699608069717
292,-1.37342595361858,-0.636162381758634,0.491364591676912,4.76682000649416e-05,2.15803565273638e-05,-1.95879599509347e-05,-7.64304006176711e-05,-0.00022702339362872,0.00022171721253875,-4.71906374515459e-05,0.000103675927853551,0.0002542689208646,-0.00019447168530287
293,-1.37066557732896,-0.634945239647256,0.490268462567944,4.82571826723852e-05,2.18223907460728e-05,-1.97301901558735e-05,-7.07300783013143e-05,-0.00021936063150283,0.000212344380717247,-4.48868640268255e-05,9.66455213302802e-05,0.000245276074531796,-0.000186428937688281
294,-1.36787200204274,-0.633714599306639,0.489164661857859,4.8824993631488e-05,2.20561283070192e-05,-1.98665154604923e-05,-6.51546187691253e-05,-0.000211861033745364,0.000203180001261229,-4.26290331268613e-05,8.97665025202121e-05,0.000236472917496451,-0.000178568117510142
295,-1.3650464320509,-0.632470922081583,0.488053508805965,4.93720824558404e-05,2.22817436224066e-05,-1.99970688240051e-05,-5.97020359378689e-05,-0.000204521872749745,0.000194220491868497,-4.04164915447108e-05,8.30365082106743e-05,0.00022785634502255,-0.000170886019595691
296,-1.36219004598229,-0.631214659634854,0.486935315477832,4.98988917459421e-05,2.24994082543772e-05,-2.01219808816143e-05,-5.43703620747693e-05,-0.000197340454339511,0.000185462314911478,-3.82485901760522e-05,7.64531959090367e-05,0.000219423288173779,-0.000163379481077211
297,-1.35930399719968,-0.629946254106212,0.485810386873133,5.04058572468843e-05,2.27092909478165e-05,-2.02413799749321e-05,-4.91576479637832e-05,-0.000190314117636179,0.000176901977260549,-3.61246841408978e-05,7.00142440784231e-05,0.000211170713750819,-0.000156045381145909
298,-1.35638941419245,-0.628666138269509,0.484679021051683,5.08934079068156e-05,2.29115576630978e-05,-2.03553921822301e-05,-4.40619630587545e-05,-0.000183440234918356,0.000168536030095283,-3.40441328996534e-05,6.37173523526969e-05,0.000203095624212298,-0.000148880640801341
299,-1.35344740096593,-0.627374735687907,0.483541509257658,5.13619659361583e-05,2.31063716087717e-05,-2.0464141348502e-05,-3.90813956238388e-05,-0.000176716211472093,0.000160361068704297,-3.20063003633515e-05,5.75602417544009e-05,0.000195195057602655,-0.000141882222573735
300,-1.35047903742739,-0.626072460867177,0.482398136042041,5.18119468675233e-05,2.32938932741666e-05,-2.05677491153489e-05,-3.42140528612978e-05,-0.000170139485433532,0.000152373732273784,-3.0010554998675e-05,5.15406548683129e-05,0.000187466087440547,-0.000135047130266769
301,-1.34748537976844,-0.624759719407134,0.481249179383301,5.22437596162772e-05,2.34742804619053e-05,-2.06663349506728e-05,-2.94580610272321e-05,-0.000163707527623779,0.000144570703665547,-2.80562699275965e-05,4.56563560223867e-05,0.000179905822618934,-0.000128372408670392
302,-1.34446746084411,-0.623436908151183,0.48009491080632,5.26578065417128e-05,2.36476883203286e-05,-2.07600161781708e-05,-2.48115655356412e-05,-0.000157417841376376,0.000136948709185093,-2.61428230217337e-05,3.99051314412605e-05,0.000172511407281995,-0.000121855143279473
303,-1.3414262905483,-0.622104415334008,0.478935595499594,5.30544835087632e-05,2.38142693758027e-05,-2.08489080066294e-05,-2.02727310512008e-05,-0.000151267962358113,0.000129504518340228,-2.42695969918388e-05,3.42847894075626e-05,0.000165280020714475,-0.000115492459983867
304,-1.33836285618572,-0.620762620727399,0.477771492430725,5.34341799502636e-05,2.39741735649202e-05,-2.09331235590178e-05,-1.58397415707009e-05,-0.000145255458383001,0.000122234943590255,-2.24359794722136e-05,2.87931603585163e-05,0.000158208877170816,-0.00010928152480244
305,-1.33527812284022,-0.619411895784239,0.476602854460213,5.37972789296548e-05,2.41275482665681e-05,-2.10127739013565e-05,-1.15108004941988e-05,-0.00013937792922032,0.000115136840087298,-2.06413631003141e-05,2.3428097036606e-05,0.000151295225762727,-0.00010321954354489
306,-1.33217303373957,-0.618052603780658,0.475429928453583,5.4144157204118e-05,2.42745383338724e-05,-2.10879680713914e-05,-7.284130685717e-06,-0.000133633006396305,0.000108207105408553,-1.88851455918784e-05,1.81874745768733e-05,0.000144536350287461,-9.73037615173967e-05
307,-1.32904851061655,-0.61668509995636,0.47425295539185,5.44751852881186e-05,2.44152861259897e-05,-2.11588131070259e-05,-3.15797452385699e-06,-0.000128018352990868,0.000101442679281842,-1.71667298112445e-05,1.30691906014846e-05,0.000137929569068495,-9.15314632042145e-05
308,-1.32590545406636,-0.615309731653144,0.473072170480345,5.47907275172794e-05,2.4549931539764e-05,-2.12254140745429e-05,8.69406057046839e-07,-0.000122531663428456,9.48405433033343e-05,-1.54855238373303e-05,8.07116529897818e-06,0.000131472234784481,-8.58999719473093e-05
309,-1.32274474390048,-0.613926838451619,0.471887803255924,5.50911421125683e-05,2.46786120412122e-05,-2.12878740966011e-05,4.7997295352536e-06,-0.00011717066326442,8.83977206484444e-05,-1.38409410254948e-05,3.19134149165358e-06,0.000125161734291327,-8.04066496215372e-05
310,-1.31956723949666,-0.612536752306142,0.470700077692573,5.53767812447993e-05,2.48014626968627e-05,-2.13462943799949e-05,8.63469477921868e-06,-0.000111933108966331,8.21112757763763e-05,-1.2232400064796e-05,-1.57231530897351e-06,0.000118995488436576,-7.50488963061312e-05
311,-1.31637378014536,-0.611139797677967,0.469509212305428,5.56479910993203e-05,2.49186162049162e-05,-2.14007742431846e-05,1.23759810334563e-05,-0.000106816787691015,7.59783141286176e-05,-1.06593250314954e-05,-6.22181685714274e-06,0.000112970951867328,-6.98241499523041e-05
312,-1.31316518539234,-0.609736291666641,0.468315420253231,5.59051119409278e-05,2.50302029262356e-05,-2.14514111435873e-05,1.6025247913005e-05,-0.000101819517057355,6.99959818217903e-05,-9.12114543841493e-06,-1.07591521388184e-05,0.000107085612831542,-6.47298860476037e-05
313,-1.30994225537763,-0.608326544139645,0.467118909439232,5.61484781789654e-05,2.51363509151425e-05,-2.14983007046401e-05,1.95841354063385e-05,-9.69391449155645e-05,6.41614653347554e-05,-7.6172962806958e-06,-1.51862873481816e-05,0.000101336992973721,-5.97636172765985e-05
314,-1.30670577117063,-0.606910857860298,0.465919882610569,5.63784184325527e-05,2.52371859500449e-05,-2.15415367426083e-05,2.30542638857893e-05,-9.21735491122782e-05,5.84719911912249e-05,-6.14721807740076e-06,-1.95051658740346e-05,9.57226471240329e-05,-5.49228931794703e-05
315,-1.30345649510159,-0.605489528613935,0.46471853745612,5.65952555959187e-05,2.53328315638649e-05,-2.15812112931578e-05,2.64372341256404e-05,-8.75206372524415e-05,5.29248256374071e-05,-4.71035690970604e-06,-2.37177082958424e-05,9.02401630822395e-05,-5.02052998076091e-05
316,-1.30019517108921,-0.604062845332372,0.463515066702876,5.67993069038328e-05,2.54234090742598e-05,-2.16174146376852e-05,2.97346273278211e-05,-8.29783464583713e-05,4.75172743152574e-05,-3.30616445560885e-06,-2.78258123893901e-05,8.48871613968022e-05,-4.56084593768264e-05
317,-1.29692252496456,-0.602631090216676,0.46230965821082,5.69908839970559e-05,2.55090376136606e-05,-2.16502353293909e-05,3.29480051541365e-05,-7.85446431251883e-05,4.22466819319942e-05,-1.93409802092331e-06,-3.18313531411173e-05,7.96612951382075e-05,-4.1130029918975e-05
318,-1.29363926479118,-0.601194538858241,0.461102495066354,5.717029298784e-05,2.55898341590846e-05,-2.16797602191217e-05,3.60789097658605e-05,-7.42175226741111e-05,3.71104319252113e-05,-5.9362056733342e-07,-3.5736182771514e-05,7.45602496684576e-05,-3.67677049308648e-05
319,-1.29034608118148,-0.599753460358204,0.459893755674279,5.73378345254034e-05,2.56659135617501e-05,-2.17060744809432e-05,3.91288638694353e-05,-6.99950093028888e-05,3.21059461253267e-05,7.15799263194478e-07,-3.95421307667264e-05,6.95817424055977e-05,-3.25192130226177e-05
320,-1.28704364760928,-0.598308117445188,0.458683613848346,5.74938038613844e-05,2.57373885764679e-05,-2.17292616374763e-05,4.20993707687682e-05,-6.58751557340914e-05,2.72306844142285e-05,1.99468712684862e-06,-4.32510039184034e-05,6.47235225844562e-05,-2.83823175638636e-05
321,-1.28373262071866,-0.596858766591414,0.457472238900398,5.76384909152328e-05,2.58043698908193e-05,-2.17494035849752e-05,4.49919144234644e-05,-6.18560429611096e-05,2.24821443812544e-05,3.24356295961938e-06,-4.68645863713342e-05,5.99833710132399e-05,-2.43548163291242e-05
322,-1.28041364062902,-0.59540565812717,0.45625979572812,5.77721803395207e-05,2.58669661541081e-05,-2.17665806181536e-05,4.78079595129427e-05,-5.79357799923298e-05,1.7857860976461e-05,4.4629409618323e-06,-5.03846396786339e-05,5.53590998266386e-05,-2.04345411421523e-05
323,-1.27708733123642,-0.593949036353669,0.455046444901408,5.78951515851457e-05,2.59252840060914e-05,-2.1780871454758e-05,5.05489515061287e-05,-5.4112503593384e-05,1.33554061614136e-05,5.65332958558079e-06,-5.38129028641814e-05,5.08485522353313e-05,-1.66193575194663e-05
324,-1.27375430051107,-0.592489139654304,0.453832342747387,5.80076789664005e-05,2.59794281054734e-05,-2.17923532598838e-05,5.3216316736499e-05,-5.03843780280544e-05,8.97238855797809e-06,6.81523152487158e-06,-5.71510924919733e-05,4.64496022725802e-05,-1.29071643134523e-05
325,-1.27041514079122,-0.591026200604311,0.452617641434072,5.81100317259082e-05,2.60295011581789e-05,-2.18011016700418e-05,5.58114624824533e-05,-4.67495947973694e-05,4.70645309481874e-06,7.9491437085659e-06,-6.04009027424208e-05,4.21601545374018e-05,-9.29589335478629e-06
326,-1.26707042907321,-0.58956044607886,0.451402489052717,5.82024740993601e-05,2.60756039453796e-05,-2.18071908169646e-05,5.83357770524096e-05,-4.32063723778393e-05,5.55280652505116e-07,9.05555729574155e-06,-6.3564005494768e-05,3.79781439354809e-05,-5.78350909486358e-06
327,-1.26372072729784,-0.588092097359579,0.45018702969884,5.82852653800823e-05,2.61178353512918e-05,-2.18106933511595e-05,6.07906298748403e-05,-3.97529559582915e-05,-3.48341229307968e-06,1.0134957673735e-05,-6.66420504159967e-05,3.39015354171351e-05,-2.36800824807669e-06
328,-1.26036658263301,-0.586621370239543,0.44897140355196,5.83586599833858e-05,2.6156292390733e-05,-2.18116804652055e-05,6.31773715928144e-05,-3.63876171758019e-05,-7.41187402861216e-06,1.11878244585673e-05,-6.96366650556145e-05,2.99283237130018e-05,9.52580565812035e-07
329,-1.2570085277527,-0.585148475126718,0.447755746954058,5.84229075106761e-05,2.61910702364337e-05,-2.18102219167951e-05,6.5497334162826e-05,-3.31086538508614e-05,-1.12323179623041e-05,1.22146314976498e-05,-7.25494549460462e-05,2.60565330676412e-05,4.18019717908394e-06
330,-1.2536470811122,-0.583673617145897,0.44654019248677,5.84782528133313e-05,2.62222622461096e-05,-2.18063860515199e-05,6.7751830957938e-05,-2.99143897217682e-05,-1.49469229838397e-05,1.32158468748728e-05,-7.53820037087147e-05,2.22842169709915e-05,7.31675023306301e-06
331,-1.25028274721976,-0.582196996239127,0.445324869047333,5.85249360562709e-05,2.62499599892805e-05,-2.18002398254022e-05,6.9942156874522e-05,-2.68031741786251e-05,-1.85578338249436e-05,1.41919329176352e-05,-7.81358731648398e-05,1.86094578883073e-05,1.03641175346258e-05
332,-1.24691601690447,-0.58071880726465,0.444109901923307,5.85631927813176e-05,2.62742532738541e-05,-2.17918488271696e-05,7.20695884434852e-05,-2.37733819966447e-05,-2.20671614207267e-05,1.51433462064136e-05,-8.08126034521898e-05,1.50303669879401e-05,1.33241464120222e-05
333,-1.24354736758062,-0.579239240094371,0.442895412866072,5.85932539701862e-05,2.62952301724507e-05,-2.17812773002771e-05,7.4135383944444e-05,-2.08234130693725e-05,-2.54769832712316e-05,1.60705375859668e-05,-8.34137131457239e-05,1.15450838680926e-05,1.61986540699517e-05
334,-1.24017726350834,-0.577758479709861,0.441681520163134,5.86153461071911e-05,2.63129770484813e-05,-2.17685881646741e-05,7.61407835236644e-05,-1.79516921416278e-05,-2.87893438033122e-05,1.69739521786836e-05,-8.59406993832392e-05,8.15177628205304e-06,1.89894279437374e-05
335,-1.23680615605072,-0.576276706296922,0.44046833870924,5.86296912416362e-05,2.63275785819734e-05,-2.17538430383173e-05,7.80870093153955e-05,-1.51566685424604e-05,-3.20062547325642e-05,1.78540293998513e-05,-8.83950379955192e-05,4.84863986233673e-06,2.16982260524406e-05
336,-1.23343448392729,-0.574794095338718,0.439255980076322,5.86365070498225e-05,2.63391177951454e-05,-2.17371022584328e-05,7.99752655659401e-05,-1.24368159179879e-05,-3.51296954252018e-05,1.87112029746053e-05,-9.07781836401902e-05,1.63389784373774e-06,2.43267773509517e-05
337,-1.23006267346393,-0.573310817707486,0.438044552582298,5.86360068967367e-05,2.6347676077731e-05,-2.17184249025218e-05,8.18067387610176e-05,-9.79063196438665e-06,-3.81616132596405e-05,1.95459009568599e-05,-9.30915699400145e-05,-1.49419921461019e-06,2.68767820806436e-05
338,-1.22669113883932,-0.571827039754855,0.436834161358719,5.86283998973547e-05,2.63533332120365e-05,-2.16978688091247e-05,8.35825977559308e-05,-7.216638161433e-06,-4.11039239879966e-05,2.03585457495876e-05,-9.53366096247645e-05,-4.53737370740073e-06,2.93499121191629e-05
339,-1.22332028232775,-0.570342923400772,0.435624908417298,5.86138909775643e-05,2.63561673977612e-05,-2.16754905983192e-05,8.53039939081653e-05,-4.71337950588873e-06,-4.39585120966151e-05,2.11495541271556e-05,-9.75146946767192e-05,-7.4973212626651e-06,3.17478113280613e-05
340,-1.21995049453854,-0.568858626221055,0.434416892715335,5.85926809346834e-05,2.63562552765451e-05,-2.16513456919884e-05,8.69720612126464e-05,-2.27942424572866e-06,-4.67272311666001e-05,2.19193372587067e-05,-9.96271964794189e-05,-1.03757110210439e-05,3.40720958998276e-05
341,-1.21658215465193,-0.567374301533596,0.433210210220031,5.85649664976209e-05,2.6353671956278e-05,-2.16254883338189e-05,8.85879164395725e-05,8.66363854228714e-08,-4.94119042329532e-05,2.26683007337132e-05,-0.000101675465970253,-1.31741859161036e-05,3.63243547022725e-05
342,-1.2132156306515,-0.565890098483208,0.432004953971738,5.85309403865445e-05,2.63484910351336e-05,-2.15979716090732e-05,9.01526592739703e-05,2.38618843297801e-06,-5.20143241434614e-05,2.33968445881605e-05,-0.000103660833795133,-1.58943629541403e-05,3.85061496222992e-05
343,-1.20985127955322,-0.564406162125162,0.430801214146133,5.84907913721834e-05,2.63407846253613e-05,-2.15688474641012e-05,9.16673724577615e-05,4.62059548560387e-06,-5.45362539162311e-05,2.41053633326942e-05,-0.000105584610466806,-1.85378334946486e-05,4.06190159071864e-05
344,-1.20648944763103,-0.562922633507389,0.429599078115336,5.84447043346949e-05,2.63306233768152e-05,-2.15381667256123e-05,9.31331219338547e-05,6.79119893853731e-06,-5.69794270963256e-05,2.47942459819318e-05,-0.000107448086525877,-2.11061635305594e-05,4.26644625043035e-05
345,-1.20313047063913,-0.561439649751405,0.428398630508001,5.83928603220433e-05,2.63180765002272e-05,-2.15059791197027e-05,9.45509569916212e-05,8.89931825616304e-06,-5.93455481111023e-05,2.54638760848983e-05,-0.000109252532703848,-2.36008939683903e-05,4.4643972398875e-05
346,-1.19977467403081,-0.559957344131929,0.427199953268374,5.83354366079776e-05,2.63032117902256e-05,-2.1472333290642e-05,9.59219104146074e-05,1.0946251233654e-05,-6.1636292624436e-05,2.61146317568555e-05,-0.000110999200089216,-2.60235409082624e-05,4.65590029498275e-05
347,-1.19642237317404,-0.55847584615525,0.426003125714338,5.82726067495133e-05,2.62860956480944e-05,-2.14372768194181e-05,9.72469986295021e-05,1.29332742576053e-05,-6.38533078894949e-05,2.67468857121099e-05,-0.000112689320295373,-2.83755959234761e-05,4.84109862236241e-05
348,-1.19307387356373,-0.556995281636326,0.424808224594471,5.82045406439742e-05,2.62667931042774e-05,-2.14008562420412e-05,9.85272218568418e-05,1.48616425656091e-05,-6.59982131000254e-05,2.7361005298074e-05,-0.000114324105630984,-3.06585263397509e-05,5.02013293258836e-05
349,-1.18972947103071,-0.555515772774643,0.423615324144112,5.81314045855377e-05,2.62453678406274e-05,-2.13631170676133e-05,9.97635642628964e-05,1.67325905047999e-05,-6.807259974022e-05,2.79573525302321e-05,-0.000115904749272055,-3.28737755139587e-05,5.19314147310612e-05
350,-1.18638945194745,-0.554037438228856,0.422424496140455,5.80533613213042e-05,2.6221882212402e-05,-2.13241037961555e-05,0.000100956994112818,1.8547331789259e-05,-7.00780319327497e-05,2.85362841282366e-05,-0.000117432425435927,-3.5022763112368e-05,5.36026006096406e-05
351,-1.18305409343065,-0.552560393190201,0.421235809956698,5.79705701068873e-05,2.61963972699988e-05,-2.12838599362076e-05,0.000102108463925131,2.03070597560311e-05,-7.20160467853794e-05,2.90981515527962e-05,-0.000118908289557058,-3.71068853879586e-05,5.5216221153452e-05
352,-1.17972366354053,-0.551084749454725,0.420049332615233,5.78831867615046e-05,2.61689727804415e-05,-2.12424280221888e-05,0.000103218910627136,2.20129476200104e-05,-7.38881547355858e-05,2.96433010435918e-05,-0.000120333478464323,-3.91275154571972e-05,5.6773586898399e-05
353,-1.17639842147699,-0.549610615494317,0.418865128839918,5.77913637225621e-05,2.61396672486117e-05,-2.11998496315286e-05,0.000104289255711214,2.36661487275164e-05,-7.56958398934242e-05,3.0172073657965e-05,-0.000121709110559649,-4.10860035759517e-05,5.82759850449889e-05
354,-1.17307861777272,-0.54813809652658,0.41768326110742,5.76952500997513e-05,2.61085379382265e-05,-2.11561654015667e-05,0.000105320405392175,2.52677968083727e-05,-7.7440560382445e-05,3.06848053104756e-05,-0.00012303628599821,-4.2983677414407e-05,5.97246797764107e-05
355,-1.16976449448311,-0.546667294583539,0.416503789697665,5.75949917286306e-05,2.60756408925651e-05,-2.1111415046228e-05,0.000106313250765309,2.68190062266654e-05,-7.91237486787711e-05,3.1181826813158e-05,-0.00012431608686971,-4.48218423310665e-05,6.112091257437e-05
356,-1.16645628537312,-0.545198308579212,0.415326772743384,5.74907312236802e-05,2.60410309549438e-05,-2.10656373724641e-05,0.00010726866796493,2.83208722299588e-05,-8.07468119478528e-05,3.16634639165195e-05,-0.000125549577380608,-4.66017816456374e-05,6.24659025321743e-05
357,-1.16315421610112,-0.543731234376046,0.414152266278784,5.73826080308823e-05,2.60047617889464e-05,-2.10188702964747e-05,0.000108187518323942,2.97744711971769e-05,-8.23111323794405e-05,3.21300373513817e-05,-0.000126737804037835,-4.83247569110698e-05,6.37608466655475e-05
358,-1.15985850439972,-0.542266164850244,0.412980324287356,5.72707584796972e-05,2.59668858983919e-05,-2.09711508597097e-05,0.000109070648533185,3.11808608846254e-05,-8.38180675202954e-05,3.25818628708277e-05,-0.000127881795831756,-4.99920081831958e-05,6.50069202217249e-05
359,-1.1565693602536,-0.540803189955991,0.411810998748818,5.71553158346258e-05,2.59274546470707e-05,-2.0922515244636e-05,0.000109918890802087,3.25410806707034e-05,-8.52689506045041e-05,3.30192512935343e-05,-0.000128982564424848,-5.16047542934654e-05,6.62052769817422e-05
360,-1.15328698607438,-0.539342396788588,0.410644339685221,5.70364103461517e-05,2.58865182782217e-05,-2.08729987903028e-05,0.000110733063018944,3.38561517988617e-05,-8.66650908819855e-05,3.3442508546919e-05,-0.000130041104330884,-5.31641931108017e-05,6.73570495700455e-05
361,-1.15001157687259,-0.537883869646516,0.409480395206226,5.69141693012099e-05,2.58441259337729e-05,-2.08226360076743e-05,0.000111513968911855,3.51270776190087e-05,-8.80077739442791e-05,3.38519357113332e-05,-0.000131058393107383,-5.46715018145368e-05,6.8463349748751e-05
362,-1.14674332042678,-0.536427690092443,0.408319211553552,5.67887170731013e-05,2.58003256733278e-05,-2.07714605947505e-05,0.000112262398209708,3.63548438269777e-05,-8.929826204808e-05,3.42478290644755e-05,-0.000132035391539243,-5.61278371565129e-05,6.95252687185448e-05
363,-1.14348239744968,-0.534973937013177,0.407160833144629,5.66601751708783e-05,2.57551644929194e-05,-2.0719505451482e-05,0.000112979126803331,3.75404187026718e-05,-9.05377944367806e-05,3.46304801262803e-05,-0.00013297304382513,-5.75343357244712e-05,7.05438774149813e-05
364,-1.14022898175159,-0.533522686678593,0.406005302615444,5.65286622881954e-05,2.57086883435132e-05,-2.06668026944586e-05,0.000113664916906643,3.86847533460506e-05,-9.17275876589689e-05,3.50001757043225e-05,-0.000133872277771218,-5.88921142106254e-05,7.15202267943941e-05
365,-1.13698324040099,-0.532074012799534,0.404852660862609,5.63942943516218e-05,2.56609421492775e-05,-2.0613383671398e-05,0.000114320517217813,3.97887819116926e-05,-9.2868835884978e-05,3.53571979395252e-05,-0.000134734004965988,-6.02022696598683e-05,7.24553481368023e-05
366,-1.13374533388236,-0.530627986584714,0.403702947084658,5.62571845684194e-05,2.56119698256042e-05,-2.05592789754231e-05,0.000114946663080409,4.08534218411574e-05,-9.39627112207289e-05,3.57018243521583e-05,-0.000135559120980689,-6.14658797414367e-05,7.33502533204495e-05
367,-1.1305154162512,-0.529184676796618,0.40255619882257,5.61174434737827e-05,2.55618142969089e-05,-2.05045184591297e-05,0.000115544076644289,4.18795740940827e-05,-9.50103640191007e-05,3.60343278883806e-05,-0.000136348505550713,-6.26840030005064e-05,7.42059351126769e-05
368,-1.12729363528649,-0.527744149806427,0.401412451999559,5.59751789775178e-05,2.55105175141759e-05,-2.04491312484528e-05,0.000116113467026197,4.28681233768529e-05,-9.60129231886544e-05,3.63549769667432e-05,-0.000137103022763324,-6.38576791139801e-05,7.50233674515272e-05
369,-1.12408013264031,-0.526306469647977,0.40027174096011,5.58304964102481e-05,2.54581204722827e-05,-2.03931457563313e-05,0.000116655530470723,4.38199383697437e-05,-9.69714965001024e-05,3.666403552532e-05,-0.000137823521250845,-6.49879291498652e-05,7.58035057199808e-05
370,-1.12087504398495,-0.524871698070758,0.399134098508294,5.5683498568979e-05,2.54046632270836e-05,-2.03365896961657e-05,0.000117170950509889,4.47358719520904e-05,-9.78871708896586e-05,3.69617630687055e-05,-0.000138510834367329,-6.60757558095307e-05,7.65472870322183e-05
371,-1.11767849915735,-0.52343989459198,0.397999555945362,5.553428576218e-05,2.53501849122673e-05,-2.02794900950885e-05,0.000117660398123037,4.56167614256711e-05,-9.8761012760389e-05,3.72484147153132e-05,-0.000139165780385809,-6.71221436884439e-05,7.72556304976162e-05
372,-1.11449062230093,-0.522011116547698,0.396868143106634,5.53829558543752e-05,2.52947237559828e-05,-2.02218733070214e-05,0.000118124531896634,4.64634287359212e-05,-9.95940682803293e-05,3.75242412452393e-05,-0.00013978916268071,-6.81280595199966e-05,7.79294374962539e-05
373,-1.11131153200494,-0.520585419143033,0.395739888397689,5.52296043100928e-05,2.5238317097234e-05,-2.01637650255506e-05,0.000118563998182724,4.72766806913712e-05,-0.000100387363678246,3.77894891476768e-05,-0.000140381769914673,-6.90944524233208e-05,7.85695919462962e-05
374,-1.10814134144122,-0.519162855501483,0.394614818829871,5.50743242373263e-05,2.51810014020542e-05,-2.01051902966052e-05,0.000118979431257272,4.80573091812536e-05,-0.000101141905536729,3.80444006687583e-05,-0.000140944376222036,-7.00222541460172e-05,7.91769605719654e-05
375,-1.10498015849856,-0.51774347671334,0.393492960055118,5.49172064305125e-05,2.51228122794508e-05,-2.00461735309439e-05,0.000119371453478552,4.88060913908228e-05,-0.000101858681082587,3.82892138596524e-05,-0.00014147774140398,-7.09123793162508e-05,7.97523931571586e-05
376,-1.10182808591451,-0.516327331883235,0.392374336400123,5.47583394128344e-05,2.50637844971284e-05,-1.99867385164498e-05,0.000119740675443454,4.95237900150487e-05,-0.000102538658474196,3.85241626242842e-05,-0.000141982611103699,-7.17657256752935e-05,8.02967228139515e-05
377,-1.0986852214048,-0.514914468176808,0.391258970899848,5.45978094781326e-05,2.50039519969958e-05,-1.99269084302467e-05,0.000120087696144665,5.02111534702272e-05,-0.000103182787086751,3.87494767675698e-05,-0.000142459716987378,-7.25831743129408e-05,8.08107662440378e-05
378,-1.09555165779042,-0.513504930866535,0.39014688533038,5.44357007322105e-05,2.49433479104434e-05,-1.98667058506174e-05,0.000120413103126366,5.08689161033387e-05,-0.000103791997794076,3.89653820434738e-05,-0.000142909776935233,-7.33655899122064e-05,8.12953239852082e-05
379,-1.09242748312223,-0.512098763376694,0.389038100241164,5.42720951336083e-05,2.48820045734106e-05,-1.98061527687551e-05,0.000120717472639302,5.14977983997662e-05,-0.000104367203248396,3.91721002029406e-05,-0.000143333495236193,-7.41138209966569e-05,8.17511806515054e-05
380,-1.08931278080334,-0.510696007327523,0.387932634986599,5.41070725338541e-05,2.48199535412385e-05,-1.97452706003127e-05,0.000121001369794971,5.20985071888863e-05,-0.000104909298156518,3.93698490421605e-05,-0.000143731562737417,-7.48287001313326e-05,8.2179105214072e-05
381,-1.0862076297091,-0.509296702578537,0.386830507757024,5.3940710717203e-05,2.47572256033008e-05,-1.96840801967948e-05,0.000121265348719421,5.26717358474855e-05,-0.000105419159554131,3.95588424504402e-05,-0.000144104657057012,-7.55110441850771e-05,8.25798512165397e-05
382,-1.08311210430491,-0.507900887271054,0.385731735609098,5.37730854398431e-05,2.46938507974404e-05,-1.96226018567543e-05,0.000121509952705866,5.3218164501665e-05,-0.000105897647076703,3.9739290458482e-05,-0.000144453442749475,-7.61616545452743e-05,8.29541570330937e-05
383,-1.08002627476168,-0.506508597869915,0.384636334495577,5.36042704685378e-05,2.46298584241627e-05,-1.95608553368272e-05,0.000121735714366367,5.3738460225769e-05,-0.000106345603227854,3.99113992858626e-05,-0.000144778571487795,-7.67813173471964e-05,8.33027461064268e-05
384,-1.07695020706918,-0.505119869204427,0.383544319294511,5.34343376188116e-05,2.45652770606607e-05,-1.94988598625858e-05,0.000121943155782939,5.42332772404683e-05,-0.00010676385364503,4.00753713892523e-05,-0.000145080682242398,-7.73708036999274e-05,8.36263271855709e-05
385,-1.07388396314713,-0.503734734508529,0.382455703837856,5.32633567925524e-05,2.45001345745995e-05,-1.94366341392204e-05,0.000122132788657301,5.4703257107758e-05,-0.000107153207362019,4.02314055098922e-05,-0.000145360401458314,-7.79308699087713e-05,8.39255945610055e-05
386,-1.07082760095422,-0.502353225460198,0.381370500939514,5.30913960151452e-05,2.44344581377227e-05,-1.93741963620554e-05,0.000122305114460013,5.51490289247852e-05,-0.000107514457069132,4.03796967213875e-05,-0.000145618343231901,-7.84622576966738e-05,8.42012282972439e-05
387,-1.06778117459489,-0.500975372220101,0.380288722422823,5.29185214720857e-05,2.43682742392406e-05,-1.93115642268991e-05,0.000122460624578684,5.55712095151278e-05,-0.000107848379370542,4.05204364771378e-05,-0.000145855109486441,-7.89656944228845e-05,8.44538944627854e-05
388,-1.06474473442415,-0.499601203469518,0.379210379147485,5.27447975450399e-05,2.43016086990165e-05,-1.92487549402194e-05,0.000122599800464666,5.59704036180201e-05,-0.000108155735038389,4.06538126575701e-05,-0.000146071290146099,-7.94418932994528e-05,8.46842453569558e-05
389,-1.06171832715025,-0.498230746447523,0.378135481035956,5.25702868474344e-05,2.42344866805664e-05,-1.91857852291617e-05,0.000122723113779075,5.63472040759195e-05,-0.00010843726926451,4.07800096173997e-05,-0.000146267463309236,-7.98915536060808e-05,8.48929197343491e-05
390,-1.05870199593532,-0.496864026987459,0.377064037099297,5.23950502595468e-05,2.4166932703854e-05,-1.91226713514073e-05,0.000122831026537881,5.67021920198152e-05,-0.000108693711909472,4.08992082326122e-05,-0.000146444195420622,-8.03153609025564e-05,8.5080543026731e-05
391,-1.05569578049406,-0.495501069552701,0.375996055462506,5.22191469630637e-05,2.40989706578893e-05,-1.90594291048698e-05,0.000122923991255602,5.70359370524793e-05,-0.000108925777748636,4.10115859471524e-05,-0.000146602041442084,-8.07139872389612e-05,8.52477275621538e-05
392,-1.05269971719041,-0.494141897271725,0.374931543389327,5.20426344751609e-05,2.40306238131385e-05,-1.89960738372266e-05,0.000123002451088026,5.73489974297327e-05,-0.000109134166715271,4.11173168196196e-05,-0.000146741545022188,-8.10880913638952e-05,8.53950727811086e-05
393,-1.04971383913226,-0.492786531972489,0.373870507306552,5.18655686820839e-05,2.39619148337418e-05,-1.89326204553044e-05,0.000123066839973847,5.76419202397704e-05,-0.000109319564141287,4.12165715695905e-05,-0.000146863238661471,-8.14383189273946e-05,8.55231654536631e-05
394,-1.04673817626429,-0.491434994216142,0.372812952827823,5.1688003872222e-05,2.38928657895435e-05,-1.88690834343053e-05,0.00012311758277498,5.79152415804759e-05,-0.000109482640994988,4.13095176237332e-05,-0.000146967643895136,-8.17653027006318e-05,8.56325798748323e-05
395,-1.0437727554589,-0.490087303330068,0.371758884776938,5.15099927687165e-05,2.38234981679286e-05,-1.88054768268826e-05,0.000123155095416008,5.81694867344898e-05,-0.000109624054116162,4.1396319161662e-05,-0.000147055271427453,-8.2069662745935e-05,8.5723878104717e-05
396,-1.04081760060524,-0.488743477440275,0.370708307210679,5.13315865615685e-05,2.37538328854904e-05,-1.87418142720608e-05,0.000123179785022123,5.84051703428056e-05,-0.00010974444644828,4.14771371617471e-05,-0.000147126621327673,-8.23520066483553e-05,8.57976101427302e-05
397,-1.03787273269645,-0.487403533503141,0.369661223441157,5.11528349392876e-05,2.36838902994919e-05,-1.86781090040143e-05,0.000123192050056358,5.86227965755862e-05,-0.000109844447268167,4.15521294463617e-05,-0.000147182183177617,-8.26129296968454e-05,8.58543141469076e-05
398,-1.03493816991509,-0.486067487336522,0.368617636057689,5.09737861199955e-05,2.36136902191601e-05,-1.86143738606998e-05,0.000123192280454804,5.88228593016172e-05,-0.00010992467241292,4.16214507267762e-05,-0.000147222436235971,-8.28530150827842e-05,8.5894516631753e-05
399,-1.03201392771677,-0.484735353650243,0.367577546948218,5.07944868821528e-05,2.35432519168071e-05,-1.8550621292329e-05,0.000123180857761454,5.90058422556501e-05,-0.000109985724503734,4.16852526483978e-05,-0.000147247849599244,-8.30728340934402e-05,8.59187326659445e-05
400,-1.02910001891206,-0.483407146075966,0.366540957320277,5.0614982594751e-05,2.34725941387647e-05,-1.84868633697173e-05,0.000123158155261376,5.9172219203732e-05,-0.000110028193167627,4.17436838350974e-05,-0.000147258882360536,-8.32729463028921e-05,8.59274660684671e-05
401,-1.02619645374661,-0.482082877196461,0.365507867721507,5.04353172470544e-05,2.34017351161387e-05,-1.84231117924811e-05,0.000123124538112756,5.9322454106286e-05,-0.000110052655256061,4.17968899333816e-05,-0.000147255983764488,-8.34538997580187e-05,8.59212096043279e-05
402,-1.02330323997966,-0.480762558574276,0.364478278059738,5.02555334778663e-05,2.3330692575405e-05,-1.83593778970951e-05,0.00012308036347744,5.94570012797731e-05,-0.000110059675060925,4.1845013656394e-05,-0.000147239593376202,-8.36162311785357e-05,8.59004451621625e-05
403,-1.02042038296081,-0.479446200779827,0.363452187622636,5.00756726043778e-05,2.32594837488184e-05,-1.82956726648166e-05,0.000123025980650797,5.95763055557818e-05,-0.00011004980452803,4.18881948274858e-05,-0.000147210141210314,-8.37604661152982e-05,8.58656439685136e-05
404,-1.01754788570517,-0.478133813418906,0.362429595096931,4.98957746505171e-05,2.31881253846672e-05,-1.82320067294717e-05,0.000122961731189696,5.96808024387884e-05,-0.000110023583467845,4.19265704235133e-05,-0.000147168047909909,-8.38871191590016e-05,8.58172667476317e-05
405,-1.0146857489669,-0.476825405159625,0.361410498587223,4.97158783748598e-05,2.31166337573516e-05,-1.81683903851029e-05,0.000122887949039376,5.97709182616116e-05,-0.000109981539763422,4.19602746177958e-05,-0.00014711372488201,-8.39966941042458e-05,8.57557639207882e-05
406,-1.01183397131113,-0.475520983758802,0.360394895634387,4.9536021298119e-05,2.30450246772895e-05,-1.81048335934881e-05,0.000122804960659341,5.98470703386801e-05,-0.000109924189575798,4.1989438822701e-05,-0.000147047574466749,-8.40896841460878e-05,8.56815757683903e-05
407,-1.00899254918434,-0.474220556087801,0.359382783233564,4.93562397301491e-05,2.29733135006858e-05,-1.80413459915357e-05,0.000122713085147393,5.99096671184469e-05,-0.000109852037547185,4.20141917319372e-05,-0.000146969990053612,-8.41665720246654e-05,8.55951326409662e-05
408,-1.00616147698317,-0.472924128157826,0.358374157851767,4.91765687965783e-05,2.29015151391057e-05,-1.79779368985366e-05,0.000122612634363166,5.99591083324661e-05,-0.000109765577000879,4.20346593625298e-05,-0.000146881356261417,-8.4227830230717e-05,8.54968551026286e-05
409,-1.00334074712176,-0.471631705144689,0.35736901544509,4.89970424649271e-05,2.28296440689111e-05,-1.79146153232983e-05,0.000122503913049441,5.99957851436135e-05,-0.000109665290138953,4.20509650963023e-05,-0.000146782049067474,-8.42739211616472e-05,8.53871541209194e-05
410,-1.00053035009751,-0.470343291413055,0.356367351475544,4.88176935703553e-05,2.27577143405346e-05,-1.7851389971153e-05,0.000122387218952768,6.00200802921253e-05,-0.000109551648237443,4.20632297211368e-05,-0.000146672435952418,-8.43052972917757e-05,8.52664312377925e-05
411,-0.997730274555476,-0.469058890540173,0.355369160927508,4.86385538409707e-05,2.26857395875929e-05,-1.77882692508369e-05,0.000122262842942644,6.00323682395796e-05,-0.000109425111838726,4.20715714718433e-05,-0.000146552876057144,-8.43224013540789e-05,8.51350787242266e-05
412,-0.994940507351248,-0.467778505339101,0.354374438323819,4.84596539227009e-05,2.26137330358507e-05,-1.77252612812529e-05,0.000122131069129205,6.00330153112692e-05,-0.000109286130941583,4.20761060705739e-05,-0.000146423720295502,-8.43256664775663e-05,8.4993479775286e-05
413,-0.992161033612437,-0.466502137881437,0.353383177741494,4.8281023403785e-05,2.2541707512033e-05,-1.76623738981125e-05,0.000121992174979966,6.00223798366536e-05,-0.000109135145188805,4.20769467669999e-05,-0.000146285311522571,-8.43155163792585e-05,8.48420086462001e-05
414,-0.989391836798764,-0.465229789519561,0.352395372827098,4.81026908387955e-05,2.24696754524819e-05,-1.75996146604488e-05,0.000121846431434611,6.0000812287817e-05,-0.000108972584051733,4.20742043779779e-05,-0.000146137984658175,-8.42923655113818e-05,8.46810308281681e-05
415,-0.986632898760773,-0.463961460908393,0.351411016811767,4.79246837723129e-05,2.23976489116741e-05,-1.7536990857031e-05,0.000121694103019156,5.99686554164398e-05,-0.000108798867013252,4.20679873268939e-05,-0.000145982066826604,-8.42566192238878e-05,8.45109032058042e-05
416,-0.983884199797198,-0.462697152026689,0.350430102525878,4.77470287621886e-05,2.23256395705861e-05,-1.74745095126425e-05,0.000121535447958579,5.99262443886192e-05,-0.000108614403747423,4.20584016828149e-05,-0.000145817877491838,-8.42086739218778e-05,8.43319742141642e-05
417,-0.981145718711004,-0.461436862197861,0.34945262241339,4.7569751402357e-05,2.22536587449109e-05,-1.7412177394261e-05,0.000121370718287739,5.98739069179832e-05,-0.000108419594297169,4.20455511987958e-05,-0.00014564572859059,-8.41489172208342e-05,8.41445839943181e-05
418,-0.978417432864118,-0.460180590110352,0.348478568545846,4.73928763453253e-05,2.21817173931443e-05,-1.7350001017119e-05,0.000121200159961582,5.98119633972108e-05,-0.000108214829249478,4.20295373502889e-05,-0.000145465924664686,-8.40777281003155e-05,8.39490645463733e-05
419,-0.975699318230895,-0.458928333837555,0.347507932636062,4.72164273241915e-05,2.21098261245149e-05,-1.72879866506537e-05,0.000121024012963274,5.97407270274565e-05,-0.000108000489907911,4.2010459372697e-05,-0.00014527876299088,-8.3995477055063e-05,8.37457398803046e-05
420,-0.972991349450308,-0.457680090857297,0.346540706051478,4.70404271744023e-05,2.20379952067975e-05,-1.72261403243457e-05,0.000120842511412151,5.96605039464696e-05,-0.000107776948463066,4.19884142992511e-05,-0.000145084533710669,-8.39025262449878e-05,8.35349261645474e-05
421,-0.970293499876915,-0.456435858070891,0.345576879827214,4.68648978549737e-05,2.19662345739579e-05,-1.71644678334588e-05,0.000120655883669003,5.95715933543158e-05,-0.000107544568160461,4.19634969974559e-05,-0.000144883519956622,-8.3799229641935e-05,8.33169318728419e-05
422,-0.967605741630607,-0.455195631821755,0.344616444678806,4.66898604694704e-05,2.18945538336946e-05,-1.7102974744663e-05,0.000120464352441151,5.94742876380886e-05,-0.000107303703466147,4.19358002061401e-05,-0.000144675997978848,-8.36859331757859e-05,8.30920579284498e-05
423,-0.96492804564516,-0.453959407913622,0.343659391014641,4.65153352865267e-05,2.18229622748244e-05,-1.70416664015607e-05,0.00012026813488552,5.93688724943843e-05,-0.00010705470022997,4.19054145714187e-05,-0.000144462237268832,-8.35629748776957e-05,8.2860597846659e-05
424,-0.962260381715621,-0.45272718162834,0.342705708948099,4.63413417600583e-05,2.17514688745427e-05,-1.69805479301035e-05,0.000120067442710921,5.92556270500938e-05,-0.000106797895846382,4.18724286826381e-05,-0.000144242500682466,-8.34306850216383e-05,8.2622837874837e-05
425,-0.959602718544543,-0.451498947743258,0.341755388309402,4.61678985490638e-05,2.16800823055637e-05,-1.6919624243913e-05,0.000119862482278515,5.91348239820297e-05,-0.000106533619413233,4.18369291077682e-05,-0.000144017044561359,-8.32893862648738e-05,8.23790571303892e-05
426,-0.956955023787086,-0.450274700548232,0.340808418657176,4.59950235370954e-05,2.16088109431156e-05,-1.68589000494951e-05,0.000119653454701314,5.90067296341565e-05,-0.000106262191887867,4.1799000428412e-05,-0.000143786118851658,-8.31393937845008e-05,8.21295277375231e-05
427,-0.954317264095012,-0.44905443386223,0.339864789289731,4.58227338513852e-05,2.15376628718246e-05,-1.6798379851363e-05,0.000119440555942458,5.88716041337351e-05,-0.000105983926241468,4.17587252744889e-05,-0.0001435499672207,-8.29810154119769e-05,8.18745149632258e-05
428,-0.951689405159591,-0.447838141049559,0.338924489256066,4.56510458815714e-05,2.14666458924595e-05,-1.67380679570593e-05,0.000119223976911747,5.87297015054075e-05,-0.000105699127610771,4.1716184358241e-05,-0.000143308827180541,-8.2814551774202e-05,8.16142773419761e-05
429,-0.949071411753439,-0.446625815035718,0.33798750736661,4.5479975298157e-05,2.13957675285717e-05,-1.66779684820797e-05,0.000119003903561527,5.85812697840685e-05,-0.000105408093447732,4.16714565083528e-05,-0.000143062930194149,-8.26402964166897e-05,8.13490668151109e-05
430,-0.946463247771301,-0.445417448322882,0.337053832203685,4.53095370705604e-05,2.13250350329882e-05,-1.66180853547076e-05,0.000118780516980845,5.84265511254339e-05,-0.000105111113666924,4.16246187030445e-05,-0.000142812501796656,-8.2458535941245e-05,8.10791288511133e-05
431,-0.943864876269815,-0.444213033005028,0.336123452131721,4.51397454848664e-05,2.1254455394217e-05,-1.65584223207527e-05,0.000118553993488443,5.82657819160157e-05,-0.000104808470790892,4.15757461033389e-05,-0.000142557761692966,-8.22695501205379e-05,8.08047025863703e-05
432,-0.941276259506252,-0.443012560782695,0.335196355307208,4.4970614161221e-05,2.11840353427093e-05,-1.64989829481944e-05,0.000118324504724394,5.80991928806364e-05,-0.000104500440093008,4.1524912085561e-05,-0.000142298923895069,-8.20736120513106e-05,8.05260209223342e-05
433,-0.93869735897628,-0.44181602297741,0.3342725296884,4.48021560709276e-05,2.11137813570109e-05,-1.6439770631747e-05,0.00011809221774083,5.79270091886135e-05,-0.000104187289738762,4.14721882734522e-05,-0.000142036196804391,-8.18709882521739e-05,8.02433106752018e-05
434,-0.936128135450739,-0.440623410545764,0.333351963044772,4.46343835531923e-05,2.10436996698083e-05,-1.63807885973204e-05,0.00011785729509094,5.77494505586182e-05,-0.000103869280924294,4.14176445701128e-05,-0.000141769783332695,-8.16619388003731e-05,7.99567926825388e-05
435,-0.933568549011473,-0.439434714093151,0.332434642966242,4.44673083315803e-05,2.09737962738518e-05,-1.63220399064066e-05,0.000117619894917211,5.75667313617032e-05,-0.00010354666801337,4.1361349189345e-05,-0.000141499881007333,-8.14467174518259e-05,7.96666819232477e-05
436,-0.931018559086223,-0.438249923887182,0.331520556872143,4.43009415301064e-05,2.09040769277734e-05,-1.62635274603715e-05,0.000117380171037784,5.73790607230364e-05,-0.000103219698671886,4.13033686865964e-05,-0.000141226682067429,-8.12255717526812e-05,7.93731876422416e-05
437,-0.928478124482603,-0.437069029870773,0.330609692019981,4.41352936890808e-05,2.08345471617915e-05,-1.62052540046647e-05,0.000117138273032314,5.71866426219075e-05,-0.000102888614000511,4.12437679896809e-05,-0.000140950373581022,-8.09987431706155e-05,7.90765134518033e-05
438,-0.925947203421169,-0.435892021674917,0.329702035513947,4.39703747805986e-05,2.07652122833082e-05,-1.61472221329525e-05,0.00011689434632612,5.69896759903804e-05,-0.000102553648665492,4.11826104288066e-05,-0.000140671137543123,-8.07664672073834e-05,7.87768574484886e-05
439,-0.923425753567617,-0.434718888631143,0.328797574313226,4.38061942237703e-05,2.06960773824008e-05,-1.60894342911535e-05,0.000116648532273443,5.67883548103207e-05,-0.000102215031026907,4.11199577666112e-05,-0.000140389150959062,-8.05289734959397e-05,7.84744123412875e-05
440,-0.920913732064102,-0.433549619783674,0.327896295240066,4.3642760899594e-05,2.06271473372098e-05,-1.60318927814082e-05,0.000116400968238988,5.65828682092092e-05,-0.000101872983265431,4.10558702273737e-05,-0.000140104585966576,-8.02864859367977e-05,7.81693655378426e-05
441,-0.918411095559723,-0.432384203901277,0.326998184987652,4.34800831656012e-05,2.05584268192179e-05,-1.59745997659606e-05,0.000116151787678915,5.63734005541359e-05,-0.000101527721506881,4.09904065261357e-05,-0.000139817609920972,-8.00392227961925e-05,7.78618992648243e-05
442,-0.915917800240158,-0.431222629488828,0.326103230127758,4.33181688701773e-05,2.0489920298435e-05,-1.59175572709642e-05,0.000115901120220246,5.61601315446791e-05,-0.000101179455944879,4.09236238973474e-05,-0.000139528385492674,-7.97873968171079e-05,7.75521906724506e-05
443,-0.913433801856505,-0.430064884798581,0.325211417118198,4.31570253665801e-05,2.04216320484781e-05,-1.58607671902123e-05,0.000115649091738961,5.59432363043072e-05,-0.000100828390961642,4.0855578122995e-05,-0.00013923707076617,-7.95312153315162e-05,7.72404119344326e-05
444,-0.910959055753305,-0.428910957841163,0.324322732310073,4.2996659526729e-05,2.03535661515496e-05,-1.58042312887861e-05,0.000115395824437417,5.57228854700515e-05,-0.000100474725246623,4.07863235605671e-05,-0.000138943819324366,-7.92708803570001e-05,7.69267303596746e-05
445,-0.908493516895794,-0.427760836396283,0.323437161954825,4.2837077754663e-05,2.02857265033274e-05,-1.57479512066397e-05,0.000115141436920082,5.54992452813476e-05,-0.000100118651913718,4.07159131704092e-05,-0.00013864878034932,-7.90065887105848e-05,7.66113084844811e-05
446,-0.906037139896384,-0.426614508023175,0.322554692211088,4.26782859998021e-05,2.02181168177504e-05,-1.56919284620974e-05,0.000114886044268843,5.52724776668981e-05,-9.97603586161355e-05,4.06443985430293e-05,-0.000138352098708711,-7.87385321067665e-05,7.6294304176267e-05
447,-0.903589879040389,-0.425471960070769,0.321675309151362,4.25202897698067e-05,2.01507406317092e-05,-1.56361644552926e-05,0.00011462975811591,5.50427403305844e-05,-9.94000276597005e-05,4.05718299253756e-05,-0.000138053915044841,-7.84668972595157e-05,7.59758707307692e-05
448,-0.901151688311021,-0.424333179687607,0.320798998768488,4.23630941433357e-05,2.008360130966e-05,-1.55806604715202e-05,0.000114372686717048,5.48101868360575e-05,-9.90378361141172e-05,4.04982562477165e-05,-0.000137754365863378,-7.81918659823871e-05,7.56561569677877e-05
449,-0.898722521413663,-0.423198153831498,0.319925746981952,4.22067037824127e-05,2.00167020481192e-05,-1.55254176845357e-05,0.000114114935022645,5.45749666895109e-05,-9.86739559227251e-05,4.04237251490941e-05,-0.000137453583619122,-7.79136152859878e-05,7.53353073262482e-05
450,-0.896302331799431,-0.422066869278922,0.319055539644003,4.2051122944601e-05,1.99500458800915e-05,-1.54704371597743e-05,0.000113856604748097,5.43372254216811e-05,-9.8308554010236e-05,4.03482830031027e-05,-0.000137151696803219,-7.76323174768033e-05,7.50134619551137e-05
451,-0.893891072688051,-0.420939312634191,0.318188362545601,4.18963554949169e-05,1.98836356794009e-05,-1.54157198575057e-05,0.000113597794443084,5.40971046682922e-05,-9.79417923888086e-05,4.02719749430872e-05,-0.000136848830017389,-7.73481402425967e-05,7.46907568145041e-05
452,-0.891488697090058,-0.419815470338368,0.317324201422188,4.17424049174716e-05,1.98174741649318e-05,-1.53612666359217e-05,0.000113338599559538,5.38547422492014e-05,-9.75738282622888e-05,4.0194844886894e-05,-0.000136545104075021,-7.70612467646849e-05,7.43673237468053e-05
453,-0.889095157828324,-0.418695328677943,0.316463041959301,4.15892743268924e-05,1.97515639047887e-05,-1.53070782541575e-05,0.000113079112518736,5.36102722463185e-05,-9.72048141287693e-05,4.0116935561385e-05,-0.000136240636064165,-7.6771795791747e-05,7.40432905833408e-05
454,-0.886710407558952,-0.417578873793286,0.315604869798012,4.14369664794998e-05,1.96859073203733e-05,-1.5253155375251e-05,0.000112819422777297,5.33638250803959e-05,-9.68348978815446e-05,4.00382885265854e-05,-0.000135935539436013,-7.64799417391119e-05,7.37187812228286e-05
455,-0.88433439879152,-0.41646609168687,0.314749670540211,4.12854837842404e-05,1.96205066903671e-05,-1.51994985690398e-05,0.000112559616892145,5.31155275861789e-05,-9.64642229083596e-05,3.99589441992809e-05,-0.000135629924082133,-7.6185834776167e-05,7.33939157183715e-05
456,-0.881967083908709,-0.415356968231269,0.313897429753734,4.1134828313373e-05,1.95553641546447e-05,-1.51461083149865e-05,0.000112299778584113,5.28655030867274e-05,-9.60929281886469e-05,3.98789418765053e-05,-0.000135323896411511,-7.58896209141252e-05,7.30688103612491e-05
457,-0.879608415185331,-0.41425148917694,0.313048132977331,4.09850018129484e-05,1.94904817181025e-05,-1.5092985004957e-05,0.000112039988800898,5.26138714664297e-05,-9.5721148389722e-05,3.97983197585064e-05,-0.000135017559426766,-7.55914420922982e-05,7.27435777638535e-05
458,-0.877258344806748,-0.413149640159792,0.312201765725491,4.08360057130384e-05,1.94258612544065e-05,-1.50401289459316e-05,0.000111780325778688,5.23607492427605e-05,-9.53490139610444e-05,3.97171149713337e-05,-0.000134711012798823,-7.52914362628953e-05,7.24183269409096e-05
459,-0.874916824886718,-0.412051406708545,0.311358313493113,4.06878411377865e-05,1.93615045096622e-05,-1.49875403626499e-05,0.000111520865103169,5.21062496367008e-05,-9.49766512266293e-05,3.9635363589362e-05,-0.000134404352940916,-7.49897374744476e-05,7.20931633888825e-05
460,-0.872583807484667,-0.410956774251886,0.310517761760039,4.05405089151716e-05,1.92974131060098e-05,-1.49352194002115e-05,0.000111261679768919,5.1850482642315e-05,-9.46041824763606e-05,3.95531006570364e-05,-0.000134097673080626,-7.46864759540221e-05,7.17681891646535e-05
461,-0.870259244622412,-0.40986572812542,0.309680095995439,4.03940095866202e-05,1.92335885451397e-05,-1.4883166126609e-05,0.000111002840238421,5.15935550947839e-05,-9.42317260554113e-05,3.94703602105939e-05,-0.000133791063331019,-7.43817781873817e-05,7.14435029628135e-05
462,-0.867943088300326,-0.408778253578431,0.308845301662062,4.02483434163691e-05,1.91700322117432e-05,-1.48313805352097e-05,0.000110744414499659,5.13355707377511e-05,-9.38593964522685e-05,3.93871752993762e-05,-0.000133484610761373,-7.40757669994649e-05,7.11192001905547e-05
463,-0.865635290512984,-0.407694335780445,0.308013364220357,4.01035104006117e-05,1.91067453768801e-05,-1.47798625471806e-05,0.000110486468122728,5.10766302891755e-05,-9.34873043851417e-05,3.93035780066487e-05,-0.000133178399464982,-7.37685616314296e-05,7.07953730428876e-05
464,-0.863335803264279,-0.40661395982761,0.307184269132449,3.99595102764949e-05,1.90437292012797e-05,-1.47286120138583e-05,0.000110229064316,5.08168315061517e-05,-9.31155568869512e-05,3.92195994703804e-05,-0.000132872510627733,-7.34602778178851e-05,7.04721105752177e-05
465,-0.861044578582036,-0.405537110748885,0.306358001865998,3.98163425308592e-05,1.89809847385674e-05,-1.46776287190693e-05,0.000109972263980821,5.05562692485974e-05,-9.27442573888339e-05,3.91352699033855e-05,-0.00013256702259435,-7.31510278621256e-05,7.01494987753056e-05
466,-0.858761568532123,-0.404463773512057,0.305534547897926,3.96740064087679e-05,1.89185129384312e-05,-1.46269123813913e-05,0.000109716125765037,5.0295035542178e-05,-9.23735058019989e-05,3.90506186132918e-05,-0.000132262010933443,-7.28409207105834e-05,6.98276206335934e-05
467,-0.856486725232078,-0.403393933029575,0.304713892718024,3.95325009219184e-05,1.88563146497089e-05,-1.45764626563714e-05,0.000109460706116485,5.00332196396593e-05,-9.20033985984845e-05,3.89656740222249e-05,-0.000131957548502372,-7.25300620255461e-05,6.95065562125977e-05
468,-0.854220000864265,-0.402327574164216,0.30389602183243,3.93918248567838e-05,1.87943906234138e-05,-1.45262791386861e-05,0.000109206059334695,4.97709080815084e-05,-9.16340288901298e-05,3.88804636860489e-05,-0.000131653705510053,-7.22185542568662e-05,6.9186382714772e-05
469,-0.851961347688557,-0.401264681734575,0.303080920767004,3.92519767825929e-05,1.87327415156939e-05,-1.44763613642574e-05,0.000108952237621976,4.95081847554021e-05,-9.12654865063743e-05,3.87950143133038e-05,-0.000131350549578977,-7.19064967124035e-05,6.88671745493729e-05
470,-0.849710718054577,-0.4002052405204,0.30226857507057,3.91129550591611e-05,1.86713678907266e-05,-1.44267088123155e-05,0.000108699291133951,4.92451309545869e-05,-9.08978580705531e-05,3.87093517840229e-05,-0.000131048145806612,-7.15939856272484e-05,6.85490033978916e-05
471,-0.847468064413486,-0.399149235267755,0.301458970318061,3.89747578444736e-05,1.86102702235504e-05,-1.43773209074178e-05,0.000108447268028539,4.89818254354535e-05,-9.05312270749029e-05,3.86235011679523e-05,-0.000130746556824902,-7.12811142318166e-05,6.82319382785398e-05
472,-0.845233339329346,-0.398096650694036,0.300652092113543,3.8837383102131e-05,1.85494489028327e-05,-1.43281970214179e-05,0.000108196214514477,4.87183444739017e-05,-9.01656739541246e-05,3.85374867426342e-05,-0.000130445842859229,-7.09679728186531e-05,6.79160456093732e-05
473,-0.843006495490055,-0.397047471492817,0.299847926093136,3.87008286086118e-05,1.84889042335751e-05,-1.42793364753909e-05,0.000107946174898913,4.84547619207302e-05,-8.98012761576965e-05,3.84513320111127e-05,-0.000130146061786229,-7.06546488080458e-05,6.7601389270381e-05
474,-0.840787485717879,-0.396001682338562,0.299046457927833,3.85650919603857e-05,1.84286364397625e-05,-1.42307385415074e-05,0.000107697191634301,4.81911492561134e-05,-8.94381082207369e-05,3.83650597195515e-05,-0.000129847269190774,-7.03412268125866e-05,6.72880306642637e-05
475,-0.838576262979568,-0.394959267891175,0.298247673326207,3.84301705807774e-05,1.83686456669474e-05,-1.41824024448762e-05,0.000107449305363782,4.79275756431525e-05,-8.90762418338683e-05,3.82786918740139e-05,-0.00012954951842147,-7.00277887008411e-05,6.69760287761796e-05
476,-0.836372780396093,-0.393920212800414,0.297451558037028,3.82960617267718e-05,1.83089319847811e-05,-1.41343273653264e-05,0.000107202554966651,4.76641079803265e-05,-8.87157459113806e-05,3.81922497576425e-05,-0.000129252860645183,-6.97144136588588e-05,6.66654402328483e-05
477,-0.834176991251992,-0.392884501710161,0.296658097851776,3.81627624955845e-05,1.82494953894826e-05,-1.40865124391592e-05,0.000106956977602405,4.74008109530654e-05,-8.83566866584847e-05,3.81057539470365e-05,-0.0001289573449014,-6.94011782520605e-05,6.63563193594896e-05
478,-0.831988849004342,-0.391852119262551,0.29586727860706,3.8030269831074e-05,1.81903358062601e-05,-1.40389567608508e-05,0.000106712608753879,4.71377470846386e-05,-8.79991276370664e-05,3.80192243285755e-05,-0.000128663018154363,-6.90881564851224e-05,6.60487182365825e-05
479,-0.829808307291374,-0.39082305010197,0.295079086186944,3.78985805300551e-05,1.81314530916645e-05,-1.39916593847195e-05,0.00010646948227032,4.68749767856061e-05,-8.76431298305146e-05,3.79326801144077e-05,-0.000128369925344953,-6.87754198602386e-05,6.57426867558821e-05
480,-0.827635319940721,-0.38979727887892,0.294293506525182,3.77676912483658e-05,1.80728470359005e-05,-1.39446193265483e-05,0.000106227630408598,4.66125584029604e-05,-8.72887517070487e-05,3.78461398580552e-05,-0.000128078109440348,-6.84630374347104e-05,6.54382726752988e-05
481,-0.825469840977329,-0.388774790253754,0.293510525607365,3.76375985068622e-05,1.80145173650777e-05,-1.38978355651646e-05,0.000105987083874481,4.63505482679064e-05,-8.693604928184e-05,3.77596214699649e-05,-0.000127787611491964,-6.81510758853891e-05,6.51355216643573e-05
482,-0.823311824631026,-0.387755568900282,0.292730129472976,3.75082986972276e-05,1.79564637434071e-05,-1.38513070439913e-05,0.000105747871862865,4.60890007429023e-05,-8.65850761783238e-05,3.76731422324912e-05,-0.000127498470672013,-6.78395995520501e-05,6.4834477369176e-05
483,-0.821161225343756,-0.386739599509265,0.291952304217369,3.73797880876382e-05,1.78986857753589e-05,-1.38050326725492e-05,0.000105510022097075,4.58279682681229e-05,-8.6235883687965e-05,3.75867188149121e-05,-0.000127210724322819,-6.75286704938672e-05,6.45351814622207e-05
484,-0.819017997776504,-0.385726866791771,0.291177035993658,3.72520628282872e-05,1.78411830077548e-05,-1.37590113279288e-05,0.000105273560867623,4.55675014066554e-05,-8.58885208291312e-05,3.75003672879062e-05,-0.000126924408016006,-6.72183485550379e-05,6.42376736807488e-05
485,-0.816882096815895,-0.384717355482432,0.290404311014532,3.71251189567709e-05,1.77839549318176e-05,-1.37132418562169e-05,0.000105038513070114,4.53076488889895e-05,-8.55430344045132e-05,3.74141031379723e-05,-0.00012663955558831,-6.69086914071862e-05,6.39419918863165e-05
486,-0.814753477580497,-0.383711050342573,0.289634115553982,3.69989524033392e-05,1.77270009851756e-05,-1.36677230738983e-05,0.000104804902242527,4.50484576568669e-05,-8.51994690579241e-05,3.73279412814795e-05,-0.000126356199189684,-6.65997546040237e-05,6.36481721107674e-05
487,-0.812632095426821,-0.382707936163237,0.288866435948965,3.68735589960112e-05,1.76703205538168e-05,-1.36224537692141e-05,0.000104572750601728,4.4789972906187e-05,-8.48578673296918e-05,3.72418960785353e-05,-0.000126074369327803,-6.62915916322614e-05,6.33562486036174e-05
488,-0.810517905955034,-0.381707997768092,0.288101258600977,3.67489344655098e-05,1.76139129739845e-05,-1.35774327034841e-05,0.000104342079078847,4.4532238128788e-05,-8.45182697107198e-05,3.71559813463244e-05,-0.000125794094914733,-6.59842539646739e-05,6.30662538748339e-05
489,-0.808410865014391,-0.380711220016244,0.287338569977571,3.66250744501681e-05,1.75577775340531e-05,-1.35326586124026e-05,0.000104112907354892,4.42752951541668e-05,-8.41807146962194e-05,3.70702103727324e-05,-0.000125515403292505,-6.56777910917799e-05,6.27782187586063e-05
490,-0.806310928708389,-0.379717587804932,0.286578356613787,3.65019745006114e-05,1.75019134763354e-05,-1.34881302072952e-05,0.000103885253894782,4.40191841897814e-05,-8.38452388377719e-05,3.6984595929207e-05,-0.000125238320308063,-6.53722506030625e-05,6.24921724244908e-05
491,-0.804218053399658,-0.378727086072132,0.285820605113527,3.63796300843672e-05,1.74463199988518e-05,-1.34438461763446e-05,0.00010365913598124,4.37639438606812e-05,-8.35118767946174e-05,3.68991502835935e-05,-0.000124962870330341,-6.50676782097824e-05,6.22081424455162e-05
492,-0.802132195714586,-0.377739699799053,0.285065302150852,3.62580365903232e-05,1.73909962570657e-05,-1.33998051857798e-05,0.000103434569747581,4.35096112487602e-05,-8.31806613837394e-05,3.68138852128137e-05,-0.000124689076285115,-6.47641177862942e-05,6.19261548462054e-05
493,-0.800053312547701,-0.376755414012549,0.284312434471222,3.6137189333065e-05,1.73359413655628e-05,-1.33560058810427e-05,0.000103211570210041,4.32562219308302e-05,-8.28516236292267e-05,3.67288120150108e-05,-0.000124416959713738,-6.44616114345266e-05,6.16462341255303e-05
494,-0.797981361065791,-0.375774213787417,0.283561988892664,3.60170835571402e-05,1.72811543996949e-05,-1.33124468879167e-05,0.000102990151299782,4.30038100160617e-05,-8.25247928105142e-05,3.66439415217939e-05,-0.000124146540804144,-6.41601995204236e-05,6.13684033061523e-05
495,-0.795916298711804,-0.374796084248624,0.282813952306886,3.58977144411579e-05,1.72266343971864e-05,-1.32691268136274e-05,0.000102770325893758,4.27524081829104e-05,-8.22001965096353e-05,3.6559284110097e-05,-0.000123877838416103,-6.38599207052549e-05,6.10926839872908e-05
496,-0.793858083208496,-0.373821010573429,0.282068311680325,3.57790771017754e-05,1.71723803596949e-05,-1.32260442479103e-05,0.000102552105844974,4.25020477151219e-05,-8.18778606574002e-05,3.64748497137742e-05,-0.000123610870145873,-6.35608120160206e-05,6.08190963565015e-05
497,-0.791806672561868,-0.372848977993424,0.281325054055135,3.56611665976058e-05,1.71183912543362e-05,-1.31831977640563e-05,0.000102335502012462,4.22527585371586e-05,-8.15578095789708e-05,3.63906478350484e-05,-0.00012334565233904,-6.32629088637366e-05,6.05476592523929e-05
498,-0.789762025064372,-0.37187997179649,0.280584166550124,3.55439779329951e-05,1.70646660151621e-05,-1.31405859199268e-05,0.000102120524290483,4.20045692486439e-05,-8.12400660383548e-05,3.6306687555568e-05,-0.000123082200124074,-6.29662450822347e-05,6.0278390204764e-05
499,-0.787724099297908,-0.370913977328665,0.279845636361629,3.54275060617059e-05,1.70112035446195e-05,-1.30982072589316e-05,0.000101907181637042,4.17575071587034e-05,-8.09246512817524e-05,3.62229775476708e-05,-0.000122820527475039,-6.26708529967008e-05,6.00113054437549e-05
500,-0.785692854136612,-0.369950979995937,0.27910945076434,3.53117458904613e-05,1.69580027149499e-05,-1.30560603109921e-05,0.000101695482101704,4.1511598319025e-05,-8.061158508032e-05,3.61395260848433e-05,-0.00012256064721468,-6.23767634320007e-05,5.97464199673443e-05
501,-0.783668248749447,-0.368990965265952,0.278375597112068,3.51966922824274e-05,1.69050623695672e-05,-1.30141435934724e-05,0.000101485432853111,4.12668675566335e-05,-8.03008857719977e-05,3.60563410523761e-05,-0.000122302571065693,-6.20840057692157e-05,5.94837475594155e-05
502,-0.781650242602586,-0.36803391866965,0.277644062838469,3.50823400605815e-05,1.68523813243969e-05,-1.29724556120804e-05,0.000101277040205749,4.10233385059191e-05,-7.99925703022968e-05,3.59734299577662e-05,-0.000122046309674317,-6.17926079744872e-05,5.92233008337287e-05
503,-0.779638795461618,-0.367079825802823,0.276914835457705,3.49686840109871e-05,1.67999583691708e-05,-1.29309948617542e-05,0.000101070309646363,4.07810336397731e-05,-7.96866542645972e-05,3.58907999406748e-05,-0.000121791872653542,-6.15025966469527e-05,5.89650912574176e-05
504,-0.77763386739356,-0.366128672327603,0.276187902565073,3.48557188859427e-05,1.67477922687054e-05,-1.28897598275046e-05,0.000100865245859231,4.05399743006217e-05,-7.93831519389316e-05,3.58084577830459e-05,-0.000121539268599538,-6.12139970409286e-05,5.87091291986247e-05
505,-0.775635418768696,-0.365180443973871,0.275463251837573,3.47434394070835e-05,1.66958817641365e-05,-1.28487489852602e-05,0.000100661852751658,4.03001807305992e-05,-7.90820763310808e-05,3.57264099186744e-05,-0.000121288505135384,-6.09268331143248e-05,5.84554239473552e-05
506,-0.773643410262234,-0.364235126540608,0.274740871034436,3.46318402683506e-05,1.66442255741109e-05,-1.28079608026565e-05,0.000100460133478319,4.00616721006137e-05,-7.87834392093619e-05,3.56446624427996e-05,-0.000121039588934843,-6.06411275571374e-05,5.82039837528381e-05
507,-0.771657802855806,-0.363292705897169,0.274020747997609,3.45209161388929e-05,1.6592822395969e-05,-1.27673937398262e-05,0.000100260090465356,3.98244665397352e-05,-7.8487251141908e-05,3.55632211214646e-05,-0.000120792525755546,-6.03569018299252e-05,5.7954815851718e-05
508,-0.769678557838791,-0.362353167984499,0.273302870652192,3.44106616658693e-05,1.65416709068747e-05,-1.27270462501586e-05,0.000100061725433908,3.95885811632594e-05,-7.81935215326296e-05,3.54820914005397e-05,-0.00012054732045542,-6.00741761847719e-05,5.77079265111171e-05
509,-0.767705636809493,-0.361416498816274,0.27258722700684,3.43010714771748e-05,1.64907697649264e-05,-1.26869167810325e-05,9.9865039423114e-05,3.93540321005145e-05,-7.79022586563551e-05,3.54012784147702e-05,-0.000120303977045954,-5.9792969723354e-05,5.74633210335156e-05
510,-0.765739001676152,-0.360482684479996,0.271873805154115,3.41921401840837e-05,1.64401176102377e-05,-1.26470037745269e-05,9.96700328126349e-05,3.91208345221123e-05,-7.76134696932156e-05,3.53207869966591e-05,-0.000120062498693145,-5.95133004026229e-05,5.7221003812705e-05
511,-0.763778614657818,-0.359551711138013,0.271162593270807,3.40838623837616e-05,1.63897130659729e-05,-1.26073056681235e-05,9.9476705344383e-05,3.88890026663147e-05,-7.73271607626494e-05,3.52406216846044e-05,-0.000119822887760399,-5.92351850823308e-05,5.69809783466333e-05
512,-0.761824438285073,-0.358623565028484,0.270453579618213,3.39762326617889e-05,1.63395547393785e-05,-1.25678208953666e-05,9.92850561443717e-05,3.86585498653258e-05,-7.704333695612e-05,3.51607867318036e-05,-0.000119585145828897,-5.89586395498516e-05,5.67432472715942e-05
513,-0.759876435400618,-0.357698232466295,0.269746752542378,3.38692455945275e-05,1.62896412227674e-05,-1.25285478865187e-05,9.90950837435366e-05,3.84294885707063e-05,-7.67620023695323e-05,3.50812861142322e-05,-0.000119349273725202,-5.86836785523721e-05,5.65078123878665e-05
514,-0.75793456915972,-0.356775699843906,0.269042100474302,3.37628957514365e-05,1.62399710944819e-05,-1.2489485069189e-05,9.89067860982648e-05,3.82018303783567e-05,-7.64831601347397e-05,3.50021235387293e-05,-0.000119115271545559,-5.84103158256506e-05,5.62746746874458e-05
515,-0.755998803030536,-0.355855953632154,0.268339611930112,3.36571776973134e-05,1.61905429198273e-05,-1.24506308689434e-05,9.87201606104811e-05,3.79755860529192e-05,-7.62068124504041e-05,3.49233024508669e-05,-0.00011888313868148,-5.81385641239179e-05,5.60438343794054e-05
516,-0.754069100794304,-0.354938980381001,0.267639275511196,3.35520859944689e-05,1.61413552519822e-05,-1.24119837098956e-05,9.8535204147347e-05,3.77507655517562e-05,-7.59329606122353e-05,3.48448260427072e-05,-0.00011865287384297,-5.78684352473789e-05,5.58152909166126e-05
517,-0.752145426545411,-0.354024766720229,0.266941079904311,3.34476152047824e-05,1.6092406632882e-05,-1.23735420152773e-05,9.83519130600022e-05,3.75273780484728e-05,-7.56616050423508e-05,3.47666972602533e-05,-0.000118424475082044,-5.75999400705142e-05,5.55890430203093e-05
518,-0.750227744691355,-0.353113299360085,0.266245013881657,3.33437598917692e-05,1.60436955940677e-05,-1.23353042079955e-05,9.81702832028293e-05,3.73054319555417e-05,-7.53927453183639e-05,3.46889188108403e-05,-0.000118197939816165,-5.73330885688774e-05,5.53650887050282e-05
519,-0.748316019952574,-0.352204565091881,0.265551066300914,3.32405146225356e-05,1.59952206575315e-05,-1.2297268711158e-05,9.79903099515633e-05,3.70849349471053e-05,-7.51263802012655e-05,3.46114931706582e-05,-0.000117973264850698,-5.70678898462397e-05,5.51434253021311e-05
520,-0.746410217362182,-0.351298550788546,0.264859226105259,3.31378739695997e-05,1.59469803365038e-05,-1.2259433948605e-05,9.78119882207355e-05,3.68658939804973e-05,-7.48625076633182e-05,3.45344225911433e-05,-0.00011775044640004,-5.68043521598022e-05,5.49240494840133e-05
521,-0.744510302265591,-0.350395243405131,0.264169482323348,3.30358325127924e-05,1.58989731362585e-05,-1.22217983453932e-05,9.76353124816485e-05,3.66483153181751e-05,-7.4601124914648e-05,3.44577091066668e-05,-0.00011752948011004,-5.6542482946567e-05,5.47069572862561e-05
522,-0.742616240320028,-0.349494629979274,0.263481824069271,3.29343848409502e-05,1.58511975548541e-05,-1.2184360328291e-05,9.74602767789674e-05,3.64322045483107e-05,-7.43422284298073e-05,3.4381354540665e-05,-0.000117310361078124,-5.62822888474676e-05,5.44921441306504e-05
523,-0.740727997493962,-0.348596697631615,0.262796240542484,3.28335255536419e-05,1.58036520838808e-05,-1.21471183262377e-05,9.7286874747552e-05,3.62175666055665e-05,-7.40858139733202e-05,3.43053605126046e-05,-0.000117093083874151,-5.60237757321659e-05,5.42796048467207e-05
524,-0.738845540066426,-0.347701433566177,0.262112721027708,3.27332492627711e-05,1.57563352091723e-05,-1.21100707707953e-05,9.71150996283981e-05,3.60044057911627e-05,-7.38318766247928e-05,3.42297284442739e-05,-0.000116877642559988,-5.5766948722752e-05,5.40693336932034e-05
525,-0.736968834626255,-0.346808825070702,0.261431254894811,3.26335505941959e-05,1.57092454114985e-05,-1.20732160965855e-05,9.69449442849716e-05,3.57927257924728e-05,-7.35804108036587e-05,3.41544595662406e-05,-0.000116664030709567,-5.5511812217068e-05,5.38613243790635e-05
526,-0.73509784807123,-0.345918859516953,0.260751831598659,3.25344241891741e-05,1.56623811672345e-05,-1.2036552741705e-05,9.67764012179313e-05,3.55825297022677e-05,-7.33314102928064e-05,3.40795549238213e-05,-0.000116452241425342,-5.52583699096785e-05,5.36555700853955e-05
527,-0.733232547607142,-0.345031524360972,0.260074440678946,3.24358647058713e-05,1.5615740949011e-05,-1.20000791481276e-05,9.66094625807068e-05,3.53738200373849e-05,-7.30848682620265e-05,3.40050153833163e-05,-0.000116242267366062,-5.50066248227399e-05,5.34520634766715e-05
528,-0.731372900746769,-0.344146807143304,0.259399071760006,3.2337866820713e-05,1.55693232263426e-05,-1.1963793762102e-05,9.64441201937689e-05,3.5166598757248e-05,-7.28407772910977e-05,3.3930841637613e-05,-0.000116034100747075,-5.47565793105545e-05,5.32507967377912e-05
529,-0.72951887530878,-0.343264695489191,0.258725714550595,3.22404252297763e-05,1.55231264662434e-05,-1.1927695034517e-05,9.628036555931e-05,3.49608672818257e-05,-7.25991293918104e-05,3.38570342123138e-05,-0.000115827733375752,-5.45082350982674e-05,5.30517615753687e-05
530,-0.727670439416557,-0.342385177108718,0.258054358843656,3.21435346500411e-05,1.54771491338089e-05,-1.18917814212665e-05,9.61181898748724e-05,3.47566265090381e-05,-7.23599160297859e-05,3.3783593471058e-05,-0.000115623156659581,-5.42615932937464e-05,5.28549492450777e-05
531,-0.725827561496954,-0.341508239796944,0.257384994516067,3.2047189820656e-05,1.54313896927906e-05,-1.18560513835965e-05,9.59575840471969e-05,3.45538768319896e-05,-7.21231281457704e-05,3.37105196211712e-05,-0.000115420361625002,-5.40166544097949e-05,5.2660350567965e-05
532,-0.723990210278974,-0.340633871433985,0.256717611528366,3.19513855040946e-05,1.53858466061441e-05,-1.18205033884352e-05,9.57985387051447e-05,3.43526181556155e-05,-7.18887561761335e-05,3.36378127189031e-05,-0.000115219338933354,-5.37734183838245e-05,5.24679559479246e-05
533,-0.722158354792393,-0.339762059985074,0.256052199924455,3.18561164873336e-05,1.53405183365726e-05,-1.17851359087184e-05,9.56410442129855e-05,3.41528499133726e-05,-7.16567900734177e-05,3.35654726748704e-05,-0.000115020078897299,-5.35318845976861e-05,5.22777553891042e-05
534,-0.720331964366307,-0.33889279350059,0.255388749831295,3.17613775829245e-05,1.52954033470262e-05,-1.17499474236919e-05,9.54850906828564e-05,3.39545710826336e-05,-7.14272193256912e-05,3.34934992589655e-05,-0.000114822571496123,-5.32920518958998e-05,5.20897385124249e-05
535,-0.718511008627626,-0.338026060116055,0.254727251458569,3.16671636300196e-05,1.52505001012172e-05,-1.17149364192138e-05,9.53306679867666e-05,3.37577802010243e-05,-7.12000329761326e-05,3.34218921054118e-05,-0.000114626806390653,-5.30539186049104e-05,5.19038945722465e-05
536,-0.71669545749951,-0.337161848052107,0.254067695098346,3.15734694953941e-05,1.52058070640863e-05,-1.16801013880305e-05,9.51777657688411e-05,3.35624753810173e-05,-7.09752196414456e-05,3.33506507176266e-05,-0.000114432772938312,-5.28174825504882e-05,5.17202124719747e-05
537,-0.714885281199744,-0.336300145614443,0.253410071124716,3.14802900743913e-05,1.51613227022812e-05,-1.16454408300511e-05,9.50263734567688e-05,3.3368654325395e-05,-7.07527675303393e-05,3.32797744730893e-05,-0.000114240460207377,-5.25827410760031e-05,5.15386807797312e-05
538,-0.713080450239066,-0.335440941193738,0.252754369993414,3.13876202918223e-05,1.51170454845918e-05,-1.1610953252609e-05,9.48764802731354e-05,3.31763143413517e-05,-7.05326644613278e-05,3.32092626277489e-05,-0.000114049856990855,-5.23496910590715e-05,5.1359287743608e-05
539,-0.711280935419435,-0.334584223265533,0.252100582241429,3.12954551028627e-05,1.50729738823941e-05,-1.15766371707037e-05,9.47280752465874e-05,3.2985452354997e-05,-7.03148978799465e-05,3.31391143209033e-05,-0.000113860951820467,-5.21183289288763e-05,5.11820213060673e-05
540,-0.70948670783226,-0.333729980390107,0.251448698486603,3.12037894938304e-05,1.50291063700588e-05,-1.15424911072496e-05,9.45811472222061e-05,3.27960649251269e-05,-7.00994548759947e-05,3.30693285791852e-05,-0.000113673732979319,-5.18886506822397e-05,5.10068691188819e-05
541,-0.70769773885658,-0.332878201212322,0.250798709427207,3.11126184830196e-05,1.49854414253534e-05,-1.15085135932906e-05,9.44356848723257e-05,3.2608148256572e-05,-6.98863221996421e-05,3.29999043212147e-05,-0.000113488188515411,-5.16606518996572e-05,5.08338185565569e-05
542,-0.705914000157196,-0.33202887446144,0.250150605841518,3.10219371214195e-05,1.49419775298354e-05,-1.14747031682246e-05,9.42916767064097e-05,3.24216982137292e-05,-6.96754862777984e-05,3.29308403616632e-05,-0.000113304306253857,-5.1434327761176e-05,5.06628567303515e-05
543,-0.704135463682764,-0.331181988950927,0.24950437858737,3.09317404934276e-05,1.48987131692187e-05,-1.14410583800072e-05,9.41491110809736e-05,3.22367103332352e-05,-6.94669332296338e-05,3.28621354153386e-05,-0.000113122073808231,-5.12096730604923e-05,5.04939705023767e-05
544,-0.702362101663854,-0.330337533578232,0.2488600186017,3.08420237175315e-05,1.48556468337346e-05,-1.14075777853476e-05,9.40079762092679e-05,3.20531798365799e-05,-6.92606488818498e-05,3.27937881012414e-05,-0.000112941478597267,-5.09866822245792e-05,5.03271464938505e-05
545,-0.70059388661096,-0.329495497324541,0.248217516900084,3.07527819469333e-05,1.48127770184764e-05,-1.1374259949896e-05,9.38682601704854e-05,3.1871101642414e-05,-6.90566187835229e-05,3.2725796946417e-05,-0.000112762507846944,-5.07653493188729e-05,5.0162371107064e-05
546,-0.698830791312487,-0.328655869254521,0.247576864576263,3.06640103701473e-05,1.47701022237315e-05,-1.13411034484214e-05,9.37299509187903e-05,3.16904703785462e-05,-6.88548282205593e-05,3.26581603897482e-05,-0.000112585148611049,-5.05456680708053e-05,4.99996305283002e-05
547,-0.697072788832696,-0.327818638516037,0.246938052801651,3.05757042115755e-05,1.47276209552984e-05,-1.13081068649794e-05,9.35930362922277e-05,3.15112803935357e-05,-6.86552622297746e-05,3.2590876785665e-05,-0.000112409387777557,-5.03276318788653e-05,4.9838910744445e-05
548,-0.695319852509617,-0.326983794339857,0.246301072824843,3.0487858732048e-05,1.4685331724788e-05,-1.12752687930684e-05,9.34575040213444e-05,3.13335257679059e-05,-6.8457905612433e-05,3.25239444077781e-05,-0.000112235212079178,-5.01112338257399e-05,4.9680197554599e-05
549,-0.693571955952945,-0.326151326039333,0.245665915971108,3.04004692292972e-05,1.46432330499278e-05,-1.12425878357865e-05,9.33233417372005e-05,3.11572003257122e-05,-6.82627429478366e-05,3.24573614523374e-05,-0.000112062608108892,-4.98964666974041e-05,4.95234765761446e-05
550,-0.69182907304189,-0.325321223010074,0.245032573641877,3.03135310384514e-05,1.46013234548338e-05,-1.12100626059697e-05,9.31905369797072e-05,3.09822976449602e-05,-6.80697586061077e-05,3.23911260416815e-05,-0.000111891562319227,-4.96833229844801e-05,4.93687332665878e-05
551,-0.690091177923014,-0.324493474729596,0.244401037314222,3.02270395324623e-05,1.45596014702798e-05,-1.11776917263262e-05,9.30590772053427e-05,3.0808811068186e-05,-6.78789367607854e-05,3.23252362275273e-05,-0.000111722061042924,-4.94717949057671e-05,4.92159529232042e-05
552,-0.68835824500804,-0.323668070756959,0.243771298540323,3.01409901225189e-05,1.45180656339614e-05,-1.11454738295631e-05,9.29289497947502e-05,3.06367337129402e-05,-6.76902614011417e-05,3.22596899942999e-05,-0.000111554090496933,-4.92618744151231e-05,4.90651206989588e-05
553,-0.68663024897164,-0.32284500073239,0.243143348946935,3.00553782584258e-05,1.44767144907372e-05,-1.11134075585038e-05,9.28001420601175e-05,3.0466058481603e-05,-6.75037163440349e-05,3.2194485262216e-05,-0.000111387636792679,-4.90535532141649e-05,4.89162216114731e-05
554,-0.684907164749196,-0.322024254376892,0.242517180234843,2.9970199428956e-05,1.44355465928644e-05,-1.10814915662009e-05,9.26726412523418e-05,3.0296778071168e-05,-6.73192852455617e-05,3.21296198903421e-05,-0.000111222685944991,-4.88468227638174e-05,4.87692405529123e-05
555,-0.683188967534549,-0.321205821491839,0.241892784178312,2.9885449162177e-05,1.43945605002266e-05,-1.10497245160359e-05,9.25464345679183e-05,3.0128884982798e-05,-6.71369516121792e-05,3.20650916796669e-05,-0.000111059223880764,-4.86416742956437e-05,4.86241622993335e-05
556,-0.681475632777728,-0.320389691958558,0.241270152624532,2.98011230257484e-05,1.4353754780547e-05,-1.10181050818194e-05,9.24215091556787e-05,2.99623715310818e-05,-6.69566988117967e-05,3.20008983759327e-05,-0.000110897236447333,-4.84380988227364e-05,4.84809715201421e-05
557,-0.67976713618266,-0.319575855737902,0.240649277493058,2.97172166271988e-05,1.4313128009592e-05,-1.09866319478772e-05,9.22978521233204e-05,2.97972298529511e-05,-6.67785100842387e-05,3.19370376725124e-05,-0.000110736709420665,-4.82360871502953e-05,4.83396527868944e-05
558,-0.67806345370487,-0.318764302869804,0.24003015077524,2.96337256141682e-05,1.42726787713675e-05,-1.09553038091348e-05,9.21754505436536e-05,2.96334519165624e-05,-6.66023685516582e-05,3.1873507213132e-05,-0.000110577628513173,-4.80356298860816e-05,4.82001905821389e-05
559,-0.676364561549158,-0.317955023472829,0.239412764533653,2.95506456746327e-05,1.42324056583017e-05,-1.09241193711954e-05,9.20542914607297e-05,2.9471029529759e-05,-6.64282572285769e-05,3.18103045944977e-05,-0.000110419979381367,-4.78367174503963e-05,4.80625693079396e-05
560,-0.674670436167281,-0.317148007743708,0.238797110901524,2.94679725371156e-05,1.41923072714233e-05,-1.08930773504039e-05,9.19343618958013e-05,2.93099543483938e-05,-6.62561590314276e-05,3.17474273690328e-05,-0.000110263747636109,-4.76393400887015e-05,4.792677329112e-05
561,-0.672981054255603,-0.316343245956866,0.238183182082148,2.93857019708559e-05,1.41523822205271e-05,-1.08621764739157e-05,9.18156488529825e-05,2.91502178844579e-05,-6.60860567881619e-05,3.16848730472914e-05,-0.000110108918836075,-4.74434878675507e-05,4.77927868050691e-05
562,-0.671296392752755,-0.315540728463943,0.237570970348309,2.93038297859711e-05,1.41126291243309e-05,-1.08314154797514e-05,9.16981393248337e-05,2.89918115138494e-05,-6.59179332472667e-05,3.16226391004632e-05,-0.000109955478521973,-4.72491507109881e-05,4.76605940501279e-05
563,-0.66961642883727,-0.314740445693297,0.236960468041686,2.9222351833593e-05,1.40730466106288e-05,-1.08007931168492e-05,9.15818202976923e-05,2.88347264841805e-05,-6.57517710866994e-05,3.15607229627988e-05,-0.000109803412196083,-4.70563183825716e-05,4.75301791883083e-05
564,-0.667941139925227,-0.313942388149509,0.236351667572272,2.91412640059716e-05,1.40336333164274e-05,-1.07703081451113e-05,9.14666787567742e-05,2.86789539220759e-05,-6.55875529224491e-05,3.14991220338272e-05,-0.000109652705342241,-4.68649805075429e-05,4.74015263369821e-05
565,-0.666270503667872,-0.31314654641287,0.235744561417771,2.90605622365811e-05,1.39943878880776e-05,-1.07399593354471e-05,9.13527016913032e-05,2.85244848403765e-05,-6.54252613169657e-05,3.14378336806085e-05,-0.000109503343429541,-4.66751265786145e-05,4.72746195787277e-05
566,-0.664604497949253,-0.31235291113887,0.235139142123012,2.89802425001931e-05,1.39553089814066e-05,-1.07097454698033e-05,9.12398760992416e-05,2.83713101453633e-05,-6.52648787870963e-05,3.13768552400548e-05,-0.000109355311918411,-4.64867459645329e-05,4.71494429679268e-05
567,-0.662943100883832,-0.311561473057676,0.234535402299345,2.89003008129264e-05,1.39163952618294e-05,-1.06796653411984e-05,9.11281889919353e-05,2.8219420643442e-05,-6.51063878119823e-05,3.13161840209113e-05,-0.0001092085962664,-4.62998279179071e-05,4.70259805375173e-05
568,-0.66128629081411,-0.310772222973597,0.233933334624043,2.88207332323041e-05,1.3877645404461e-05,-1.06497177537446e-05,9.10176273987707e-05,2.80688070478057e-05,-6.49497708405891e-05,3.1255817305945e-05,-0.0001090631819341,-4.61143615831348e-05,4.690421630526e-05
569,-0.659634046308243,-0.309985151764553,0.233332931839703,2.8741535857262e-05,1.38390580942166e-05,-1.06199015226713e-05,9.09081783714138e-05,2.79194599848564e-05,-6.47950102991014e-05,3.11957523538293e-05,-0.00010891905439047,-4.59303360039126e-05,4.67841342800451e-05
570,-0.657986346157655,-0.309200250381533,0.232734186753641,2.86627048281472e-05,1.38006320259114e-05,-1.05902154743393e-05,9.07998289878994e-05,2.7771370000616e-05,-6.46420885979816e-05,3.11359864011317e-05,-0.000108776199118077,-4.5747740130794e-05,4.66657184678037e-05
571,-0.65634316937466,-0.308417509848046,0.232137092237288,2.85842363267182e-05,1.37623659043436e-05,-1.05606584462533e-05,9.06925663568338e-05,2.76245275665833e-05,-6.44909881388574e-05,3.10765166641448e-05,-0.000108634601618354,-4.55665628281032e-05,4.65489528773376e-05
572,-0.654704495190074,-0.307636921259571,0.23154164122559,2.85061265761139e-05,1.37242584443819e-05,-1.05312292870666e-05,9.05863776211833e-05,2.74789230858429e-05,-6.4341691321101e-05,3.10173403408022e-05,-0.000108494247416492,-4.53867928811513e-05,4.64338215257926e-05
573,-0.653070303050841,-0.306858475782998,0.230947826716395,2.84283718408108e-05,1.36863083710389e-05,-1.05019268565857e-05,9.04812499620557e-05,2.73345468987136e-05,-6.41941805483334e-05,3.09584546123677e-05,-0.000108355122066201,-4.52084190028589e-05,4.6320308444188e-05
574,-0.651440572617653,-0.30608216465607,0.230355641769858,2.835096842657e-05,1.36485144195413e-05,-1.04727500257666e-05,9.03771706023103e-05,2.7191389288311e-05,-6.40484382345056e-05,3.08998566452199e-05,-0.000108217211154349,-4.50314298403496e-05,4.6208397682467e-05
575,-0.649815283762575,-0.305307979186813,0.229765079507824,2.82739126803475e-05,1.36108753353884e-05,-1.04436976767143e-05,9.02741268099124e-05,2.7049440485883e-05,-6.39044468100686e-05,3.08415435923075e-05,-0.000108080500305155,-4.48558139811253e-05,4.60980733148263e-05
576,-0.648194416566681,-0.304535910752973,0.229176133113232,2.81972009902358e-05,1.35733898744181e-05,-1.0414768702668e-05,9.01721059014267e-05,2.69086906761904e-05,-6.37621887275913e-05,3.07835125950285e-05,-0.000107944975184769,-4.46815599595323e-05,4.59893194442493e-05
577,-0.646577951317687,-0.303765950801437,0.228588795829504,2.81208297853561e-05,1.35360568028543e-05,-1.03859620079884e-05,9.0071095245149e-05,2.6769130002484e-05,-6.36216464673323e-05,3.07257607846959e-05,-0.000107810621505249,-4.45086562625842e-05,4.58821202072321e-05
578,-0.644965868507593,-0.302998090847664,0.228003060959946,2.80447955357389e-05,1.3498874897351e-05,-1.0357276508146e-05,8.99710822641337e-05,2.66307485714035e-05,-6.3482802542784e-05,3.06682852839124e-05,-0.000107677425028385,-4.43370913356545e-05,4.57764597785329e-05
579,-0.643358148830337,-0.302232322475103,0.227418921867135,2.79690947522083e-05,1.34618429450373e-05,-1.03287111296981e-05,8.98720544391662e-05,2.64935364578293e-05,-6.33456395057645e-05,3.06110832081481e-05,-0.000107545371569577,-4.41668535882397e-05,4.56723223753541e-05
580,-0.641754773179447,-0.301468637334614,0.226836371972326,2.78937239862454e-05,1.34249597435506e-05,-1.03002648102658e-05,8.97739993115799e-05,2.63574837094303e-05,-6.32101399514359e-05,3.05541516670953e-05,-0.000107414447001438,-4.39979313992885e-05,4.55696922615778e-05
581,-0.640155722645711,-0.300707027143884,0.226255404754844,2.78186798298485e-05,1.33882241010656e-05,-1.02719364985063e-05,8.96769044860187e-05,2.62225803510529e-05,-6.30762865230498e-05,3.04974877660575e-05,-0.000107284637257359,-4.38303131223935e-05,4.54685537517092e-05
582,-0.638560978514846,-0.299947483686846,0.225676013751483,2.77439589153676e-05,1.33516348363241e-05,-1.02437251540865e-05,8.95807576329395e-05,2.60888163892304e-05,-6.29440619167484e-05,3.0441088607226e-05,-0.000107155928334747,-4.36639870910376e-05,4.53688912149412e-05
583,-0.636970522265185,-0.29918999881309,0.225098192555912,2.76695579153424e-05,1.33151907786557e-05,-1.02156297476483e-05,8.94855464911124e-05,2.59561818163302e-05,-6.28134488859261e-05,3.03849512909994e-05,-0.000107028306298285,-4.34989416235024e-05,4.5270689078754e-05
584,-0.635384335565367,-0.298434564437277,0.22452193481807,2.75954735423316e-05,1.32788907679922e-05,-1.0187649260772e-05,8.93912588700638e-05,2.58246666145048e-05,-6.26844302454867e-05,3.03290729172175e-05,-0.000106901757283019,-4.33351650274599e-05,4.51739318325316e-05
585,-0.633802400272045,-0.29768117253855,0.223947234243577,2.75217025487095e-05,1.32427336548794e-05,-1.01597826859423e-05,8.92978826521882e-05,2.569426075969e-05,-6.25569888761167e-05,3.02734505862215e-05,-0.000106776267497442,-4.31726456049438e-05,4.50786040308628e-05
586,-0.632224698427595,-0.296929815159946,0.223374084593135,2.7448241726488e-05,1.32067183004879e-05,-1.01320290265039e-05,8.92054057950341e-05,2.55649542254025e-05,-6.24311077281228e-05,3.02180814001511e-05,-0.000106651823225805,-4.30113716561737e-05,4.49846902973515e-05
587,-0.630651212257848,-0.296180484407805,0.22280247968194,2.73750879070988e-05,1.31708435766125e-05,-1.01043872966196e-05,8.91138163332596e-05,2.5436736986317e-05,-6.23067698252744e-05,3.01629624639199e-05,-0.00010652841083136,-4.28513314844177e-05,4.48921753271736e-05
588,-0.629081924169824,-0.295433172451183,0.222232413379088,2.73022379611864e-05,1.31351083656789e-05,-1.00768565212256e-05,8.90231023806029e-05,2.53095990220256e-05,-6.21839582685492e-05,3.01080908863614e-05,-0.000106406016758629,-4.26925134000521e-05,4.48010438905227e-05
589,-0.627516816749487,-0.294687871521257,0.221663879606991,2.72296887984026e-05,1.30995115607282e-05,-1.00494357359786e-05,8.89332521319326e-05,2.5183530320004e-05,-6.20626562393856e-05,3.00534637812471e-05,-0.000106284627536116,-4.25349057241877e-05,4.47112808352019e-05
590,-0.625955872759504,-0.293944573910742,0.221096872340792,2.71574373671486e-05,1.30640520654215e-05,-1.00221239872131e-05,8.88442538646779e-05,2.50585208794656e-05,-6.19428470033831e-05,2.99990782682015e-05,-0.000106164229778265,-4.23784967930524e-05,4.46228710897964e-05
591,-0.624399075137026,-0.293203271973293,0.220531385607782,2.7085480654355e-05,1.30287287940217e-05,-9.99492033188364e-06,8.87560959406754e-05,2.49345607142135e-05,-6.18245139132815e-05,2.99449314736946e-05,-0.000106044810187878,-4.22232749614159e-05,4.45357996660791e-05
592,-0.622846406991476,-0.292463958122926,0.219967413486819,2.70138156852404e-05,1.29935406713792e-05,-9.96782383751088e-06,8.86687668077498e-05,2.4811639855772e-05,-6.17076404120692e-05,2.98910205319677e-05,-0.000105926355556325,-4.20692286043471e-05,4.4450051663494e-05
593,-0.621297851602357,-0.291726624833421,0.219404950107753,2.69424395230566e-05,1.29584866329152e-05,-9.94083358212635e-06,8.85822550011583e-05,2.46897483563872e-05,-6.15922100359676e-05,2.98373425858772e-05,-0.000105808852775018,-4.19163461302466e-05,4.43656122621083e-05
594,-0.619753392417073,-0.290991264637738,0.218843989650854,2.68713492688469e-05,1.29235656245979e-05,-9.91394865421303e-06,8.84965491451451e-05,2.45688762917929e-05,-6.14782064172097e-05,2.97838947877843e-05,-0.000105692288820039,-4.17646159666869e-05,4.42824667423156e-05
595,-0.618213013048756,-0.290257870127433,0.218284526346238,2.68005420611581e-05,1.28887766029202e-05,-9.88716815264475e-06,8.84116379539879e-05,2.44490137640582e-05,-6.13656132866563e-05,2.97306743002931e-05,-0.000105576650764451,-4.16140265745215e-05,4.4200600476193e-05
596,-0.616676697274125,-0.289526433952071,0.217726554473301,2.67300150758092e-05,1.2854118534873e-05,-9.8604911866284e-06,8.83275102336294e-05,2.43301509042528e-05,-6.12544144765982e-05,2.96776782971131e-05,-0.000105461925787391,-4.14645664580141e-05,4.41199989228368e-05
597,-0.615144429031346,-0.28879694881864,0.217170068360155,2.66597655255804e-05,1.28195903979101e-05,-9.83391687563319e-06,8.8244154882438e-05,2.42122778748328e-05,-6.11445939227738e-05,2.96249039637115e-05,-0.000105348101160604,-4.13162241529985e-05,4.40406476446082e-05
598,-0.613616192417916,-0.288069407490976,0.216615062383067,2.65897906599586e-05,1.27851911799202e-05,-9.80744434933061e-06,8.81615608925379e-05,2.40953848722668e-05,-6.10361356669682e-05,2.95723484980966e-05,-0.000105235164258483,-4.11689882382124e-05,4.39625323010226e-05
599,-0.612091971688558,-0.287343802789176,0.216061530965903,2.65200877648505e-05,1.27509198791875e-05,-9.78107274752593e-06,8.80797173507998e-05,2.3979462129271e-05,-6.09290238590974e-05,2.95200091114765e-05,-0.000105123102557791,-4.10228473362622e-05,4.38856386521063e-05
600,-0.610571751253137,-0.286620127589024,0.215509468579571,2.6450654162295e-05,1.27167755043557e-05,-9.75480122009068e-06,8.799861343977e-05,2.38644999171374e-05,-6.08232427593119e-05,2.94678830289254e-05,-0.000105011903638968,-4.08777901163359e-05,4.38099525601134e-05
601,-0.609055515674591,-0.285898374821413,0.214958869741474,2.63814872101762e-05,1.26827570743836e-05,-9.72862892689469e-06,8.79182384386302e-05,2.37504885478155e-05,-6.07187767400204e-05,2.94159674899717e-05,-0.000104901555187439,-4.07338052966239e-05,4.3735459991212e-05
602,-0.607543249666875,-0.285178537471771,0.214409729014962,2.63125843019082e-05,1.26488636185097e-05,-9.70255503773044e-06,8.78385817237141e-05,2.36374183762294e-05,-6.06156102875387e-05,2.93642597492813e-05,-0.000104792044994516,-4.05908816470311e-05,4.3662147016737e-05
603,-0.606034938092929,-0.284460608579494,0.213862041008788,2.62439428661644e-05,1.2615094176196e-05,-9.6765787322475e-06,8.77596327696694e-05,2.35252798019299e-05,-6.05137280041032e-05,2.93127570771201e-05,-0.000104683360958835,-4.04490079910953e-05,4.35899998149378e-05
604,-0.604530565962659,-0.283744581237369,0.213315800376574,2.61755603665603e-05,1.25814477970876e-05,-9.65069919987528e-06,8.76813811499096e-05,2.34140632712282e-05,-6.04131146093588e-05,2.9261456759988e-05,-0.000104575491087169,-4.03081732084879e-05,4.35190046720991e-05
605,-0.603030118430937,-0.283030448591016,0.212771001816268,2.61074343013507e-05,1.25479235409621e-05,-9.62491563974976e-06,8.76038165372771e-05,2.33037592790137e-05,-6.03137549419485e-05,2.92103561011332e-05,-0.000104468423495391,-4.01683662371278e-05,4.34491479838344e-05
606,-0.601533580795614,-0.282318203838316,0.212227640069622,2.60395622031057e-05,1.25145204776739e-05,-9.5992272606416e-06,8.7526928704511e-05,2.31943583704099e-05,-6.02156339610456e-05,2.91594524208938e-05,-0.000104362146408934,-4.00295760748326e-05,4.33804162566228e-05
607,-0.600040938495562,-0.281607840228858,0.211685709921659,2.59719416384249e-05,1.24812376871058e-05,-9.57363328087377e-06,8.74507075249222e-05,2.30858511425381e-05,-6.01187367475424e-05,2.91087430574193e-05,-0.000104256648164895,-3.98917917825108e-05,4.33127961075697e-05
608,-0.598552177108721,-0.280899351063376,0.211145206200149,2.59045702076062e-05,1.24480742591108e-05,-9.54813292824951e-06,8.73751429727381e-05,2.29782282460735e-05,-6.00230485054732e-05,2.90582253669467e-05,-0.000104151917210518,-3.9755002483853e-05,4.32462742676937e-05
609,-0.597067282350174,-0.280192729693196,0.210606123775098,2.58374455443375e-05,1.24150292934542e-05,-9.52272543997277e-06,8.73002251235601e-05,2.28714803867396e-05,-5.99285545631366e-05,2.90078967242796e-05,-0.000104047942105948,-3.96191973691273e-05,4.31808375807489e-05
610,-0.595586240070233,-0.279487969519683,0.210068457558225,2.57705653153678e-05,1.23821018997577e-05,-9.4974100625702e-06,8.72259441545992e-05,2.27655983268606e-05,-5.98352403742127e-05,2.89577545231753e-05,-0.000103944711523682,-3.94843656959429e-05,4.31164730051304e-05
611,-0.594109036252551,-0.278785063993695,0.209532202502455,2.57039272201928e-05,1.2349291197436e-05,-9.47218605181141e-06,8.71522903450459e-05,2.26605728866254e-05,-5.97430915187528e-05,2.89077961767166e-05,-0.000103842214249352,-3.93504967909316e-05,4.30531676144467e-05
612,-0.592635657012245,-0.278084006615033,0.208997353601414,2.56375289907345e-05,1.2316596315635e-05,-9.44705267262937e-06,8.70792540763304e-05,2.2556394945423e-05,-5.96520937041327e-05,2.88580191176828e-05,-0.00010374043917954,-3.9217580048633e-05,4.29909086009227e-05
613,-0.591166088594042,-0.277384790931906,0.208463905888926,2.5571368391012e-05,1.2284016393172e-05,-9.42200919903886e-06,8.70068258322393e-05,2.24530554431952e-05,-5.95622327658799e-05,2.88084207989206e-05,-0.000103639375335424,-3.908560494638e-05,4.29296832626951e-05
614,-0.589700317370443,-0.276687410540385,0.207931854438516,2.55054432168152e-05,1.22515505784665e-05,-9.3970549140576e-06,8.69349961991003e-05,2.2350545381487e-05,-5.94734946685134e-05,2.87589986935721e-05,-0.000103539011836458,-3.8954561018845e-05,4.28694790311554e-05
615,-0.588238329839906,-0.275991859083877,0.207401194362915,2.54397512953829e-05,1.22191980294764e-05,-9.37218910962153e-06,8.68637558658995e-05,2.22488558246062e-05,-5.93858655061454e-05,2.87097502954646e-05,-0.000103439337927353,-3.88244378860596e-05,4.2810283444692e-05
616,-0.586780112625049,-0.275298130252583,0.206871920813575,2.53742904850682e-05,1.21869579136336e-05,-9.34741108650577e-06,8.67930956242746e-05,2.21479779008169e-05,-5.9299331503247e-05,2.86606731193539e-05,-0.000103340342964889,-3.86952252414317e-05,4.27520841626322e-05
617,-0.585325652470863,-0.274606217782982,0.206344028980182,2.53090586750249e-05,1.21548294077659e-05,-9.32272015423749e-06,8.67230063687153e-05,2.20479028029438e-05,-5.92138790149867e-05,2.86117647011932e-05,-0.000103242016418709,-3.8566912852937e-05,4.26948689649934e-05
618,-0.583874936242962,-0.2739161154573,0.205817514090176,2.5244053784862e-05,1.21228116980417e-05,-9.29811563101819e-06,8.6653479096324e-05,2.1948621789858e-05,-5.91294945280016e-05,2.85630225984078e-05,-0.000103144347882384,-3.84394905759181e-05,4.26386257419415e-05
619,-0.58242795092583,-0.273227817102991,0.205292371408277,2.51792737643041e-05,1.20909039798894e-05,-9.27359684363907e-06,8.65845049067202e-05,2.18501261870282e-05,-5.90461646606866e-05,2.8514444389991e-05,-0.000103047327048624,-3.83129483289316e-05,4.25833425187832e-05
620,-0.580984683621109,-0.272541316592223,0.204768596236017,2.51147165928883e-05,1.20591054579269e-05,-9.24916312739302e-06,8.65160750021667e-05,2.17524073872973e-05,-5.89638761634347e-05,2.84660276768865e-05,-0.000102950943744176,-3.81872761293071e-05,4.25290074214249e-05
621,-0.579545121545885,-0.271856607841366,0.204246183911266,2.50503802796319e-05,1.20274153458922e-05,-9.22481382599849e-06,8.64481806874695e-05,2.16554568518125e-05,-5.88826159192782e-05,2.84177700820976e-05,-0.000102855187894137,-3.80624640584804e-05,4.24756087126103e-05
622,-0.578109252031012,-0.271173684810484,0.203725129807779,2.49862628626651e-05,1.1995832866571e-05,-9.20054829150801e-06,8.63808133693646e-05,2.15592661108011e-05,-5.88023709437575e-05,2.83696692508567e-05,-0.000102760049548167,-3.79385022896038e-05,4.24231347649547e-05
623,-0.576677062519441,-0.270492541502827,0.203205429334733,2.49223624089387e-05,1.19643572517203e-05,-9.1763658842287e-06,8.63139645567662e-05,2.14638267641172e-05,-5.87231283853656e-05,2.83217228508276e-05,-0.000102665518868605,-3.78153810759565e-05,4.23715740735263e-05
624,-0.575248540564572,-0.269813171964339,0.202687077936276,2.48586770138734e-05,1.19329877419944e-05,-9.1522659726356e-06,8.62476258602973e-05,2.13691304819037e-05,-5.86448755255458e-05,2.82739285722181e-05,-0.000102571586132516,-3.76930907541221e-05,4.23209152533274e-05
625,-0.573823673828635,-0.269135570283154,0.202170071091082,2.47952048010361e-05,1.19017235868692e-05,-9.12824793328785e-06,8.61817889921003e-05,2.12751690051703e-05,-5.85675997788112e-05,2.82262841279355e-05,-0.000102478241731587,-3.75716217446567e-05,4.22711470393248e-05
626,-0.572402450081069,-0.268459730589111,0.201654404311903,2.47319439218078e-05,1.18705640445667e-05,-9.10431115074486e-06,8.6116445765521e-05,2.11819341463425e-05,-5.84912886927987e-05,2.81787872536896e-05,-0.000102385476171876,-3.74509645526974e-05,4.22222582864438e-05
627,-0.570984857196944,-0.267785647053263,0.201140073145133,2.46688925550477e-05,1.18395083819783e-05,-9.0804550174812e-06,8.60515880947097e-05,2.10894177897502e-05,-5.84159299482031e-05,2.81314357080829e-05,-0.000102293280073462,-3.73311097685025e-05,4.21742379694508e-05
628,-0.569570883155384,-0.267113313887394,0.200627073170372,2.46060489067848e-05,1.18085558745895e-05,-9.05667893380027e-06,8.59872079944499e-05,2.09976118920881e-05,-5.83415113586904e-05,2.80842272728268e-05,-0.000102201644170312,-3.72120480679498e-05,4.21270751828287e-05
629,-0.568160516038014,-0.266442725343543,0.200115399999998,2.45434112098606e-05,1.17777058063991e-05,-9.03298230775291e-06,8.59232975795301e-05,2.09065084827839e-05,-5.82680208708246e-05,2.80371597526351e-05,-0.000102110559310026,-3.70937702132803e-05,4.20807591403282e-05
630,-0.566753744027431,-0.265773875713526,0.199605049278744,2.44809777236225e-05,1.17469574698425e-05,-9.00936455505065e-06,8.58598490645172e-05,2.0816099664352e-05,-5.8195446563861e-05,2.79902309754157e-05,-0.000102020016452853,-3.69762670526881e-05,4.20352791755249e-05
631,-0.565350555405691,-0.265106759328469,0.19909601668327,2.44187467335876e-05,1.17163101657147e-05,-8.98582509898218e-06,8.57968547632191e-05,2.07263776127917e-05,-5.81237766495587e-05,2.79434387922985e-05,-0.000101930006672036,-3.68595295216091e-05,4.19906247407414e-05
632,-0.563950938552807,-0.264441370558339,0.198588297921758,2.43567165511168e-05,1.16857632030886e-05,-8.96236337032855e-06,8.57343070882478e-05,2.06373345777726e-05,-5.80529994718946e-05,2.78967810776558e-05,-0.000101840521152956,-3.67435486424813e-05,4.1946785407186e-05
633,-0.562554881945279,-0.263777703811486,0.198081888733491,2.42948855130984e-05,1.16553158992407e-05,-8.93897880727912e-06,8.56721985505786e-05,2.05489628830157e-05,-5.79831035068125e-05,2.78502557292123e-05,-0.000101751551192839,-3.66283155252763e-05,4.19037508645518e-05
634,-0.561162374154633,-0.263115753534182,0.197576784888451,2.4233251981625e-05,1.16249675795649e-05,-8.91567085534875e-06,8.56105217591147e-05,2.04612549262923e-05,-5.79140773618998e-05,2.780386066798e-05,-0.000101663088200284,-3.65138213674614e-05,4.18615109207307e-05
635,-0.559773403845982,-0.262455514210173,0.197072982186919,2.41718143436393e-05,1.15947175775019e-05,-8.89243896729031e-06,8.55492694197342e-05,2.03742031799522e-05,-5.7845909775859e-05,2.77575938383179e-05,-0.000101575123694343,-3.64000574545614e-05,4.18200555012498e-05
636,-0.558387959776606,-0.261796980360227,0.196570476459071,2.41105710106631e-05,1.15645652344512e-05,-8.86928260301627e-06,8.54884343353629e-05,2.02878001906993e-05,-5.77785896183572e-05,2.77114532079315e-05,-0.000101487649304598,-3.62870151599343e-05,4.17793746491223e-05
637,-0.557006030794548,-0.261140146541691,0.196069263564593,2.40495204184474e-05,1.15345098996948e-05,-8.84620122951163e-06,8.54280094050265e-05,2.02020385798957e-05,-5.77121058893917e-05,2.76654367678675e-05,-0.000101400656768546,-3.61746859434154e-05,4.1739458525872e-05
638,-0.555627605837231,-0.260485007348054,0.195569339392287,2.39886610266475e-05,1.15045509303186e-05,-8.82319432075187e-06,8.53679876232055e-05,2.0116911043679e-05,-5.76464477188493e-05,2.76195425324628e-05,-0.000101314137939217,-3.60630613596907e-05,4.17002974028376e-05
639,-0.554252673930092,-0.259831557408507,0.195070699859687,2.39279913185554e-05,1.14746876911267e-05,-8.80026135762123e-06,8.53083620797747e-05,2.00324103527641e-05,-5.75816043661109e-05,2.75737685394247e-05,-0.000101228084768584,-3.59521330415734e-05,4.16618816773016e-05
640,-0.552881224185232,-0.259179791387519,0.194573340912683,2.38675098007164e-05,1.14449195545692e-05,-8.77740182782869e-06,8.52491259586138e-05,1.99485293528324e-05,-5.75175652193481e-05,2.75281128496584e-05,-0.000101142489323657,-3.58418927178756e-05,4.1624201854305e-05
641,-0.55151324580009,-0.258529703984406,0.194077258525146,2.38072150026592e-05,1.14152459006563e-05,-8.75461522582563e-06,8.51902725374511e-05,1.98652609642659e-05,-5.74543197950065e-05,2.74825735473222e-05,-0.000101057343773021,-3.57323321998361e-05,4.15872485594363e-05
642,-0.550148728056129,-0.257881289932912,0.193582448698555,2.37471054765798e-05,1.13856661168791e-05,-8.73190105272547e-06,8.51317951871674e-05,1.97825981821611e-05,-5.73918577372567e-05,2.74371487397502e-05,-0.000100972640397858,-3.56234433928517e-05,4.15510125265661e-05
643,-0.548787660317541,-0.25723454400079,0.193088907461631,2.36871797970229e-05,1.13561795981323e-05,-8.7092588162209e-06,8.50736873710109e-05,1.97005340763548e-05,-5.73301688173126e-05,2.73918365574079e-05,-0.000100888371581029,-3.55152182863725e-05,4.15154846072949e-05
644,-0.547430032029972,-0.256589460989394,0.19259663086998,2.36274365605867e-05,1.13267857466289e-05,-8.68668803050363e-06,8.50159426440776e-05,1.9619061791173e-05,-5.72692429328051e-05,2.73466351538086e-05,-0.000100804529811559,-3.54076489586549e-05,4.14806557653232e-05
645,-0.546075832719264,-0.255946035733262,0.192105615005731,2.35678743856015e-05,1.12974839718259e-05,-8.66418821618341e-06,8.49585546524229e-05,1.95381745455197e-05,-5.72090701070935e-05,2.7301542705449e-05,-0.000100721107682706,-3.53007275758028e-05,4.14465170768105e-05
646,-0.544725051990212,-0.255304263099722,0.191615855977187,2.35084919118478e-05,1.12682736903406e-05,-8.64175890020792e-06,8.49015171326046e-05,1.94578656325733e-05,-5.71496404885872e-05,2.72565574117625e-05,-0.000100638097891468,-3.51944463914369e-05,4.14130597297236e-05
647,-0.543377679525343,-0.254664137988486,0.191127349918473,2.34492878002296e-05,1.12391543258753e-05,-8.61939961578382e-06,8.4844823910684e-05,1.93781284198404e-05,-5.70909443500338e-05,2.72116774949838e-05,-0.000100555493237514,-3.50887977466705e-05,4.13802750232036e-05
648,-0.542033705083704,-0.254025655331259,0.190640092989197,2.33902607324993e-05,1.12101253091279e-05,-8.59710990229314e-06,8.47884689017808e-05,1.929895634855e-05,-5.70329720875751e-05,2.71669012000877e-05,-0.000100473286622699,-3.49837740694686e-05,4.13481543666565e-05
649,-0.54069311849968,-0.253388810091346,0.190154081374108,2.33314094109468e-05,1.11811860777217e-05,-8.574889305221e-06,8.47324461091887e-05,1.92203429338598e-05,-5.69757142202947e-05,2.71222267946582e-05,-0.000100391471050107,-3.48793678747778e-05,4.13166892793767e-05
650,-0.539355909681816,-0.252753597263269,0.189669311282758,2.3272732558106e-05,1.11523360761293e-05,-8.55273737607261e-06,8.46767496235819e-05,1.91422817646786e-05,-5.69191613892527e-05,2.70776525688856e-05,-0.000100310039623251,-3.47755717643479e-05,4.12858713895834e-05
651,-0.538022068611662,-0.252120011872382,0.189185778949177,2.32142289164678e-05,1.11235747555828e-05,-8.53065367229624e-06,8.46213736224075e-05,1.90647665030518e-05,-5.68633043566577e-05,2.70331768353393e-05,-0.000100228985545341,-3.46723784259857e-05,4.12556924337238e-05
652,-0.536691585342636,-0.251488048974495,0.188703480631543,2.31558972481806e-05,1.10949015740031e-05,-8.50863775720606e-06,8.45663123689701e-05,1.89877908842058e-05,-5.68081340050899e-05,2.69887979289124e-05,-0.000100148302118332,-3.45697806335678e-05,4.12261442557279e-05
653,-0.535364449998902,-0.250857703655504,0.188222412611859,2.30977363347773e-05,1.10663159959175e-05,-8.48668919990525e-06,8.45115602118431e-05,1.89113487160858e-05,-5.67536413366561e-05,2.6944514206704e-05,-0.000100067982742267,-3.446777124651e-05,4.11972188062319e-05
654,-0.534040652774262,-0.250228971031017,0.187742571195637,2.30397449768785e-05,1.10378174923845e-05,-8.46480757520962e-06,8.44571115839634e-05,1.88354338791827e-05,-5.66998174721319e-05,2.6900324047891e-05,-9.99880209143015e-05,-3.43663432095207e-05,4.11689081417939e-05
655,-0.53272018393107,-0.249601846245995,0.187263952711584,2.29819219939114e-05,1.10094055409151e-05,-8.44299246357092e-06,8.44029610018657e-05,1.87600403261675e-05,-5.66466536500479e-05,2.6856225853603e-05,-9.99084102278608e-05,-3.42654895521625e-05,4.11412044240529e-05
656,-0.531403033799154,-0.248976324474392,0.186786553511288,2.2924266223832e-05,1.09810796253952e-05,-8.42124345100317e-06,8.43491030649343e-05,1.86851620815836e-05,-5.65941412258767e-05,2.68122180467818e-05,-9.98291443718147e-05,-3.4165203388464e-05,4.11140999189963e-05
657,-0.530089192774762,-0.248352400918794,0.186310369968918,2.28667765228392e-05,1.09528392360091e-05,-8.39956012900612e-06,8.42955324545206e-05,1.86107932414857e-05,-5.65422716710365e-05,2.67682990720386e-05,-9.97502171295105e-05,-3.40654779164756e-05,4.10875869960467e-05
658,-0.528778651319523,-0.247730070810074,0.185835398480921,2.28094517651146e-05,1.09246838691623e-05,-8.37794209449218e-06,8.42422439333057e-05,1.85369279730715e-05,-5.64910365720586e-05,2.67244673955546e-05,-9.96716223780785e-05,-3.39663064178443e-05,4.10616581272858e-05
659,-0.527471399959415,-0.247109329407043,0.185361635465722,2.27522908425355e-05,1.08966130274054e-05,-8.3563889497115e-06,8.41892323443514e-05,1.84635605143033e-05,-5.64404276295715e-05,2.66807215049005e-05,-9.95933540873791e-05,-3.3867682257331e-05,4.10363058865437e-05
660,-0.526167429283761,-0.246490171996107,0.184889077363433,2.26952926644062e-05,1.08686262193559e-05,-8.33490030218186e-06,8.41364926103506e-05,1.83906851734815e-05,-5.63904366574766e-05,2.66370599088334e-05,-9.95154063191358e-05,-3.37695988822666e-05,4.10115229486914e-05
661,-0.524866729944233,-0.245872593890929,0.184417720635561,2.26384561571944e-05,1.08407229596297e-05,-8.31347576461179e-06,8.40840197327757e-05,1.83182963290092e-05,-5.63410555818638e-05,2.65934811372959e-05,-9.94377732260828e-05,-3.36720498223162e-05,4.09873020885567e-05
662,-0.523569292653871,-0.245256590432093,0.183947561764726,2.25817802642657e-05,1.08129027687591e-05,-8.29211495483253e-06,8.40318087911491e-05,1.82463884287937e-05,-5.62922764401712e-05,2.65499837411339e-05,-9.93604490510729e-05,-3.35750286887176e-05,4.09636361802474e-05
663,-0.522275108186122,-0.244642156986778,0.183478597254379,2.25252639456142e-05,1.07851651731214e-05,-8.27081749572455e-06,8.39798549421115e-05,1.81749559899135e-05,-5.62440913801238e-05,2.65065662919796e-05,-9.92834281260786e-05,-3.34785291738806e-05,4.09405181961567e-05
664,-0.52098416737389,-0.244029288948427,0.183010823628519,2.24689061776139e-05,1.07575097048657e-05,-8.24958301514756e-06,8.39281534187337e-05,1.81039935981851e-05,-5.6196492658816e-05,2.64632273821333e-05,-9.92067048714346e-05,-3.3382545050886e-05,4.0917941206115e-05
665,-0.519696461108601,-0.243417981736432,0.182544237431427,2.24127059527497e-05,1.07299359018362e-05,-8.22841114587131e-06,8.38766995295962e-05,1.80334959076569e-05,-5.61494726417186e-05,2.64199656243137e-05,-9.91302737947744e-05,-3.32870701728351e-05,4.08958983765404e-05
666,-0.518411980339286,-0.242808230795808,0.182078835227392,2.23566622793638e-05,1.07024433075001e-05,-8.20730152550407e-06,8.38254886579629e-05,1.79634576401523e-05,-5.61030238016021e-05,2.63767796515382e-05,-9.90541294901339e-05,-3.31920984723233e-05,4.0874382969431e-05
667,-0.517130716071673,-0.242200031596887,0.181614613600445,2.2300774181413e-05,1.06750314708799e-05,-8.18625379642593e-06,8.37745162610429e-05,1.78938735849692e-05,-5.60571387176825e-05,2.63336681170168e-05,-9.89782666371528e-05,-3.30976239610791e-05,4.08533883415726e-05
668,-0.515852659367302,-0.241593379635003,0.181151569154097,2.22450406982076e-05,1.06476999464722e-05,-8.16526760571889e-06,8.37237778690894e-05,1.7824738598116e-05,-5.60118100744578e-05,2.62906296938618e-05,-9.89026800000052e-05,-3.30036407290318e-05,4.0832907943542e-05
669,-0.514577801342643,-0.240988270430192,0.180689698511081,2.21894608841645e-05,1.06204482941861e-05,-8.14434260510165e-06,8.36732690845349e-05,1.77560476021616e-05,-5.59670306608562e-05,2.62476630749946e-05,-9.88273644291737e-05,-3.29101429417749e-05,4.08129353162175e-05
670,-0.513306133168239,-0.240384699526883,0.180228998313097,2.21340338085749e-05,1.05932760792616e-05,-8.12347845085977e-06,8.36229855813311e-05,1.76877955853613e-05,-5.59227933690547e-05,2.62047669729416e-05,-9.87523148472104e-05,-3.28171248512405e-05,4.07934641031755e-05
671,-0.512037646067857,-0.239782662493609,0.179769465220561,2.20787585553516e-05,1.0566182872207e-05,-8.10267480378157e-06,8.35729231039824e-05,1.76199776014474e-05,-5.58790911935795e-05,2.61619401196741e-05,-9.86775262745991e-05,-3.27245807720641e-05,4.07744880229628e-05
672,-0.510772331317652,-0.239182154922707,0.179311095912356,2.20236342227953e-05,1.05391682487272e-05,-8.08193132909055e-06,8.35230774667661e-05,1.75525887690408e-05,-5.58359172301966e-05,2.61191812664602e-05,-9.86029938019695e-05,-3.26325051042443e-05,4.07560008949931e-05
673,-0.509510180245349,-0.238583172430032,0.178853887085591,2.19686599233488e-05,1.05122317896565e-05,-8.06124769638432e-06,8.34734445528301e-05,1.74856242712714e-05,-5.57932646750436e-05,2.60764891836245e-05,-9.85287126025161e-05,-3.25408923209574e-05,4.07379966253577e-05
674,-0.508251184229435,-0.237985710654669,0.178397835455359,2.19138347833733e-05,1.04853730808832e-05,-8.04062357956519e-06,8.34240203134811e-05,1.74190793549544e-05,-5.57511268233604e-05,2.60338626603954e-05,-9.84546779285062e-05,-3.24497369699795e-05,4.07204692083354e-05
675,-0.506995334698367,-0.237389765258652,0.177942937754498,2.1859157942914e-05,1.04585917132818e-05,-8.02005865677781e-06,8.33748007673269e-05,1.73529493301207e-05,-5.57094970685115e-05,2.5991300504703e-05,-9.83808851103056e-05,-3.23590336730994e-05,4.07034127255328e-05
676,-0.505742623129789,-0.236795331926686,0.177489190733364,2.18046285554783e-05,1.04318872826553e-05,-7.99955261035228e-06,8.33257819995112e-05,1.7287229569854e-05,-5.56683689012844e-05,2.59488015430479e-05,-9.83073295555381e-05,-3.22687771258809e-05,4.06868213452575e-05
677,-0.504493041049767,-0.236202406365872,0.177036591159592,2.17502457877972e-05,1.04052593896573e-05,-7.97910512673167e-06,8.32769601607531e-05,1.72219155093168e-05,-5.56277359083299e-05,2.5906364620286e-05,-9.82340067470972e-05,-3.21789620956608e-05,4.06706893219858e-05
678,-0.503246580032034,-0.235610984305438,0.17658513581788,2.16960088196109e-05,1.03787076397293e-05,-7.95871589641711e-06,8.32283314666493e-05,1.71570026453966e-05,-5.5587591771457e-05,2.58639885994265e-05,-9.81609122468457e-05,-3.20895834255929e-05,4.06550109912607e-05
679,-0.502003231697248,-0.235021061496469,0.176134821509757,2.16419168434458e-05,1.03522316430343e-05,-7.93838461390618e-06,8.31798921968303e-05,1.70924865361456e-05,-5.55479302665605e-05,2.58216723614425e-05,-9.80880416856355e-05,-3.20006360249507e-05,4.06397807777553e-05
680,-0.500762987712265,-0.234432633711649,0.175685645053369,2.15879690643962e-05,1.03258310143938e-05,-7.9181109776281e-06,8.31316386940911e-05,1.70283628002578e-05,-5.55087452624105e-05,2.57794148051646e-05,-9.80153907714039e-05,-3.19121148775706e-05,4.06249931850977e-05
681,-0.499525839789419,-0.233845696744996,0.175237603283261,2.15341646999043e-05,1.02995053732201e-05,-7.8978946898876e-06,8.30835673635818e-05,1.69646271164731e-05,-5.54700307197388e-05,2.57372148469977e-05,-9.79429552836871e-05,-3.18240150365785e-05,4.06106427996335e-05
682,-0.498291779685822,-0.233260246411607,0.174790693050163,2.14805029795691e-05,1.02732543434516e-05,-7.87773545680763e-06,8.30356746722408e-05,1.69012752229672e-05,-5.54317806903151e-05,2.56950714207747e-05,-9.78707310737508e-05,-3.17363316244772e-05,4.05967242888051e-05
683,-0.497060799202667,-0.232676278547411,0.174344911220783,2.14269831449099e-05,1.02470775534924e-05,-7.85763298826882e-06,8.29879571476718e-05,1.68383029169416e-05,-5.53939893157852e-05,2.56529834775423e-05,-9.77987140639479e-05,-3.16490598332177e-05,4.05832323995092e-05
684,-0.495832890184551,-0.232093789008912,0.173900254677596,2.13736044491688e-05,1.02209746361455e-05,-7.83758699784854e-06,8.2940411377457e-05,1.67757060538682e-05,-5.53566508265021e-05,2.56109499854029e-05,-9.77269002448475e-05,-3.15621949212587e-05,4.05701619591117e-05
685,-0.494608044518807,-0.231512773672951,0.173456720318645,2.1320366157129e-05,1.01949452285548e-05,-7.81759720277133e-06,8.28930340086142e-05,1.67134805471079e-05,-5.53197595408807e-05,2.55689699293537e-05,-9.7655285680228e-05,-3.14757322187217e-05,4.05575078692669e-05
686,-0.493386254134846,-0.23093322843646,0.173014305057339,2.12672675448677e-05,1.01689889721395e-05,-7.79766332384354e-06,8.28458217463043e-05,1.66516223672154e-05,-5.52833098638746e-05,2.55270423110188e-05,-9.7583866496186e-05,-3.13896671170971e-05,4.05452651139929e-05
687,-0.49216751100351,-0.230355149216226,0.172573005822256,2.12143078995934e-05,1.01431055125343e-05,-7.77778508540333e-06,8.27987713534553e-05,1.65901275413909e-05,-5.52472962862748e-05,2.54851661485202e-05,-9.75126388880812e-05,-3.13039950760168e-05,4.05334287516489e-05
688,-0.490951807136442,-0.229778531948652,0.172132819556949,2.1161486519434e-05,1.01172944995283e-05,-7.75796221526462e-06,8.27518796498181e-05,1.65289921529223e-05,-5.52117133836113e-05,2.54433404762445e-05,-9.74415991228612e-05,-3.12187116259654e-05,4.05219939105682e-05
689,-0.489739134585461,-0.229203372589532,0.171693743219753,2.11088027132473e-05,1.0091555587007e-05,-7.73819444466132e-06,8.2705143511212e-05,1.64682123406393e-05,-5.5176555815092e-05,2.54015643447051e-05,-9.73707435234651e-05,-3.11338123528924e-05,4.05109558028389e-05
690,-0.488529485441953,-0.228629667113817,0.171255773783602,2.10562558004271e-05,1.00658884328916e-05,-7.71848150819422e-06,8.26585598687428e-05,1.64077842983154e-05,-5.51418183226045e-05,2.5359836820322e-05,-9.73000684854764e-05,-3.1049292915049e-05,4.05003097058709e-05
691,-0.487322851836265,-0.228057411515395,0.17081890823584,2.1003845110719e-05,1.00402926990777e-05,-7.69882314377812e-06,8.26121257080996e-05,1.63477042739942e-05,-5.51074957297028e-05,2.53181569852114e-05,-9.72295704588965e-05,-3.09651490247912e-05,4.04900509789059e-05
692,-0.486119225937122,-0.227486601806863,0.17038314357804,2.09515699840359e-05,1.00147680513838e-05,-7.6792190925892e-06,8.25658380687679e-05,1.6287968569628e-05,-5.50735829406368e-05,2.52765239370832e-05,-9.71592459680209e-05,-3.0881376468881e-05,4.04801750413838e-05
693,-0.484918599951042,-0.226917234019316,0.169948476825823,2.08994297702487e-05,9.98931415948745e-06,-7.65966909901049e-06,8.25196940430301e-05,1.62285735403099e-05,-5.50400749391396e-05,2.52349367889211e-05,-9.70890915910969e-05,-3.07979710883768e-05,4.04706773910727e-05
694,-0.483720966121773,-0.226349304202127,0.169514905008686,2.08474238290459e-05,9.96393069687264e-06,-7.64017291058453e-06,8.2473690775633e-05,1.61695155937995e-05,-5.50069667876982e-05,2.51933946689373e-05,-9.70191039709336e-05,-3.07149287891e-05,4.04615535923977e-05
695,-0.482526316729728,-0.225782808422737,0.169082425169824,2.07955515297317e-05,9.93861734077065e-06,-7.62073027796216e-06,8.2427825462818e-05,1.61107911898787e-05,-5.49742536264584e-05,2.51518967202732e-05,-9.69492798048974e-05,-3.06322455319582e-05,4.0452799284379e-05
696,-0.481334644091443,-0.225217742766444,0.168651034365964,2.07438122510457e-05,9.91337377210665e-06,-7.60134095484954e-06,8.23820953514954e-05,1.60523968398369e-05,-5.49419306721142e-05,2.5110442100867e-05,-9.68796158579015e-05,-3.0549917346243e-05,4.04444101657081e-05
697,-0.480145940559035,-0.224654103336202,0.16822072966719,2.06922053809948e-05,9.88819967544415e-06,-7.58200469796247e-06,8.23364977386031e-05,1.59943291058914e-05,-5.4909993217076e-05,2.5069029983228e-05,-9.68101089454403e-05,-3.04679403176276e-05,4.04363820102387e-05
698,-0.478960198519676,-0.224091886252412,0.167791508156787,2.06407303167007e-05,9.86309473892757e-06,-7.56272126697238e-06,8.22910299705401e-05,1.59365846004247e-05,-5.48784366282816e-05,2.50276595543571e-05,-9.67407559514345e-05,-3.03863105813191e-05,4.04287106473872e-05
699,-0.477777410395072,-0.223531087652728,0.16736336693107,2.05893864641985e-05,9.83805865423584e-06,-7.54349042446652e-06,8.22456894421278e-05,1.58791599857937e-05,-5.48472563465444e-05,2.49863300154121e-05,-9.66715538025868e-05,-3.03050243462527e-05,4.04213919860854e-05
700,-0.476597568640957,-0.222971703691857,0.166936303099229,2.05381732382805e-05,9.81309111652037e-06,-7.52431193589088e-06,8.22004735959713e-05,1.58220519733509e-05,-5.4816447885137e-05,2.49450405815922e-05,-9.66024994906997e-05,-3.02240778680794e-05,4.04144219904086e-05
701,-0.475420665746592,-0.222413730541369,0.166510313783171,2.04870900623519e-05,9.78819182436037e-06,-7.50518556951158e-06,8.21553799219699e-05,1.5765257323166e-05,-5.4786006829262e-05,2.49037904819998e-05,-9.65335900605946e-05,-3.01434674617906e-05,4.04077966906374e-05
702,-0.474246694234277,-0.2218571643895,0.166085396117364,2.04361363682429e-05,9.76336047970759e-06,-7.48611109636421e-06,8.21104059563176e-05,1.57087728433539e-05,-5.47559288348234e-05,2.48625789593851e-05,-9.64648226112669e-05,-3.00631894983032e-05,4.04015121798741e-05
703,-0.473075646658866,-0.22130200144097,0.165661547248685,2.03853115960737e-05,9.7385967878351e-06,-7.46708829020775e-06,8.20655492810447e-05,1.56525953894568e-05,-5.47262096275017e-05,2.48214052700588e-05,-9.6396194295378e-05,-2.99832404037901e-05,4.03955646131684e-05
704,-0.471907515607302,-0.220748237916798,0.165238764336274,2.03346151940714e-05,9.71390045728334e-06,-7.44811692748213e-06,8.20208075230994e-05,1.55967218638364e-05,-5.4696845001834e-05,2.47802686835415e-05,-9.63277023174486e-05,-2.99036166581856e-05,4.03899502074848e-05
705,-0.470742293698146,-0.220195870054114,0.16481704455138,2.02840466184414e-05,9.68927119981955e-06,-7.42919678726272e-06,8.19761783538476e-05,1.55411492153651e-05,-5.46678308203391e-05,2.47391684826022e-05,-9.62593439368055e-05,-2.9824314798323e-05,4.03846652373812e-05
706,-0.469579973581132,-0.219644894105988,0.164396385077224,2.02336053331993e-05,9.66470873037749e-06,-7.41032765121671e-06,8.19316594883014e-05,1.54858744385297e-05,-5.46391630124819e-05,2.46981039628932e-05,-9.61911164597511e-05,-2.97453314099794e-05,4.03797060410321e-05
707,-0.468420547936713,-0.219095306341246,0.163976783108851,2.01832908100239e-05,9.64021276701169e-06,-7.39150930355816e-06,8.18872486844338e-05,1.54308945729515e-05,-5.46108375736941e-05,2.46570744328427e-05,-9.61230172456642e-05,-2.96666631341819e-05,4.03750690124637e-05
708,-0.467264009475631,-0.2185471030443,0.163558235852992,2.01331025281071e-05,9.61578303085991e-06,-7.37274153100796e-06,8.18429437424319e-05,1.53762067032167e-05,-5.45828505646261e-05,2.4616079213558e-05,-9.60550437027728e-05,-2.95883066635575e-05,4.03707506042853e-05
709,-0.466110350938486,-0.218000280514979,0.163140740527929,2.00830399740212e-05,9.59141924607859e-06,-7.35402412274944e-06,8.17987425042556e-05,1.53218079576945e-05,-5.45551981100374e-05,2.45751176385281e-05,-9.59871932882975e-05,-2.95102587417364e-05,4.03667473259956e-05
710,-0.464959565095316,-0.217454835068355,0.162724294363354,2.00331026415588e-05,9.56712113980916e-06,-7.33535687039043e-06,8.17546428527415e-05,1.52676955085054e-05,-5.45278763980897e-05,2.45341890534971e-05,-9.59194635071273e-05,-2.94325161628912e-05,4.0363055743704e-05
711,-0.463811644745186,-0.21691076303458,0.162308894600243,1.99832900315987e-05,9.54288844212193e-06,-7.31673956791698e-06,8.17106427110429e-05,1.52138665705741e-05,-5.45008816791636e-05,2.44932928162769e-05,-9.58518519096691e-05,-2.93550757740393e-05,4.03596724805374e-05
712,-0.462666582715783,-0.216368060758724,0.161894538490721,1.99336016519819e-05,9.51872088597724e-06,-7.29817201166131e-06,8.16667400421516e-05,1.51603184013601e-05,-5.44742102653816e-05,2.44524282965908e-05,-9.57843561015283e-05,-2.92779344607368e-05,4.03565942060049e-05
713,-0.461524371863019,-0.215826724600614,0.161481223297933,1.98840370173571e-05,9.49461820717976e-06,-7.27965400024994e-06,8.16229328479781e-05,1.51070483002261e-05,-5.44478585291715e-05,2.44115948760073e-05,-9.5716973720989e-05,-2.9201089173237e-05,4.03538176561606e-05
714,-0.460385005070648,-0.215286750934672,0.161068946295922,1.98345956490374e-05,9.47058014432833e-06,-7.26118533457755e-06,8.15792191687748e-05,1.50540536078402e-05,-5.44218229028726e-05,2.43707919474896e-05,-9.56497024595804e-05,-2.91245368986458e-05,4.0351339612067e-05
715,-0.45924847524988,-0.214748136149766,0.1606577047695,1.97852770748985e-05,9.44660643877808e-06,-7.2427658177598e-06,8.15355970827009e-05,1.50013317057063e-05,-5.43960998776023e-05,2.43300189155272e-05,-9.55825400529692e-05,-2.90482746759746e-05,4.03491569073341e-05
716,-0.458114775339009,-0.214210876649051,0.160247496014131,1.9736080829217e-05,9.4226968345944e-06,-7.22439525509767e-06,8.1492064704918e-05,1.49488800156292e-05,-5.43706860024075e-05,2.42892751957952e-05,-9.55154842797861e-05,-2.89722995904973e-05,4.03472664275394e-05
717,-0.456983898303052,-0.213674968849821,0.159838317335805,1.96870064525822e-05,9.39885107850919e-06,-7.20607345404232e-06,8.14486201874121e-05,1.48966959990848e-05,-5.43455778835766e-05,2.42485602150848e-05,-9.54485329550521e-05,-2.88966087667249e-05,4.03456651159365e-05
718,-0.455855837133383,-0.213140409183359,0.159430166050927,1.96380534917223e-05,9.37506891987919e-06,-7.18780022415436e-06,8.14052617178528e-05,1.48447771567856e-05,-5.43207721835356e-05,2.42078734110318e-05,-9.53816839482205e-05,-2.88211993871532e-05,4.0344349953168e-05
719,-0.454730584847388,-0.212607194094794,0.159023039486197,1.95892214994136e-05,9.35135011064891e-06,-7.16957537706997e-06,8.13619875193313e-05,1.47931210282595e-05,-5.42962656202066e-05,2.41672142320916e-05,-9.53149351617927e-05,-2.8746068670721e-05,4.03433179777451e-05
720,-0.453608134488121,-0.212075320042954,0.158616934978497,1.95405100343515e-05,9.32769440529797e-06,-7.15139872646365e-06,8.13187958497459e-05,1.47417251909448e-05,-5.42720549660195e-05,2.4126582137233e-05,-9.5248284541303e-05,-2.86712138825018e-05,4.03425662744625e-05
721,-0.452488479123962,-0.211544783500227,0.15821184987478,1.94919186610213e-05,9.30410156081132e-06,-7.13327008801509e-06,8.12756850010737e-05,1.46905872600747e-05,-5.42481370472283e-05,2.4085976595846e-05,-9.51817300723804e-05,-2.85966323313814e-05,4.03420919759216e-05
722,-0.451371611848291,-0.21101558095242,0.157807781531961,1.94434469495949e-05,9.28057133663856e-06,-7.115189279372e-06,8.12326532989171e-05,1.46397048880914e-05,-5.42245087430145e-05,2.4045397087659e-05,-9.51152697802485e-05,-2.85223213694227e-05,4.03418922616832e-05
723,-0.450257525779163,-0.210487708898625,0.157404727316806,1.93950944758054e-05,9.25710349464616e-06,-7.09715612011675e-06,8.11896991018998e-05,1.458907576388e-05,-5.42011669846394e-05,2.40048431024372e-05,-9.50489017289467e-05,-2.84482783909268e-05,4.03419643575925e-05
724,-0.449146214058991,-0.209961163851081,0.157002684605829,1.93468608208293e-05,9.23369779908543e-06,-7.07917043173282e-06,8.11468208010068e-05,1.45386976125084e-05,-5.41781087546797e-05,2.39643141398928e-05,-9.49826240206187e-05,-2.83745008321203e-05,4.03423055350678e-05
725,-0.448037669854237,-0.209435942335043,0.156601650785188,1.92987455711938e-05,9.21035401655799e-06,-7.06123203757267e-06,8.11040168192136e-05,1.44885681948207e-05,-5.41553310863461e-05,2.39238097096296e-05,-9.49164347951096e-05,-2.83009861707167e-05,4.03429131104501e-05
726,-0.446931886355104,-0.208912040888653,0.15620162325058,1.9250748318653e-05,9.18707191596463e-06,-7.04334076282392e-06,8.10612856108631e-05,1.44386853065085e-05,-5.41328310625276e-05,2.38833293307991e-05,-9.48503322291445e-05,-2.82277319247898e-05,4.03437844442463e-05
727,-0.445828856775242,-0.20838945606281,0.155802599407143,1.92028686600779e-05,9.16385126847994e-06,-7.02549643447524e-06,8.10186256610094e-05,1.43890467780098e-05,-5.4110605815011e-05,2.38428725321131e-05,-9.47843145356789e-05,-2.81547356526792e-05,4.03449169403415e-05
728,-0.444728574351455,-0.207868184421044,0.155404576669358,1.91551061973418e-05,9.14069184751042e-06,-7.00769888128857e-06,8.09760354848559e-05,1.43396504738923e-05,-5.40886525238166e-05,2.38024388515474e-05,-9.47183799631664e-05,-2.80819949522028e-05,4.03463080455061e-05
729,-0.443631032343414,-0.207348222539393,0.155007552460947,1.91074605372413e-05,9.11759342865702e-06,-6.98994793376541e-06,8.09335136274715e-05,1.42904942922523e-05,-5.40669684163758e-05,2.37620278363061e-05,-9.46525267952542e-05,-2.8009507460035e-05,4.03479552485931e-05
730,-0.442536224033381,-0.206829567006281,0.154611524214785,1.90599312913784e-05,9.094555789688e-06,-6.97224342411533e-06,8.08910586630397e-05,1.42415761645503e-05,-5.40455507667685e-05,2.3721639042732e-05,-9.45867533499801e-05,-2.79372708514908e-05,4.0349856079828e-05
731,-0.441444142725929,-0.206312214422397,0.154216489372802,1.90125180760597e-05,9.07157871048972e-06,-6.95458518622929e-06,8.0848669194462e-05,1.4192894054685e-05,-5.4024396895029e-05,2.36812720359457e-05,-9.45210579791681e-05,-2.7865282839391e-05,4.03520081103229e-05
732,-0.440354781747682,-0.205796161400577,0.153822445385891,1.89652205121975e-05,9.04866197304322e-06,-6.93697305564652e-06,8.08063438527447e-05,1.4144445958875e-05,-5.40035041663405e-05,2.36409263898864e-05,-9.44554390678377e-05,-2.7793541173968e-05,4.03544089512475e-05
733,-0.439268134447043,-0.205281404565689,0.15342938971382,1.89180382252122e-05,9.02580536138757e-06,-6.91940686952641e-06,8.0764081296513e-05,1.4096229905113e-05,-5.39828699903371e-05,2.36006016871207e-05,-9.43898950336093e-05,-2.77220436422092e-05,4.03570562532408e-05
734,-0.438184194193947,-0.204767940554517,0.153037319825142,1.88709708449447e-05,9.00300866158018e-06,-6.90188646662036e-06,8.07218802116376e-05,1.40482439524886e-05,-5.39624918203827e-05,2.35602975186515e-05,-9.43244243262187e-05,-2.76507880670697e-05,4.03599477058016e-05
735,-0.4371029543796,-0.204255766015652,0.152646233197107,1.88240180055499e-05,8.9802716616732e-06,-6.88441168724234e-06,8.06797393105329e-05,1.40004861910653e-05,-5.39423671528468e-05,2.35200134838605e-05,-9.42590254267834e-05,-2.75797723073158e-05,4.03630810365964e-05
736,-0.436024408416241,-0.203744877609377,0.152256127315581,1.87771793454177e-05,8.95759415167293e-06,-6.86698237324261e-06,8.06376573318781e-05,1.39529547411443e-05,-5.3922493526441e-05,2.34797491903044e-05,-9.41936968474053e-05,-2.75089942566715e-05,4.03664540109138e-05
737,-0.434948549736895,-0.203235272007563,0.151866999674957,1.8730454507081e-05,8.93497592351295e-06,-6.84959836797614e-06,8.05956330400436e-05,1.39056477529598e-05,-5.39028685213763e-05,2.34395042536953e-05,-9.41284371287302e-05,-2.74384518463803e-05,4.03700644326897e-05
738,-0.433875371795139,-0.202726945893558,0.151478847778075,1.8683843137097e-05,8.91241677101768e-06,-6.83225951628428e-06,8.05536652244185e-05,1.38585634062046e-05,-5.38834897589453e-05,2.33992782974793e-05,-9.40632448483112e-05,-2.73681430300973e-05,4.03739101350527e-05
739,-0.432804868064875,-0.202219895962085,0.15109166913614,1.863734488601e-05,8.88991648987465e-06,-6.81496566445834e-06,8.05117526993437e-05,1.38116999095178e-05,-5.38643549005456e-05,2.33590709530656e-05,-9.39981186021156e-05,-2.72980658122898e-05,4.03779889977736e-05
740,-0.431737032040099,-0.201714118919137,0.150705461268645,1.85909594082355e-05,8.86747487760585e-06,-6.79771666021952e-06,8.04698943033761e-05,1.37650555002331e-05,-5.38454616472174e-05,2.33188818595241e-05,-9.39330570221735e-05,-2.72282182190304e-05,4.03822989284201e-05
741,-0.43067185723468,-0.201209611481878,0.15032022170329,1.85446863619709e-05,8.8450917335274e-06,-6.78051235268995e-06,8.04280888988257e-05,1.37186284435815e-05,-5.38268077387544e-05,2.32787106633704e-05,-9.386805876671e-05,-2.71585983114658e-05,4.03868378708701e-05
742,-0.429609337182151,-0.200706370378538,0.149935947975909,1.84985254091413e-05,8.82276685873072e-06,-6.76335259237128e-06,8.0386335371545e-05,1.36724170326098e-05,-5.3808390953341e-05,2.32385570186071e-05,-9.38031225218162e-05,-2.7089204182881e-05,4.03916038030697e-05
743,-0.428549465435489,-0.200204392348321,0.149552637630389,1.84524762152949e-05,8.80050005605082e-06,-6.74623723111877e-06,8.03446326302496e-05,1.36264195877157e-05,-5.37902091067889e-05,2.31984205865038e-05,-9.37382470006418e-05,-2.70200339581079e-05,4.03965947363968e-05
744,-0.427492235566911,-0.199703674141303,0.149170288218605,1.84065384495227e-05,8.77829113003011e-06,-6.72916612211268e-06,8.03029796060959e-05,1.35806344559421e-05,-5.37722600516725e-05,2.31583010354449e-05,-9.36734309428843e-05,-2.69510857927306e-05,4.0401808714884e-05
745,-0.426437641167675,-0.199204212518341,0.148788897300339,1.83607117843883e-05,8.75613988690128e-06,-6.71213911983858e-06,8.02613752522778e-05,1.3535060010966e-05,-5.37545416769612e-05,2.31181980409026e-05,-9.3608673114372e-05,-2.68823578730602e-05,4.0407243814867e-05
746,-0.425385675847878,-0.198706004250977,0.148408462443212,1.83149958958625e-05,8.73404613454826e-06,-6.69515608006608e-06,8.02198185438138e-05,1.3489694652307e-05,-5.37370519074397e-05,2.30781112851919e-05,-9.35439723067074e-05,-2.68138484152007e-05,4.0412898144546e-05
747,-0.424336333236264,-0.198209046121349,0.148028981222618,1.82693904632305e-05,8.71200968248736e-06,-6.6782168598165e-06,8.01783084768069e-05,1.34445368051762e-05,-5.371978870273e-05,2.30380404575207e-05,-9.3479327336558e-05,-2.67455556649273e-05,4.04187698429789e-05
748,-0.423289606980034,-0.197713334922098,0.147650451221649,1.82238951690318e-05,8.69003034183733e-06,-6.6613213173506e-06,8.01368440682814e-05,1.3399584920035e-05,-5.37027500571274e-05,2.29979852537351e-05,-9.34147370444985e-05,-2.66774778962521e-05,4.04248570809104e-05
749,-0.422245490744662,-0.197218867456279,0.147272870031033,1.81785096989495e-05,8.66810792528555e-06,-6.64446931213785e-06,8.00954243553521e-05,1.33548374719651e-05,-5.36859339985211e-05,2.29579453761e-05,-9.33502002982841e-05,-2.66096134148972e-05,4.0431158055589e-05
750,-0.421203978213715,-0.196725640537278,0.146896235249064,1.81332337418159e-05,8.64624224707739e-06,-6.62766070484353e-06,8.0054048395585e-05,1.33102929607225e-05,-5.36693385884445e-05,2.29179205335087e-05,-9.32857159848727e-05,-2.65419605500102e-05,4.04376709991568e-05
751,-0.420165063088673,-0.19623365098872,0.146520544481541,1.80880669894735e-05,8.62443312297351e-06,-6.61089535729753e-06,8.00127152659127e-05,1.32659499098372e-05,-5.36529619208254e-05,2.28779104410589e-05,-9.32212830175542e-05,-2.64745176614787e-05,4.04443941691839e-05
752,-0.419128739088758,-0.195742895644391,0.146145795341701,1.80430091367396e-05,8.60268037023619e-06,-6.59417313247918e-06,7.99714240625561e-05,1.32218068666122e-05,-5.36368021218139e-05,2.28379148201063e-05,-9.31569003316742e-05,-2.64072831357303e-05,4.04513258526958e-05
753,-0.418094999950763,-0.195253371348151,0.145771985450158,1.79980598813204e-05,8.58098380760179e-06,-6.57749389449258e-06,7.99301739004291e-05,1.31778624016623e-05,-5.36208573489896e-05,2.27979333981122e-05,-9.30925668847963e-05,-2.63402553860296e-05,4.04584643646223e-05
754,-0.41706383942889,-0.194765074953852,0.145399112434843,1.79532189237836e-05,8.55934325524866e-06,-6.56085750855193e-06,7.98889639132481e-05,1.31341151082544e-05,-5.36051257910694e-05,2.27579659084946e-05,-9.30282816567258e-05,-2.62734328517321e-05,4.04658080475917e-05
755,-0.416035251294585,-0.194278003325261,0.145027173930941,1.79084859674448e-05,8.5377585347839e-06,-6.54426384095443e-06,7.98477932525172e-05,1.30905636023524e-05,-5.35896056670342e-05,2.27180120905724e-05,-9.29640436484623e-05,-2.62068139982975e-05,4.0473355271089e-05
756,-0.41500922933638,-0.19379215333598,0.144656167580834,1.78638607183376e-05,8.51622946920999e-06,-6.52771275906517e-06,7.98066610876114e-05,1.30472065218905e-05,-5.35742952257769e-05,2.2678071689397e-05,-9.28998518821864e-05,-2.61403973164655e-05,4.04811044312019e-05
757,-0.413985767359744,-0.193307521869367,0.144286091034043,1.78193428851423e-05,8.49475588291047e-06,-6.51120413129614e-06,7.97655666052282e-05,1.30040425267322e-05,-5.35591927455366e-05,2.26381444557391e-05,-9.28357054007028e-05,-2.60741813222068e-05,4.0489053950062e-05
758,-0.412964859186922,-0.192824105818462,0.143916941947171,1.77749321791276e-05,8.47333760162e-06,-6.49473782708713e-06,7.97245090091111e-05,1.29610702980656e-05,-5.35442965333211e-05,2.25982301459128e-05,-9.27716032671506e-05,-2.60081645561051e-05,4.04972022752816e-05
759,-0.411946498656798,-0.192341902085911,0.143548717983845,1.7730628314094e-05,8.45197445240443e-06,-6.4783137168889e-06,7.96834875197149e-05,1.29182885381557e-05,-5.35296049244829e-05,2.25583285216846e-05,-9.27075445641775e-05,-2.59423455826183e-05,4.05055478800203e-05
760,-0.410930679624743,-0.191860907583893,0.143181416814665,1.76864310062999e-05,8.43066626363825e-06,-6.46193167213946e-06,7.96425013736585e-05,1.28756959699707e-05,-5.35151162819445e-05,2.25184393501885e-05,-9.26435283942201e-05,-2.58767229905323e-05,4.05140892613829e-05
761,-0.409917395962479,-0.191381119234046,0.142815036117148,1.76423399744338e-05,8.40941286498246e-06,-6.44559156525362e-06,7.96015498237472e-05,1.28332913368316e-05,-5.35008289960601e-05,2.2478562403817e-05,-9.25795538785868e-05,-2.58112953916711e-05,4.05228249412206e-05
762,-0.408906641557937,-0.190902533967398,0.142449573575675,1.759835493953e-05,8.38821408736374e-06,-6.42929326960032e-06,7.95606321382955e-05,1.27910734021133e-05,-5.34867414838507e-05,2.2438697460099e-05,-9.25156201571483e-05,-2.5746061420966e-05,4.05317534649979e-05
763,-0.407898410315128,-0.190425148724297,0.142085026881439,1.75544756249387e-05,8.36706976295215e-06,-6.41303665948624e-06,7.95197476010664e-05,1.27490409488252e-05,-5.34728521885911e-05,2.23988443016605e-05,-9.24517263881666e-05,-2.56810197359254e-05,4.05408734014909e-05
764,-0.406892696154005,-0.18994896045434,0.141721393732396,1.75107017562529e-05,8.34597972514139e-06,-6.39682161013934e-06,7.94788955107484e-05,1.27071927793588e-05,-5.34591595793144e-05,2.23590027160637e-05,-9.23878717476794e-05,-2.56161690162897e-05,4.05501833423835e-05
765,-0.40588949301034,-0.189473966116309,0.141358671833214,1.74670330612796e-05,8.32494380852665e-06,-6.38064799769042e-06,7.9438075180867e-05,1.26655277150412e-05,-5.34456621502931e-05,2.23191724957975e-05,-9.23240554294053e-05,-2.55515079635796e-05,4.05596819017547e-05
766,-0.404888794835596,-0.1890001626781,0.140996858895223,1.74234692699448e-05,8.3039618488886e-06,-6.36451569915908e-06,7.93972859390188e-05,1.26240445960571e-05,-5.34323584206023e-05,2.22793534380423e-05,-9.22602766438433e-05,-2.54870353008817e-05,4.05693677157778e-05
767,-0.403890595596804,-0.188527547116663,0.140635952636368,1.73800101143065e-05,8.28303368316844e-06,-6.34842459243676e-06,7.93565271272375e-05,1.2582742280816e-05,-5.34192469337097e-05,2.22395453447528e-05,-9.21965346186854e-05,-2.54227497722639e-05,4.05792394422618e-05
768,-0.402894889276446,-0.188056116417932,0.140275950781163,1.73366553284399e-05,8.26215914945228e-06,-6.33237455626995e-06,7.93157981009793e-05,1.25416196458939e-05,-5.34063262568664e-05,2.21997480223904e-05,-9.21328285976482e-05,-2.53586501425628e-05,4.05892957601975e-05
769,-0.401901669872333,-0.187585867576768,0.139916851060643,1.72934046484536e-05,8.24133808695251e-06,-6.31636547024474e-06,7.92750982294844e-05,1.25006755856022e-05,-5.33935949807885e-05,2.21599612820664e-05,-9.20691578409172e-05,-2.5294735197035e-05,4.05995353693558e-05
770,-0.400910931397497,-0.187116797596891,0.139558651212319,1.72502578123959e-05,8.22057033598176e-06,-6.30039721477398e-06,7.92344268950684e-05,1.24599090115504e-05,-5.33810517191636e-05,2.21201849391659e-05,-9.20055216242201e-05,-2.52310037407022e-05,4.06099569900118e-05
771,-0.399922667880074,-0.186648903490824,0.139201348980131,1.72072145602242e-05,8.19985573794488e-06,-6.28446967107961e-06,7.9193783492905e-05,1.24193188526404e-05,-5.33686951081996e-05,2.20804188134792e-05,-9.19419192386869e-05,-2.51674545984223e-05,4.06205593624177e-05
772,-0.398936873363198,-0.18618218227983,0.138844942114411,1.71642746337645e-05,8.1791941353149e-06,-6.26858272117921e-06,7.91531674308317e-05,1.23789040545639e-05,-5.33565238062073e-05,2.20406627290407e-05,-9.18783499905611e-05,-2.51040866142933e-05,4.06313412464779e-05
773,-0.397953541904893,-0.185716630993853,0.138489428371833,1.7121437776661e-05,8.15858537161693e-06,-6.25273624787142e-06,7.91125781289961e-05,1.23386635795793e-05,-5.33445364931649e-05,2.2000916514047e-05,-9.18148132007996e-05,-2.50408986513828e-05,4.06423014213614e-05
774,-0.396972667577971,-0.185252246671464,0.138134805515373,1.707870373434e-05,8.13802929140869e-06,-6.2369301347226e-06,7.90720150196704e-05,1.22985964061401e-05,-5.33327318703269e-05,2.1961180000761e-05,-9.17513082062114e-05,-2.49778895926812e-05,4.06534386837858e-05
775,-0.395994244469928,-0.184789026359797,0.13778107131427,1.70360722539655e-05,8.11752574026684e-06,-6.22116426605095e-06,7.90314775469184e-05,1.22587015287158e-05,-5.33211086597436e-05,2.19214530254943e-05,-9.16878343522152e-05,-2.49150583340127e-05,4.06647518544467e-05
776,-0.395018266682846,-0.184326967114499,0.137428223543982,1.69935430843974e-05,8.09707456476722e-06,-6.20543852691625e-06,7.89909651663728e-05,1.22189779574374e-05,-5.33096656039704e-05,2.1881735428441e-05,-9.16243910071304e-05,-2.4852403798195e-05,4.06762397632128e-05
777,-0.394044728333296,-0.183866065999672,0.137076259986149,1.69511159761386e-05,8.07667561246992e-06,-6.18975280310051e-06,7.89504773447786e-05,1.21794247178485e-05,-5.32984014653973e-05,2.18420270536581e-05,-9.15609775438552e-05,-2.47899249169251e-05,4.06879012663207e-05
778,-0.393073623552244,-0.183406320087822,0.13672517842855,1.69087906813236e-05,8.05632873190237e-06,-6.17410698110313e-06,7.89100135601035e-05,1.21400408506165e-05,-5.32873150262473e-05,2.1802327748963e-05,-9.14975933549277e-05,-2.47276206454407e-05,4.06997352314231e-05
779,-0.392104946484957,-0.182947726459798,0.136374976665071,1.68665669536627e-05,8.03603377254303e-06,-6.15850094812254e-06,7.88695733010583e-05,1.21008254112407e-05,-5.32764050879169e-05,2.17626373658691e-05,-9.14342378425191e-05,-2.46654899527015e-05,4.07117405464562e-05
780,-0.391138691290917,-0.182490282204751,0.136025652495659,1.68244445484089e-05,8.01579058480714e-06,-6.14293459204565e-06,7.88291560669069e-05,1.2061777469838e-05,-5.32656704706967e-05,2.17229557595134e-05,-9.13709104222563e-05,-2.46035318251874e-05,4.07239161153473e-05
781,-0.390174852143725,-0.182033984420072,0.135677203726293,1.67824232223116e-05,7.9955990200289e-06,-6.12740780143349e-06,7.87887613671236e-05,1.20228961107977e-05,-5.32551100132669e-05,2.16832827885512e-05,-9.13076105220084e-05,-2.45417452656825e-05,4.0736260858382e-05
782,-0.389213423231023,-0.181578830211348,0.135329628168941,1.67405027335983e-05,7.97545893045041e-06,-6.11192046551508e-06,7.87483887213587e-05,1.19841804326732e-05,-5.32447225726403e-05,2.16436183151059e-05,-9.12443375825209e-05,-2.44801292938354e-05,4.07487737114781e-05
783,-0.388254398754407,-0.181124816692309,0.134982923641529,1.66986828419276e-05,7.95537016920543e-06,-6.09647247416677e-06,7.87080376590161e-05,1.19456295478268e-05,-5.32345070233921e-05,2.1603962204765e-05,-9.11810910534997e-05,-2.44186829423104e-05,4.07614536289085e-05
784,-0.387297772929343,-0.18067194098478,0.134637087967904,1.66569633083573e-05,7.93533259030158e-06,-6.08106371790716e-06,7.86677077191261e-05,1.19072425821173e-05,-5.32244622575562e-05,2.15643143263867e-05,-9.11178704003552e-05,-2.43574052633463e-05,4.07742995763272e-05
785,-0.38634353998509,-0.180220200218632,0.1342921189778,1.66153438953085e-05,7.91534604860627e-06,-6.06569408788334e-06,7.86273984500699e-05,1.18690186746424e-05,-5.32145871841634e-05,2.15246745520578e-05,-9.10546750969196e-05,-2.42962953214921e-05,4.07873105373138e-05
786,-0.385391694164621,-0.179769591531737,0.133948014506803,1.65738243665462e-05,7.89541039983906e-06,-6.05036347586075e-06,7.85871094094646e-05,1.18309569776901e-05,-5.3204880729007e-05,2.14850427571351e-05,-9.09915046288471e-05,-2.42353521970727e-05,4.08004855096244e-05
787,-0.384442229724544,-0.179320112069919,0.13360477239632,1.653240448713e-05,7.87552550055373e-06,-6.03507177421249e-06,7.85468401637906e-05,1.17930566563925e-05,-5.31953418342443e-05,2.14454188200606e-05,-9.09283584924369e-05,-2.41745749850388e-05,4.08138235055981e-05
788,-0.383495140935034,-0.178871758986908,0.133262390493545,1.6491084023393e-05,7.85569120811979e-06,-6.01981887590724e-06,7.85065902883116e-05,1.17553168882867e-05,-5.31859694579895e-05,2.14058026222966e-05,-9.08652361945145e-05,-2.41139627944897e-05,4.08273235517865e-05
789,-0.382550422079751,-0.178424529444297,0.132920866651427,1.64498627429166e-05,7.83590738072078e-06,-6.00460467450029e-06,7.84663593668461e-05,1.17177368634731e-05,-5.31767625741306e-05,2.13661940483908e-05,-9.08021372522568e-05,-2.40535147488838e-05,4.084098468872e-05
790,-0.381608067455778,-0.177978420611496,0.132580198728639,1.64087404144884e-05,7.81617387733062e-06,-5.98942906412172e-06,7.84261469914965e-05,1.1680315784036e-05,-5.31677201718446e-05,2.13265929857655e-05,-9.07390611927258e-05,-2.39932299852652e-05,4.08548059706153e-05
791,-0.380668071373545,-0.177533429665688,0.132240384589549,1.63677168080838e-05,7.79649055770841e-06,-5.97429193946898e-06,7.83859527625293e-05,1.16430528640725e-05,-5.31588412554566e-05,2.12869993247465e-05,-9.0676007552911e-05,-2.39331076544543e-05,4.08687864650748e-05
792,-0.379730428156764,-0.177089553791789,0.131901422104185,1.63267916948254e-05,7.7768572823776e-06,-5.95919319579481e-06,7.83457762880823e-05,1.1605947329192e-05,-5.3150124843949e-05,2.1247412958388e-05,-9.06129758791907e-05,-2.38731469203005e-05,4.08829252528406e-05
793,-0.378795132142365,-0.176646790182402,0.13156330914821,1.62859648469677e-05,7.75727391262517e-06,-5.94413272889932e-06,7.83056171840404e-05,1.15689984166723e-05,-5.31415699708291e-05,2.1207833782568e-05,-9.05499657280424e-05,-2.38133469606742e-05,4.08972214268272e-05
794,-0.377862177680425,-0.176205136037778,0.13122604360289,1.62452360378735e-05,7.7377403104777e-06,-5.92911043511736e-06,7.82654750739273e-05,1.15322053748087e-05,-5.3133175683615e-05,2.11682616958469e-05,-9.0486976662301e-05,-2.37537069631824e-05,4.09116740952414e-05
795,-0.376931559134112,-0.175764588565772,0.130889623355068,1.62046050419744e-05,7.7182563386971e-06,-5.91412621131315e-06,7.82253495885666e-05,1.14955674630122e-05,-5.31249410437227e-05,2.11286965993928e-05,-9.0424008257852e-05,-2.36942261322976e-05,4.09262823744374e-05
796,-0.37600327087962,-0.17532514498181,0.130554046297131,1.61640716347514e-05,7.69882186076824e-06,-5.89917995487043e-06,7.81852403659623e-05,1.14590839515534e-05,-5.31168651261446e-05,2.10891383969512e-05,-9.03610600982243e-05,-2.36349036838154e-05,4.09410453938827e-05
797,-0.375077307306108,-0.174886802508839,0.130219310326987,1.61236355927144e-05,7.67943674088349e-06,-5.88427156368359e-06,7.8145147051191e-05,1.14227541212092e-05,-5.31089470191444e-05,2.10495869947545e-05,-9.02981317676849e-05,-2.35757388377031e-05,4.09559623026505e-05
798,-0.374153662815643,-0.174449558377298,0.129885413348037,1.6083296693368e-05,7.66010084394175e-06,-5.86940093614372e-06,7.81050692960119e-05,1.13865772633758e-05,-5.31011858237979e-05,2.10100423016273e-05,-9.02352228745418e-05,-2.35167308419057e-05,4.0971032245268e-05
799,-0.373232331823142,-0.174013409825072,0.129552353269147,1.60430547151983e-05,7.6408140355221e-06,-5.8545679711406e-06,7.8065006758995e-05,1.13505526794155e-05,-5.30935806540718e-05,2.09705042286378e-05,-9.01723330204412e-05,-2.34578789408617e-05,4.09862543926255e-05
800,-0.372313308756316,-0.17357835409746,0.12922012800462,1.60029094376493e-05,7.6215761818869e-06,-5.83977256804594e-06,7.80249591051812e-05,1.1314679680856e-05,-5.30861306362856e-05,2.09309726893274e-05,-9.01094618217651e-05,-2.33991823974399e-05,4.10016279197017e-05
801,-0.371396588055616,-0.173144388447133,0.128888735474176,1.59628606410939e-05,7.60238714996118e-06,-5.82501462671102e-06,7.79849260059676e-05,1.12789575889134e-05,-5.30788349090044e-05,2.08914475994306e-05,-9.00466089012598e-05,-2.33406404842056e-05,4.10171520137122e-05
802,-0.370482164174178,-0.172711510134102,0.12855817360292,1.59229081068127e-05,7.58324680732916e-06,-5.81029404744913e-06,7.79449071388316e-05,1.12433857344514e-05,-5.30716926224223e-05,2.08519288770485e-05,-8.99837738891185e-05,-2.32822524847383e-05,4.10328258721354e-05
803,-0.36957003157777,-0.17227971642568,0.12822844032132,1.58830516169769e-05,7.56415502222319e-06,-5.79561073104137e-06,7.79049021873267e-05,1.12079634578658e-05,-5.30647029386683e-05,2.08124164424032e-05,-8.99209564228348e-05,-2.32240176933739e-05,4.10486487031602e-05
804,-0.368660184744746,-0.171849004596445,0.127899533565186,1.58432909546365e-05,7.54511166351076e-06,-5.78096457872041e-06,7.78649108409736e-05,1.11726901087026e-05,-5.30578650311908e-05,2.07729102179092e-05,-8.98581561471354e-05,-2.31659354148644e-05,4.1064619725029e-05
805,-0.367752618165989,-0.171419371928208,0.127571451275638,1.58036259036696e-05,7.52611660069253e-06,-5.76635549216432e-06,7.78249327947539e-05,1.11375650458131e-05,-5.30511780845526e-05,2.07334101280897e-05,-8.9795372715229e-05,-2.31080049662882e-05,4.10807381640775e-05
806,-0.366847326344869,-0.170990815709977,0.127244191399089,1.57640562487935e-05,7.5071697038776e-06,-5.75178337348818e-06,7.77849677493715e-05,1.11025876365843e-05,-5.3044641294097e-05,2.06939160994754e-05,-8.97326057799912e-05,-2.3050225667204e-05,4.10970032634773e-05
807,-0.36594430379719,-0.170563333237924,0.12691775188722,1.57245817755384e-05,7.48827084378831e-06,-5.73724812524151e-06,7.77450154109715e-05,1.10677572572966e-05,-5.30382538659784e-05,2.06544280606313e-05,-8.96698550117347e-05,-2.29925968580598e-05,4.11134142652152e-05
808,-0.365043545051148,-0.17013692181535,0.126592130696956,1.56852022702203e-05,7.46941989174764e-06,-5.72274965039781e-06,7.77050754909097e-05,1.10330732928186e-05,-5.30320150167402e-05,2.06149459420914e-05,-8.96071200799057e-05,-2.29351178818146e-05,4.11299704277442e-05
809,-0.364145044647282,-0.169711578752656,0.126267325790443,1.56459175199287e-05,7.45061671966838e-06,-5.70828785234957e-06,7.76651477056973e-05,1.09985351363768e-05,-5.30259239731555e-05,2.05754696762851e-05,-8.95444006620035e-05,-2.2877788092683e-05,4.11466710168493e-05
810,-0.36324879713843,-0.169287301367307,0.125943335135029,1.56067273125178e-05,7.43186120004619e-06,-5.69386263489805e-06,7.76252317769177e-05,1.09641421894047e-05,-5.30199799718864e-05,2.05359991975995e-05,-8.94816964417298e-05,-2.28206068542167e-05,4.11635153070743e-05
811,-0.362354797089689,-0.168864086983802,0.125620156703238,1.55676314365718e-05,7.41315320594788e-06,-5.67947390225077e-06,7.75853274309628e-05,1.09298938613386e-05,-5.30141822593657e-05,2.04965344421768e-05,-8.9419007108608e-05,-2.27635735389839e-05,4.11805025817205e-05
812,-0.361463039078368,-0.168441932933642,0.125297788472753,1.55286296813872e-05,7.39449261100708e-06,-5.66512155901584e-06,7.75454343988704e-05,1.08957895696055e-05,-5.30085300916351e-05,2.04570753479076e-05,-8.93563323578173e-05,-2.27066875285524e-05,4.11976321326881e-05
813,-0.36057351769395,-0.168020836555299,0.124976228426391,1.54897218369833e-05,7.37587928941277e-06,-5.65080551019087e-06,7.75055524164554e-05,1.0861828739255e-05,-5.30030227339596e-05,2.04176218545163e-05,-8.92936718903724e-05,-2.2649948213172e-05,4.12149032600426e-05
814,-0.359686227538048,-0.167600795194187,0.124655474552084,1.54509076940552e-05,7.35731311590142e-06,-5.63652566116212e-06,7.74656812239018e-05,1.0828010802923e-05,-5.29976594607723e-05,2.03781739033362e-05,-8.92310254125859e-05,-2.25933549916071e-05,4.12323152720881e-05
815,-0.35880116322437,-0.167181806202632,0.124335524842859,1.54121870439893e-05,7.33879396575487e-06,-5.62228191769281e-06,7.74258205658714e-05,1.07943352007606e-05,-5.29924395553318e-05,2.03387314375299e-05,-8.91683926363048e-05,-2.2536907271194e-05,4.12498674848984e-05
816,-0.357918319378673,-0.166763866939839,0.124016377296819,1.53735596788139e-05,7.32032171478513e-06,-5.60807418592415e-06,7.73859701911363e-05,1.07608013801593e-05,-5.29873623096807e-05,2.02992944017416e-05,-8.91057732783413e-05,-2.24806044673643e-05,4.12675592224758e-05
817,-0.357037690638735,-0.16634697477187,0.123698029917118,1.53350253912098e-05,7.30189623932617e-06,-5.59390237236505e-06,7.73461298526852e-05,1.07274087954916e-05,-5.29824270243047e-05,2.02598627422058e-05,-8.90431670606425e-05,-2.2424446003449e-05,4.12853898163474e-05
818,-0.356159271654307,-0.165931127071606,0.12338048071195,1.5296583974488e-05,7.2835174162345e-06,-5.57976638388797e-06,7.73062993074831e-05,1.06941569082659e-05,-5.29776330080307e-05,2.02204364067568e-05,-8.89805737100559e-05,-2.23684313108387e-05,4.1303358605458e-05
819,-0.355283057087085,-0.165516321218729,0.123063727694521,1.52582352225792e-05,7.26518512287624e-06,-5.56566612772176e-06,7.72664783164104e-05,1.06610451867712e-05,-5.29729795777331e-05,2.01810153447583e-05,-8.89179929582265e-05,-2.23125598285873e-05,4.13214649359169e-05
820,-0.354409041610671,-0.165102554599685,0.122747768883037,1.52199789300181e-05,7.24689923712013e-06,-5.55160151145233e-06,7.72266666441837e-05,1.06280731059949e-05,-5.29684660583899e-05,2.01415995069771e-05,-8.88554245414466e-05,-2.22568310032578e-05,4.1339708161127e-05
821,-0.353537219910536,-0.164689824607662,0.122432602300682,1.51818148919317e-05,7.22865963733517e-06,-5.53757244301073e-06,7.71868640591665e-05,1.05952401475846e-05,-5.29640917826531e-05,2.01021888457007e-05,-8.87928682005325e-05,-2.22012442889506e-05,4.13580876412872e-05
822,-0.35266758668399,-0.164278128642562,0.122118225975599,1.51437429040221e-05,7.21046620237717e-06,-5.52357883067002e-06,7.71470703332814e-05,1.05625457995129e-05,-5.2959856090692e-05,2.00627833145827e-05,-8.87303236806488e-05,-2.21457991468804e-05,4.13766027433245e-05
823,-0.351800136640148,-0.163867464110974,0.121804637940875,1.51057627625568e-05,7.19231881158287e-06,-5.50962058304162e-06,7.71072852419344e-05,1.05299895559793e-05,-5.29557583300834e-05,2.00233828686063e-05,-8.86677907312112e-05,-2.20904950452561e-05,4.13952528408066e-05
824,-0.350934864499892,-0.163457828426148,0.121491836234522,1.50678742643665e-05,7.1742173447702e-06,-5.49569760906973e-06,7.70675085639642e-05,1.04975709174819e-05,-5.29517978556715e-05,1.99839874641773e-05,-8.86052691058891e-05,-2.20353314594068e-05,4.14140373137466e-05
825,-0.350071764995848,-0.163049219007967,0.121179818899458,1.50300772068153e-05,7.15616168222547e-06,-5.48180981802529e-06,7.70277400813824e-05,1.04652893905001e-05,-5.29479740292603e-05,1.99445970589684e-05,-8.85427585622564e-05,-2.19803078713741e-05,4.14329555483863e-05
826,-0.349210832872346,-0.162641633282924,0.120868583983493,1.49923713878088e-05,7.13815170469813e-06,-5.46795711950931e-06,7.69879795795389e-05,1.04331444874308e-05,-5.29442862198263e-05,1.99052116118553e-05,-8.848025886192e-05,-2.19254237698119e-05,4.14520069374452e-05
827,-0.348352062885394,-0.162235068684098,0.120558129539307,1.49547566057752e-05,7.12018729339499e-06,-5.4541394234326e-06,7.69482268468067e-05,1.04011357263619e-05,-5.29407338026821e-05,1.98658310830863e-05,-8.84177697703022e-05,-2.18706786498574e-05,4.14711908791865e-05
828,-0.347495449802646,-0.161829522651124,0.12024845362444,1.49172326596486e-05,7.10226832997818e-06,-5.44035664002773e-06,7.69084816745351e-05,1.03692626312364e-05,-5.29373161600144e-05,1.98264554340399e-05,-8.83552910564541e-05,-2.18160720131554e-05,4.14905067780953e-05
829,-0.346640988403373,-0.161424992630174,0.119939554301268,1.48797993488633e-05,7.08439469655417e-06,-5.42660867983456e-06,7.68687438569593e-05,1.0337524731463e-05,-5.29340326802746e-05,1.97870846272994e-05,-8.82928224930086e-05,-2.17616033675122e-05,4.15099540442254e-05
830,-0.345788673478436,-0.161021476073928,0.119631429636995,1.48424564733538e-05,7.06656627566613e-06,-5.41289545370136e-06,7.68290131912634e-05,1.03059215617644e-05,-5.29308827582558e-05,1.97477186265576e-05,-8.82303638561875e-05,-2.17072722266884e-05,4.15295320933318e-05
831,-0.344938499830251,-0.160618970441556,0.119324077703629,1.48052038335291e-05,7.04878295029656e-06,-5.39921687277787e-06,7.6789289477256e-05,1.02744526623479e-05,-5.29278657948458e-05,1.97083573966698e-05,-8.81679149255086e-05,-2.16530781106006e-05,4.15492403465932e-05
832,-0.34409046227277,-0.160217473198687,0.119017496577971,1.47680412302742e-05,7.03104460385491e-06,-5.38557284851258e-06,7.67495725174461e-05,1.02431175785512e-05,-5.29249811969072e-05,1.96690009035635e-05,-8.81054754838095e-05,-2.15990205449145e-05,4.15690782305438e-05
833,-0.343244555631448,-0.159816981817391,0.118711684341599,1.47309684649378e-05,7.01335112017519e-06,-5.37196329264649e-06,7.67098621168903e-05,1.02119158608221e-05,-5.29222283770501e-05,1.96296491142685e-05,-8.80430453171111e-05,-2.15450990610429e-05,4.15890451768293e-05
834,-0.342400774743214,-0.159417493776156,0.11840663908085,1.46939853393306e-05,6.99570238350843e-06,-5.35838811721674e-06,7.6670158083264e-05,1.0180847064578e-05,-5.29196067537991e-05,1.95903019967811e-05,-8.79806242146116e-05,-2.14913131959256e-05,4.16091406224514e-05
835,-0.341559114456452,-0.159019006559863,0.118102358886809,1.46570916556995e-05,6.97809827852002e-06,-5.34484723454304e-06,7.66304602264966e-05,1.01499107501414e-05,-5.29171157510239e-05,1.95509595201453e-05,-8.79182119683679e-05,-2.14376624920127e-05,4.16293640091525e-05
836,-0.340719569630968,-0.158621517659763,0.11779884185529,1.4620287216753e-05,6.96053869028409e-06,-5.3313405572272e-06,7.6590768359079e-05,1.0119106482572e-05,-5.29147547980019e-05,1.95116216544966e-05,-8.78558083736287e-05,-2.13841464971217e-05,4.16497147834522e-05
837,-0.339882135137968,-0.158225024573459,0.117496086086824,1.45835718256031e-05,6.94302350427744e-06,-5.3178679981568e-06,7.65510822955335e-05,1.00884338316917e-05,-5.29125233294746e-05,1.94722883707379e-05,-8.7793413228117e-05,-2.13307647642752e-05,4.16701923968911e-05
838,-0.339046805860033,-0.157829524804879,0.117194089686642,1.45469452857982e-05,6.92555260637284e-06,-5.30442947049203e-06,7.65114018526902e-05,1.0057892371753e-05,-5.29104207851792e-05,1.94329596407786e-05,-8.77310263324449e-05,-2.12775168515076e-05,4.16907963054246e-05
839,-0.33821357669109,-0.15743501586426,0.116892850764664,1.45104074013158e-05,6.90812588284161e-06,-5.2910248876682e-06,7.64717268496182e-05,1.00274816816419e-05,-5.29084466100223e-05,1.93936354375113e-05,-8.76686474900308e-05,-2.12244023220544e-05,4.17115259696097e-05
840,-0.337382442536397,-0.15704149526812,0.11659236743548,1.44739579765277e-05,6.89074322034124e-06,-5.27765416338904e-06,7.64320571072898e-05,9.99720134454404e-06,-5.29066002536983e-05,1.93543157346454e-05,-8.76062765066684e-05,-2.11714207439226e-05,4.17323808543198e-05
841,-0.336553398312508,-0.156648960539244,0.11629263781834,1.44375968162191e-05,6.87340450591543e-06,-5.26431721162645e-06,7.63923924487779e-05,9.96705094797866e-06,-5.29048811707779e-05,1.93150005067899e-05,-8.75439131907708e-05,-2.11185716899715e-05,4.1753360428785e-05
842,-0.335726438947257,-0.156257409206657,0.115993660037141,1.44013237255636e-05,6.85610962698779e-06,-5.25101394661471e-06,7.63527326989891e-05,9.93703008365524e-06,-5.29032888204237e-05,1.92756897293805e-05,-8.74815573530627e-05,-2.10658547377288e-05,4.17744641663501e-05
843,-0.334901559379733,-0.155866838805608,0.115695432220406,1.43651385101396e-05,6.83885847135466e-06,-5.23774428285278e-06,7.63130776848962e-05,9.90713834728692e-06,-5.29018226665271e-05,1.92363833786273e-05,-8.74192088067815e-05,-2.10132694691722e-05,4.17956915446418e-05
844,-0.334078754560257,-0.155477246877547,0.115397952501282,1.43290409759019e-05,6.82165092718884e-06,-5.22450813509231e-06,7.62734272351201e-05,9.87737533873772e-06,-5.29004821772237e-05,1.91970814316381e-05,-8.73568673673315e-05,-2.09608154709491e-05,4.18170420450123e-05
845,-0.333258019450358,-0.155088630970106,0.115101219017514,1.42930309291758e-05,6.80448688302544e-06,-5.21130541834504e-06,7.62337811800222e-05,9.84774066168566e-06,-5.2899266825146e-05,1.91577838661309e-05,-8.72945328522096e-05,-2.0908492333873e-05,4.18385151529586e-05
846,-0.332439349022755,-0.154700988637078,0.114805229911442,1.42571081766747e-05,6.78736622776693e-06,-5.19813604787103e-06,7.61941393517452e-05,9.8182339237193e-06,-5.28981760870468e-05,1.91184906607313e-05,-8.72322050813442e-05,-2.08562996533183e-05,4.18601103574477e-05
847,-0.33162273826133,-0.1543143174384,0.114509983329982,1.42212725254693e-05,6.77028885067463e-06,-5.1849999391821e-06,7.61545015839786e-05,9.78885473620577e-06,-5.28972094438702e-05,1.90792017947199e-05,-8.71698838760833e-05,-2.08042370283105e-05,4.18818271517655e-05
848,-0.330808182161113,-0.153928614940131,0.114215477424615,1.41855237830006e-05,6.75325464136352e-06,-5.17189700803458e-06,7.6114867712062e-05,9.75960271408764e-06,-5.28963663804854e-05,1.90399172481277e-05,-8.71075690606167e-05,-2.07523040626424e-05,4.19036650319307e-05
849,-0.329995675728253,-0.153543878714433,0.113921710351376,1.41498617570745e-05,6.73626348980791e-06,-5.15882717043419e-06,7.60752375729241e-05,9.7304774761847e-06,-5.28956463859587e-05,1.90006370017188e-05,-8.70452604606409e-05,-2.07005003639014e-05,4.1925623498242e-05
850,-0.329185213980003,-0.153160106339552,0.113628680270838,1.4114286255842e-05,6.7193152863171e-06,-5.14579034262388e-06,7.60356110049377e-05,9.70147864436652e-06,-5.28950489528838e-05,1.8961361036815e-05,-8.69829579037445e-05,-2.06488255431733e-05,4.1947702054077e-05
851,-0.328376791944697,-0.152777295399802,0.113336385348099,1.40787970877874e-05,6.70240992155582e-06,-5.13278644108651e-06,7.59959878476709e-05,9.67260584434863e-06,-5.28945735776486e-05,1.89220893354583e-05,-8.69206612191279e-05,-2.05972792158056e-05,4.19699002061916e-05
852,-0.327570404661733,-0.152395443485542,0.113044823752776,1.40433940617615e-05,6.68554728652684e-06,-5.11981538254208e-06,7.59563679423204e-05,9.64385870506388e-06,-5.28942197603065e-05,1.88828218803721e-05,-8.6858370238013e-05,-2.05458610007565e-05,4.19922174646139e-05
853,-0.326766047181546,-0.152014548193161,0.112753993658985,1.40080769869497e-05,6.66872727256816e-06,-5.10687708394901e-06,7.59167511313968e-05,9.61523685870095e-06,-5.28939870045836e-05,1.88435586547978e-05,-8.67960847932348e-05,-2.0494570520539e-05,4.20146533427456e-05
854,-0.325963714565596,-0.151634607125058,0.112463893245333,1.39728456728627e-05,6.65194977135432e-06,-5.09397146249257e-06,7.58771372585212e-05,9.58673994072145e-06,-5.28938748174236e-05,1.880429964265e-05,-8.67338047191276e-05,-2.04434074013278e-05,4.20372073568172e-05
855,-0.325163401886341,-0.151255617889623,0.112174520694906,1.39376999293659e-05,6.63521467489077e-06,-5.08109843559275e-06,7.58375261688199e-05,9.55836758972412e-06,-5.28938827093709e-05,1.87650448284443e-05,-8.66715298518776e-05,-2.03923712727818e-05,4.20598790263132e-05
856,-0.324365104227225,-0.150877578101224,0.111885874195255,1.39026395666282e-05,6.61852187551189e-06,-5.06825792089382e-06,7.57979177083123e-05,9.53011944744862e-06,-5.28940101940513e-05,1.87257941972466e-05,-8.66092600288821e-05,-2.03414617680185e-05,4.20826678734815e-05
857,-0.323568816682652,-0.150500485380183,0.111597951938386,1.38676643951613e-05,6.60187126587234e-06,-5.05544983627099e-06,7.57583117244247e-05,9.50199515850281e-06,-5.28942567885057e-05,1.86865477346194e-05,-8.6546995089232e-05,-2.02906785233101e-05,4.21055734236984e-05
858,-0.322774534357971,-0.150124337352763,0.11131075212075,1.38327742257921e-05,6.58526273895422e-06,-5.04267409981735e-06,7.571870806553e-05,9.47399437060344e-06,-5.28946220126665e-05,1.86473054267968e-05,-8.64847348733523e-05,-2.02400211784257e-05,4.21285952048442e-05
859,-0.321982252369457,-0.149749131651147,0.111024272943225,1.37979688696556e-05,6.56869618805228e-06,-5.02993062985331e-06,7.56791065810528e-05,9.44611673421247e-06,-5.28951053896675e-05,1.86080672603572e-05,-8.64224792229187e-05,-2.01894893760784e-05,4.21517327478016e-05
860,-0.32119196584429,-0.149374865913425,0.110738512611112,1.37632481382183e-05,6.55217150678203e-06,-5.01721934491569e-06,7.5639507121542e-05,9.41836190271949e-06,-5.28957064455218e-05,1.85688332225558e-05,-8.63602279811218e-05,-2.01390827622994e-05,4.21749855859419e-05
861,-0.320403669920541,-0.149001537783575,0.11045346933412,1.37286118432465e-05,6.53568858906511e-06,-5.00454016376219e-06,7.55999095384794e-05,9.39072953209177e-06,-5.28964247091722e-05,1.85296033009832e-05,-8.62979809915537e-05,-2.00888009851661e-05,4.21983532560979e-05
862,-0.319617359747149,-0.148629144911444,0.110169141326355,1.36940597968242e-05,6.51924732914216e-06,-4.99189300536431e-06,7.55603136843e-05,9.36321928125852e-06,-5.2897259712346e-05,1.84903774838827e-05,-8.62357381020375e-05,-2.0038643698996e-05,4.22218352946086e-05
863,-0.318833030483903,-0.148257684952735,0.109885526806309,1.36595918113366e-05,6.50284762155023e-06,-4.97927778891062e-06,7.55207194123909e-05,9.33583081144722e-06,-5.28982109895311e-05,1.84511557597805e-05,-8.61734991571599e-05,-1.99886105562162e-05,4.22454312447621e-05
864,-0.31805067730143,-0.147887155568989,0.10960262399685,1.36252076994739e-05,6.48648936113993e-06,-4.9666944338011e-06,7.54811265769573e-05,9.30856378675329e-06,-5.28992780778902e-05,1.84119381177865e-05,-8.61112640050707e-05,-1.99387012148667e-05,4.22691406497768e-05
865,-0.317270295381169,-0.147517554427566,0.109320431125208,1.3590907274222e-05,6.4701724430574e-06,-4.95414285964598e-06,7.54415350330268e-05,9.2814178735762e-06,-5.29004605170956e-05,1.83727245473669e-05,-8.60490324961959e-05,-1.98889153367453e-05,4.22929630539264e-05
866,-0.316491879915362,-0.147148879201634,0.109038946422968,1.35566903488844e-05,6.45389676275435e-06,-4.94162298626926e-06,7.5401944636619e-05,9.25439274098561e-06,-5.29017578496107e-05,1.83335150384907e-05,-8.59868044807458e-05,-1.98392525851124e-05,4.2316898005484e-05
867,-0.315715426107026,-0.146781127570147,0.108758168126056,1.35225567370336e-05,6.43766221597366e-06,-4.92913473369969e-06,7.53623552442608e-05,9.22748806029514e-06,-5.29031696201409e-05,1.82943095814208e-05,-8.59245798057325e-05,-1.97897126217668e-05,4.23409450586693e-05
868,-0.314940929169947,-0.146414297217836,0.108478094474732,1.34885062525646e-05,6.42146869875618e-06,-4.91667802217087e-06,7.53227667134722e-05,9.20070350522293e-06,-5.29046953758168e-05,1.8255108166982e-05,-8.5862358327765e-05,-1.97402951195157e-05,4.2365103761524e-05
869,-0.314168384328654,-0.146048385835186,0.108198723713576,1.34545387096484e-05,6.40531610743181e-06,-4.90425277212385e-06,7.52831789023628e-05,9.17403875174108e-06,-5.29063346661652e-05,1.82159107862568e-05,-8.58001398980579e-05,-1.96909997474362e-05,4.23893736704701e-05
870,-0.313397786818405,-0.145683391118423,0.107920054091476,1.34206539227489e-05,6.38920433862142e-06,-4.89185890420272e-06,7.52435916697412e-05,9.14749347810775e-06,-5.29080870429964e-05,1.81767174307331e-05,-8.57379243713587e-05,-1.96418261797253e-05,4.24137543413789e-05
871,-0.312629131885171,-0.145319310769501,0.107642083861625,1.33868517066263e-05,6.37313328923474e-06,-4.87949633925279e-06,7.52040048751286e-05,9.1210673648061e-06,-5.29099520603363e-05,1.81375280923156e-05,-8.56757116016614e-05,-1.95927740913389e-05,4.24382453338035e-05
872,-0.311862414785618,-0.144956142496083,0.107364811281501,1.33531318763184e-05,6.35710285646425e-06,-4.86716499832177e-06,7.51644183786165e-05,9.09476009441971e-06,-5.29119292744193e-05,1.80983427631758e-05,-8.56135014448222e-05,-1.95438431606254e-05,4.24628462082136e-05
873,-0.31109763078709,-0.144593884011527,0.107088234612865,1.33194942471615e-05,6.34111293778628e-06,-4.8548648026564e-06,7.51248320410201e-05,9.06857135163473e-06,-5.29140182436137e-05,1.80591614358849e-05,-8.55512937573672e-05,-1.94950330679818e-05,4.24875565272666e-05
874,-0.31033477516759,-0.144232533034872,0.106812352121745,1.32859386347582e-05,6.32516343095795e-06,-4.84259567369781e-06,7.5085245723524e-05,9.04250082319595e-06,-5.29162185281618e-05,1.80199841033341e-05,-8.54890883963768e-05,-1.94463434960487e-05,4.25123758553091e-05
875,-0.309573843215769,-0.14387208729082,0.106537162078429,1.32524648550104e-05,6.30925423401462e-06,-4.83035753308754e-06,7.50456592880683e-05,9.01654819783261e-06,-5.29185296904962e-05,1.79808107587319e-05,-8.54268852198699e-05,-1.93977741296342e-05,4.25373037586946e-05
876,-0.308814830230904,-0.143512544509724,0.106262662757452,1.32190727240951e-05,6.29338524527068e-06,-4.8181503026619e-06,7.5006072597039e-05,8.99071316632238e-06,-5.29209512949769e-05,1.7941641395614e-05,-8.53646840865005e-05,-1.93493246557839e-05,4.25623398055155e-05
877,-0.308057731522885,-0.14315390242757,0.105988852437591,1.31857620584717e-05,6.27755636331312e-06,-4.80597390445171e-06,7.4966485513367e-05,8.96499542128324e-06,-5.2923482907868e-05,1.79024760077941e-05,-8.53024848556277e-05,-1.9300994763544e-05,4.25874835656073e-05
878,-0.307302542412194,-0.142796158785966,0.105715729401849,1.31525326748793e-05,6.2617674870015e-06,-4.79382826067875e-06,7.49268979004585e-05,8.93939465718225e-06,-5.29261240972018e-05,1.78633145894068e-05,-8.52402873885915e-05,-1.92527841409683e-05,4.26127346090688e-05
879,-0.306549258229894,-0.142439311332124,0.10544329193745,1.31193843903331e-05,6.24601851546901e-06,-4.78171329375895e-06,7.48873096221595e-05,8.91391057043429e-06,-5.29288744329224e-05,1.78241571348615e-05,-8.517809154205e-05,-1.92046924903248e-05,4.26380925130319e-05
880,-0.305797874317609,-0.142083357818847,0.105171538335825,1.30863170221289e-05,6.23030934811383e-06,-4.76962892629863e-06,7.48477205428225e-05,8.88854285909392e-06,-5.29317334866974e-05,1.77850036388116e-05,-8.51158971812289e-05,-1.91567194975003e-05,4.26635568482911e-05
881,-0.30504838602751,-0.141728296004515,0.104900466892605,1.30533303878338e-05,6.21463988460412e-06,-4.75757508109405e-06,7.48081305271503e-05,8.86329122307287e-06,-5.29347008319258e-05,1.77458540961854e-05,-8.50537041665828e-05,-1.91088648625053e-05,4.26891271924933e-05
882,-0.304300788722296,-0.141374123653068,0.104630075907612,1.30204243053062e-05,6.19901002487538e-06,-4.74555168112847e-06,7.4768539440386e-05,8.8381553640094e-06,-5.29377760436522e-05,1.77067085022699e-05,-8.49915123606337e-05,-1.90611282842571e-05,4.27148031234044e-05
883,-0.30355507777518,-0.141020838533994,0.104360363684846,1.29875985926562e-05,6.18341966912182e-06,-4.73355864957517e-06,7.47289471479745e-05,8.81313498511027e-06,-5.29409586985678e-05,1.76675668524234e-05,-8.49293216261468e-05,-1.90135094632826e-05,4.27405842203954e-05
884,-0.302811248569873,-0.140668438422317,0.104091328532477,1.29548530682888e-05,6.1678687178037e-06,-4.72159590979417e-06,7.46893535159153e-05,8.7882297913108e-06,-5.29442483750226e-05,1.76284291423647e-05,-8.48671318266499e-05,-1.89660081020453e-05,4.2766470064288e-05
885,-0.302069296500565,-0.140316921098577,0.103822968762838,1.29221875508674e-05,6.15235707164346e-06,-4.70966338532733e-06,7.4649758410356e-05,8.76343948920231e-06,-5.29476446527324e-05,1.75892953680658e-05,-8.48049428259646e-05,-1.89186239048109e-05,4.27924602371238e-05
886,-0.301329216971913,-0.13996628434882,0.103555282692409,1.28896018593442e-05,6.13688463161743e-06,-4.697760999907e-06,7.46101616980224e-05,8.73876378678726e-06,-5.29511471131594e-05,1.75501655256388e-05,-8.47427544885724e-05,-1.88713565773373e-05,4.28185543226094e-05
887,-0.300591005399023,-0.139616525964584,0.103288268641815,1.285709581293e-05,6.12145129896325e-06,-4.68588867744314e-06,7.45705632457331e-05,8.7142023937112e-06,-5.29547553389719e-05,1.75110396115018e-05,-8.46805666792239e-05,-1.8824205827202e-05,4.28447519054812e-05
888,-0.299854657207431,-0.139267643742884,0.103021924935811,1.28246692311081e-05,6.10605697517054e-06,-4.67404634203555e-06,7.4530962920695e-05,8.68975502104215e-06,-5.29584689145325e-05,1.74719176221401e-05,-8.46183792630966e-05,-1.87771713634437e-05,4.28710525721309e-05
889,-0.299120167833094,-0.1389196354862,0.102756249903277,1.27923219336472e-05,6.0907015619865e-06,-4.66223391796192e-06,7.44913605904836e-05,8.6654213813601e-06,-5.29622874254742e-05,1.74327995543911e-05,-8.45561921059401e-05,-1.87302528968166e-05,4.28974559100177e-05
890,-0.298387532722367,-0.13857249900246,0.102491241877204,1.27600537405762e-05,6.07538496140989e-06,-4.65045132968156e-06,7.44517561228426e-05,8.64120118865773e-06,-5.29662104587755e-05,1.73936854052284e-05,-8.44940050737509e-05,-1.8683450139566e-05,4.29239615078673e-05
891,-0.297656747331991,-0.138226232105029,0.102226899194687,1.27278644722026e-05,6.06010707569207e-06,-4.63869850183393e-06,7.44121493858358e-05,8.61709415835163e-06,-5.29702376027518e-05,1.73545751718604e-05,-8.44318180351558e-05,-1.8636762803342e-05,4.29505689534318e-05
892,-0.296927807129075,-0.137880832612695,0.101963220196917,1.26957539491005e-05,6.04486780733291e-06,-4.62697535924109e-06,7.43725402477663e-05,8.59310000720791e-06,-5.29743684471166e-05,1.73154688516058e-05,-8.43696308503855e-05,-1.85901906098271e-05,4.29772778444974e-05
893,-0.296200707591082,-0.137536298349657,0.101700203229171,1.26637219921246e-05,6.02966705908121e-06,-4.61528182690267e-06,7.43329285772532e-05,8.56921845330951e-06,-5.2978602582812e-05,1.72763664420166e-05,-8.43074433931701e-05,-1.85437332692264e-05,4.30040877668951e-05
894,-0.295475444205811,-0.137192627145508,0.1014378466408,1.26317684223898e-05,6.01450473393492e-06,-4.6036178299947e-06,7.42933142430007e-05,8.54544921611938e-06,-5.29829396019302e-05,1.72372679408267e-05,-8.42452555286478e-05,-1.84973905017664e-05,4.30309983162831e-05
895,-0.294752012471382,-0.136849816835224,0.101176148785224,1.25998930612845e-05,5.99938073513723e-06,-4.59198329387182e-06,7.42536971139652e-05,8.52179201635825e-06,-5.29873790978143e-05,1.71981733459193e-05,-8.41830671248015e-05,-1.84511620271946e-05,4.3058009086978e-05
896,-0.294030407896222,-0.136507865259151,0.10091510801992,1.25680957304724e-05,5.98429496617464e-06,-4.58037814406515e-06,7.42140770593592e-05,8.49824657593843e-06,-5.29919206649698e-05,1.71590826553429e-05,-8.41208780504386e-05,-1.84050475670177e-05,4.30851196738905e-05
897,-0.293310625999045,-0.136166770262992,0.100654722706415,1.253637625188e-05,5.96924733077672e-06,-4.56880230628424e-06,7.41744539485192e-05,8.47481261802122e-06,-5.29965638991261e-05,1.71199958672316e-05,-8.40586881709906e-05,-1.83590468404927e-05,4.31123296766547e-05
898,-0.29259266230884,-0.135826529697792,0.100394991210274,1.25047344477174e-05,5.95423773291958e-06,-4.55725570641044e-06,7.41348276510337e-05,8.45148986705482e-06,-5.30013083970356e-05,1.70809129800174e-05,-8.39964973600734e-05,-1.83131595739335e-05,4.3139638687996e-05
899,-0.291876512364852,-0.135487141419926,0.100135911901094,1.24731701404518e-05,5.93926607681612e-06,-4.54573827050201e-06,7.40951980365639e-05,8.42827804856098e-06,-5.30061537565755e-05,1.70418339921449e-05,-8.39343054794137e-05,-1.82673854914108e-05,4.31670463137257e-05
900,-0.291162171716568,-0.135148603291088,0.0998774831524941,1.24416831528344e-05,5.92433226691952e-06,-4.53424992479107e-06,7.40555649750602e-05,8.40517688919225e-06,-5.30110995767059e-05,1.70027589022532e-05,-8.38721124042424e-05,-1.82217243183744e-05,4.31945521475237e-05
901,-0.2904496359237,-0.134810913178276,0.0996197033421063,1.24102733078832e-05,5.90943620792494e-06,-4.52279059568329e-06,7.40159283365533e-05,8.38218611684264e-06,-5.30161454574405e-05,1.69636877091361e-05,-8.38099180018717e-05,-1.81761757821611e-05,4.3222155792122e-05
902,-0.289738900556171,-0.134474068953776,0.0993625708515658,1.23789404288851e-05,5.89457780476345e-06,-4.51136020975689e-06,7.39762879911992e-05,8.3593054604476e-06,-5.30212909997779e-05,1.69246204116927e-05,-8.37477221418222e-05,-1.81307396110706e-05,4.32498568491549e-05
903,-0.289029961194096,-0.134138068495158,0.0991060840665034,1.23476843394015e-05,5.87975696260206e-06,-4.49995869376317e-06,7.39366438093279e-05,8.33653464999734e-06,-5.30265358057428e-05,1.68855570089386e-05,-8.36855246938553e-05,-1.80854155345248e-05,4.32776549212154e-05
904,-0.288322813427768,-0.133802909685255,0.0988502413765357,1.23165048632675e-05,5.86497358684543e-06,-4.48858597462438e-06,7.38969956613935e-05,8.31387341659657e-06,-5.30318794783132e-05,1.68464975000547e-05,-8.36233255279524e-05,-1.80402032831555e-05,4.33055496117543e-05
905,-0.287617452857642,-0.133468590412152,0.098595041175257,1.22854018245883e-05,5.85022758313155e-06,-4.47724197943478e-06,7.38573434179603e-05,8.29132149235284e-06,-5.30373216214368e-05,1.68074418843044e-05,-8.356112451381e-05,-1.79951025882026e-05,4.3333540525587e-05
906,-0.286913875094318,-0.133135108569178,0.0983404818602299,1.22543750477433e-05,5.83551885733149e-06,-4.46592663545845e-06,7.38176869497174e-05,8.26887861036048e-06,-5.30428618399526e-05,1.67683901610781e-05,-8.34989215230925e-05,-1.79501131837356e-05,4.33616272665775e-05
907,-0.286212075758526,-0.132802462054887,0.0980865618329768,1.22234243573865e-05,5.8208473155462e-06,-4.45463987013087e-06,7.37780261275062e-05,8.24654450461986e-06,-5.30484997396432e-05,1.67293423298326e-05,-8.34367164250005e-05,-1.79052348021141e-05,4.3389809442149e-05
908,-0.285512050481108,-0.13247064877305,0.0978332794989709,1.21925495784465e-05,5.80621286411492e-06,-4.44338161105621e-06,7.37383608222261e-05,8.22431891031935e-06,-5.30542349271866e-05,1.66902983902273e-05,-8.3374509090679e-05,-1.78604671787723e-05,4.34180866587337e-05
909,-0.284813794903007,-0.132139666632641,0.0975806332676279,1.21617505361229e-05,5.79161540960218e-06,-4.43215178600827e-06,7.36986909048846e-05,8.20220156342539e-06,-5.30600670101067e-05,1.66512583419447e-05,-8.33122993909524e-05,-1.78158100494932e-05,4.34464585240389e-05
910,-0.284117304675243,-0.131809513547824,0.0973286215522967,1.21310270558916e-05,5.77705485880478e-06,-4.42095032292939e-06,7.36590162465804e-05,8.18019220091764e-06,-5.30659955967921e-05,1.66122221848055e-05,-8.32500871968158e-05,-1.7771263151153e-05,4.34749246465567e-05
911,-0.283422575458904,-0.131480187437943,0.0970772427702513,1.2100378963499e-05,5.76253111874672e-06,-4.4097771499305e-06,7.36193367184714e-05,8.15829056064624e-06,-5.30720202964607e-05,1.65731899186886e-05,-8.31878723817067e-05,-1.77268262195712e-05,4.35034846332255e-05
912,-0.282729602925126,-0.131151686227506,0.0968264953426815,1.20698060849736e-05,5.74804409668125e-06,-4.39863219529021e-06,7.35796521918542e-05,8.13649638138482e-06,-5.30781407191633e-05,1.65341615436052e-05,-8.31256548098795e-05,-1.76824989994101e-05,4.35321381011381e-05
913,-0.282038382755078,-0.130824007846175,0.0965763776946847,1.20393082466255e-05,5.73359370008948e-06,-4.38751538745408e-06,7.35399625381539e-05,8.11480940279801e-06,-5.30843564757532e-05,1.64951370596919e-05,-8.30634343598868e-05,-1.76382812245309e-05,4.35608846540203e-05
914,-0.281348910639946,-0.130497150228754,0.0963268882552572,1.20088852750192e-05,5.71917983667458e-06,-4.37642665503423e-06,7.35002676286744e-05,8.09322936530909e-06,-5.30906671777785e-05,1.6456116467052e-05,-8.30012109007427e-05,-1.75941726373774e-05,4.35897239057102e-05
915,-0.280661182280917,-0.130171111315177,0.0960780254572856,1.19785369970162e-05,5.7048024143698e-06,-4.36536592681074e-06,7.3460567334974e-05,8.07175601031593e-06,-5.30970724376904e-05,1.64170997659772e-05,-8.29389843041739e-05,-1.75501729795158e-05,4.36186554684905e-05
916,-0.27997519338916,-0.129845889050493,0.0958297877375379,1.1948263239749e-05,5.69046134133171e-06,-4.35433313172846e-06,7.3420861528611e-05,8.05038908000234e-06,-5.31035718686163e-05,1.63780869568221e-05,-8.28767544419433e-05,-1.75062819933347e-05,4.36476789552839e-05
917,-0.279290939685816,-0.129521481384857,0.0955821735366554,1.19180638306287e-05,5.67615652593656e-06,-4.34332819889853e-06,7.33811500812459e-05,8.02912831722973e-06,-5.31101650844232e-05,1.63390780399651e-05,-8.281452118593e-05,-1.74624994219139e-05,4.36767939797391e-05
918,-0.278608416901974,-0.129197886273519,0.0953351812991436,1.18879385973463e-05,5.66188787679022e-06,-4.33235105759751e-06,7.33414328645745e-05,8.0079734658759e-06,-5.31168516997561e-05,1.63000730159422e-05,-8.27522844081393e-05,-1.74188250094407e-05,4.37060001561914e-05
919,-0.27792762077866,-0.128875101676807,0.0950888094733644,1.18578873678661e-05,5.64765530271629e-06,-4.32140163726575e-06,7.33017097503122e-05,7.98692427044937e-06,-5.31236313298826e-05,1.62610718853055e-05,-8.26900439806052e-05,-1.73752585007424e-05,4.37352970995896e-05
920,-0.277248547066818,-0.12855312556012,0.0948430565115269,1.1827909970444e-05,5.63345871276016e-06,-4.31047986751047e-06,7.32619806103691e-05,7.9659804762323e-06,-5.31305035908941e-05,1.62220746486907e-05,-8.26277997756048e-05,-1.73317996414681e-05,4.37646844256583e-05
921,-0.276571191527295,-0.128231955893912,0.094597920869679,1.17980062336091e-05,5.61929801618996e-06,-4.29958567810141e-06,7.32222453166111e-05,7.94514182932484e-06,-5.31374680994993e-05,1.61830813068236e-05,-8.25655516654233e-05,-1.72884481781371e-05,4.3794161750687e-05
922,-0.275895549930826,-0.127911590653683,0.0943534010076993,1.17681759861645e-05,5.60517312248997e-06,-4.28871899897171e-06,7.3182503740911e-05,7.92440807644618e-06,-5.3144524473024e-05,1.61440918604353e-05,-8.25032995223553e-05,-1.72452038578905e-05,4.38237286915797e-05
923,-0.275221618058012,-0.127592027819969,0.0941094953892883,1.17384190572005e-05,5.59108394137045e-06,-4.27787976021936e-06,7.31427557552167e-05,7.90377896526498e-06,-5.31516723295739e-05,1.61051063103982e-05,-8.24410432188526e-05,-1.72020664289009e-05,4.3853384865938e-05
924,-0.27454939169931,-0.127273265378323,0.0938662024819601,1.17087352760994e-05,5.57703038275262e-06,-4.26706789210351e-06,7.31030012316612e-05,7.88325424386681e-06,-5.31589112877917e-05,1.60661246576219e-05,-8.23787826275733e-05,-1.71590356397789e-05,4.38831298918796e-05
925,-0.273878866655012,-0.126955301319311,0.0936235207570338,1.16791244725146e-05,5.56301235677997e-06,-4.25628332504831e-06,7.30632400422978e-05,7.86283366122403e-06,-5.31662409670618e-05,1.60271469030542e-05,-8.23165176211178e-05,-1.7116111240044e-05,4.39129633882418e-05
926,-0.273210038735233,-0.126638133638495,0.0933814486896253,1.16495864763843e-05,5.54902977381328e-06,-4.24552598963931e-06,7.30234720592321e-05,7.84251696698518e-06,-5.31736609873577e-05,1.59881730477229e-05,-8.22542480721852e-05,-1.70732929799383e-05,4.39428849744046e-05
927,-0.272542903759887,-0.126321760336424,0.0931399847586387,1.16201211179359e-05,5.53508254442841e-06,-4.23479581662451e-06,7.29836971546849e-05,7.82230391141333e-06,-5.31811709692902e-05,1.59492030927098e-05,-8.21919738536209e-05,-1.70305806103493e-05,4.39728942703542e-05
928,-0.271877457558679,-0.126006179418622,0.092899127446758,1.15907282276711e-05,5.52117057941635e-06,-4.22409273691365e-06,7.29439152008202e-05,7.80219424542723e-06,-5.31887705340518e-05,1.59102370391059e-05,-8.21296948382188e-05,-1.69879738828258e-05,4.40029908966533e-05
929,-0.271213695971081,-0.125691388895574,0.0926588752404385,1.15614076363899e-05,5.50729378978403e-06,-4.21341668157776e-06,7.29041260699762e-05,7.78218772059025e-06,-5.31964593034603e-05,1.58712748881144e-05,-8.20674108990116e-05,-1.69454725496256e-05,4.40331744744249e-05
930,-0.270551614846321,-0.12537738678272,0.0924192266298989,1.15321591751693e-05,5.49345208675613e-06,-4.20276758184959e-06,7.28643296344291e-05,7.7622840892296e-06,-5.32042368999518e-05,1.58323166409866e-05,-8.20051219089981e-05,-1.69030763637986e-05,4.40634446253828e-05
931,-0.269891210043362,-0.125064171100435,0.0921801801091125,1.15029826753774e-05,5.4796453817672e-06,-4.1921453691222e-06,7.28245257665687e-05,7.74248310414786e-06,-5.32121029465055e-05,1.57933622990001e-05,-8.19428277413057e-05,-1.68607850788848e-05,4.40938009717686e-05
932,-0.269232477430888,-0.124751739874026,0.0919417341757991,1.14738779686689e-05,5.46587358646908e-06,-4.1815499749496e-06,7.27847143388054e-05,7.72278451889775e-06,-5.3220057066718e-05,1.57544118635215e-05,-8.18805282691337e-05,-1.68185984492261e-05,4.41242431363896e-05
933,-0.268575412887286,-0.124440091133714,0.0917038873314166,1.14448448869836e-05,5.45213661272306e-06,-4.17098133104697e-06,7.27448952235932e-05,7.70318808754036e-06,-5.32280988847631e-05,1.57154653359024e-05,-8.18182233657168e-05,-1.67765162296639e-05,4.41547707426396e-05
934,-0.267920012300628,-0.124129222914626,0.0914666380811525,1.14158832625566e-05,5.43843437260296e-06,-4.1604393692883e-06,7.27050682934927e-05,7.68369356471682e-06,-5.32362280253418e-05,1.56765227175866e-05,-8.17559129044487e-05,-1.67345381756727e-05,4.41853834143858e-05
935,-0.267266271568658,-0.123819133256784,0.0912299849339161,1.13869929279015e-05,5.42476677839704e-06,-4.14992402170925e-06,7.26652334209979e-05,7.66430070578906e-06,-5.3244444113788e-05,1.56375840100302e-05,-8.16935967586642e-05,-1.66926640434554e-05,4.42160807761217e-05
936,-0.26661418659877,-0.123509820205089,0.0909939264023294,1.13581737158335e-05,5.41113374260085e-06,-4.13943522050272e-06,7.2625390478782e-05,7.64500926652552e-06,-5.32527467758915e-05,1.55986492147643e-05,-8.16312748019207e-05,-1.66508935896642e-05,4.42468624527528e-05
937,-0.265963753307995,-0.123201281809317,0.0907584610027196,1.13294254594498e-05,5.39753517792398e-06,-4.12897289802267e-06,7.25855393394687e-05,7.6258190034144e-06,-5.32611356380674e-05,1.55597183333457e-05,-8.15689469077406e-05,-1.66092265716863e-05,4.42777280697954e-05
938,-0.265314967622982,-0.122893516124099,0.0905235872551106,1.13007479921395e-05,5.38397099728396e-06,-4.11853698678086e-06,7.25456798757473e-05,7.60672967342377e-06,-5.32696103272081e-05,1.5520791367371e-05,-8.1506612949735e-05,-1.65676627474114e-05,4.43086772532204e-05
939,-0.264667825479981,-0.122586521208918,0.0902893036832143,1.12721411475898e-05,5.37044111381061e-06,-4.1081274194494e-06,7.25058119604142e-05,7.5877410341709e-06,-5.32781704708386e-05,1.54818683185078e-05,-8.1444272801663e-05,-1.65262018754197e-05,4.43397096295898e-05
940,-0.264022322824828,-0.122280295128091,0.0900556088144231,1.12436047597724e-05,5.35694544083953e-06,-4.09774412885707e-06,7.24659354662465e-05,7.56885284371247e-06,-5.32868156968997e-05,1.54429491884265e-05,-8.13819263398772e-05,-1.64848437151936e-05,4.4370824823269e-05
941,-0.263378455612927,-0.121974835950761,0.0898225011798008,1.12151386629547e-05,5.3434838919147e-06,-4.08738704799238e-06,7.2426050266115e-05,7.55006486064732e-06,-5.32955456339232e-05,1.54040339788232e-05,-8.13195734303947e-05,-1.64435880249271e-05,4.44020224696434e-05
942,-0.262736219809228,-0.121670141750887,0.0895899793140754,1.11867426917017e-05,5.33005638079067e-06,-4.07705611000109e-06,7.23861562329617e-05,7.5313768441803e-06,-5.33043599109558e-05,1.53651226914877e-05,-8.12572139550238e-05,-1.64024345662424e-05,4.44333021888937e-05
943,-0.26209561138822,-0.121366210607229,0.0893580417556298,1.11584166808729e-05,5.31666282142882e-06,-4.06675124818752e-06,7.23462532398001e-05,7.51278855402522e-06,-5.33132581575874e-05,1.53262153282315e-05,-8.11948477852127e-05,-1.63613830994379e-05,4.44646636121748e-05
944,-0.261456626333903,-0.121063040603339,0.0891266870464944,1.11301604656182e-05,5.30330312799678e-06,-4.05647239601137e-06,7.23063411596406e-05,7.49429975038037e-06,-5.33222400038174e-05,1.52873118909075e-05,-8.11324747949222e-05,-1.63204333856619e-05,4.44961063685359e-05
945,-0.260819260639779,-0.120760629827551,0.0888959137323384,1.11019738813816e-05,5.28997721486861e-06,-4.04621948709413e-06,7.22664198655807e-05,7.47591019399435e-06,-5.33313050803376e-05,1.52484123813367e-05,-8.10700948582552e-05,-1.62795851866689e-05,4.4527630087663e-05
946,-0.260183510308829,-0.120458976372965,0.088665720362462,1.10738567639057e-05,5.27668499662325e-06,-4.0359924552101e-06,7.22264892307739e-05,7.45761964604237e-06,-5.33404530181631e-05,1.52095168014323e-05,-8.1007707850325e-05,-1.62388382655934e-05,4.45592343986121e-05
947,-0.259549371353499,-0.120158078337444,0.088436105489788,1.10458089492322e-05,5.26342638804806e-06,-4.02579123429228e-06,7.21865491284608e-05,7.43942786830495e-06,-5.33496834489135e-05,1.51706251531581e-05,-8.09453136444116e-05,-1.61981923842557e-05,4.45909189329628e-05
948,-0.258916839795684,-0.119857933823593,0.0882070676708534,1.1017830273693e-05,5.2502013041327e-06,-4.01561575843118e-06,7.21465994318997e-05,7.42133462298467e-06,-5.33589960047104e-05,1.51317374384422e-05,-8.0882912115291e-05,-1.6157647306376e-05,4.46226833213191e-05
949,-0.258285911666705,-0.119558540938757,0.0879786054658017,1.09899205739333e-05,5.23700966007391e-06,-4.00546596187045e-06,7.21066400145314e-05,7.40333967279664e-06,-5.33683903180842e-05,1.50928536593776e-05,-8.08205031374815e-05,-1.61172027957467e-05,4.46545271951341e-05
950,-0.257656583007297,-0.119259897795005,0.0877507174383746,1.09620796868843e-05,5.22385137127095e-06,-3.99534177901302e-06,7.20666707497753e-05,7.3854427809334e-06,-5.33778660221507e-05,1.50539738179829e-05,-8.07580865874932e-05,-1.60768586186512e-05,4.46864501844328e-05
951,-0.257028849867589,-0.118962002509117,0.0875234021559037,1.09343074497741e-05,5.21072635332521e-06,-3.98524314441727e-06,7.20266915111114e-05,7.36764371100907e-06,-5.33874227504808e-05,1.50150979162922e-05,-8.06956623349913e-05,-1.6036614534889e-05,4.47184519266009e-05
952,-0.256402708307088,-0.118664853202581,0.0872966581893025,1.09066037001403e-05,5.1976345220449e-06,-3.97516999279614e-06,7.19867021721562e-05,7.349942227202e-06,-5.33970601371296e-05,1.49762259564647e-05,-8.06332302595658e-05,-1.59964703146116e-05,4.475053204972e-05
953,-0.255778154394659,-0.118368448001572,0.0870704841130582,1.08789682758109e-05,5.18457579343776e-06,-3.96512225901937e-06,7.19467026065404e-05,7.33233809407306e-06,-5.34067778166482e-05,1.49373579406021e-05,-8.05707902345289e-05,-1.59564257220615e-05,4.47826901886598e-05
954,-0.255155184208512,-0.118072785036949,0.0868448785052235,1.08514010149234e-05,5.1715500837175e-06,-3.95509987811208e-06,7.19066926880398e-05,7.31483107675082e-06,-5.341657542412e-05,1.48984938709106e-05,-8.05083421370796e-05,-1.59164805236397e-05,4.48149259750802e-05
955,-0.254533793836178,-0.117777862444239,0.0866198399474089,1.08239017559095e-05,5.15855730929605e-06,-3.94510278525344e-06,7.18666722904548e-05,7.2974209406981e-06,-5.3426452595027e-05,1.48596337495731e-05,-8.04458858366247e-05,-1.58766344868681e-05,4.48472390488571e-05
956,-0.253913979374498,-0.117483678363629,0.0863953670247741,1.07964703375138e-05,5.14559738678914e-06,-3.93513091577609e-06,7.18266412877598e-05,7.28010745187358e-06,-5.34364089653126e-05,1.48207775788933e-05,-8.03834212125334e-05,-1.58368873766472e-05,4.4879629040539e-05
957,-0.253295736929601,-0.117190230939953,0.0861714583260201,1.07691065987653e-05,5.13267023301203e-06,-3.92518420517211e-06,7.1786599553879e-05,7.26289037670561e-06,-5.34464441715502e-05,1.47819253610528e-05,-8.03209481402238e-05,-1.57972389630504e-05,4.49120955852054e-05
958,-0.252679062616888,-0.116897518322685,0.0859481124433813,1.07418103790091e-05,5.11977576498094e-06,-3.91526258908534e-06,7.17465469629436e-05,7.24576948202679e-06,-5.34565578507109e-05,1.4743077098357e-05,-8.02584664943634e-05,-1.57576890134466e-05,4.49446383192912e-05
959,-0.252063952561015,-0.116605538665921,0.0857253279726171,1.07145815178998e-05,5.10691389991468e-06,-3.90536600331145e-06,7.17064833892013e-05,7.22874453515287e-06,-5.34667496401697e-05,1.4704232793224e-05,-8.01959761505961e-05,-1.57182372965477e-05,4.49772568787749e-05
960,-0.251450402895873,-0.116314290128376,0.085503103513004,1.06874198553778e-05,5.09408455522846e-06,-3.89549438380344e-06,7.16664087068604e-05,7.21181530378495e-06,-5.3477019177856e-05,1.46653924479517e-05,-8.01334769844568e-05,-1.56788835813814e-05,4.50099509002596e-05
961,-0.250838409764573,-0.116023770873368,0.0852814376673277,1.06603252317022e-05,5.0812876485392e-06,-3.88564766666662e-06,7.16263227903501e-05,7.19498155608799e-06,-5.34873661021559e-05,1.46265560649697e-05,-8.00709688717775e-05,-1.56396276375154e-05,4.50427200207285e-05
962,-0.250227969319425,-0.115733979068809,0.0850603290418747,1.06332974874313e-05,5.06852309766197e-06,-3.87582578816331e-06,7.15862255141739e-05,7.17824306066672e-06,-5.34977900520559e-05,1.45877236466575e-05,-8.00084516884355e-05,-1.56004692349283e-05,4.50755638777943e-05
963,-0.249619077721926,-0.115444912887193,0.0848397762464244,1.06063364634238e-05,5.0557908206092e-06,-3.86602868470325e-06,7.15461167528509e-05,7.16159958646484e-06,-5.35082906667467e-05,1.45488951954817e-05,-7.99459253103738e-05,-1.55614081439878e-05,4.51084821092237e-05
964,-0.249011731142734,-0.115156570505588,0.0846197778942415,1.05794420008506e-05,5.04309073559518e-06,-3.85625629285332e-06,7.15059963810796e-05,7.14505090299036e-06,-5.35188675860979e-05,1.45100707139462e-05,-7.9883389613838e-05,-1.55224441357488e-05,4.51414743533395e-05
965,-0.248405925761658,-0.114868950105623,0.0844003326020671,1.05526139411938e-05,5.03042276102871e-06,-3.84650854933272e-06,7.14658642737379e-05,7.12859678003928e-06,-5.35295204504097e-05,1.44712502045762e-05,-7.98208444748604e-05,-1.54835769811618e-05,4.51745402492872e-05
966,-0.247801657767635,-0.114582049873476,0.0841814389901116,1.05258521262305e-05,5.01778681551786e-06,-3.83678539101208e-06,7.1425720305672e-05,7.11223698789736e-06,-5.35402489003888e-05,1.44324336699265e-05,-7.97582897700655e-05,-1.54448064522909e-05,4.52076794359953e-05
967,-0.247198923358715,-0.114295867999868,0.083963095682046,1.04991563980577e-05,5.0051828178663e-06,-3.82708675491882e-06,7.13855643520207e-05,7.09597129722083e-06,-5.35510525774073e-05,1.43936211125509e-05,-7.96957253774807e-05,-1.54061323205262e-05,4.52408915519473e-05
968,-0.246597718742041,-0.114010402680046,0.0837453013049943,1.04725265990726e-05,4.9926106870735e-06,-3.81741257822836e-06,7.13453962879382e-05,7.07979947902266e-06,-5.35619311231074e-05,1.43548125350617e-05,-7.96331511692227e-05,-1.53675543603072e-05,4.52741762418229e-05
969,-0.245998040133832,-0.113725652113778,0.0835280544895253,1.04459625719793e-05,4.98007034233929e-06,-3.80776279826971e-06,7.1305215988674e-05,7.06372130487407e-06,-5.35728841796904e-05,1.4316007940126e-05,-7.95705670266266e-05,-1.53290723428266e-05,4.53075331417379e-05
970,-0.245399883759366,-0.113441614505339,0.0833113538696448,1.04194641597965e-05,4.96756170305607e-06,-3.79813735252539e-06,7.12650233297031e-05,7.04773654663545e-06,-5.35839113898866e-05,1.42772073304025e-05,-7.95079728251871e-05,-1.52906860421194e-05,4.53409618944026e-05
971,-0.24480324585296,-0.113158288063502,0.0830951980827873,1.03930312058407e-05,4.9550846888118e-06,-3.78853617862573e-06,7.12248181864826e-05,7.03184497655954e-06,-5.35950123967126e-05,1.42384107086009e-05,-7.94453684419258e-05,-1.52523952320027e-05,4.53744621412694e-05
972,-0.244208122657954,-0.112875671001526,0.0828795857698085,1.03666635537503e-05,4.94263921939201e-06,-3.77895921435641e-06,7.11846004347505e-05,7.01604636738368e-06,-5.36061868438631e-05,1.41996180774813e-05,-7.93827537541742e-05,-1.52141996868074e-05,4.54080335244394e-05
973,-0.243614510426693,-0.112593761537145,0.0826645155749771,1.03403610474713e-05,4.93022521477521e-06,-3.76940639765378e-06,7.11443699503651e-05,7.00034049217832e-06,-5.36174343754613e-05,1.41608294398181e-05,-7.93201286393924e-05,-1.51760991812057e-05,4.54416756864339e-05
974,-0.243022405420507,-0.112312557892562,0.0824499861459667,1.03141235312436e-05,4.91784259513332e-06,-3.75987766660301e-06,7.11041266091468e-05,6.98472712438815e-06,-5.36287546359722e-05,1.41220447983828e-05,-7.92574929750011e-05,-1.51380934902424e-05,4.54753882701179e-05
975,-0.242431803909694,-0.112032058294432,0.0822359961338482,1.02879508496339e-05,4.90549128083278e-06,-3.75037295944369e-06,7.10638702872535e-05,6.96920603785963e-06,-5.36401472705188e-05,1.40832641559935e-05,-7.9194846638231e-05,-1.51001823888371e-05,4.55091709195413e-05
976,-0.241842702173503,-0.111752260973855,0.0820225441930816,1.02618428475184e-05,4.89317119243648e-06,-3.74089221456551e-06,7.10236008609541e-05,6.95377700692041e-06,-5.36516119246938e-05,1.40444875155392e-05,-7.9132189508681e-05,-1.50623656546473e-05,4.55430232769669e-05
977,-0.241255096500115,-0.111473164166365,0.0818096289815081,1.02357993700791e-05,4.88088225069792e-06,-3.73143537050394e-06,7.09833182065909e-05,6.9384398061655e-06,-5.36631482443413e-05,1.40057148799605e-05,-7.90695214627292e-05,-1.50246430623039e-05,4.5576944988203e-05
978,-0.240668983186624,-0.11119476611192,0.0815972491603424,1.02098202628079e-05,4.86862437656206e-06,-3.72200236595135e-06,7.09430222007101e-05,6.92319421058248e-06,-5.3674755876047e-05,1.39669462521142e-05,-7.90068423791252e-05,-1.49870143889977e-05,4.56109356976318e-05
979,-0.240084358539021,-0.11091706505489,0.0813854033941646,1.01839053715176e-05,4.8563974911727e-06,-3.71259313974557e-06,7.09027127200275e-05,6.90803999569885e-06,-5.36864344667454e-05,1.39281816350653e-05,-7.89441521363544e-05,-1.49494794120258e-05,4.56449950504185e-05
980,-0.239501218872174,-0.110640059244047,0.0811740903509122,1.01580545423256e-05,4.84420151585971e-06,-3.7032076308767e-06,7.08623896414016e-05,6.89297693724867e-06,-5.3698183663894e-05,1.38894210317786e-05,-7.88814506129871e-05,-1.49120379088341e-05,4.56791226923085e-05
981,-0.23891956050981,-0.110363746932557,0.0809633087018728,1.01322676216603e-05,4.83203637214593e-06,-3.69384577848419e-06,7.08220528418353e-05,6.87800481138621e-06,-5.37100031154253e-05,1.38506644452705e-05,-7.88187376877674e-05,-1.48746896573183e-05,4.57133182694932e-05
982,-0.238339379784499,-0.110088126377966,0.0807530571216752,1.01065444562705e-05,4.81990198174611e-06,-3.68450752185794e-06,7.07817021985791e-05,6.86312339464953e-06,-5.37218924698152e-05,1.38119118786081e-05,-7.87560132397168e-05,-1.48374344357873e-05,4.57475814286774e-05
983,-0.237760673037632,-0.109813195842191,0.0805433342882825,1.00808848932019e-05,4.8077982665682e-06,-3.67519280043343e-06,7.07413375888464e-05,6.84833246402661e-06,-5.37338513758525e-05,1.37731633349167e-05,-7.86932771478532e-05,-1.48002720230334e-05,4.57819118168457e-05
984,-0.237183436619409,-0.10953895359151,0.0803341388829838,1.00552887798273e-05,4.79572514870967e-06,-3.66590155379864e-06,7.07009588902073e-05,6.83363179683804e-06,-5.37458794829789e-05,1.3734418817342e-05,-7.86305292915628e-05,-1.47632021981935e-05,4.58163090816235e-05
985,-0.236607666888812,-0.109265397896552,0.0801254695903864,1.00297559638297e-05,4.78368255045687e-06,-3.65663372168951e-06,7.06605659803741e-05,6.81902117072644e-06,-5.37579764410667e-05,1.36956783290495e-05,-7.85677695503854e-05,-1.47262247407377e-05,4.58507728710554e-05
986,-0.236033360213595,-0.108992527032284,0.079917325098408,1.00042862932025e-05,4.77167039428803e-06,-3.64738924399082e-06,7.06201587371993e-05,6.80450036377795e-06,-5.37701419004948e-05,1.36569418732491e-05,-7.85049978040268e-05,-1.46893394306054e-05,4.58853028336674e-05
987,-0.235460512970261,-0.108720339278005,0.0797097040982686,9.97887961625931e-06,4.75968860287244e-06,-3.63816806073582e-06,7.05797370387725e-05,6.79006915448378e-06,-5.37823755121577e-05,1.36182094532239e-05,-7.8442213932472e-05,-1.46525460481833e-05,4.59198986184581e-05
988,-0.234889121544047,-0.108448832917332,0.0795026052844831,9.95353578161065e-06,4.74773709906282e-06,-3.62897011210428e-06,7.05393007632223e-05,6.77572732152635e-06,-5.37946769272957e-05,1.357948107219e-05,-7.83794178157066e-05,-1.46158443740106e-05,4.59545598748114e-05
989,-0.234319182328902,-0.108178006238191,0.0792960273548534,9.92825463819981e-06,4.73581580590901e-06,-3.61979533842624e-06,7.04988497890201e-05,6.76147464421396e-06,-5.38070457978327e-05,1.35407567335283e-05,-7.83166093349131e-05,-1.45792341901069e-05,4.59892862519398e-05
990,-0.233750691727472,-0.107907857532807,0.0790899690104603,9.90303603527451e-06,4.72392464664364e-06,-3.6106436801785e-06,7.04583839947588e-05,6.74731090203772e-06,-5.38194817760853e-05,1.35020364405686e-05,-7.82537883683292e-05,-1.45427152756081e-05,4.60240774025149e-05
991,-0.23318364615108,-0.107638385097692,0.0788844289556559,9.87787982239797e-06,4.71206354468972e-06,-3.60151507798517e-06,7.04179032592198e-05,6.73323587492309e-06,-5.38319845148718e-05,1.34633201967107e-05,-7.81909547989769e-05,-1.45062874146801e-05,4.60589329751147e-05
992,-0.232618042019709,-0.107369587233638,0.0786794058980558,9.85278584944894e-06,4.70023242365829e-06,-3.59240947261695e-06,7.03774074613858e-05,6.71924934315729e-06,-5.38445536674826e-05,1.34246080054068e-05,-7.81281085070726e-05,-1.44699503888441e-05,4.60938526217958e-05
993,-0.232053875761983,-0.107101462245704,0.0784748985485315,9.82775396662484e-06,4.68843120734726e-06,-3.58332680499559e-06,7.03368964805171e-05,6.70535108739502e-06,-5.38571888878725e-05,1.33858998700982e-05,-7.80652493726117e-05,-1.44337039794896e-05,4.61288359957779e-05
994,-0.231491143815148,-0.106834008443208,0.0782709056212023,9.80278402443508e-06,4.67665981974345e-06,-3.57426701618464e-06,7.02963701959944e-05,6.69154088867586e-06,-5.38698898302926e-05,1.33471957943464e-05,-7.8002377280787e-05,-1.43975479734684e-05,4.61638827455001e-05
995,-0.230929842625053,-0.106567224139712,0.0780674258334276,9.77787587370342e-06,4.66491818502035e-06,-3.56523004739896e-06,7.02558284874394e-05,6.67781852843684e-06,-5.38826561496873e-05,1.33084957816818e-05,-7.79394921095024e-05,-1.43614821504998e-05,4.61989925276243e-05
996,-0.230369968646137,-0.106301107653019,0.0778644579057994,9.75302936555644e-06,4.65320622753556e-06,-3.55621583999441e-06,7.0215271234528e-05,6.6641837883769e-06,-5.3895487501237e-05,1.32697998356806e-05,-7.78765937417507e-05,-1.43255062955996e-05,4.62341649940143e-05
997,-0.229811518341405,-0.106035657305156,0.0776620005621343,9.72824435145157e-06,4.64152387183491e-06,-3.5472243354779e-06,7.01746983173358e-05,6.65063645063517e-06,-5.39083835408757e-05,1.3231107959969e-05,-7.78136820597009e-05,-1.42896201930003e-05,4.62693997985106e-05
998,-0.22925448818241,-0.10577087142237,0.077460052529466,9.70352068316441e-06,4.62987104265069e-06,-3.53825547549902e-06,7.01341096161508e-05,6.63717629770106e-06,-5.39213439249161e-05,1.31924201582794e-05,-7.77507569457961e-05,-1.42538236273463e-05,4.63046965952708e-05
999,-0.228698874649238,-0.105506748335113,0.0772586125380375,9.6788582127678e-06,4.61824766490038e-06,-3.52930920185639e-06,7.00935050113227e-05,6.62380311248054e-06,-5.39343683102776e-05,1.315373643427e-05,-7.76878182824978e-05,-1.42181163836557e-05,4.63400550391024e-05
1000,-0.228144674230489,-0.105243286378032,0.0770576793212931,9.65425679266323e-06,4.60665366368599e-06,-3.52038545649186e-06,7.00528843835436e-05,6.6105166781737e-06,-5.39474563543168e-05,1.31150567917144e-05,-7.76248659526771e-05,-1.41824982473072e-05,4.63754747851832e-05
1001,-0.227591883423255,-0.104980483889965,0.0768572516158712,9.62971627556371e-06,4.59508896429365e-06,-3.51148418149306e-06,7.00122476136972e-05,6.59731677833107e-06,-5.3960607714911e-05,1.30763812343978e-05,-7.7561899839403e-05,-1.41469690040368e-05,4.64109554892053e-05
1002,-0.227040498733108,-0.104718339213921,0.0766573281615963,9.6052365144988e-06,4.58355349219615e-06,-3.50260531909288e-06,6.99715945828908e-05,6.5842031969384e-06,-5.3973822050475e-05,1.30377097661763e-05,-7.74989198260089e-05,-1.41115284400565e-05,4.64464968073569e-05
1003,-0.226490516674075,-0.104456850697081,0.0764579077014712,9.58081736281291e-06,4.57204717304932e-06,-3.49374881166955e-06,6.9930925172466e-05,6.57117571831078e-06,-5.39870990199527e-05,1.29990423909252e-05,-7.74359257981333e-05,-1.40761763417988e-05,4.64820983942853e-05
1004,-0.225941933768623,-0.104196016690777,0.0762589889816698,9.55645867416273e-06,4.56056993269286e-06,-3.48491460174467e-06,6.9890239263951e-05,6.55823412712413e-06,-5.40004382827469e-05,1.29603791125714e-05,-7.73729176327763e-05,-1.40409124959494e-05,4.65177599139216e-05
1005,-0.225394746547643,-0.103935835550491,0.0760605707515289,9.53216030253224e-06,4.54912169714971e-06,-3.47610263198636e-06,6.98495367392496e-05,6.54537820840116e-06,-5.40138394988927e-05,1.29217199350938e-05,-7.7309895222169e-05,-1.40057366913205e-05,4.65534810159733e-05
1006,-0.224848951550426,-0.103676305635841,0.075862651763541,9.50792210219578e-06,4.53770239262755e-06,-3.46731284520347e-06,6.98088174802035e-05,6.53260774760485e-06,-5.40273023287624e-05,1.28830648624946e-05,-7.72468584465522e-05,-1.39706487139535e-05,4.65892613624138e-05
1007,-0.224304545324651,-0.103417425310568,0.0756652307733463,9.48374392777084e-06,4.52631194551426e-06,-3.45854518435225e-06,6.97680813692254e-05,6.5199225304438e-06,-5.40408264334377e-05,1.28444138988381e-05,-7.71838071913026e-05,-1.3935648352521e-05,4.66251006113605e-05
1008,-0.223761524426362,-0.103159192942533,0.0754683065397255,9.4596256341737e-06,4.51495028238268e-06,-3.44979959253043e-06,6.97273282887614e-05,6.50732234309016e-06,-5.40544114744139e-05,1.28057670482369e-05,-7.71207413412406e-05,-1.39007353955694e-05,4.66609984219347e-05
1009,-0.223219885419951,-0.102901606903703,0.0752718778245916,9.4355670766426e-06,4.50361732998476e-06,-3.44107601298047e-06,6.96865581216014e-05,6.49480697197306e-06,-5.4068057113762e-05,1.27671243148178e-05,-7.70576607815389e-05,-1.38659096319105e-05,4.66969544538246e-05
1010,-0.22267962487814,-0.102644665570138,0.0750759433929829,9.41156811072818e-06,4.4923130152559e-06,-3.43237438908823e-06,6.96457707507415e-05,6.48237620394739e-06,-5.40817630140937e-05,1.27284857027605e-05,-7.6994565395635e-05,-1.38311708510278e-05,4.67329683692002e-05
1011,-0.222140739381965,-0.102388367321988,0.0748805020130549,9.38762859229978e-06,4.48103726531537e-06,-3.42369466438015e-06,6.9604966059425e-05,6.47002982628761e-06,-5.40955288384759e-05,1.26898512163666e-05,-7.69314550751705e-05,-1.37965188420332e-05,4.67690398227304e-05
1012,-0.221603225520751,-0.102132710543479,0.0746855524560731,9.36374837753798e-06,4.46979000745962e-06,-3.41503678252857e-06,6.95641439311593e-05,6.45776762652997e-06,-5.41093542506049e-05,1.26512208598783e-05,-7.68683297001874e-05,-1.37619533955581e-05,4.68051684815768e-05
1013,-0.221067079892104,-0.101877693622901,0.0744910934964052,9.3399273229455e-06,4.45857116916767e-06,-3.40640068734721e-06,6.95233042497558e-05,6.44558939261229e-06,-5.41232389146913e-05,1.26125946376478e-05,-7.68051891589814e-05,-1.37274743018379e-05,4.68413540054657e-05
1014,-0.22053229910188,-0.101623314952605,0.0742971239115136,9.31616528532372e-06,4.44738067810024e-06,-3.39778632279037e-06,6.94824468990908e-05,6.43349491289933e-06,-5.41371824953878e-05,1.25739725540564e-05,-7.67420333379582e-05,-1.36930813517668e-05,4.68775960565203e-05
1015,-0.21999887976418,-0.101369572928985,0.074103642481948,9.292462121804e-06,4.43621846209566e-06,-3.38919363295627e-06,6.94415717634866e-05,6.42148397601876e-06,-5.4151184657978e-05,1.25353546135302e-05,-7.66788621239957e-05,-1.36587743365279e-05,4.69138942974689e-05
1016,-0.219466818501323,-0.101116465952474,0.0739106479913375,9.26881768982686e-06,4.42508444917244e-06,-3.38062256208471e-06,6.94006787274624e-05,6.40955637098812e-06,-5.41652450682699e-05,1.24967408205315e-05,-7.66156754041893e-05,-1.3624553047715e-05,4.69502483915431e-05
1017,-0.218936111943828,-0.100863992427531,0.0737181392263833,9.24523184716166e-06,4.4139785675306e-06,-3.37207305455475e-06,6.93597676759122e-05,6.39771188721063e-06,-5.41793633925596e-05,1.24581311796797e-05,-7.65524730661e-05,-1.35904172773984e-05,4.69866580023718e-05
1018,-0.2184067567304,-0.100612150762635,0.0735261149768515,9.22170445186262e-06,4.40290074554426e-06,-3.36354505489169e-06,6.93188384937656e-05,6.38595031438883e-06,-5.41935392978009e-05,1.24195256954078e-05,-7.64892549972168e-05,-1.355636681784e-05,4.70231227943497e-05
1019,-0.21787874950791,-0.100360939370269,0.0733345740355649,9.19823536233149e-06,4.39185091177211e-06,-3.35503850775802e-06,6.9277891066488e-05,6.37427144268649e-06,-5.42077724514394e-05,1.23809243724407e-05,-7.64260210841591e-05,-1.35224014603576e-05,4.70596424337683e-05
1020,-0.217352086931375,-0.100110356666918,0.0731435151983959,9.1748244372535e-06,4.38082899494605e-06,-3.34655335795546e-06,6.92369252795189e-05,6.36267506250747e-06,-5.42220625213039e-05,1.23423272154055e-05,-7.63627712197597e-05,-1.34885210027483e-05,4.70962165810631e-05
1021,-0.216826765663942,-0.0998604010730501,0.0729529372642592,9.15147153564987e-06,4.36983492398102e-06,-3.3380895504316e-06,6.91959410188052e-05,6.35116096478983e-06,-5.42364091760745e-05,1.23037342290394e-05,-7.62995052879788e-05,-1.34547252339634e-05,4.7132844906901e-05
1022,-0.216302782376868,-0.0996110710131163,0.0727628390351039,9.1281765168548e-06,4.35886862796566e-06,-3.32964703026861e-06,6.91549381705357e-05,6.33972894065478e-06,-5.42508120847121e-05,1.22651454181627e-05,-7.62362231793618e-05,-1.34210139494809e-05,4.7169527075886e-05
1023,-0.215780133749505,-0.0993623649155337,0.0725732193159065,9.10493924050464e-06,4.34793003616812e-06,-3.32122574269222e-06,6.91139166210708e-05,6.32837878171703e-06,-5.42652709168697e-05,1.22265607875801e-05,-7.61729247830435e-05,-1.33873869436897e-05,4.7206262754897e-05
1024,-0.215258816469277,-0.0991142812126792,0.072384076914663,9.08175956655915e-06,4.33701907803091e-06,-3.31282563306703e-06,6.90728762571597e-05,6.31711027983744e-06,-5.42797853427161e-05,1.21879803421653e-05,-7.61096099885867e-05,-1.33538440112645e-05,4.72430516112891e-05
1025,-0.214738827231665,-0.0988668183408786,0.0721954106423817,9.05863735528505e-06,4.32613568317609e-06,-3.30444664689696e-06,6.90318169657438e-05,6.30592322735345e-06,-5.42943550329741e-05,1.21494040868581e-05,-7.60462786857849e-05,-1.33203849473945e-05,4.72798933129331e-05
1026,-0.214220162740189,-0.0986199747403975,0.072007219313076,9.03557246726764e-06,4.31527978140222e-06,-3.29608872982552e-06,6.89907386341025e-05,6.29481741696525e-06,-5.43089796589482e-05,1.2110832026667e-05,-7.5982930764809e-05,-1.32870095476718e-05,4.73167875282416e-05
1027,-0.213702819706389,-0.0983737488554312,0.0718195017437565,9.0125647634022e-06,4.30445130267915e-06,-3.28775182763556e-06,6.89496411498018e-05,6.2837926415911e-06,-5.43236588924765e-05,1.20722641665839e-05,-7.59195661161073e-05,-1.32537176078966e-05,4.7353733926171e-05
1028,-0.213186794849805,-0.0981281391340954,0.0716322567544238,8.98961410490295e-06,4.29365017715674e-06,-3.27943588624653e-06,6.89085244007095e-05,6.27284869463242e-06,-5.43383924059108e-05,1.20337005117572e-05,-7.58561846305199e-05,-1.32205089244428e-05,4.73907321761004e-05
1029,-0.212672084897964,-0.0978831440284165,0.0714454831680614,8.96672035329457e-06,4.28287633515894e-06,-3.27114085171784e-06,6.8867388274979e-05,6.26198536983468e-06,-5.43531798722112e-05,1.19951410673479e-05,-7.57927861991798e-05,-1.31873832940355e-05,4.74277819480103e-05
1030,-0.212158686586355,-0.097638761994322,0.071259179810628,8.94388337040165e-06,4.27212970718449e-06,-3.26286667024942e-06,6.8826232660946e-05,6.25120246134935e-06,-5.43680209649698e-05,1.19565858384913e-05,-7.57293707133878e-05,-1.31543405137912e-05,4.7464882912528e-05
1031,-0.211646596658417,-0.0973949914916308,0.0710733455110499,8.92110301837804e-06,4.26141022390474e-06,-3.25461328817524e-06,6.87850574473941e-05,6.24049976356054e-06,-5.43829153582005e-05,1.19180348304726e-05,-7.56659380649788e-05,-1.31213803811452e-05,4.75020347406159e-05
1032,-0.211135811865518,-0.0971518309840438,0.0708879791012146,8.89837915968013e-06,4.25071781616818e-06,-3.24638065196803e-06,6.87438625232925e-05,6.22987707134674e-06,-5.43978627265278e-05,1.18794880486167e-05,-7.56024881444428e-05,-1.30885026969324e-05,4.75392371053776e-05
1033,-0.210626328966937,-0.0969092789391343,0.0707030794159622,8.87571165708459e-06,4.24005241499484e-06,-3.23816870824091e-06,6.87026477780357e-05,6.21933417988021e-06,-5.44128627452669e-05,1.1840945498265e-05,-7.55390208489187e-05,-1.30557072507632e-05,4.75764896743839e-05
1034,-0.210118144729846,-0.0966673338283385,0.0705186452930791,8.853100373671e-06,4.22941395158039e-06,-3.22997740374024e-06,6.86614131011804e-05,6.20887088475752e-06,-5.44279150901335e-05,1.18024071848663e-05,-7.54755360664485e-05,-1.30229938500256e-05,4.76137921248654e-05
1035,-0.209611255929292,-0.0964259941269458,0.07033467557329,8.83054517283735e-06,4.218802357292e-06,-3.22180668535067e-06,6.8620158382681e-05,6.19848698188289e-06,-5.4443019437476e-05,1.17638731139113e-05,-7.54120336917103e-05,-1.29903622909122e-05,4.76511441284467e-05
1036,-0.209105659348182,-0.0961852583140897,0.0701511691002513,8.80804591828258e-06,4.20821756366902e-06,-3.21365650009345e-06,6.85788835126936e-05,6.1881822675268e-06,-5.44581754641851e-05,1.17253432909056e-05,-7.53485136180387e-05,-1.29578123728719e-05,4.768854535884e-05
1037,-0.208601351777258,-0.0959451248727378,0.0699681247205431,8.78560247402583e-06,4.1976595024256e-06,-3.20552679512814e-06,6.85375883817768e-05,6.17795653840124e-06,-5.44733828478395e-05,1.16868177214447e-05,-7.5284975739223e-05,-1.29253438958474e-05,4.77259954903934e-05
1038,-0.208098330015086,-0.095705592289683,0.0697855412836622,8.76321470439457e-06,4.1871281054452e-06,-3.19741751774726e-06,6.84962728807652e-05,6.16780959147106e-06,-5.44886412664378e-05,1.16482964111872e-05,-7.52214199493646e-05,-1.28929566600705e-05,4.77634941978384e-05
1039,-0.207596590868034,-0.0954666590555335,0.0696034176420151,8.74088247402533e-06,4.1766233047837e-06,-3.18932861538109e-06,6.84549369008014e-05,6.15774122410797e-06,-5.45039503986357e-05,1.1609779365825e-05,-7.51578461428926e-05,-1.28606504661992e-05,4.78010411565445e-05
1040,-0.207096131150256,-0.0952283236647037,0.0694217526509103,8.71860564786678e-06,4.16614503266958e-06,-3.18126003559446e-06,6.84135803333443e-05,6.14775123407922e-06,-5.45193099236354e-05,1.15712665911454e-05,-7.5094254214607e-05,-1.28284251153419e-05,4.78386360423727e-05
1041,-0.206596947683673,-0.0949905846154045,0.0692405451685514,8.69638409117118e-06,4.15569322150238e-06,-3.17321172608763e-06,6.83722030701028e-05,6.13783941953417e-06,-5.45347195212092e-05,1.15327580929715e-05,-7.50306440595788e-05,-1.27962804090101e-05,4.78762785317332e-05
1042,-0.206099037297955,-0.0947534404096345,0.0690597940560297,8.67421766951186e-06,4.14526780384951e-06,-3.16518363469832e-06,6.83308050032595e-05,6.1280055788897e-06,-5.45501788718142e-05,1.1494253877159e-05,-7.49670155733711e-05,-1.27642161490014e-05,4.79139683017025e-05
1043,-0.205602396830504,-0.0945168895531698,0.0688794981773171,8.65210624875507e-06,4.13486871245357e-06,-3.15717570939419e-06,6.82893860250733e-05,6.1182495110885e-06,-5.45656876562871e-05,1.14557539496922e-05,-7.49033686516982e-05,-1.27322321377134e-05,4.79517050296622e-05
1044,-0.205107023126437,-0.0942809305555554,0.068699656399259,8.63004969509048e-06,4.12449588022023e-06,-3.14918789828043e-06,6.82479460283435e-05,6.10857101520165e-06,-5.45812455561563e-05,1.14172583165419e-05,-7.48397031908065e-05,-1.27003281776646e-05,4.79894883936933e-05
1045,-0.204612913038563,-0.0940455619300957,0.0685202675915666,8.60804787500535e-06,4.11414924023188e-06,-3.14122014959677e-06,6.82064849060306e-05,6.09896989093488e-06,-5.45968522535713e-05,1.137876698378e-05,-7.4776019087162e-05,-1.26685040720663e-05,4.80273180724399e-05
1046,-0.204120063427372,-0.0938107821938446,0.0683413306268105,8.58610065530419e-06,4.1038287257357e-06,-3.13327241171576e-06,6.81650025515311e-05,6.08944593818104e-06,-5.46125074312067e-05,1.13402799575349e-05,-7.47123162373114e-05,-1.26367596239613e-05,4.80651937454264e-05
1047,-0.203628471161013,-0.0935765898675971,0.068162844380413,8.56420790308972e-06,4.09353427014867e-06,-3.12534463314368e-06,6.81234988584593e-05,6.07999895725182e-06,-5.46282107723114e-05,1.1301797243971e-05,-7.46485945411927e-05,-1.26050946399852e-05,4.8103115089578e-05
1048,-0.203138133115278,-0.0933429834758795,0.0679848077306411,8.54236948577811e-06,4.08326580705757e-06,-3.11743676252212e-06,6.80819737208224e-05,6.07062874887276e-06,-5.46439619608206e-05,1.12633188493224e-05,-7.45848538904472e-05,-1.25735089184976e-05,4.81410817911957e-05
1049,-0.202649046173583,-0.0931099615469403,0.0678072195585992,8.52058527109572e-06,4.07302327021459e-06,-3.10954874862171e-06,6.80404270329691e-05,6.06133511400385e-06,-5.46597606810748e-05,1.12248447799214e-05,-7.45210941882685e-05,-1.25420022693033e-05,4.81790935257753e-05
1050,-0.202161207226949,-0.092877522612741,0.0676300787482224,8.49885512706998e-06,4.06280659354325e-06,-3.10168054034934e-06,6.79988586895222e-05,6.0521178541312e-06,-5.46756066181568e-05,1.11863750421341e-05,-7.44573153313544e-05,-1.25105744959634e-05,4.82171499763246e-05
1051,-0.201674613173989,-0.0926456652089465,0.0674533841862691,8.47717892203559e-06,4.05261571113165e-06,-3.09383208674383e-06,6.79572685854557e-05,6.04297677100347e-06,-5.46914994576941e-05,1.11479096423661e-05,-7.43935172183774e-05,-1.24792254039252e-05,4.82552508247724e-05
1052,-0.201189260920885,-0.0924143878749167,0.0672771347623139,8.45555652462927e-06,4.04245055723508e-06,-3.08600333697528e-06,6.79156566160231e-05,6.03391166674075e-06,-5.47074388858546e-05,1.11094485870872e-05,-7.43296997483262e-05,-1.24479547990438e-05,4.82933957535515e-05
1053,-0.200705147381374,-0.0921836891536965,0.0671013293687406,8.43398780380094e-06,4.03231106627837e-06,-3.07819424034679e-06,6.78740226768758e-05,6.02492234391879e-06,-5.47234245894736e-05,1.10709918828744e-05,-7.42658628206495e-05,-1.24167624876925e-05,4.83315844457e-05
1054,-0.200222269476728,-0.091953567592007,0.066925966900735,8.41247262880207e-06,4.02219717284946e-06,-3.0704047462923e-06,6.78323666639739e-05,6.01600860536942e-06,-5.47394562559108e-05,1.1032539536328e-05,-7.4202006335118e-05,-1.23856482765136e-05,4.83698165847666e-05
1055,-0.199740624135736,-0.0917240217402366,0.0667510462562783,8.39101086918633e-06,4.01210881170603e-06,-3.06263480437723e-06,6.77906884735589e-05,6.0071702544257e-06,-5.47555335731408e-05,1.09940915541455e-05,-7.41381301918402e-05,-1.2354611972707e-05,4.84080918548595e-05
1056,-0.199260208294691,-0.0914950501524312,0.0665765663361394,8.36960239482008e-06,4.00204591776625e-06,-3.05488436429903e-06,6.77489880023333e-05,5.99840709460303e-06,-5.47716562297486e-05,1.09556479430429e-05,-7.40742342913958e-05,-1.23236533836656e-05,4.8446409940686e-05
1057,-0.198781018897365,-0.091266651386286,0.0664025260438684,8.34824707586009e-06,3.99200842611806e-06,-3.04715337588486e-06,6.77072651471553e-05,5.98971892995443e-06,-5.47878239148671e-05,1.09172087098205e-05,-7.40103185345695e-05,-1.22927723173687e-05,4.84847705274528e-05
1058,-0.198303052894999,-0.0910388240031355,0.0662289242857894,8.32694478277614e-06,3.98199627201098e-06,-3.03944178909372e-06,6.76655198053499e-05,5.98110556477726e-06,-5.48040363182726e-05,1.08787738613177e-05,-7.39463828226347e-05,-1.22619685820621e-05,4.85231733009877e-05
1059,-0.197826307246279,-0.0908115665679453,0.0660557599709935,8.30569538634578e-06,3.97200939086318e-06,-3.03174955401199e-06,6.76237518745733e-05,5.97256680384296e-06,-5.48202931302523e-05,1.08403434045438e-05,-7.38824270572946e-05,-1.22312419865643e-05,4.8561617947531e-05
1060,-0.197350778917323,-0.0905848776493021,0.0658830320113318,8.28449875763486e-06,3.96204771825311e-06,-3.02407662086061e-06,6.75819612527366e-05,5.96410245222325e-06,-5.48365940418209e-05,1.08019173464084e-05,-7.38184511410652e-05,-1.22005923382774e-05,4.86001041534923e-05
1061,-0.19687646488166,-0.0903587558194057,0.0657107393214085,8.26335476802335e-06,3.95211118992531e-06,-3.01642293998728e-06,6.75401478381718e-05,5.95571231538552e-06,-5.48529387445055e-05,1.07634956939971e-05,-7.37544549745225e-05,-1.21700194517361e-05,4.86386316081549e-05
1062,-0.196403362120218,-0.0901331996540591,0.0655388808185739,8.24226328918824e-06,3.94219974178718e-06,-3.00878846186891e-06,6.74983115295026e-05,5.94739619915117e-06,-5.48693269304067e-05,1.07250784544369e-05,-7.36904384606431e-05,-1.21395231325711e-05,4.86771999992662e-05
1063,-0.195931467621298,-0.0899082077326602,0.0653674554229176,8.22122419310731e-06,3.93231330990873e-06,-3.00117313711348e-06,6.74564522257074e-05,5.9391539097093e-06,-5.48857582922966e-05,1.06866656348844e-05,-7.36264015067474e-05,-1.21091031907493e-05,4.87158090112566e-05
1064,-0.195460778380566,-0.0896837786381922,0.0651964620572612,8.20023735206086e-06,3.9224518305252e-06,-2.9935769164559e-06,6.74145698260887e-05,5.93098525368113e-06,-5.49022325234857e-05,1.06482572426217e-05,-7.35623440115167e-05,-1.20787594391091e-05,4.87544583380577e-05
1065,-0.194991291401028,-0.0894599109572151,0.0650258996471519,8.17930263862567e-06,3.91261524003038e-06,-2.9859997507598e-06,6.73726642302771e-05,5.92289003793383e-06,-5.49187493178527e-05,1.06098532849346e-05,-7.34982658803965e-05,-1.20484916880532e-05,4.87931476677333e-05
1066,-0.194523003693017,-0.0892366032798566,0.0648557671208553,8.15841992569504e-06,3.90280347498367e-06,-2.97844159101991e-06,6.73307353384146e-05,5.91486806981453e-06,-5.49353083700514e-05,1.05714537692334e-05,-7.34341670178071e-05,-1.20182997492071e-05,4.88318766906589e-05
1067,-0.194055912274173,-0.0890138541998034,0.0646860634093485,8.13758908644006e-06,3.89301647210367e-06,-2.97090238835539e-06,6.72887830507503e-05,5.90691915696725e-06,-5.49519093751234e-05,1.0533058702938e-05,-7.33700473282816e-05,-1.19881834344986e-05,4.8870645097592e-05
1068,-0.193590014169428,-0.0887916623142917,0.0645167874463133,8.11680999434156e-06,3.88325416827095e-06,-2.96338209401492e-06,6.72468072679989e-05,5.89904310741954e-06,-5.49685520288131e-05,1.04946680935527e-05,-7.33059067168673e-05,-1.1958142556288e-05,4.89094525799446e-05
1069,-0.193125306410989,-0.0885700262240991,0.0643479381681293,8.09608252317883e-06,3.8735165005287e-06,-2.95588065937355e-06,6.7204807891197e-05,5.8912397296149e-06,-5.49852360274312e-05,1.0456281948681e-05,-7.32417450889906e-05,-1.19281769274085e-05,4.89482988296376e-05
1070,-0.192661786038317,-0.0883489445335353,0.0641795145138674,8.07540654702897e-06,3.86380340607843e-06,-2.94839803593448e-06,6.71627848217481e-05,5.88350883229575e-06,-5.50019610679149e-05,1.04179002759487e-05,-7.31775623504578e-05,-1.18982863610054e-05,4.89871835392052e-05
1071,-0.192199450098113,-0.0881284158504332,0.0640115154252823,8.05478194026463e-06,3.85411482228446e-06,-2.94093417532752e-06,6.71207379613603e-05,5.87585022466327e-06,-5.50187268478059e-05,1.03795230830738e-05,-7.31133584074329e-05,-1.18684706707358e-05,4.90261064017333e-05
1072,-0.1917382956443,-0.0879084387861402,0.0638439398468065,8.0342085775585e-06,3.84445068666943e-06,-2.93348902930883e-06,6.70786672121276e-05,5.86826371622498e-06,-5.50355330652342e-05,1.03411503778339e-05,-7.30491331665004e-05,-1.18387296705978e-05,4.90650671108614e-05
1073,-0.191278319738007,-0.0876890119555094,0.0636767867255427,8.01368633387729e-06,3.83481093691623e-06,-2.92606254976066e-06,6.70365724764565e-05,5.86074911688549e-06,-5.5052379418923e-05,1.03027821680741e-05,-7.29848865345962e-05,-1.18090631750252e-05,4.91040653607833e-05
1074,-0.190819519447548,-0.0874701339768909,0.0635100550112576,7.99321508449386e-06,3.82519551086428e-06,-2.91865468869158e-06,6.69944536572253e-05,5.85330623681158e-06,-5.50692656082161e-05,1.02644184617049e-05,-7.29206184191656e-05,-1.17794709987519e-05,4.91431008462758e-05
1075,-0.19036189184841,-0.087251803472123,0.0633437436563749,7.97279470496157e-06,3.81560434651587e-06,-2.91126539823642e-06,6.69523106574817e-05,5.84593488671135e-06,-5.50861913330783e-05,1.02260592666883e-05,-7.28563287278533e-05,-1.17499529570829e-05,4.91821732627067e-05
1076,-0.189905434023231,-0.0870340190665233,0.0631778516159687,7.95242507114255e-06,3.80603738202984e-06,-2.90389463065379e-06,6.69101433807617e-05,5.83863487755521e-06,-5.51031562940263e-05,1.01877045911016e-05,-7.27920173688586e-05,-1.17205088656521e-05,4.92212823059294e-05
1077,-0.189450143061788,-0.0868167793888799,0.0630123778477565,7.93210605918161e-06,3.79649455572247e-06,-2.89654233832886e-06,6.68679517308439e-05,5.83140602069686e-06,-5.51201601922112e-05,1.01493544430165e-05,-7.27276842506204e-05,-1.16911385404734e-05,4.92604276724347e-05
1078,-0.188996016060975,-0.0866000830714433,0.0628473213120926,7.91183754552928e-06,3.78697580606809e-06,-2.88920847377078e-06,6.68257356119655e-05,5.82424812783885e-06,-5.51372027293775e-05,1.0111008830629e-05,-7.26633292821079e-05,-1.16618417979812e-05,4.92996090592351e-05
1079,-0.18854305012479,-0.0863839287499169,0.0626826809719617,7.89161940692392e-06,3.77748107170087e-06,-2.88189298961368e-06,6.67834949286414e-05,5.8171610111514e-06,-5.51542836078985e-05,1.00726677622016e-05,-7.25989523726062e-05,-1.16326184551162e-05,4.93388261639338e-05
1080,-0.188091242364314,-0.0861683150634488,0.0625184557929715,7.8714515204002e-06,3.7680102914087e-06,-2.874595838616e-06,6.67412295857929e-05,5.81014448305595e-06,-5.51714025307384e-05,1.00343312460361e-05,-7.25345534318297e-05,-1.16034683290927e-05,4.93780786847016e-05
1081,-0.187640589897699,-0.085953240654623,0.0623546447433468,7.85133376328364e-06,3.75856340413755e-06,-2.86731697366018e-06,6.66989394886643e-05,5.80319835639531e-06,-5.5188559201474e-05,9.99599929050995e-06,-7.24701323698596e-05,-1.15743912375905e-05,4.94173663202788e-05
1082,-0.187191089850145,-0.0857387041694511,0.0621912467939222,7.83126601319363e-06,3.74914034899018e-06,-2.86005634775151e-06,6.66566245428603e-05,5.79632244438661e-06,-5.52057533242605e-05,9.95767190409082e-06,-7.24056890971891e-05,-1.15453869987154e-05,4.94566887699317e-05
1083,-0.186742739353891,-0.085524704257363,0.0620282609181361,7.81124814803798e-06,3.73974106522416e-06,-2.85281391401973e-06,6.66142846543212e-05,5.78951656059315e-06,-5.52229846038886e-05,9.9193490952733e-06,-7.23412235246631e-05,-1.15164554309351e-05,4.94960457335467e-05
1084,-0.186295535548188,-0.085311239571199,0.0618656860920233,7.79128004602258e-06,3.73036549225405e-06,-2.84558962571623e-06,6.65719197293893e-05,5.78278051896869e-06,-5.52402527457185e-05,9.88103087268063e-06,-7.22767355636025e-05,-1.14875963531819e-05,4.95354369115053e-05
1085,-0.185849475579293,-0.0850983087672007,0.0617035212942091,7.77136158563961e-06,3.72101356964946e-06,-2.83838343621573e-06,6.65295296747225e-05,5.77611413384293e-06,-5.52575574557294e-05,9.84271724497784e-06,-7.22122251256678e-05,-1.14588095847883e-05,4.95748620047841e-05
1086,-0.185404556600444,-0.0848859105050029,0.0615417655059022,7.75149264566413e-06,3.71168523713048e-06,-2.83119529901777e-06,6.6487114397307e-05,5.76951721979969e-06,-5.52748984405574e-05,9.80440822078711e-06,-7.21476921228234e-05,-1.14300949453161e-05,4.9614320715041e-05
1087,-0.184960775771847,-0.0846740434476247,0.0613804177108882,7.73167310517791e-06,3.70238043457941e-06,-2.82402516774056e-06,6.64446738045776e-05,5.76298959198726e-06,-5.52922754073852e-05,9.76610380899985e-06,-7.20831364691496e-05,-1.14014522542064e-05,4.96538127428132e-05
1088,-0.184518130260658,-0.0844627062614612,0.0612194768955232,7.71190284353865e-06,3.69309910202838e-06,-2.81687299612604e-06,6.64022078042326e-05,5.75653106581854e-06,-5.53096880640214e-05,9.72780401845092e-06,-7.20185580729091e-05,-1.13728813344951e-05,4.96933377953449e-05
1089,-0.184076617240968,-0.0842518976162749,0.0610589420487273,7.69218174040023e-06,3.6838411796615e-06,-2.80973873803697e-06,6.63597163044101e-05,5.75014145699162e-06,-5.53271361188507e-05,9.6895088580614e-06,-7.19539568519272e-05,-1.13443820045086e-05,4.97328955713337e-05
1090,-0.183636233893783,-0.0840416161851871,0.0608988121619777,7.67250967570421e-06,3.67460660782165e-06,-2.80262234745826e-06,6.63171992135704e-05,5.7438205817601e-06,-5.53446192809329e-05,9.65121833686907e-06,-7.18893327183696e-05,-1.13159540865593e-05,4.97724857761337e-05
1091,-0.18319697740701,-0.0838318606446696,0.0607390862293023,7.65288652967952e-06,3.66539532700109e-06,-2.79552377849405e-06,6.62746564405393e-05,5.73756825660632e-06,-5.53621372598347e-05,9.61293246396223e-06,-7.18246855863095e-05,-1.12875974023766e-05,4.98121081140644e-05
1092,-0.182758844975442,-0.0836226296745363,0.0605797632472734,7.63331218283264e-06,3.65620727784365e-06,-2.78844298537277e-06,6.62320878944386e-05,5.73138429839128e-06,-5.53796897658494e-05,9.57465124839936e-06,-7.17600153700987e-05,-1.12593117740514e-05,4.98517622901892e-05
1093,-0.182321833800736,-0.0834139219579349,0.0604208422150011,7.61378651596862e-06,3.64704240114842e-06,-2.7813799224401e-06,6.61894934848254e-05,5.72526852439006e-06,-5.53972765097874e-05,9.53637469943058e-06,-7.16953219846348e-05,-1.12310970241994e-05,4.9891448009978e-05
1094,-0.181885941091401,-0.0832057361813378,0.0602623221341266,7.59430941017765e-06,3.63790063786455e-06,-2.77433454416257e-06,6.61468731216246e-05,5.71922075218665e-06,-5.54148972030802e-05,9.49810282633803e-06,-7.16306053452016e-05,-1.12029529757637e-05,4.99311649795032e-05
1095,-0.181451164062781,-0.0829980710345348,0.0601042020088158,7.57488074683043e-06,3.62878192909514e-06,-2.76730680512664e-06,6.61042267150532e-05,5.71324079982225e-06,-5.54325515577739e-05,9.45983563848198e-06,-7.15658653674204e-05,-1.11748794521894e-05,4.99709129054067e-05
1096,-0.181017499937035,-0.0827909252106236,0.0599464808457532,7.55550040758348e-06,3.61968621609161e-06,-2.76029666003907e-06,6.60615541757225e-05,5.70732848560839e-06,-5.54502392865329e-05,9.42157314524912e-06,-7.15011019673218e-05,-1.11468762772077e-05,5.00106914949335e-05
1097,-0.180584945943126,-0.0825842974060025,0.059789157654135,7.53616827438127e-06,3.61061344025782e-06,-2.75330406372422e-06,6.60188554146142e-05,5.70148362825406e-06,-5.54679601025753e-05,9.38331535614991e-06,-7.14363150613785e-05,-1.11189432750184e-05,5.0050500455811e-05
1098,-0.1801534993168,-0.0823781863203611,0.0596322314456629,7.51688422944946e-06,3.60156354314964e-06,-2.74632897112726e-06,6.59761303430476e-05,5.69570604690407e-06,-5.54857137198057e-05,9.34506228074509e-06,-7.13715045664296e-05,-1.10910802702861e-05,5.00903394964237e-05
1099,-0.179723157300571,-0.0821725906566728,0.0594757012345377,7.49764815530126e-06,3.59253646646865e-06,-2.73937133731064e-06,6.59333788727636e-05,5.68999556089728e-06,-5.55034998526545e-05,9.30681392864701e-06,-7.13066703997657e-05,-1.10632870878994e-05,5.01302083256524e-05
1100,-0.179293917143707,-0.0819675091211861,0.0593195660374528,7.47845993472589e-06,3.58353215207234e-06,-2.73243111745642e-06,6.58906009157621e-05,5.68435199016838e-06,-5.55213182162352e-05,9.26857030956747e-06,-7.12418124789939e-05,-1.10355635534001e-05,5.01701066530035e-05
1101,-0.178865776102208,-0.0817629404234163,0.0591638248735876,7.45931945080232e-06,3.57455054196348e-06,-2.72550826686382e-06,6.58477963845012e-05,5.67877515485144e-06,-5.5539168526215e-05,9.23033143327806e-06,-7.11769307222137e-05,-1.1007909492564e-05,5.02100341885024e-05
1102,-0.178438731438798,-0.0815588832761373,0.0590084767646019,7.44022658688263e-06,3.56559157829489e-06,-2.71860274095014e-06,6.58049651917065e-05,5.6732648754982e-06,-5.55570504988652e-05,9.19209730959719e-06,-7.11120250478197e-05,-1.09803247316114e-05,5.0249990642752e-05
1103,-0.178012780422899,-0.0813553363953736,0.0588535207346286,7.4211812266059e-06,3.55665520336773e-06,-2.71171449525037e-06,6.5762107250529e-05,5.66782097299945e-06,-5.55749638510805e-05,9.15386794842478e-06,-7.10470953746784e-05,-1.09528090971488e-05,5.02899757269311e-05
1104,-0.177587920330624,-0.0811522985003917,0.058698955810268,7.40218325389102e-06,3.5477413596332e-06,-2.70484348541599e-06,6.57192224744548e-05,5.66244326866197e-06,-5.55929083003376e-05,9.11564335975827e-06,-7.09821416220478e-05,-1.0925362416255e-05,5.03299891527445e-05
1105,-0.177164148444755,-0.0809497683136924,0.0585447810205812,7.38323255293383e-06,3.53884998968777e-06,-2.69798966721699e-06,6.56763107773305e-05,5.65713158408265e-06,-5.5610883564759e-05,9.07742355359804e-06,-7.09171637095486e-05,-1.08979845163007e-05,5.03700306325409e-05
1106,-0.176741462054726,-0.0807477445610019,0.0583909953970838,7.36432900822226e-06,3.5299810362795e-06,-2.69115299653708e-06,6.56333720734429e-05,5.65188574130445e-06,-5.56288893630026e-05,9.03920854014677e-06,-7.08521615573578e-05,-1.08706752252194e-05,5.04100998790877e-05
1107,-0.176319858456614,-0.0805462259712645,0.0582375979737399,7.34547250451068e-06,3.52113444230064e-06,-2.68433342937833e-06,6.55904062773493e-05,5.64670556266912e-06,-5.56469254143669e-05,9.00099832956634e-06,-7.07871350876705e-05,-1.08434343705601e-05,5.04501966040457e-05
1108,-0.175899334953114,-0.0803452112766337,0.0580845877869555,7.32666292683348e-06,3.51231015079242e-06,-2.67753092185964e-06,6.55474133039784e-05,5.64159087095391e-06,-5.56649914388026e-05,8.96279293210769e-06,-7.07220842160217e-05,-1.08162617829972e-05,5.04903205267593e-05
1109,-0.175479888853529,-0.0801446992124644,0.057931963875572,7.30790016050074e-06,3.50350810494025e-06,-2.67074543021356e-06,6.55043930685976e-05,5.63654148920313e-06,-5.56830871567563e-05,8.92459235808519e-06,-7.06570088689458e-05,-1.07891572895513e-05,5.05304713564081e-05
1110,-0.175061517473751,-0.079944688517305,0.0577797252808608,7.28918409111109e-06,3.49472824807745e-06,-2.66397691078889e-06,6.5461345486946e-05,5.63155724086281e-06,-5.57012122893436e-05,8.88639661793128e-06,-7.05919089664344e-05,-1.07621207203512e-05,5.05706488098552e-05
1111,-0.174644218136247,-0.0797451779328891,0.0576278710465163,7.27051460452812e-06,3.48597052368302e-06,-2.65722532005138e-06,6.54182704750201e-05,5.62663794977296e-06,-5.57193665583307e-05,8.8482057220789e-06,-7.05267844302044e-05,-1.07351519049573e-05,5.06108526031463e-05
1112,-0.174227988170043,-0.0795461662041274,0.0574764002186498,7.25189158689129e-06,3.47723487538259e-06,-2.65049061457885e-06,6.5375167949145e-05,5.62178344014834e-06,-5.5737549685976e-05,8.81001968108286e-06,-7.0461635183584e-05,-1.07082506745874e-05,5.0651082451537e-05
1113,-0.173812824910704,-0.0793476520790997,0.0573253118457835,7.23331492462637e-06,3.46852124694422e-06,-2.64377275106548e-06,6.53320378261504e-05,5.61699353646547e-06,-5.57557613952171e-05,8.77183850554832e-06,-7.03964611462319e-05,-1.06814168590043e-05,5.06913380751356e-05
1114,-0.173398725700324,-0.0791496343090469,0.0571746049788442,7.21478450442343e-06,3.45982958228365e-06,-2.63707168631818e-06,6.52888800230848e-05,5.6122680636671e-06,-5.57740014095241e-05,8.73366220616841e-06,-7.03312622488274e-05,-1.06546502894097e-05,5.07316191837815e-05
1115,-0.172985687887506,-0.0789521116483631,0.0570242786711574,7.19630021325526e-06,3.45115982545996e-06,-2.63038737725987e-06,6.52456944574686e-05,5.60760684701663e-06,-5.57922694530604e-05,8.69549079369366e-06,-7.02660384079435e-05,-1.06279507974916e-05,5.07719255025854e-05
1116,-0.172573708827349,-0.0787550828545873,0.0568743319784405,7.1778619383608e-06,3.44251192067554e-06,-2.62371978092546e-06,6.52024810470945e-05,5.60300971211402e-06,-5.58105652504974e-05,8.65732427893276e-06,-7.02007895499983e-05,-1.06013182150177e-05,5.08122567475937e-05
1117,-0.172162785881428,-0.0785585466883958,0.0567247639587972,7.1594695672591e-06,3.43388581227808e-06,-2.61706885446411e-06,6.51592397101842e-05,5.59847648496158e-06,-5.58288885271644e-05,8.61916267279457e-06,-7.01355155995113e-05,-1.05747523742887e-05,5.08526126378373e-05
1118,-0.171752916417784,-0.0783625019135941,0.0565755736727115,7.14112298773527e-06,3.42528144475752e-06,-2.61043455513759e-06,6.51159703652547e-05,5.59400699189165e-06,-5.58472390089458e-05,8.58100598622854e-06,-7.00702164813215e-05,-1.05482531079585e-05,5.0892992892879e-05
1119,-0.171344097810903,-0.0781669472971087,0.0564267601830407,7.1228220878506e-06,3.41669876274668e-06,-2.60381684032165e-06,6.5072672931237e-05,5.58960105959096e-06,-5.58656164223806e-05,8.54285423024982e-06,-7.00048921207195e-05,-1.05218202490734e-05,5.09333972328981e-05
1120,-0.170936327441702,-0.0779718816089798,0.0562783225550105,7.10456675594071e-06,3.40813771102367e-06,-2.59721566750268e-06,6.50293473274176e-05,5.58525851517104e-06,-5.58840204945485e-05,8.50470741601172e-06,-6.9939542443431e-05,-1.04954536311844e-05,5.09738253785352e-05
1121,-0.170529602697517,-0.0777773036223529,0.0561302598562079,7.08635688061115e-06,3.39959823450562e-06,-2.59063099428077e-06,6.49859934734678e-05,5.5809791860014e-06,-5.59024509531628e-05,8.46656555467311e-06,-6.98741673755699e-05,-1.04691530881035e-05,5.10142770510606e-05
1122,-0.170123920972081,-0.0775832121134708,0.0559825711565758,7.06819235072751e-06,3.3910802782536e-06,-2.58406277836786e-06,6.49426112892991e-05,5.57676289989713e-06,-5.59209075265201e-05,8.42842865745183e-06,-6.98087668435245e-05,-1.04429184541225e-05,5.10547519722947e-05
1123,-0.169719279665512,-0.0773896058616664,0.0558352555284064,7.0500730554428e-06,3.38258378747075e-06,-2.57751097758724e-06,6.48992006953586e-05,5.57260948500462e-06,-5.59393899435381e-05,8.39029673570776e-06,-6.97433407743003e-05,-1.04167495639463e-05,5.10952498645964e-05
1124,-0.169315676184299,-0.0771964836493543,0.0556883120463357,7.03199888416004e-06,3.37410870749895e-06,-2.57097554987317e-06,6.48557616122699e-05,5.56851876977741e-06,-5.59578979336571e-05,8.35216980077812e-06,-6.96778890950666e-05,-1.03906462525741e-05,5.11357704508604e-05
1125,-0.168913107941282,-0.0770038442620233,0.0555417397873372,7.01396972656519e-06,3.36565498382235e-06,-2.56445645327144e-06,6.48122939611578e-05,5.56449058304419e-06,-5.59764312269681e-05,8.3140478641307e-06,-6.96124117335691e-05,-1.03646083554555e-05,5.11763134545568e-05
1126,-0.16851157235564,-0.0768116864882282,0.0553955378307157,6.99598547260985e-06,3.35722256206844e-06,-2.55795364593885e-06,6.47687976634645e-05,5.56052475408904e-06,-5.59949895541776e-05,8.2759309373238e-06,-6.95469086179231e-05,-1.03386357085477e-05,5.12168785997189e-05
1127,-0.168111066852875,-0.0766200091195826,0.0552497052581017,6.97804601250742e-06,3.34881138800065e-06,-2.55146708614239e-06,6.47252726409603e-05,5.55662111241465e-06,-5.60135726465318e-05,8.23781903191987e-06,-6.94813796765746e-05,-1.0312728148029e-05,5.12574656109175e-05
1128,-0.167711588864796,-0.0764288109507506,0.0551042411534451,6.96015123674965e-06,3.34042140752553e-06,-2.54499673225843e-06,6.46817188158634e-05,5.55277948795761e-06,-5.60321802358805e-05,8.19971215964215e-06,-6.94158248385103e-05,-1.02868855106045e-05,5.12980742132337e-05
1129,-0.167313135829502,-0.0762380907794394,0.0549591446030096,6.94230103607864e-06,3.33205256668754e-06,-2.53854254277634e-06,6.46381361106237e-05,5.54899971101188e-06,-5.60508120547478e-05,8.16161033216435e-06,-6.93502440329196e-05,-1.02611076333078e-05,5.13387041324519e-05
1130,-0.16691570519137,-0.0760478474063913,0.0548144146953661,6.92449530151016e-06,3.32370481167079e-06,-2.53210447629173e-06,6.45945244480994e-05,5.54528161219625e-06,-5.60694678361269e-05,8.12351356131289e-06,-6.92846371894889e-05,-1.02353943535858e-05,5.13793550947373e-05
1131,-0.166519294401037,-0.0758580796353763,0.0546700505213874,6.90673392433188e-06,3.31537808879838e-06,-2.52568249151149e-06,6.45508837515913e-05,5.54162502248971e-06,-5.60881473136971e-05,8.08542185898145e-06,-6.92190042383859e-05,-1.02097455092843e-05,5.14200268269025e-05
1132,-0.166123900915386,-0.0756687862731843,0.0545260511742422,6.88901679608243e-06,3.30707234453024e-06,-2.51927654724985e-06,6.4507213944616e-05,5.53802977318168e-06,-5.61068502216159e-05,8.04733523709149e-06,-6.91533451100099e-05,-1.01841609385756e-05,5.1460719056222e-05
1133,-0.165729522197531,-0.0754799661296172,0.0543824157493886,6.87134380857491e-06,3.29878752546747e-06,-2.51288660243203e-06,6.44635149511533e-05,5.53449569601212e-06,-5.61255762947627e-05,8.00925370767514e-06,-6.90876597352876e-05,-1.01586404801464e-05,5.15014315106284e-05
1134,-0.165336155716801,-0.0752916180174818,0.0542391433445691,6.85371485388346e-06,3.29052357834624e-06,-2.50651261608994e-06,6.44197866955193e-05,5.53102262297138e-06,-5.61443252685069e-05,7.97117728282044e-06,-6.90219480455139e-05,-1.0133183972966e-05,5.15421639185122e-05
1135,-0.164943798948723,-0.0751037407525814,0.0540962330598039,6.83612982433653e-06,3.28228045004173e-06,-2.50015454736531e-06,6.43760291023038e-05,5.52761038648349e-06,-5.61630968788658e-05,7.93310597464967e-06,-6.89562099722776e-05,-1.01077912564573e-05,5.1582916008892e-05
1136,-0.164552449375011,-0.0749163331537089,0.0539536839973856,6.81858861254682e-06,3.27405808756703e-06,-2.49381235550604e-06,6.43322420966586e-05,5.52425881929135e-06,-5.61818908624203e-05,7.89503979546846e-06,-6.88904454478351e-05,-1.00824621704679e-05,5.16236875112438e-05
1137,-0.164162104483548,-0.0747293940426388,0.0538114952618732,6.80109111136006e-06,3.26585643807076e-06,-2.48748599986905e-06,6.42884256038188e-05,5.52096775451639e-06,-5.62007069563282e-05,7.85697875751596e-06,-6.88246544044878e-05,-1.00571965551854e-05,5.16644781556592e-05
1138,-0.163772761768372,-0.0745429222441197,0.053669665960086,6.78363721390635e-06,3.25767544883684e-06,-2.4811754399185e-06,6.42445795496218e-05,5.51773702554276e-06,-5.62195448983666e-05,7.81892287317295e-06,-6.87588367752211e-05,-1.00319942511421e-05,5.17052876727673e-05
1139,-0.163384418729659,-0.0743569165858669,0.0535281952010981,6.76622681356055e-06,3.24951506728796e-06,-2.47488063522526e-06,6.42007038600782e-05,5.51456646622603e-06,-5.62384044268695e-05,7.78087215487111e-06,-6.86929924932231e-05,-1.00068550993709e-05,5.17461157937246e-05
1140,-0.162997072873712,-0.0741713758985547,0.0533870820962324,6.74885980396925e-06,3.24137524097975e-06,-2.46860154546633e-06,6.41567984616891e-05,5.51145591064423e-06,-5.6257285280731e-05,7.74282661513037e-06,-6.86271214922232e-05,-9.98177894117835e-06,5.17869622501969e-05
1141,-0.162610721712941,-0.0739862990158088,0.0532463257590552,6.73153607902699e-06,3.23325591760574e-06,-2.46233813042659e-06,6.41128632811887e-05,5.50840519334496e-06,-5.62761871994798e-05,7.70478626650981e-06,-6.85612237062067e-05,-9.95676561836294e-06,5.18278267744618e-05
1142,-0.162225362765851,-0.0738016847741992,0.0531059253053697,6.71425553289949e-06,3.22515704499304e-06,-2.45609034999615e-06,6.40688982457958e-05,5.50541414913902e-06,-5.62951099232006e-05,7.66675112167932e-06,-6.84952990697072e-05,-9.93181497305044e-06,5.18687090992891e-05
1143,-0.161840993557028,-0.073617532013232,0.0529658798532109,6.69701806000372e-06,3.21707857110429e-06,-2.44985816417214e-06,6.40249032830162e-05,5.50248261323579e-06,-5.63140531925944e-05,7.62872119334877e-06,-6.84293475175687e-05,-9.90692684778831e-06,5.19096089580419e-05
1144,-0.161457611617122,-0.0734338395753429,0.0528261885228395,6.67982355501466e-06,3.20902044403416e-06,-2.44364153305595e-06,6.39808783207191e-05,5.49961042110044e-06,-5.63330167488712e-05,7.5906964942918e-06,-6.83633689856939e-05,-9.88210108344166e-06,5.19505260838965e-05
1145,-0.161075214482833,-0.0732506063058888,0.0526868504367365,6.66267191285948e-06,3.20098261201614e-06,-2.43744041685609e-06,6.39368232870609e-05,5.49679740872982e-06,-5.63520003339149e-05,7.55267703736551e-06,-6.82973634076861e-05,-9.8573375293551e-06,5.19914602132896e-05
1146,-0.160693799696895,-0.073067831053141,0.0525478647195968,6.64556302873074e-06,3.19296502341291e-06,-2.43125477588526e-06,6.38927381106655e-05,5.4940434122894e-06,-5.63710036901375e-05,7.51466283548949e-06,-6.82313307216046e-05,-9.83263602322853e-06,5.20324110791984e-05
1147,-0.160313364808063,-0.0728855126682776,0.0524092304983244,6.62849679806793e-06,3.1849676267225e-06,-2.42508457056045e-06,6.38486227204021e-05,5.49134826837072e-06,-5.63900265605041e-05,7.47665390165161e-06,-6.81652708631583e-05,-9.80799641112694e-06,5.20733784177479e-05
1148,-0.159933907371099,-0.0727036500053761,0.052270946902026,6.61147311657291e-06,3.17699037057518e-06,-2.41892976140358e-06,6.38044770455733e-05,5.48871181387346e-06,-5.64090686885813e-05,7.43865024892063e-06,-6.80991837691951e-05,-9.78341853749527e-06,5.21143619649595e-05
1149,-0.159555424946753,-0.0725222419214058,0.0521330130620057,6.59449188020073e-06,3.1690332037346e-06,-2.41279030904157e-06,6.37603010158207e-05,5.48613388607349e-06,-5.64281298185444e-05,7.40065189042674e-06,-6.80330693769373e-05,-9.75890224719008e-06,5.21553614574278e-05
1150,-0.159177915101752,-0.072341287276221,0.0519954281117591,6.57755298516202e-06,3.16109607509689e-06,-2.40666617420455e-06,6.37160945611458e-05,5.48361432258672e-06,-5.64472096951163e-05,7.36265883938806e-06,-6.79669276240179e-05,-9.7344473854588e-06,5.21963766322443e-05
1151,-0.158801375408787,-0.0721607849325531,0.051858191186968,6.56065632791178e-06,3.15317893368936e-06,-2.40055731772668e-06,6.36718576118173e-05,5.48115296136527e-06,-5.6466308063584e-05,7.32467110904546e-06,-6.79007584464666e-05,-9.71005379601452e-06,5.22374072289347e-05
1152,-0.158425803446493,-0.0719807337560037,0.0517213014254943,6.54380180517357e-06,3.14528172867161e-06,-2.3944637005459e-06,6.36275900986134e-05,5.47874964069643e-06,-5.64854246698591e-05,7.28668871276681e-06,-6.7834561787457e-05,-9.68572132954004e-06,5.22784529810154e-05
1153,-0.158051196799438,-0.0718011326150369,0.0515847579673747,6.52698931390637e-06,3.13740440933291e-06,-2.38838528370232e-06,6.35832919524932e-05,5.47640419917904e-06,-5.65045592603396e-05,7.24871166392351e-06,-6.77683375829374e-05,-9.66144982962326e-06,5.23195136298954e-05
1154,-0.157677553058107,-0.0716219803809725,0.0514485599548151,6.51021875133323e-06,3.12954692509608e-06,-2.38232202834006e-06,6.35389631048844e-05,5.47411647582491e-06,-5.65237115820839e-05,7.21073997601463e-06,-6.77020857710928e-05,-9.63723914203335e-06,5.23605889158755e-05
1155,-0.157304869818889,-0.0714432759279783,0.0513127065321849,6.4934900149153e-06,3.12170922551211e-06,-2.37627389570544e-06,6.34946034874444e-05,5.47188630992599e-06,-5.65428813826639e-05,7.1727736625373e-06,-6.76358062923466e-05,-9.61308911482815e-06,5.24016785777617e-05
1156,-0.156933144684063,-0.0712650181330631,0.0511771968460114,6.4768030023827e-06,3.11389126026644e-06,-2.37024084714584e-06,6.34502130323299e-05,5.46971354120545e-06,-5.65620684102321e-05,7.1348127371903e-06,-6.75694990867642e-05,-9.58899959563984e-06,5.24427823557977e-05
1157,-0.15656237526178,-0.0710872058760692,0.0510420300449744,6.46015761169856e-06,3.10609297916897e-06,-2.36422284411366e-06,6.34057916719339e-05,5.46759800959894e-06,-5.65812724135626e-05,7.0968572135731e-06,-6.75031640945907e-05,-9.5649704322557e-06,5.24838999909058e-05
1158,-0.156192559166052,-0.0709098380396657,0.0509072052799005,6.44355374108695e-06,3.09831433216229e-06,-2.35821984816077e-06,6.33613393390775e-05,5.46553955544162e-06,-5.66004931419461e-05,7.05890710546424e-06,-6.74368012566018e-05,-9.54100147296597e-06,5.25250312244217e-05
1159,-0.155823694016737,-0.0707329135093409,0.0507727217037576,6.4269912890098e-06,3.09055526931867e-06,-2.35223182094074e-06,6.33168559668155e-05,5.46353801944312e-06,-5.66197303452294e-05,7.02096242667266e-06,-6.73704105138252e-05,-9.51709256645283e-06,5.25661757982197e-05
1160,-0.155455777439523,-0.070556431173395,0.0506385784716494,6.41047015419092e-06,3.08281574083746e-06,-2.34625872420986e-06,6.32723414887157e-05,5.46159324257029e-06,-5.66389837739028e-05,6.98302319108051e-06,-6.73039918078434e-05,-9.49324356169803e-06,5.2607333454775e-05
1161,-0.155088807065915,-0.0703803899229335,0.05050477474081,6.3939902355906e-06,3.07509569704963e-06,-2.34030051982329e-06,6.32277958385405e-05,5.45970506623356e-06,-5.66582531789311e-05,6.9450894126641e-06,-6.72375450804881e-05,-9.4694543081812e-06,5.26485039369834e-05
1162,-0.154722780533221,-0.0702047886518594,0.0503713096705981,6.37755143241909e-06,3.06739508841038e-06,-2.3343571697389e-06,6.31832189504732e-05,5.45787333205282e-06,-5.66775383119087e-05,6.90716110540057e-06,-6.71710702740124e-05,-9.44572465559195e-06,5.26896869883695e-05
1163,-0.154357695484538,-0.0700296262568669,0.0502381824224919,6.36115364413408e-06,3.05971386550612e-06,-2.3284286360134e-06,6.31386107590176e-05,5.45609788207703e-06,-5.66968389249496e-05,6.86923828339944e-06,-6.7104567331066e-05,-9.42205445412538e-06,5.27308823529013e-05
1164,-0.153993549568735,-0.0698549016374332,0.0501053921600835,6.34479677044398e-06,3.05205197904989e-06,-2.32251488080468e-06,6.30939711990876e-05,5.45437855865447e-06,-5.67161547707774e-05,6.83132096082819e-06,-6.70380361947425e-05,-9.39844355430936e-06,5.27720897751225e-05
1165,-0.153630340440443,-0.0696806136958125,0.0499729380490732,6.32848071129719e-06,3.044409379882e-06,-2.31661586637029e-06,6.3049300205886e-05,5.45271520447586e-06,-5.67354856026579e-05,6.79340915190565e-06,-6.6971476808454e-05,-9.37489180704386e-06,5.28133090000899e-05
1166,-0.153268065760037,-0.0695067613370282,0.0498408192572647,6.31220536688054e-06,3.03678601897006e-06,-2.31073155506734e-06,6.30045977148933e-05,5.45110766258794e-06,-5.67548311744041e-05,6.75550287090051e-06,-6.6904889115919e-05,-9.35139906361364e-06,5.28545397733784e-05
1167,-0.152906723193625,-0.0693333434688662,0.0497090349545588,6.29597063763592e-06,3.02918184740789e-06,-2.30486190935184e-06,6.29598636620443e-05,5.44955577632929e-06,-5.67741912403906e-05,6.7176021321882e-06,-6.6838273061372e-05,-9.32796517565695e-06,5.28957818410629e-05
1168,-0.152546310413033,-0.0691603590018677,0.0495775843129487,6.27977642424644e-06,3.02159681641635e-06,-2.29900689177989e-06,6.29150979835958e-05,5.44805938940903e-06,-5.67935655555922e-05,6.67970695019722e-06,-6.67716285893999e-05,-9.30458999521321e-06,5.29370349497881e-05
1169,-0.152186825095788,-0.0689878068493224,0.0494464665065145,6.26362262763382e-06,3.01403087734123e-06,-2.29316646500553e-06,6.28703006161034e-05,5.44661834583227e-06,-5.68129538754905e-05,6.64181733940719e-06,-6.67049556449185e-05,-9.28127337464734e-06,5.29782988466755e-05
1170,-0.15182826492511,-0.0688156859272613,0.0493156807114175,6.24750914896309e-06,3.00648398165429e-06,-2.287340591782e-06,6.28254714964777e-05,5.44523248994949e-06,-5.68323559561555e-05,6.603933314362e-06,-6.6638254173235e-05,-9.25801516670673e-06,5.30195732793983e-05
1171,-0.151470627589892,-0.0686439951544497,0.0491852261058951,6.23143588964884e-06,2.99895608095349e-06,-2.28152923496018e-06,6.27806105620381e-05,5.44390166644914e-06,-5.68517715542084e-05,6.56605488971866e-06,-6.6571524120131e-05,-9.23481522454206e-06,5.30608579961155e-05
1172,-0.15111391078469,-0.0684727334523805,0.0490551018702554,6.21540275133446e-06,2.99144712696126e-06,-2.27573235748954e-06,6.27357177503257e-05,5.44262572036077e-06,-5.68712004268206e-05,6.52818208014158e-06,-6.65047654316144e-05,-9.2116734016494e-06,5.3102152745532e-05
1173,-0.150758112209707,-0.0683018997452669,0.0489253071868717,6.19940963591313e-06,2.9839570715247e-06,-2.2699499224176e-06,6.2690792999319e-05,5.44140449702654e-06,-5.68906423317484e-05,6.49031490039016e-06,-6.64379780541847e-05,-9.18858955189225e-06,5.31434572768827e-05
1174,-0.150403229570779,-0.0681314929600358,0.0487958412401776,6.18345644551492e-06,2.97648586661476e-06,-2.26418189288821e-06,6.26458362472964e-05,5.44023784209481e-06,-5.69100970272434e-05,6.45245336528811e-06,-6.6371161934679e-05,-9.16556352947741e-06,5.31847713398608e-05
1175,-0.150049260579365,-0.0679615120263208,0.0486667032166613,6.16754308251072e-06,2.96903346432812e-06,-2.25842823214353e-06,6.26008474328873e-05,5.43912560160695e-06,-5.69295642721709e-05,6.41459748973418e-06,-6.63043170203284e-05,-9.14259518904807e-06,5.32260946847297e-05
1176,-0.149696202952527,-0.067791955876455,0.0485378923048602,6.15166944951375e-06,2.96159981688334e-06,-2.2526889035219e-06,6.25558264950996e-05,5.43806762185432e-06,-5.69490438259072e-05,6.37674728869493e-06,-6.62374432566212e-05,-9.11968438482821e-06,5.32674270643857e-05
1177,-0.149344054412921,-0.0676228234454646,0.0484094076953563,6.13583544936599e-06,2.95418487662388e-06,-2.246963870459e-06,6.25107733731767e-05,5.43706374953078e-06,-5.69685354483981e-05,6.33890277717664e-06,-6.61705405987975e-05,-9.09683097515151e-06,5.33087682227774e-05
1178,-0.148992812688781,-0.0674541136710618,0.04828124858077,6.12004098515482e-06,2.94678859601356e-06,-2.24125309648699e-06,6.24656880067966e-05,5.43611383154761e-06,-5.69880389001373e-05,6.30106397024555e-06,-6.6103608986199e-05,-9.07403481094993e-06,5.33501179207349e-05
1179,-0.148642475513907,-0.067285825493638,0.0481534141557557,6.10428596020355e-06,2.93941092764367e-06,-2.23555654523251e-06,6.24205703359137e-05,5.43521771529095e-06,-5.70075539421262e-05,6.26323088310852e-06,-6.60366483741098e-05,-9.05129575055048e-06,5.33914759039301e-05
1180,-0.148293040627649,-0.0671179578562569,0.048025903616996,6.08857027807075e-06,2.93205182422349e-06,-2.22987418042069e-06,6.23754203008563e-05,5.43437524834286e-06,-5.70270803359869e-05,6.22540353094315e-06,-6.59696587033323e-05,-9.02861365081881e-06,5.3432841933511e-05
1181,-0.147944505774896,-0.0669505097046479,0.0478987161631967,6.0728938425587e-06,2.92471123858784e-06,-2.2242059658704e-06,6.23302378423278e-05,5.43358627869488e-06,-5.70466178438487e-05,6.18758192908713e-06,-6.59026399346041e-05,-9.00598837097122e-06,5.34742157515724e-05
1182,-0.14759686870606,-0.066783479987199,0.0477718509950816,6.05725655769256e-06,2.91738912369015e-06,-2.21855186549716e-06,6.22850229012693e-05,5.43285065458919e-06,-5.70661662283903e-05,6.14976609284285e-06,-6.58355920104254e-05,-8.98341976374524e-06,5.35155971192343e-05
1183,-0.147250127177063,-0.0666168676549502,0.0476453073153872,6.04165832774439e-06,2.91008543260789e-06,-2.21291184331134e-06,6.22397754190596e-05,5.43216822464969e-06,-5.70857252528653e-05,6.11195603765391e-06,-6.57685148826742e-05,-8.96090768826434e-06,5.35569857892507e-05
1184,-0.146904278949325,-0.0664506716615871,0.0475190843288575,6.02609905720689e-06,2.90280011853755e-06,-2.20728586341777e-06,6.2194495337281e-05,5.43153883777501e-06,-5.7105294681011e-05,6.07415177896083e-06,-6.57014085019627e-05,-8.93845200245669e-06,5.35983815163293e-05
1185,-0.146559321789749,-0.0662848909634335,0.047393181242239,6.01057865081865e-06,2.89553313479905e-06,-2.20167389001519e-06,6.21491825979504e-05,5.43096234323985e-06,-5.71248742771199e-05,6.03635333235138e-06,-6.56342728193071e-05,-8.91605256459662e-06,5.36397840557631e-05
1186,-0.146215253470709,-0.066119524519445,0.0472675972642754,5.99509701354655e-06,2.88828443483023e-06,-2.19607588739869e-06,6.21038371433993e-05,5.43043859057786e-06,-5.71444638060799e-05,5.9985607134011e-06,-6.55671077860318e-05,-8.8937092332103e-06,5.36811931634475e-05
1187,-0.145872071770034,-0.0659545712912025,0.0471423316057026,5.9796540505943e-06,2.88105397219102e-06,-2.19049181995627e-06,6.20584589163128e-05,5.42996742968847e-06,-5.71640630332929e-05,5.96077393780367e-06,-6.54999133538822e-05,-8.87142186725793e-06,5.37226085957235e-05
1188,-0.145529774470996,-0.0657900302429053,0.0470173834792431,5.96424966739684e-06,2.87384170056105e-06,-2.18492165217033e-06,6.20130478597032e-05,5.42954871078826e-06,-5.71836717247184e-05,5.92299302130319e-06,-6.54326894749608e-05,-8.84919032604594e-06,5.37640301094607e-05
1189,-0.145188359362298,-0.0656259003413642,0.0468927520996017,5.94888376961336e-06,2.86664757373836e-06,-2.17936534861467e-06,6.19676039168297e-05,5.4291822843681e-06,-5.72032896467404e-05,5.88521797969948e-06,-6.53654361016488e-05,-8.82701446918722e-06,5.38054574619213e-05
1190,-0.144847824238058,-0.0654621805559955,0.0467684366834596,5.93355626314766e-06,2.85947154564088e-06,-2.17382287395912e-06,6.19221270314389e-05,5.428868001253e-06,-5.72229165664254e-05,5.84744882887265e-06,-6.52981531868611e-05,-8.80489415667519e-06,5.38468904110032e-05
1191,-0.144508166897798,-0.0652988698588136,0.0466444364494699,5.9182670541195e-06,2.85231357030689e-06,-2.16829419296594e-06,6.18766171474439e-05,5.42860571265534e-06,-5.7242552251327e-05,5.80968558474115e-06,-6.52308406837013e-05,-8.78282924891272e-06,5.38883287150696e-05
1192,-0.144169385146429,-0.0651359672244249,0.046520750618252,5.90301604888804e-06,2.84517360189199e-06,-2.16277927049016e-06,6.18310742091936e-05,5.42839527003825e-06,-5.7262196469544e-05,5.77192826330545e-06,-6.51634985462469e-05,-8.76081960554575e-06,5.39297721324907e-05
1193,-0.143831476794239,-0.0649734716300212,0.0463973784123871,5.88780315403702e-06,2.83805159466952e-06,-2.15727807147834e-06,6.17854981613116e-05,5.42823652516104e-06,-5.72818489896504e-05,5.73417688062094e-06,-6.50961267269191e-05,-8.73886509076847e-06,5.3971220424043e-05
1194,-0.14349443965688,-0.0648113820553727,0.0462743190564127,5.87262827638628e-06,2.83094750303274e-06,-2.1517905609706e-06,6.17398889488221e-05,5.42812933015698e-06,-5.73015095808344e-05,5.69643145283566e-06,-6.50287251815371e-05,-8.7169655628719e-06,5.40126733481194e-05
1195,-0.143158271555351,-0.064649697482822,0.0461515717768176,5.85749132297529e-06,2.82386128149068e-06,-2.14631670409885e-06,6.16942465169998e-05,5.42807353742236e-06,-5.73211780127721e-05,5.65869199611242e-06,-6.49612938642165e-05,-8.69512088463905e-06,5.40541306655554e-05
1196,-0.142822970315993,-0.0644884168972769,0.0460291358020373,5.84239220107196e-06,2.81679288467122e-06,-2.14085646608616e-06,6.16485708114391e-05,5.42806899970843e-06,-5.73408540556565e-05,5.62095852670526e-06,-6.48938327299361e-05,-8.67333091820544e-06,5.40955921371595e-05
1197,-0.142488533770465,-0.0643275392862046,0.0459070103624483,5.82733081817982e-06,2.80974226731867e-06,-2.13540981224809e-06,6.16028617781591e-05,5.4281155700464e-06,-5.73605374802601e-05,5.5832310609404e-06,-6.48263417350337e-05,-8.65159552534113e-06,5.41370575233855e-05
1198,-0.142154959755742,-0.0641670636396246,0.0457851946903639,5.81230708201813e-06,2.80270938429446e-06,-2.12997670799092e-06,6.15571193633871e-05,5.42821310180666e-06,-5.73802280578401e-05,5.54550961518012e-06,-6.4758820832505e-05,-8.62991457092456e-06,5.41785265887222e-05
1199,-0.141822246114094,-0.0640069889501024,0.0456636880200285,5.79732090054658e-06,2.79569419057621e-06,-2.12455711881207e-06,6.15113435138255e-05,5.42836144863272e-06,-5.73999255602126e-05,5.50779420589614e-06,-6.46912699812407e-05,-8.60828791604792e-06,5.42199990927974e-05
1200,-0.141490390693075,-0.0638473142127431,0.045542489587613,5.78237218193162e-06,2.7886966412578e-06,-2.11915101030033e-06,6.14655341763131e-05,5.42856046452297e-06,-5.74196297597046e-05,5.47008484954895e-06,-6.46236891366903e-05,-8.58671542490015e-06,5.42614747993274e-05
1201,-0.141159391345512,-0.063688038425185,0.0454215986312098,5.76746083458435e-06,2.78171669154952e-06,-2.11375834813433e-06,6.14196912982062e-05,5.42881000375767e-06,-5.74393404291841e-05,5.43238156274789e-06,-6.45560782557994e-05,-8.56519696135093e-06,5.43029534715908e-05
1202,-0.14082924592949,-0.0635291605875926,0.0453010143908277,5.75258676712091e-06,2.77475429677617e-06,-2.10837909808383e-06,6.13738148269986e-05,5.42910992093598e-06,-5.7459057342029e-05,5.39468436207179e-06,-6.44884372954343e-05,-8.54373238937162e-06,5.43444348735933e-05
1203,-0.14049995230834,-0.0633706797026511,0.0451807361083874,5.73774988839666e-06,2.76780941237988e-06,-2.10301322600687e-06,6.13279047106373e-05,5.42946007098797e-06,-5.74787802721127e-05,5.35699326426573e-06,-6.44207662135762e-05,-8.52232157555104e-06,5.43859187691739e-05
1204,-0.140171508350627,-0.0632125947755592,0.045060763027716,5.72295010748684e-06,2.76088199391506e-06,-2.09766069785375e-06,6.12819608973929e-05,5.42986030908837e-06,-5.74985089939067e-05,5.31930828605799e-06,-6.43530649682511e-05,-8.50096437994656e-06,5.44274049230485e-05
1205,-0.139843911930133,-0.0630549048140228,0.0449410943945423,5.70818733368639e-06,2.75397199705281e-06,-2.09232147966286e-06,6.12359833358015e-05,5.43031049078061e-06,-5.7518243282349e-05,5.28162944427329e-06,-6.42853335172126e-05,-8.47966067219165e-06,5.4468893100938e-05
1206,-0.139517160925851,-0.0628976088282492,0.0448217294564923,5.69346147651407e-06,2.74707937757764e-06,-2.08699553756239e-06,6.11899719747466e-05,5.43081047188178e-06,-5.75379829129141e-05,5.24395675578536e-06,-6.42175718193181e-05,-8.45841031645321e-06,5.45103830683427e-05
1207,-0.139191253221964,-0.0627407058309399,0.0447026674630836,5.67877244570758e-06,2.74020409138809e-06,-2.08168283776917e-06,6.11439267634011e-05,5.43136010851622e-06,-5.75577276615731e-05,5.20629023752559e-06,-6.41497798335158e-05,-8.43721317863094e-06,5.45518745914584e-05
1208,-0.13886618670784,-0.0625841948372851,0.0445839076657213,5.66412015122719e-06,2.73334609449767e-06,-2.07638334658987e-06,6.10978476512716e-05,5.43195925715751e-06,-5.75774773048655e-05,5.16862990649169e-06,-6.40819575191261e-05,-8.41606912501204e-06,5.4593367437011e-05
1209,-0.138541959278015,-0.0624280748649565,0.0444654493176924,5.64950450325787e-06,2.72650534303281e-06,-2.07109703041929e-06,6.10517345882254e-05,5.43260777455415e-06,-5.75972316198336e-05,5.13097577975783e-06,-6.4014104835874e-05,-8.39497802220279e-06,5.4634861372185e-05
1210,-0.138218568832181,-0.0622723449341017,0.0443472916741615,5.63492541220733e-06,2.71968179323253e-06,-2.06582385573989e-06,6.10055875244747e-05,5.43330551772589e-06,-5.76169903840099e-05,5.09332787447107e-06,-6.39462217454041e-05,-8.37393973697367e-06,5.46763561630806e-05
1211,-0.137896013275171,-0.0621170040673374,0.0442294339921659,5.62038278868736e-06,2.71287540144923e-06,-2.06056378912232e-06,6.09594064103879e-05,5.43405234404496e-06,-5.76367533754142e-05,5.05568620779063e-06,-6.38783082042809e-05,-8.35295413793798e-06,5.47178515815212e-05
1212,-0.137574290516953,-0.0619620512897436,0.0441118755306105,5.60587654354533e-06,2.70608612414655e-06,-2.05531679722606e-06,6.09131911968385e-05,5.43484811111373e-06,-5.76565203726467e-05,5.01805079696537e-06,-6.38103641752737e-05,-8.3320210895489e-06,5.47593473942116e-05
1213,-0.137253398472611,-0.0618074856288568,0.0439946155502631,5.59140658783807e-06,2.69931391790349e-06,-2.05008284679841e-06,6.08669418349047e-05,5.43569267696103e-06,-5.76762911548305e-05,4.98042165930641e-06,-6.37423896205831e-05,-8.31114046263943e-06,5.48008433691521e-05
1214,-0.136933335062334,-0.0616533061146641,0.04387765331375,5.57697283284478e-06,2.69255873940792e-06,-2.04486190467303e-06,6.08206582760386e-05,5.43658589979164e-06,-5.76960655015445e-05,4.94279881217936e-06,-6.36743845008005e-05,-8.29031212455356e-06,5.48423392767826e-05
1215,-0.136614098211405,-0.0614995117795969,0.0437609880855506,5.56257519005567e-06,2.68582054546154e-06,-2.0396539377713e-06,6.07743404719331e-05,5.43752763820128e-06,-5.77158431929045e-05,4.90518227300444e-06,-6.36063487776764e-05,-8.26953594394458e-06,5.48838348871612e-05
1216,-0.136295685850187,-0.0613461016585246,0.0436446191319929,5.54821357118778e-06,2.67909929297662e-06,-2.03445891310083e-06,6.0727988374697e-05,5.43851775103123e-06,-5.77356240095212e-05,4.86757205929813e-06,-6.35382824134327e-05,-8.24881178976691e-06,5.49253299707855e-05
1217,-0.135978095914111,-0.0611930747887484,0.0435285457212491,5.53388788817072e-06,2.67239493897497e-06,-2.02927679775732e-06,6.06816019367383e-05,5.43955609738648e-06,-5.77554077325555e-05,4.8299681885842e-06,-6.34701853705947e-05,-8.2281395312429e-06,5.49668242986991e-05
1218,-0.135661326343664,-0.0610404302099953,0.0434127671233303,5.51959805314663e-06,2.66570744059222e-06,-2.0241075589217e-06,6.06351811107146e-05,5.4406425367689e-06,-5.7775194143639e-05,4.79237067848799e-06,-6.34020576119961e-05,-8.20751903805041e-06,5.50083176423575e-05
1219,-0.135345375084376,-0.0608881669644117,0.0432972826100819,5.50534397847012e-06,2.65903675507263e-06,-2.01895116386149e-06,6.05887258495836e-05,5.4417769289223e-06,-5.77949830249066e-05,4.75477954665705e-06,-6.33338991007834e-05,-8.18695018012208e-06,5.50498097737068e-05
1220,-0.135030240086808,-0.0607362840965573,0.0431820914551792,5.49112557671524e-06,2.65238283977086e-06,-2.01380757993029e-06,6.05422361066627e-05,5.44295913388335e-06,-5.78147741590147e-05,4.7171948108147e-06,-6.32657098005065e-05,-8.16643282772712e-06,5.50913004651709e-05
1221,-0.134715919306538,-0.0605847806533989,0.0430671929341224,5.47694276068251e-06,2.64574565215234e-06,-2.00867677456546e-06,6.04957118356847e-05,5.4441890119724e-06,-5.78345673290731e-05,4.67961648882617e-06,-6.31974896752127e-05,-8.1459668515004e-06,5.51327894895451e-05
1222,-0.134402410704151,-0.0604336556843046,0.0429525863242322,5.46279544336623e-06,2.63912514979182e-06,-2.00355871529463e-06,6.04491529905315e-05,5.44546642387289e-06,-5.78543623188495e-05,4.6420445984724e-06,-6.31292386882946e-05,-8.12555212163595e-06,5.51742766210865e-05
1223,-0.134089712245226,-0.0602829082410371,0.0428382709046445,5.44868353798058e-06,2.63252129037179e-06,-1.99845336972691e-06,6.04025595254448e-05,5.44679123046265e-06,-5.78741589124598e-05,4.60447915765344e-06,-6.3060956806594e-05,-8.10518851161188e-06,5.52157616313105e-05
1224,-0.133777821900322,-0.0601325373777481,0.0427242459563065,5.43460695795708e-06,2.62593403168665e-06,-1.99336070555641e-06,6.03559313950039e-05,5.44816329299969e-06,-5.78939568945491e-05,4.56692018437799e-06,-6.29926439928221e-05,-8.08487589081786e-06,5.52572442967309e-05
1225,-0.133466737644969,-0.0599825421509723,0.0426105107619714,5.42056561692953e-06,2.61936333163814e-06,-1.98828069056398e-06,6.03092685540222e-05,5.44958247302189e-06,-5.7913756050314e-05,4.52936769663332e-06,-6.29243002129322e-05,-8.06461413193194e-06,5.52987243914039e-05
1226,-0.133156457459653,-0.0598329216196208,0.0424970646061944,5.40655942875619e-06,2.61280914823619e-06,-1.98321329261352e-06,6.02625709577433e-05,5.45104863230988e-06,-5.79335561654097e-05,4.49182171253027e-06,-6.28559254312464e-05,-8.04440310765401e-06,5.53402016919067e-05
1227,-0.132846979329804,-0.0596836748449753,0.0423839067753275,5.39258830750541e-06,2.60627143959893e-06,-1.97815847965437e-06,6.02158385617176e-05,5.45256163294742e-06,-5.79533570260357e-05,4.45428225021771e-06,-6.27875196179274e-05,-8.02424268915719e-06,5.5381675969826e-05
1228,-0.132538301245787,-0.0595348008906825,0.042271036557515,5.37865216744665e-06,2.59975016395314e-06,-1.973116219718e-06,6.01690713216853e-05,5.45412133733564e-06,-5.79731584187907e-05,4.41674932790678e-06,-6.27190827350953e-05,-8.00413275074572e-06,5.54231470053806e-05
1229,-0.132230421202884,-0.0593862988227474,0.0421584532426893,5.36475092306142e-06,2.59324527963293e-06,-1.96808648092408e-06,6.01222691937522e-05,5.45572760818688e-06,-5.79929601309513e-05,4.37922296380795e-06,-6.26506147507481e-05,-7.98407316518278e-06,5.54646145739554e-05
1230,-0.131923337201287,-0.0592381677095276,0.0420461561225656,5.35088448904131e-06,2.58675674508018e-06,-1.96306923147226e-06,6.0075432134302e-05,5.45738030848589e-06,-5.80127619501422e-05,4.34170317624853e-06,-6.25821156318505e-05,-7.96406380603444e-06,5.55060784525937e-05
1231,-0.131617047246086,-0.0590904066217276,0.041934144490638,5.33705278029735e-06,2.5802845188428e-06,-1.95806443964458e-06,6.00285601001295e-05,5.45907930144081e-06,-5.80325636644522e-05,4.30418998365419e-06,-6.25135853458355e-05,-7.94410454714685e-06,5.55475384187461e-05
1232,-0.131311549347253,-0.0589430146323922,0.0418224176421746,5.32325571193124e-06,2.57382855957671e-06,-1.95307207380828e-06,5.998165304816e-05,5.46082445064168e-06,-5.80523650625197e-05,4.266683404429e-06,-6.2445023860254e-05,-7.92419526273567e-06,5.55889942504257e-05
1233,-0.131006841519633,-0.0587959908169011,0.0417109748742129,5.30949319926832e-06,2.56738882604295e-06,-1.94809210241481e-06,5.99347109358029e-05,5.46261561989828e-06,-5.80721659335487e-05,4.22918345705699e-06,-6.23764311431871e-05,-7.90433582728244e-06,5.56304457261645e-05
1234,-0.130702921782931,-0.0586493342529628,0.0415998154855557,5.29576515783696e-06,2.56096527711017e-06,-1.94312449399473e-06,5.98877337206869e-05,5.46445267333091e-06,-5.80919660670835e-05,4.19169016013155e-06,-6.23078071626712e-05,-7.88452611531517e-06,5.56718926250992e-05
1235,-0.130399788161701,-0.0585030440206085,0.0414889387767657,5.28207150336945e-06,2.5545578717528e-06,-1.93816921716569e-06,5.98407213607514e-05,5.46633547538579e-06,-5.81117652533422e-05,4.15420353222455e-06,-6.22391518883497e-05,-7.86476600298412e-06,5.57133347257439e-05
1236,-0.130097438685333,-0.0583571192021863,0.0413783440501618,5.26841215181312e-06,2.54816656904914e-06,-1.93322624062418e-06,5.97936738143104e-05,5.46826389068639e-06,-5.81315632828933e-05,4.11672359202427e-06,-6.21704652883449e-05,-7.84505536472088e-06,5.57547718088588e-05
1237,-0.12979587138804,-0.0582115588823556,0.0412680306098143,5.25478701929916e-06,2.54179132818592e-06,-1.92829553315112e-06,5.97465910397521e-05,5.47023778430964e-06,-5.81513599468693e-05,4.07925035819797e-06,-6.21017473321496e-05,-7.82539407670711e-06,5.57962036544719e-05
1238,-0.12949508430885,-0.0580663621480806,0.0411579977615401,5.24119602219295e-06,2.53543210845223e-06,-1.92337706360614e-06,5.96994729960537e-05,5.47225702143614e-06,-5.81711550367973e-05,4.04178384958496e-06,-6.20329979896178e-05,-7.8057820150003e-06,5.58376300432332e-05
1239,-0.129195075491591,-0.057921528088625,0.0410482448128988,5.22763907704505e-06,2.52908886924359e-06,-1.91847080093283e-06,5.96523196422977e-05,5.47432146764649e-06,-5.819094834476e-05,4.00432408499564e-06,-6.19642172306925e-05,-7.78621905604122e-06,5.58790507563653e-05
1240,-0.12889584298488,-0.057777055795546,0.0409387710731878,5.21411610062176e-06,2.52276157005943e-06,-1.91357671415749e-06,5.9605130937999e-05,5.47643098876729e-06,-5.82107396633977e-05,3.96687108330997e-06,-6.18954050257886e-05,-7.76670507655685e-06,5.59204655756081e-05
1241,-0.12859738484211,-0.0576329443626882,0.040829575853438,5.20062700989262e-06,2.51645017050389e-06,-1.90869477238244e-06,5.95579068429197e-05,5.47858545088083e-06,-5.82305287856228e-05,3.92942486354118e-06,-6.18265613456456e-05,-7.74723995360674e-06,5.59618742828969e-05
1242,-0.12829969912144,-0.0574891928861781,0.0407206584664092,5.18717172201814e-06,2.51015463028476e-06,-1.90382494479625e-06,5.95106473170385e-05,5.48078472040852e-06,-5.82503155050236e-05,3.8919854446333e-06,-6.17576861604755e-05,-7.72782356384549e-06,5.60032766615866e-05
1243,-0.128002783885785,-0.0573458004644183,0.040612018226586,5.17375015437789e-06,2.50387490921414e-06,-1.89896720066647e-06,5.94633523207802e-05,5.48302866402302e-06,-5.82700996156336e-05,3.85455284567574e-06,-6.16887794462551e-05,-7.70845578742688e-06,5.60446724901587e-05
1244,-0.1277066372028,-0.0572027661980813,0.0405036544501729,5.16036222453947e-06,2.49761096720647e-06,-1.89412150934007e-06,5.94160218147172e-05,5.48531714866011e-06,-5.82898809118853e-05,3.81712708576481e-06,-6.16198411652145e-05,-7.68913649915744e-06,5.6086061561388e-05
1245,-0.127411257144869,-0.0570600891901044,0.0403955664550903,5.14700785028572e-06,2.49136276428007e-06,-1.88928784024492e-06,5.9368655759856e-05,5.48765004153556e-06,-5.83096591887494e-05,3.77970818409829e-06,-6.15508712974034e-05,-7.66986557908294e-06,5.61274436512021e-05
1246,-0.127116641789099,-0.0569177685456833,0.0402877535609699,5.1336869495912e-06,2.48513026055689e-06,-1.88446616289013e-06,5.9321254117405e-05,5.49002721019777e-06,-5.83294342417089e-05,3.74229615988685e-06,-6.14818698122991e-05,-7.65064290509189e-06,5.61688185468147e-05
1247,-0.126822789217299,-0.0567758033722667,0.0401802150891502,5.12039944063987e-06,2.47891341626015e-06,-1.87965644686322e-06,5.9273816848952e-05,5.4924485223969e-06,-5.83492058666723e-05,3.70489103243087e-06,-6.14128366838442e-05,-7.63146835728909e-06,5.62101860317801e-05
1248,-0.126529697515978,-0.0566341927795505,0.0400729503626724,5.10714524180912e-06,2.47271219171608e-06,-1.87485866183266e-06,5.92263439163154e-05,5.49491384620679e-06,-5.8368973860071e-05,3.66749282104911e-06,-6.13437718837991e-05,-7.61234181369052e-06,5.62515458925873e-05
1249,-0.126237364776328,-0.0564929358794722,0.0399659587062759,5.09392427168326e-06,2.46652654735326e-06,-1.87007277754273e-06,5.91788352816476e-05,5.49742304994166e-06,-5.83887380186778e-05,3.63010154519472e-06,-6.12746753859515e-05,-7.59326315424551e-06,5.62928979143739e-05
1250,-0.125945789094211,-0.0563520317862048,0.0398592394463939,5.08073644902952e-06,2.46035644370195e-06,-1.86529876382357e-06,5.91312909072819e-05,5.49997600227615e-06,-5.84084981399831e-05,3.59271722421893e-06,-6.12055471618985e-05,-7.57423225908449e-06,5.63342418853665e-05
1251,-0.125654968570153,-0.0562114796161518,0.0397527919111489,5.06758169283684e-06,2.4542018413939e-06,-1.8605365905772e-06,5.90837107560194e-05,5.50257257205141e-06,-5.84282540217017e-05,3.55533987770985e-06,-6.11363871914758e-05,-7.5552490075078e-06,5.63755775862453e-05
1252,-0.125364901309329,-0.0560712784879408,0.0396466154303489,5.05445992227588e-06,2.4480627011617e-06,-1.85578622778987e-06,5.90360947908302e-05,5.5052126284471e-06,-5.8448005462211e-05,3.5179695251659e-06,-6.10671954431856e-05,-7.53631328080253e-06,5.64169048098555e-05
1253,-0.125075585421551,-0.0559314275224182,0.0395407093354823,5.04137105672764e-06,2.44193898383963e-06,-1.85104764552265e-06,5.89884429750684e-05,5.50789604088281e-06,-5.84677522602361e-05,3.48060618624513e-06,-6.09979718920681e-05,-7.51742496013213e-06,5.64582233432364e-05
1254,-0.12478701902126,-0.0557919258426439,0.0394350729597145,5.02831501576463e-06,2.43583065036301e-06,-1.84632081391649e-06,5.89407552723285e-05,5.51062267908568e-06,-5.84874942150255e-05,3.44324988061962e-06,-6.09287165168706e-05,-7.49858392362784e-06,5.64995329704833e-05
1255,-0.12449920022751,-0.0556527725738847,0.0393297056378827,5.01529171915484e-06,2.42973766176671e-06,-1.84160570319082e-06,5.88930316464905e-05,5.51339241302849e-06,-5.8507231126304e-05,3.40590062799325e-06,-6.08594292908956e-05,-7.47979005743351e-06,5.65408334818989e-05
1256,-0.12421212716396,-0.0555139668436099,0.0392246067064921,5.00230108686493e-06,2.4236599791862e-06,-1.83690228364247e-06,5.88452720617395e-05,5.51620511296025e-06,-5.8526962794251e-05,3.36855844814281e-06,-6.07901101885557e-05,-7.46104323977649e-06,5.65821246674348e-05
1257,-0.123925797958862,-0.0553755077814847,0.0391197755037118,4.98934303905735e-06,2.41759756385755e-06,-1.83221052564582e-06,5.87974764825417e-05,5.51906064942222e-06,-5.85466890195116e-05,3.33122336090764e-06,-6.07207591866925e-05,-7.44234335357302e-06,5.66234063153608e-05
1258,-0.123640210745049,-0.0552373945193652,0.03901521136937,4.97641749609397e-06,2.41155037711618e-06,-1.82753039965251e-06,5.87496448736935e-05,5.52195889320232e-06,-5.85664096031935e-05,3.29389538619261e-06,-6.06513762615942e-05,-7.42369028110308e-06,5.66646782152927e-05
1259,-0.123355363659925,-0.0550996261912926,0.0389109136449503,4.96352437852295e-06,2.40551838039528e-06,-1.82286187619289e-06,5.87017772002121e-05,5.52489971533312e-06,-5.85861243469022e-05,3.25657454388428e-06,-6.05819613899137e-05,-7.40508390503472e-06,5.67059401572006e-05
1260,-0.123071254845453,-0.0549622019334878,0.0388068816735868,4.95066360709852e-06,2.39950153522951e-06,-1.81820492587184e-06,5.86538734274841e-05,5.52788298714893e-06,-5.86058330526402e-05,3.21926085402733e-06,-6.05125145481484e-05,-7.38652410781323e-06,5.67471919319759e-05
1261,-0.122787882448142,-0.0548251208843456,0.0387031148000606,4.9378351027618e-06,2.39349980325201e-06,-1.81355951937286e-06,5.86059335211269e-05,5.53090858026621e-06,-5.86255355229312e-05,3.18195433666157e-06,-6.04430357139476e-05,-7.36801077308686e-06,5.67884333301105e-05
1262,-0.122505244619039,-0.0546883821844294,0.0385996123707951,4.92503878664191e-06,2.3875131461939e-06,-1.8089256274568e-06,5.85579574469975e-05,5.53397636656424e-06,-5.86452315607744e-05,3.14465501184251e-06,-6.03735248627628e-05,-7.34954378477957e-06,5.68296641450091e-05
1263,-0.122223339513716,-0.0545519849764657,0.0384963737338519,4.91227458007718e-06,2.38154152588498e-06,-1.80430322095914e-06,5.8509945171386e-05,5.53708621815099e-06,-5.86649209695914e-05,3.10736289976389e-06,-6.03039819780346e-05,-7.33112302479953e-06,5.68708841629429e-05
1264,-0.12194216529226,-0.0544159284053384,0.0383933982389267,4.89954240458981e-06,2.37558490425328e-06,-1.79969227079161e-06,5.84618966607775e-05,5.54023800742198e-06,-5.86846035532486e-05,3.07007802064115e-06,-6.02344070324279e-05,-7.31274837907229e-06,5.69120931815982e-05
1265,-0.121661720119261,-0.0542802116180836,0.0382906852373449,4.88684218188674e-06,2.3696432433246e-06,-1.79509274794454e-06,5.84138118818881e-05,5.5434316070722e-06,-5.87042791161635e-05,3.03280039467777e-06,-6.01648000061538e-05,-7.29441973133781e-06,5.69532909918979e-05
1266,-0.1213820021638,-0.0541448337638839,0.0381882340820576,4.87417383387479e-06,2.36371650522193e-06,-1.79050462348208e-06,5.83656908017875e-05,5.5466668900125e-06,-5.87239474631439e-05,2.9955300421808e-06,-6.00951608782425e-05,-7.27613696391263e-06,5.69944773866889e-05
1267,-0.121103009599441,-0.0540097939940628,0.0380860441276374,4.86153728265627e-06,2.35780465216665e-06,-1.78592786854296e-06,5.83175333878564e-05,5.54994372943747e-06,-5.8743608399429e-05,2.95826698355157e-06,-6.00254896271447e-05,-7.25789996872575e-06,5.70356521601407e-05
1268,-0.120824740604216,-0.05387509146208,0.0379841147302744,4.84893245051947e-06,2.35190764647604e-06,-1.78136245434249e-06,5.82693396077281e-05,5.55326199878256e-06,-5.87632617307468e-05,2.92101123919408e-06,-5.99557862336862e-05,-7.23970862212892e-06,5.70768151047888e-05
1269,-0.120547193360619,-0.0537407253235251,0.0378824452477715,4.83635925994356e-06,2.34602545056556e-06,-1.77680835217106e-06,5.82211094293141e-05,5.55662157179064e-06,-5.87829072632865e-05,2.88376282958409e-06,-5.98860506752535e-05,-7.22156281773005e-06,5.71179660173471e-05
1270,-0.120270366055589,-0.0536066947361124,0.037781035039541,4.82381763360107e-06,2.34015802694611e-06,-1.77226553339322e-06,5.81728428208443e-05,5.56002232241265e-06,-5.88025448036567e-05,2.84652177525925e-06,-5.98162829340443e-05,-7.2034624356127e-06,5.71591046904567e-05
1271,-0.119994256880504,-0.0534729988596761,0.0376798834666002,4.81130749434127e-06,2.33430533822486e-06,-1.76773396945139e-06,5.81245397507271e-05,5.56346412491109e-06,-5.88221741590241e-05,2.80928809671802e-06,-5.97464829895984e-05,-7.18540736378246e-06,5.72002309201527e-05
1272,-0.119718864031168,-0.0533396368561642,0.0375789898915668,4.79882876521708e-06,2.32846734710634e-06,-1.76321363185897e-06,5.80762001877643e-05,5.56694685379205e-06,-5.8841795136896e-05,2.77206181462978e-06,-5.96766508226511e-05,-7.16739748867883e-06,5.72413445020092e-05
1273,-0.1194441857078,-0.0532066078896334,0.0374783536786556,4.78638136946129e-06,2.32264401638896e-06,-1.75870449220587e-06,5.80278241009797e-05,5.57047038379206e-06,-5.88614075452917e-05,2.73484294962963e-06,-5.96067864141398e-05,-7.14943269695208e-06,5.72824452321317e-05
1274,-0.119170220115024,-0.0530739111262438,0.0373779741936738,4.77396523050564e-06,2.31683530896852e-06,-1.75420652215349e-06,5.7979411459755e-05,5.57403458992315e-06,-5.88810111926038e-05,2.69763152250287e-06,-5.95368897435701e-05,-7.13151287654098e-06,5.73235329087887e-05
1275,-0.118896965461858,-0.0529415457342535,0.0372778508040174,4.76158027195452e-06,2.31104118783554e-06,-1.74971969344086e-06,5.79309622336334e-05,5.57763934749754e-06,-5.89006058877941e-05,2.66042755397264e-06,-5.9466960798079e-05,-7.11363791194314e-06,5.73646073233485e-05
1276,-0.118624419961703,-0.0528095108840132,0.0371779828786667,4.74922641760878e-06,2.30526161607535e-06,-1.74524397787851e-06,5.78824763925154e-05,5.58128453203706e-06,-5.89201914401947e-05,2.62323106487572e-06,-5.9396999553968e-05,-7.09580769348964e-06,5.74056682787421e-05
1277,-0.118352581832332,-0.0526778057479611,0.0370783697881824,4.73690359145343e-06,2.29949655686907e-06,-1.74077934735112e-06,5.78339539065523e-05,5.58497001936651e-06,-5.89397676596148e-05,2.58604207609305e-06,-5.93270059953204e-05,-7.07802210813453e-06,5.74467155708468e-05
1278,-0.118081449295879,-0.0525464295006172,0.0369790109047018,4.72461171766133e-06,2.29374597349044e-06,-1.73632577381635e-06,5.77853947462008e-05,5.58869568549288e-06,-5.89593343562834e-05,2.5488606085447e-06,-5.92569801046709e-05,-7.060281043963e-06,5.74877489978132e-05
1279,-0.11781102057883,-0.0524153813185786,0.0368799056019342,4.71235072059001e-06,2.28800982930862e-06,-1.73188322930529e-06,5.77367988821779e-05,5.5924614067215e-06,-5.89788913408929e-05,2.51168668320576e-06,-5.91869218638877e-05,-7.0425843884313e-06,5.75287683591831e-05
1280,-0.117541293912009,-0.0522846603805137,0.0367810532551575,4.70012052478165e-06,2.28228808778728e-06,-1.72745168592215e-06,5.76881662854697e-05,5.59626705963115e-06,-5.89984384245897e-05,2.47452032110246e-06,-5.91168312586539e-05,-7.02493203584709e-06,5.75697734514055e-05
1281,-0.117272267530572,-0.0521542658671571,0.0366824532412138,4.68792105496224e-06,2.27658071248337e-06,-1.72303111584388e-06,5.76394969273309e-05,5.60011252103739e-06,-5.90179754189563e-05,2.43736154330111e-06,-5.90467082704683e-05,-7.00732386417473e-06,5.7610764075819e-05
1282,-0.117003939673991,-0.0520241969613046,0.0365841049385056,4.67575223605058e-06,2.27088766704769e-06,-1.71862149131881e-06,5.75907907793672e-05,5.60399766799401e-06,-5.9037502135991e-05,2.40021037096797e-06,-5.89765528830818e-05,-6.98975977170862e-06,5.76517400322764e-05
1283,-0.116736308586049,-0.0518944528478075,0.0364860077269916,4.66361399313756e-06,2.26520891522452e-06,-1.71422278467029e-06,5.7542047813358e-05,5.60792237785882e-06,-5.90570183882196e-05,2.36306682524064e-06,-5.89063650810238e-05,-6.97223964552458e-06,5.76927011205538e-05
1284,-0.116469372514824,-0.0517650327135678,0.0363881609881827,4.65150625150626e-06,2.25954442085053e-06,-1.70983496829008e-06,5.74932680014215e-05,5.6118865281691e-06,-5.90765239884674e-05,2.32593092738306e-06,-5.88361448506798e-05,-6.95476337421608e-06,5.77336471392091e-05
1285,-0.116203129712683,-0.0516359357475328,0.0362905641051386,4.6394289366165e-06,2.25389414785625e-06,-1.70545801464542e-06,5.7444451315906e-05,5.61588999679265e-06,-5.90960187501401e-05,2.28880269864771e-06,-5.87658921700922e-05,-6.93733085097885e-06,5.77745778959539e-05
1286,-0.115937578436268,-0.0515071611406899,0.0361932164624628,4.6273819741172e-06,2.24825806026288e-06,-1.70109189627306e-06,5.73955977294951e-05,5.6199326617497e-06,-5.91155024869886e-05,2.25168216036941e-06,-5.86956070309139e-05,-6.91994196316846e-06,5.78154931855698e-05
1287,-0.115672716946488,-0.0513787080860615,0.0360961174462998,4.61536528982851e-06,2.24263612218657e-06,-1.69673658578403e-06,5.7346707215038e-05,5.6240144014459e-06,-5.91349750133104e-05,2.21456933388539e-06,-5.86252894165854e-05,-6.90259660299335e-06,5.7856392811763e-05
1288,-0.115408543508508,-0.0512505757786997,0.0359992664443301,4.60337880976577e-06,2.23702829783346e-06,-1.69239205585741e-06,5.72977797457811e-05,5.62813509440928e-06,-5.91544361437159e-05,2.17746424065245e-06,-5.85549393112726e-05,-6.88529465990075e-06,5.78972765782245e-05
1289,-0.115145056391735,-0.0511227634156815,0.0359026628457671,4.59142246012186e-06,2.23143455150253e-06,-1.68805827924442e-06,5.72488152952057e-05,5.63229461946552e-06,-5.91738856932898e-05,2.14036690216083e-06,-5.84845567023328e-05,-6.86803602659264e-06,5.79381442861627e-05
1290,-0.114882253869814,-0.0509952701961031,0.0358063060413526,4.57949616725881e-06,2.22585484758379e-06,-1.68373522877013e-06,5.71998138369731e-05,5.63649285571792e-06,-5.9193323477644e-05,2.10327733986071e-06,-5.84141415741349e-05,-6.85082059287974e-06,5.79789957404821e-05
1291,-0.114620134220613,-0.0508680953210753,0.0357101954233534,4.56759985773408e-06,2.22028915055966e-06,-1.6794228773267e-06,5.71507753451315e-05,5.64072968249014e-06,-5.92127493127088e-05,2.06619557536884e-06,-5.83436939167691e-05,-6.83364825412775e-06,5.80198307410712e-05
1292,-0.114358695726214,-0.0507412379937181,0.0356143303855569,4.55573345827436e-06,2.21473742500295e-06,-1.67512119787955e-06,5.71016997939167e-05,5.64500497937336e-06,-5.92321630149324e-05,2.029121630266e-06,-5.82732137133693e-05,-6.81651889882592e-06,5.80606490954798e-05
1293,-0.114097936672903,-0.0506146974191556,0.0355187103232675,4.5438968958013e-06,2.20919963557736e-06,-1.67083016346072e-06,5.70525871579613e-05,5.64931862614061e-06,-5.9251564401068e-05,1.99205552629076e-06,-5.82027009531805e-05,-6.79943241763453e-06,5.81014506058488e-05
1294,-0.113837855351157,-0.050488472804511,0.0354233346333028,4.53209009739666e-06,2.20367574703764e-06,-1.66654974717713e-06,5.70034374120091e-05,5.65367050290329e-06,-5.92709532884598e-05,1.95499728510014e-06,-5.81321556208267e-05,-6.78238871172084e-06,5.81422350796422e-05
1295,-0.113578450055638,-0.0503625633589016,0.0353282027139893,4.52031299032949e-06,2.19816572422787e-06,-1.66227992220359e-06,5.69542505311512e-05,5.65806048994603e-06,-5.92903294948042e-05,1.91794692844822e-06,-5.80615777065822e-05,-6.76538766537702e-06,5.81830023193732e-05
1296,-0.113319719085181,-0.0502369682934337,0.0352333139651591,4.50856550205018e-06,2.19266953208367e-06,-1.65802066178401e-06,5.69050264907634e-05,5.66248846783039e-06,-5.93096928382114e-05,1.8809044781747e-06,-5.79909671975576e-05,-6.74842917462452e-06,5.82237521314173e-05
1297,-0.113061660742781,-0.0501116868211972,0.0351386677881457,4.49684756018263e-06,2.18718713562889e-06,-1.65377193923297e-06,5.68557652664662e-05,5.66695431732249e-06,-5.93290431372441e-05,1.84386995611711e-06,-5.79203240819811e-05,-6.73151313283737e-06,5.82644843217292e-05
1298,-0.112804273335586,-0.0499867181572613,0.0350442635857803,4.4851590925287e-06,2.18171849998062e-06,-1.64953372793437e-06,5.68064668341283e-05,5.67145791954954e-06,-5.93483802109122e-05,1.80684338420669e-06,-5.78496483483836e-05,-6.71463943380477e-06,5.8305198696657e-05
1299,-0.112547555174888,-0.0498620615186686,0.0349501007623878,4.47350002706635e-06,2.1762635903414e-06,-1.64530600134156e-06,5.67571311699068e-05,5.67599915574767e-06,-5.93677038786315e-05,1.76982478436969e-06,-5.77789399855811e-05,-6.69780797142198e-06,5.83458950629572e-05
1300,-0.112291504576108,-0.049737716124431,0.0348561787237832,4.46187029194742e-06,2.17082237200504e-06,-1.64108873297764e-06,5.67077582501887e-05,5.68057790747659e-06,-5.93870139602801e-05,1.73281417858512e-06,-5.77081989826504e-05,-6.68101863993831e-06,5.83865732278184e-05
1301,-0.112036119858789,-0.0496136811955238,0.0347624968772676,4.45026981550552e-06,2.1653948103534e-06,-1.63688189643316e-06,5.66583480516807e-05,5.68519405648115e-06,-5.94063102761078e-05,1.69581158890874e-06,-5.7637425329032e-05,-6.6642713338325e-06,5.84272329987564e-05
1302,-0.111781399346588,-0.0494899559548814,0.0346690546316244,4.43869852624741e-06,2.15998087085834e-06,-1.632685465368e-06,5.66089005513261e-05,5.68984748479903e-06,-5.94255926468174e-05,1.65881703744043e-06,-5.75666190144286e-05,-6.6475659479016e-06,5.84678741837148e-05
1303,-0.111527341367261,-0.0493665396273922,0.0345758513971158,4.42715635285302e-06,2.15458051907929e-06,-1.62849941351105e-06,5.65594157263225e-05,5.69453807468517e-06,-5.9444860893546e-05,1.62183054630169e-06,-5.74957800288097e-05,-6.63090237717241e-06,5.85084965910587e-05
1304,-0.111273944252656,-0.0492434314398933,0.0344828865854788,4.4156432241877e-06,2.14919372066376e-06,-1.62432371465691e-06,5.65098935542217e-05,5.69926570858164e-06,-5.94641148377632e-05,1.58485213773441e-06,-5.7424908362142e-05,-6.61428051650194e-06,5.85491000298429e-05
1305,-0.111021206338701,-0.049120630621166,0.0343901596099214,4.40415906927015e-06,2.143820441349e-06,-1.62015834267349e-06,5.64603340126547e-05,5.70403026931378e-06,-5.94833543015446e-05,1.54788183389776e-06,-5.73540040061293e-05,-6.59770026278838e-06,5.858968430807e-05
1306,-0.110769125965397,-0.0489981364019305,0.0342976698851188,4.39270381730951e-06,2.13846064695748e-06,-1.61600327149258e-06,5.64107370796696e-05,5.70883163978848e-06,-5.95025791072328e-05,1.51091965708469e-06,-5.72830669504113e-05,-6.58116151053022e-06,5.86302492364911e-05
1307,-0.110517701476806,-0.0488759480148412,0.0342054168272097,4.38127739767981e-06,2.13311430340125e-06,-1.61185847511587e-06,5.63611027334928e-05,5.713669703253e-06,-5.95217890776746e-05,1.47396562959637e-06,-5.72120971865165e-05,-6.56466415627672e-06,5.86707946246509e-05
1308,-0.110266931221042,-0.0487540646944819,0.0341133998537929,4.36987973994071e-06,2.12778137667906e-06,-1.60772392760954e-06,5.63114309527207e-05,5.71854434311775e-06,-5.95409840360282e-05,1.4370197738621e-06,-5.71410947059908e-05,-6.54820809638785e-06,5.87113202827581e-05
1309,-0.110016813550257,-0.0486324856773605,0.034021618383923,4.35851077380581e-06,2.1224618328773e-06,-1.60359960311178e-06,5.62617217160545e-05,5.72345544312301e-06,-5.95601638060262e-05,1.40008211223031e-06,-5.70700595004382e-05,-6.53179322750676e-06,5.87518260216425e-05
1310,-0.109767346820639,-0.0485112102019046,0.0339300718381071,4.3471704291772e-06,2.1171556381682e-06,-1.59948547582402e-06,5.62119750025971e-05,5.72840288714254e-06,-5.95793282116781e-05,1.36315266719891e-06,-5.6998991561951e-05,-6.51541944649639e-06,5.87923116523243e-05
1311,-0.109518529392394,-0.0483902375084561,0.0338387596383007,4.33585863611942e-06,2.11186275881226e-06,-1.59538152001698e-06,5.61621907916248e-05,5.73338655937755e-06,-5.95984770774968e-05,1.32623146126401e-06,-5.69278908827933e-05,-6.49908665054608e-06,5.88327769863282e-05
1312,-0.10927035962974,-0.0482695668392671,0.0337476812079045,4.32457532487338e-06,2.1065831611539e-06,-1.59128771002706e-06,5.61123690627321e-05,5.73840634415686e-06,-5.96176102283523e-05,1.28931851697305e-06,-5.68567574555777e-05,-6.48279473700243e-06,5.88732218355068e-05
1313,-0.109022835900899,-0.0481491974384941,0.0336568359717605,4.31332042584551e-06,2.10131681162708e-06,-1.58720402025866e-06,5.60625097957062e-05,5.74346212617902e-06,-5.96367274895964e-05,1.25241385692001e-06,-5.67855912731357e-05,-6.46654360360861e-06,5.89136460121668e-05
1314,-0.108775956578084,-0.0480291285521941,0.033566223356148,4.30209386961558e-06,2.09606367675033e-06,-1.58313042518197e-06,5.60126129706256e-05,5.74855379031606e-06,-5.96558286869618e-05,1.21551750374746e-06,-5.67143923286189e-05,-6.45033314830936e-06,5.89540493289685e-05
1315,-0.108529720037488,-0.047909359428319,0.0334758427887803,4.29089558693452e-06,2.09082372312503e-06,-1.57906689933326e-06,5.59626785678561e-05,5.75368122156883e-06,-5.96749136465652e-05,1.17862948011619e-06,-5.6643160615476e-05,-6.43416326918874e-06,5.89944315989453e-05
1316,-0.108284124659279,-0.0477898893167115,0.0333856936988011,4.27972550872554e-06,2.08559691744232e-06,-1.5750134173143e-06,5.59127065680134e-05,5.75884430530397e-06,-5.96939821949437e-05,1.1417498088e-06,-5.65718961274712e-05,-6.41803386476186e-06,5.90347926354858e-05
1317,-0.108039168827587,-0.0476707174690998,0.0332957755167804,4.26858356607088e-06,2.08038322647747e-06,-1.57096995379534e-06,5.58626969518954e-05,5.76404292712011e-06,-5.97130341591198e-05,1.10487851253152e-06,-5.65005988585274e-05,-6.40194483375202e-06,5.90751322524879e-05
1318,-0.107794850930494,-0.0475518431390929,0.0332060876747115,4.25746969023288e-06,2.07518261708989e-06,-1.56693648350965e-06,5.58126497006554e-05,5.76927697276921e-06,-5.97320693664288e-05,1.06801561415646e-06,-5.64292688029874e-05,-6.38589607510117e-06,5.91154502640968e-05
1319,-0.107551169360026,-0.047433265582176,0.0331166296060066,4.2463838126341e-06,2.06999505622356e-06,-1.56291298125811e-06,5.57625647956374e-05,5.77454632825694e-06,-5.97510876446799e-05,1.03116113650347e-06,-5.63579059553756e-05,-6.3698874879951e-06,5.91557464849417e-05
1320,-0.107308122512143,-0.0473149840557059,0.0330274007454939,4.23532586486945e-06,2.06482051091027e-06,-1.55889942190599e-06,5.57124422184552e-05,5.77985087990883e-06,-5.97700888220775e-05,9.94315102513558e-07,-5.62865103105507e-05,-6.35391897200434e-06,5.9196020729982e-05
1321,-0.107065708786726,-0.0471969978189054,0.0329384005294135,4.22429577869741e-06,2.05965894826271e-06,-1.5548957803848e-06,5.5662281950969e-05,5.78519051417565e-06,-5.97890727272423e-05,9.57477535101927e-07,-5.62150818636031e-05,-6.33799042680977e-06,5.92362728146082e-05
1322,-0.106823926587575,-0.0470793061328598,0.032849628395414,4.21329348604824e-06,2.05451033547877e-06,-1.55090203168999e-06,5.56120839753238e-05,5.79056511775362e-06,-5.9808039189172e-05,9.20648457272275e-07,-5.6143620609959e-05,-6.32210175238878e-06,5.92765025545368e-05
1323,-0.10658277432239,-0.0469619082605113,0.0327610837825489,4.20231891901836e-06,2.04937463984135e-06,-1.54691815088207e-06,5.55618482739069e-05,5.7959745776034e-06,-5.98269880372818e-05,8.83827892079664e-07,-5.60721265442129e-05,-6.30625284790937e-06,5.93167097669759e-05
1324,-0.106342250402769,-0.0468448034666544,0.0326727661312731,4.19137200986914e-06,2.04425182871552e-06,-1.54294411308663e-06,5.55115748293586e-05,5.80141878086575e-06,-5.98459191013932e-05,8.47015862594902e-07,-5.60005996656356e-05,-6.2904436171428e-06,5.93568942651161e-05
1325,-0.106102353244194,-0.0467279910179317,0.0325846748834389,4.18045269102337e-06,2.03914186955117e-06,-1.53897989349494e-06,5.54612636245262e-05,5.80689761496912e-06,-5.98648322117774e-05,8.10212391914556e-07,-5.59290399670988e-05,-6.27467395754176e-06,5.93970558692048e-05
1326,-0.105863081266024,-0.0466114701828286,0.0324968094822929,4.16956089507743e-06,2.03404472988119e-06,-1.53502546736064e-06,5.54109146425776e-05,5.81241096752644e-06,-5.98837271990419e-05,7.73417503232731e-07,-5.5857447446265e-05,-6.25894377121383e-06,5.94371943953545e-05
1327,-0.105624432891483,-0.0464952402316691,0.0324091693724724,4.15869655478761e-06,2.02896037732134e-06,-1.5310808100029e-06,5.53605278668915e-05,5.81795872638862e-06,-5.99026038942382e-05,7.36631219746195e-07,-5.57858220999054e-05,-6.24325295940257e-06,5.94773096612243e-05
1328,-0.105386406547653,-0.0463793004366109,0.0323217540000016,4.14785960307618e-06,2.02388877956999e-06,-1.52714589680459e-06,5.53101032811097e-05,5.8235407796176e-06,-5.99214621288073e-05,6.99853564700821e-07,-5.57141639250831e-05,-6.22760142359094e-06,5.9517401484834e-05
1329,-0.105149000665464,-0.0462636500716408,0.0322345628122882,4.13704997302937e-06,2.01882990440855e-06,-1.52322070321255e-06,5.525964086912e-05,5.82915701551478e-06,-5.99403017345971e-05,6.63084561387508e-07,-5.56424729191326e-05,-6.21198906552734e-06,5.95574696845845e-05
1330,-0.104912213679682,-0.04614828841257,0.0321475952581198,4.12626759789554e-06,2.01378371970169e-06,-1.51930520473773e-06,5.52091406150397e-05,5.83480732264049e-06,-5.99591225438762e-05,6.26324233136512e-07,-5.55707490796411e-05,-6.19641578724184e-06,5.95975140792748e-05
1331,-0.104676044028903,-0.0460332147370296,0.0320608507876606,4.11551241109513e-06,2.00875019339478e-06,-1.51539937695253e-06,5.51586025033172e-05,5.84049158969029e-06,-5.99779243892317e-05,5.89572603363248e-07,-5.54989924045758e-05,-6.18088149094889e-06,5.96375344879731e-05
1332,-0.104440490155542,-0.045918428324466,0.0319743288524477,4.10478434619742e-06,2.00372929351619e-06,-1.51150319549617e-06,5.5108026518526e-05,5.8462097056767e-06,-5.99967071037737e-05,5.528296954366e-07,-5.54272028920023e-05,-6.16538607915304e-06,5.96775307302973e-05
1333,-0.104205550505825,-0.0458039284561362,0.0318880289053875,4.09408333694965e-06,1.9987209881763e-06,-1.50761663606731e-06,5.50574126456125e-05,5.8519615597774e-06,-6.00154705208861e-05,5.1609553287787e-07,-5.53553805404471e-05,-6.149929454612e-06,5.97175026260515e-05
1334,-0.103971223529775,-0.0456897144151031,0.0318019504007525,4.08340931724567e-06,1.99372524556569e-06,-1.50373967443149e-06,5.50067608696516e-05,5.85774704141051e-06,-6.00342144744694e-05,4.79370139123172e-07,-5.52835253485158e-05,-6.13451152027474e-06,5.97574499956052e-05
1335,-0.103737507681209,-0.0455757854862314,0.0317160927941775,4.07276222115611e-06,1.98874203395844e-06,-1.49987228641342e-06,5.4956071176074e-05,5.86356604022579e-06,-6.0052938798713e-05,4.42653537781001e-07,-5.52116373152696e-05,-6.1191321794214e-06,5.97973726595174e-05
1336,-0.103504401417727,-0.0454621409561824,0.0316304555426563,4.06214198289942e-06,1.98377132170735e-06,-1.49601444790385e-06,5.49053435504615e-05,5.86941844606723e-06,-6.00716433282973e-05,4.05945752375676e-07,-5.5139716439872e-05,-6.10379133547772e-06,5.98372704388868e-05
1337,-0.103271903200697,-0.04534878011341,0.0315450381045384,4.05154853686477e-06,1.97881307724846e-06,-1.49216613485368e-06,5.48545779787057e-05,5.87530414903835e-06,-6.00903278982345e-05,3.69246806568698e-07,-5.50677627218756e-05,-6.0884888922082e-06,5.98771431550647e-05
1338,-0.103040011495255,-0.0452357022481558,0.0314598399395251,4.04098181759892e-06,1.97386726909698e-06,-1.48832732327688e-06,5.48037744469298e-05,5.88122303942104e-06,-6.01089923439458e-05,3.32556724022185e-07,-5.49957761610649e-05,-6.07322475355606e-06,5.99169906298108e-05
1339,-0.102808724770288,-0.0451229066524447,0.0313748605086663,4.03044175980776e-06,1.968933865849e-06,-1.48449798924992e-06,5.47529329414902e-05,5.88717500773342e-06,-6.01276365012573e-05,2.95875528435362e-07,-5.4923756757479e-05,-6.0579988237222e-06,5.99568126852685e-05
1340,-0.10257804149843,-0.0450103926200803,0.0312900992743574,4.01992829836054e-06,1.96401283618212e-06,-1.4806781089104e-06,5.47020534490083e-05,5.89315994473966e-06,-6.01462602063679e-05,2.59203243587398e-07,-5.48517045114683e-05,-6.04281100719966e-06,5.99966091439079e-05
1341,-0.102347960156049,-0.0448981594466407,0.0312055557003352,4.00944136828075e-06,1.95910414885181e-06,-1.47686765845906e-06,5.46511359563223e-05,5.89917774136693e-06,-6.0164863295896e-05,2.22539893234552e-07,-5.47796194235867e-05,-6.02766120863133e-06,6.00363798286316e-05
1342,-0.102118479223239,-0.0447862064294737,0.0311212292516749,3.99898090475731e-06,1.95420777269616e-06,-1.47306661415676e-06,5.46001804505477e-05,5.90522828882682e-06,-6.01834456068178e-05,1.8588550125072e-07,-5.47075014947332e-05,-6.01254933301237e-06,6.00761245626323e-05
1343,-0.101889597183814,-0.0446745328676922,0.0310371193947867,3.98854684313261e-06,1.94932367663086e-06,-1.46927495232715e-06,5.4549186919014e-05,5.9113114784994e-06,-6.02020069765286e-05,1.49240091488806e-07,-5.46353507260089e-05,-5.99747528549434e-06,6.01158431695336e-05
1344,-0.101661312525294,-0.0445631380621701,0.0309532255974122,3.97813911890912e-06,1.94445182965098e-06,-1.46549264935482e-06,5.44981553493091e-05,5.91742720197058e-06,-6.0220547242798e-05,1.12603687853347e-07,-5.4563167118803e-05,-5.98243897146446e-06,6.01555354733042e-05
1345,-0.101433623738898,-0.0444520213155376,0.0308695473286212,3.96775766774723e-06,1.93959220083249e-06,-1.46171968168551e-06,5.44470857292518e-05,5.9235753510973e-06,-6.02390662437956e-05,7.5976314308104e-08,-5.44909506747696e-05,-5.96744029661512e-06,6.01952012982778e-05
1346,-0.101206529319536,-0.044341181932177,0.030786084058808,3.95740242546483e-06,1.93474475932895e-06,-1.457956025826e-06,5.43959780469124e-05,5.92975581790326e-06,-6.02575638180694e-05,3.93579948395942e-08,-5.44187013958278e-05,-5.95247916681867e-06,6.0234840469154e-05
1347,-0.100980027765799,-0.0442306192182179,0.0307028352596886,3.94707332803699e-06,1.92990947437354e-06,-1.45420165834392e-06,5.43448322905974e-05,5.93596849465193e-06,-6.02760398045594e-05,2.74875348293258e-09,-5.43464192841607e-05,-5.93755548821524e-06,6.02744528109961e-05
1348,-0.100754117579949,-0.0441203324815329,0.0306198004042967,3.93677031159433e-06,1.92508631527877e-06,-1.45045655586789e-06,5.42936484488395e-05,5.94221327385057e-06,-6.02944940426068e-05,-3.38513856871038e-08,-5.42741043437212e-05,-5.92266916873225e-06,6.03140381477251e-05
1349,-0.100528797267912,-0.0440103210317335,0.0305369789669807,3.926493312427e-06,1.92027525143263e-06,-1.44672069508628e-06,5.42424265104579e-05,5.94849004810631e-06,-6.03129263718923e-05,-7.04423985687886e-08,-5.42017565726818e-05,-5.90782011033026e-06,6.03535963096684e-05
1350,-0.100304065339268,-0.0439005841801653,0.0304543704234002,3.91624226697881e-06,1.91547625230507e-06,-1.44299405274839e-06,5.41911664644663e-05,5.95479871037607e-06,-6.03313366325266e-05,-1.07024260994049e-07,-5.41293759785716e-05,-5.89300822448134e-06,6.03931271184213e-05
1351,-0.100079920307241,-0.0437911212399037,0.0303719742505229,3.90601711184897e-06,1.91068928744194e-06,-1.43927660566379e-06,5.41398683001316e-05,5.96113915375736e-06,-6.03497246649906e-05,-1.43596948781603e-07,-5.40569625630977e-05,-5.87823341672349e-06,6.04326304020244e-05
1352,-0.0998563606886902,-0.0436819315257498,0.030289789926621,3.89581778379324e-06,1.90591432646585e-06,-1.43556833070175e-06,5.40885320069769e-05,5.96751127151882e-06,-6.03680903101312e-05,-1.80160437714598e-07,-5.3984516329765e-05,-5.86349559430697e-06,6.04721059873431e-05
1353,-0.0996333850041048,-0.0435730143542256,0.0302078169312678,3.88564421972025e-06,1.90115133908136e-06,-1.43186920479193e-06,5.40371575747179e-05,5.97391495729626e-06,-6.03864334092235e-05,-2.16714703500052e-07,-5.39120372823148e-05,-5.84879466489315e-06,6.05115537016266e-05
1354,-0.09941099177759,-0.0434643690435698,0.0301260547453349,3.8754963566939e-06,1.89640029506634e-06,-1.4281792049235e-06,5.39857449933429e-05,5.98035010479372e-06,-6.04047538038897e-05,-2.53259721848899e-07,-5.38395254247586e-05,-5.83413053620936e-06,6.05509733724741e-05
1355,-0.099189179536861,-0.0433559949137337,0.0300445028509882,3.86537413193054e-06,1.89166116427758e-06,-1.42449830814558e-06,5.39342942530524e-05,5.98681660799066e-06,-6.04230513361582e-05,-2.89795468424929e-07,-5.37669807613473e-05,-5.81950311628559e-06,6.05903648278633e-05
1356,-0.0989679468132335,-0.0432478912863766,0.0299631607316852,3.85527748280977e-06,1.88693391664821e-06,-1.42082649156436e-06,5.38828053443662e-05,5.99331436101434e-06,-6.04413258483549e-05,-3.26321918793919e-07,-5.3694403296708e-05,-5.8049123133562e-06,6.06297278960131e-05
1357,-0.0987472921416145,-0.0431400574848616,0.0298820278721714,3.84520634685358e-06,1.88221852218812e-06,-1.41716373234796e-06,5.38312782579516e-05,5.99984325824477e-06,-6.04595771832745e-05,-3.6283904856132e-07,-5.36217930355922e-05,-5.79035803588539e-06,6.06690624056339e-05
1358,-0.0985272140604938,-0.0430324928342511,0.0298011037584769,3.83516066173971e-06,1.8775149509848e-06,-1.41351000772291e-06,5.37797129847278e-05,6.00640319429406e-06,-6.04778051840742e-05,-3.99346833262462e-07,-5.35491499830437e-05,-5.77584019260995e-06,6.07083681857583e-05
1359,-0.0983077111119357,-0.0429251966613028,0.0297203878779136,3.82514036529563e-06,1.87282317320081e-06,-1.40986529497532e-06,5.37281095158356e-05,6.01299406394734e-06,-6.04960096943031e-05,-4.3584524843108e-07,-5.34764741443289e-05,-5.76135869244063e-06,6.07476450658098e-05
1360,-0.0980887818415694,-0.0428181682944651,0.0296398797190715,3.81514539550788e-06,1.86814315907631e-06,-1.40622957144843e-06,5.3676467842697e-05,6.01961576221828e-06,-6.05141905578412e-05,-4.72334269497724e-07,-5.3403765525055e-05,-5.74691344457628e-06,6.07868928754832e-05
1361,-0.097870424798581,-0.0427114070638732,0.0295595787718154,3.80517569051155e-06,1.86347487892671e-06,-1.40260281454487e-06,5.36247879569463e-05,6.02626818431517e-06,-6.0532347618967e-05,-5.08813871887804e-07,-5.33310241310445e-05,-5.73250435841333e-06,6.08261114448689e-05
1362,-0.0976526385357038,-0.0426049123013443,0.0294794845272822,3.7952311885899e-06,1.85881830314311e-06,-1.39898500172653e-06,5.35730698504264e-05,6.03295122566254e-06,-6.05504807223604e-05,-5.45284031013545e-07,-5.32582499683359e-05,-5.71813134357206e-06,6.08653006044508e-05
1363,-0.0974354216092109,-0.0424986833403738,0.0293995964778771,3.78531182818389e-06,1.85417340219226e-06,-1.39537611051197e-06,5.35213135152672e-05,6.03966478186593e-06,-6.05685897130224e-05,-5.81744722202214e-07,-5.31854430433041e-05,-5.70379430990284e-06,6.09044601849855e-05
1364,-0.0972187725789051,-0.0423927195161311,0.0293199141172704,3.77541754788242e-06,1.84954014661705e-06,-1.39177611847859e-06,5.34695189438039e-05,6.04640874877229e-06,-6.05866744363563e-05,-6.18195920755327e-07,-5.31126033625439e-05,-5.68949316751227e-06,6.09435900176163e-05
1365,-0.0970026900081113,-0.0422870201654547,0.0292404369403948,3.76554828642093e-06,1.84491850703495e-06,-1.38818500326268e-06,5.34176861285777e-05,6.05318302242792e-06,-6.06047347381651e-05,-6.54637601971401e-07,-5.30397309328579e-05,-5.67522782670808e-06,6.0982689933885e-05
1366,-0.0967871724636674,-0.0421815846268489,0.0291611644434417,3.75570398268875e-06,1.84030845413823e-06,-1.38460274255742e-06,5.33658150623952e-05,6.05998749906115e-06,-6.06227704645919e-05,-6.91069741086631e-07,-5.29668257620243e-05,-5.66099819869026e-06,6.10217597649628e-05
1367,-0.0965722185159159,-0.0420764122404788,0.0290820961238581,3.74588457572549e-06,1.83570995869421e-06,-1.38102931411349e-06,5.33139057382986e-05,6.06682207510874e-06,-6.06407814621469e-05,-7.27492313293144e-07,-5.28938878553854e-05,-5.64680419219556e-06,6.10607993450601e-05
1368,-0.096357826738695,-0.0419715023481667,0.0290032314803433,3.73609000471863e-06,1.83112299154543e-06,-1.37746469573943e-06,5.3261958149546e-05,6.07368664723734e-06,-6.06587675777276e-05,-7.63905293749147e-07,-5.28209172225645e-05,-5.63264572025589e-06,6.10998085047091e-05
1369,-0.0961439957093303,-0.0418668542933873,0.0289245700128461,3.72632020899989e-06,1.82654752360818e-06,-1.37390886530229e-06,5.32099722895926e-05,6.08058111231224e-06,-6.06767286586351e-05,-8.00308657617253e-07,-5.27479138706825e-05,-5.61852269340213e-06,6.11387870775452e-05
1370,-0.0959307240086261,-0.0417624674212643,0.0288461112225613,3.71657512806384e-06,1.82198352587266e-06,-1.3703618007228e-06,5.31579481522436e-05,6.0875053673327e-06,-6.06946645524207e-05,-8.36702379925299e-07,-5.26748778079621e-05,-5.60443502305123e-06,6.11777348967022e-05
1371,-0.0957180102208568,-0.0416583410785653,0.0287678546119264,3.70685470153389e-06,1.81743096940631e-06,-1.3668234799835e-06,5.31058857313545e-05,6.094459309686e-06,-6.07125751071844e-05,-8.73086435764789e-07,-5.26018090426399e-05,-5.59038262097138e-06,6.1216651795899e-05
1372,-0.0955058529337588,-0.0415544746136983,0.028689799684619,3.69715886919109e-06,1.81288982534396e-06,-1.36329388112141e-06,5.30537850211341e-05,6.10144283670335e-06,-6.07304601712703e-05,-9.09460800196639e-07,-5.25287075833231e-05,-5.57636539889241e-06,6.12555376090812e-05
1373,-0.0952942507385214,-0.0414508673767077,0.0286119459455529,3.6874875709678e-06,1.80836006489918e-06,-1.35977298222935e-06,5.30016460160173e-05,6.10845584607342e-06,-6.07483195933926e-05,-9.45825448158358e-07,-5.24555734389166e-05,-5.56238326897279e-06,6.12943921704932e-05
1374,-0.0950832022297791,-0.0413475187192694,0.0285342929008754,3.67784074693976e-06,1.80384165935862e-06,-1.35626076145765e-06,5.29494687106402e-05,6.11549823568616e-06,-6.076615322266e-05,-9.8218035458291e-07,-5.2382406618529e-05,-5.54843614357496e-06,6.13332153147712e-05
1375,-0.0948727060056019,-0.0412444279946873,0.0284568400579644,3.66821833732377e-06,1.79933458008112e-06,-1.35275719701448e-06,5.28972530998273e-05,6.12256990361947e-06,-6.07839609085867e-05,-1.01852549442011e-06,-5.23092071314474e-05,-5.53452393523952e-06,6.13720068769666e-05
1376,-0.0946627606674884,-0.041141594557889,0.0283795869254245,3.65862028249116e-06,1.79483879849838e-06,-1.34926226716229e-06,5.28449991787002e-05,6.12967074810953e-06,-6.08017425009826e-05,-1.0548608425277e-06,-5.22359749859692e-05,-5.52064655537853e-06,6.14107666937136e-05
1377,-0.0944533648203563,-0.0410390177654216,0.0283025330130848,3.64904652295822e-06,1.79035428611606e-06,-1.34577595021994e-06,5.27927069425906e-05,6.13680066763197e-06,-6.08194978500392e-05,-1.09118637372391e-06,-5.2162710195985e-05,-5.50680392102641e-06,6.14494945966448e-05
1378,-0.0942445170725342,-0.0409366969754477,0.0282256778319949,3.63949699937853e-06,1.78588101451115e-06,-1.34229822456434e-06,5.27403763869984e-05,6.14395956084891e-06,-6.08372268063705e-05,-1.12750206286631e-06,-5.20894127674907e-05,-5.49299594134119e-06,6.14881904258782e-05
1379,-0.0940362160357536,-0.0408346315477415,0.0281490208944225,3.62997165256533e-06,1.7814189553348e-06,-1.33882906862616e-06,5.26880075077686e-05,6.15114732662957e-06,-6.08549292209073e-05,-1.16380788467659e-06,-5.20160827122656e-05,-5.47922253112653e-06,6.15268540164104e-05
1380,-0.0938284603251403,-0.0407328208436843,0.0280725617138498,3.62047042346414e-06,1.77696808030883e-06,-1.33536846089046e-06,5.26356003008422e-05,6.15836386400093e-06,-6.08726049448526e-05,-1.20010381388699e-06,-5.1942720040839e-05,-5.46548360399778e-06,6.15654852048557e-05
1381,-0.0936212485592061,-0.0406312642262607,0.027996299804971,3.61099325316718e-06,1.77252836122861e-06,-1.3319163799018e-06,5.25831547624309e-05,6.16560907226185e-06,-6.08902538299479e-05,-1.23638982522744e-06,-5.18693247640125e-05,-5.45177907384347e-06,6.16040838283663e-05
1382,-0.0934145793598406,-0.0405299610600545,0.0279202346836884,3.60154008291363e-06,1.76809976996104e-06,-1.32847280425797e-06,5.25306708889836e-05,6.17288285087115e-06,-6.09078757282086e-05,-1.27266589335673e-06,-5.17958968928656e-05,-5.43810885475319e-06,6.16426497243266e-05
1383,-0.0932084513523028,-0.0404289107112449,0.0278443658671101,3.59211085408684e-06,1.76368227844349e-06,-1.32503771261063e-06,5.2478148677174e-05,6.18018509942823e-06,-6.09254704919454e-05,-1.30893199289308e-06,-5.17224364387263e-05,-5.4244728609805e-06,6.16811827303932e-05
1384,-0.0930028631652128,-0.0403281125476019,0.0277686928735464,3.58270550821312e-06,1.75927585868707e-06,-1.32161108367059e-06,5.2425588123913e-05,6.18751571783641e-06,-6.09430379740105e-05,-1.34518809845505e-06,-5.16489434138954e-05,-5.41087100781887e-06,6.1719682684028e-05
1385,-0.0927978134305437,-0.0402275659384829,0.0276932152225069,3.57332398696016e-06,1.75488048277227e-06,-1.3181928961994e-06,5.23729892262951e-05,6.19487460609437e-06,-6.09605780274217e-05,-1.3814341845957e-06,-5.1575417827951e-05,-5.39730320775029e-06,6.17581494257658e-05
1386,-0.092593300783613,-0.0401272702548281,0.0276179324346978,3.56396623214484e-06,1.75049612285245e-06,-1.31478312901653e-06,5.23203519817181e-05,6.20226166446539e-06,-6.09780905057099e-05,-1.41767022583644e-06,-5.15018596949043e-05,-5.3837693776515e-06,6.17965827925238e-05
1387,-0.0923893238630749,-0.0400272248691572,0.0275428440320182,3.55463218571585e-06,1.74612275115099e-06,-1.31138176099296e-06,5.22676763876735e-05,6.20967679336886e-06,-6.09955752626025e-05,-1.45389619666801e-06,-5.14282690271535e-05,-5.37026943284881e-06,6.18349826231226e-05
1388,-0.0921858813109121,-0.0399274291555645,0.0274679495375577,3.54532178976884e-06,1.74176033996285e-06,-1.30798877105557e-06,5.2214962441931e-05,6.21711989344502e-06,-6.10130321522577e-05,-1.49011207154159e-06,-5.13546458363037e-05,-5.35680328781777e-06,6.1873348757885e-05
1389,-0.0919829717724272,-0.039827882489716,0.0273932484755929,3.53603498654512e-06,1.73740886165257e-06,-1.30460413818778e-06,5.21622101425463e-05,6.22459086550151e-06,-6.10304610292787e-05,-1.52631782490351e-06,-5.12809901354694e-05,-5.34337085842454e-06,6.19116810363557e-05
1390,-0.0917805938962347,-0.0397285842488443,0.0273187403715847,3.52677171842706e-06,1.73306828865605e-06,-1.30122784142575e-06,5.21094194877753e-05,6.2320896105574e-06,-6.10478617485692e-05,-1.56251343113612e-06,-5.12073019376964e-05,-5.32997206047855e-06,6.1949979298648e-05
1391,-0.0915787463342529,-0.0396295338117455,0.027244424752175,3.51753192793132e-06,1.72873859347923e-06,-1.29785985985831e-06,5.20565904760146e-05,6.2396160298184e-06,-6.10652341653132e-05,-1.5986988645944e-06,-5.11335812561879e-05,-5.31660680999167e-06,6.19882433851399e-05
1392,-0.0913774277416961,-0.0395307305587749,0.027170301145184,3.50831555771732e-06,1.72441974869765e-06,-1.29450017262986e-06,5.20037231059191e-05,6.24717002467474e-06,-6.10825781351178e-05,-1.63487409962209e-06,-5.10598281044112e-05,-5.30327502316678e-06,6.20264731366257e-05
1393,-0.0911766367770662,-0.0394321738718431,0.0270963690796071,3.49912255059148e-06,1.72011172695774e-06,-1.29114875893727e-06,5.19508173764133e-05,6.25475149671737e-06,-6.10998935139073e-05,-1.67103911047455e-06,-5.09860424961545e-05,-5.28997661645849e-06,6.20646683941662e-05
1394,-0.0909763721021446,-0.0393338631344121,0.0270226280856117,3.48995284949431e-06,1.71581450097514e-06,-1.28780559803276e-06,5.18978732865983e-05,6.26236034773533e-06,-6.11171801580148e-05,-1.70719387142667e-06,-5.09122244454903e-05,-5.27671150662735e-06,6.21028289991228e-05
1395,-0.0907766323819844,-0.0392357977314911,0.0269490776945346,3.48080639750269e-06,1.71152804353462e-06,-1.28447066922029e-06,5.18448908357478e-05,6.26999647968791e-06,-6.11344379240415e-05,-1.74333835671028e-06,-5.08383739662125e-05,-5.26347961015263e-06,6.21409547935768e-05
1396,-0.0905774162849022,-0.0391379770496332,0.0268757174388786,3.47168313784319e-06,1.70725232749103e-06,-1.28114395185919e-06,5.17918700234722e-05,6.27765979474243e-06,-6.11516666690497e-05,-1.77947254050889e-06,-5.07644910726896e-05,-5.25028084395977e-06,6.21790456198324e-05
1397,-0.0903787224824701,-0.0390404004769309,0.02680254685231,3.4625830138703e-06,1.70298732576793e-06,-1.27782542536042e-06,5.17388108494756e-05,6.2853501952501e-06,-6.11688662503589e-05,-1.81559639699435e-06,-5.06905757809312e-05,-5.2371151267057e-06,6.22171013189033e-05
1398,-0.0901805496495079,-0.0389430674030125,0.0267295654696553,3.45350596908459e-06,1.69873301135806e-06,-1.27451506919009e-06,5.16857133137727e-05,6.29306758375898e-06,-6.11860365257435e-05,-1.85170990030801e-06,-5.06166281043688e-05,-5.22398237435506e-06,6.22551217351474e-05
1399,-0.0899828964640748,-0.0388459772190383,0.0266567728268981,3.44445194712138e-06,1.69448935732311e-06,-1.27121286286308e-06,5.16325774165225e-05,6.30081186298267e-06,-6.1203177353145e-05,-1.887813024509e-06,-5.05426480586425e-05,-5.21088250510271e-06,6.22931067110249e-05
1400,-0.0897857616074619,-0.0387491293176963,0.0265841684611769,3.43542089175701e-06,1.69025633679439e-06,-1.26791878595172e-06,5.15794031581639e-05,6.30858293588806e-06,-6.12202885910609e-05,-1.92390574366936e-06,-5.04686356591609e-05,-5.19781543688509e-06,6.23310560900639e-05
1401,-0.0895891437641836,-0.0386525230931988,0.0265117519107812,3.42641274690526e-06,1.68603392296891e-06,-1.26463281807863e-06,5.15261905393494e-05,6.3163807055164e-06,-6.12373700982185e-05,-1.95998803182776e-06,-5.03945909215652e-05,-5.1847810877322e-06,6.23689697160027e-05
1402,-0.0893930416219703,-0.0385561579412784,0.0264395227151495,3.41742745660999e-06,1.68182208911414e-06,-1.26135493892011e-06,5.14729395608682e-05,6.32420507519504e-06,-6.12544217337406e-05,-1.99605986300714e-06,-5.03205138616425e-05,-5.17177937596926e-06,6.24068474329664e-05
1403,-0.0891974538717606,-0.0384600332591842,0.0263674804148655,3.40846496505863e-06,1.67762080856564e-06,-1.25808512820302e-06,5.14196502237774e-05,6.33205594840848e-06,-6.12714433570349e-05,-2.03212121114932e-06,-5.02464044954944e-05,-5.15881022012547e-06,6.24446890853179e-05
1404,-0.089002379207693,-0.0383641484456778,0.0262956245516558,3.39952521657975e-06,1.67343005472555e-06,-1.25482336570628e-06,5.13663225294027e-05,6.33993322877025e-06,-6.12884348278472e-05,-2.06817205016188e-06,-5.01722628395113e-05,-5.14587353887883e-06,6.24824945177386e-05
1405,-0.0888078163270978,-0.0382685029010296,0.0262239546683871,3.39060815562368e-06,1.66924980106583e-06,-1.25156963126421e-06,5.13129564791488e-05,6.34783682020712e-06,-6.1305396006389e-05,-2.10421235399483e-06,-5.00980889101377e-05,-5.13296925119607e-06,6.25202635754001e-05
1406,-0.0886137639304904,-0.0381730960270149,0.0261524703090626,3.38171372679045e-06,1.66508002112458e-06,-1.24832390476199e-06,5.12595520747762e-05,6.35576662674495e-06,-6.13223267531905e-05,-2.14024209651944e-06,-5.00238827242197e-05,-5.12009727618848e-06,6.2557996103747e-05
1407,-0.0884202207215623,-0.0380779272269103,0.0260811710188196,3.37284187481145e-06,1.66092068850732e-06,-1.2450861661339e-06,5.12061093181919e-05,6.36372255258184e-06,-6.13392269290031e-05,-2.1762612515508e-06,-4.99496442987821e-05,-5.10725753317204e-06,6.25956919484129e-05
1408,-0.0882271854071739,-0.0379829959054899,0.0260100563439267,3.36399254455268e-06,1.65677177688703e-06,-1.24185639536758e-06,5.11526282115218e-05,6.37170450212267e-06,-6.13560963949916e-05,-2.21226979289679e-06,-4.98753736533608e-05,-5.09444994189895e-06,6.26333509531527e-05
1409,-0.0880346566973464,-0.037888301469021,0.0259391258317808,3.3551656810163e-06,1.6526332600041e-06,-1.238634572504e-06,5.10991087571295e-05,6.37971237998133e-06,-6.13729350127424e-05,-2.24826769435095e-06,-4.98010707985856e-05,-5.08167442143747e-06,6.26709729712862e-05
1410,-0.0878426333052544,-0.0377938433252611,0.0258683790309041,3.34636122933286e-06,1.64850511166553e-06,-1.23542067763208e-06,5.10455509574998e-05,6.38774609092909e-06,-6.13897426440254e-05,-2.28425492965176e-06,-4.97267357589677e-05,-5.06893089239691e-06,6.27085578425576e-05
1411,-0.0876511139472182,-0.0376996208834536,0.0257978154909414,3.33757913477413e-06,1.64438730574507e-06,-1.23221469089495e-06,5.09919548154242e-05,6.39580553993307e-06,-6.14065191510875e-05,-2.32023147252303e-06,-4.96523685501808e-05,-5.05621927468966e-06,6.27461054163309e-05
1412,-0.0874600973426958,-0.0376056335543242,0.0257274347626571,3.32881934274669e-06,1.64027981618305e-06,-1.22901659248579e-06,5.09383203339046e-05,6.40389063213378e-06,-6.14232643964741e-05,-2.35619729663933e-06,-4.95779691891554e-05,-5.04353948931203e-06,6.27836155412233e-05
1413,-0.0872695822142752,-0.0375118807500772,0.0256572363979327,3.32008179878577e-06,1.63618261698572e-06,-1.22582636264942e-06,5.08846475161114e-05,6.41200127285449e-06,-6.14399782430836e-05,-2.39215237567614e-06,-4.95035376980722e-05,-5.03089145481527e-06,6.28210880611228e-05
1414,-0.087079567287667,-0.0374183618843917,0.0255872199497634,3.31136644856035e-06,1.63209568222614e-06,-1.22264398168053e-06,5.08309363654176e-05,6.42013736761113e-06,-6.14566605541169e-05,-2.42809668325559e-06,-4.94290740917216e-05,-5.01827509391508e-06,6.2858522827813e-05
1415,-0.0868900512916964,-0.037325076372418,0.0255173849722559,3.30267323787919e-06,1.62801898604325e-06,-1.21946942992535e-06,5.07771868854836e-05,6.42829882209051e-06,-6.14733111931617e-05,-2.46403019295835e-06,-4.93545783902878e-05,-5.00569032689464e-06,6.28959196883576e-05
1416,-0.0867010329582959,-0.0372320236307736,0.025447731020625,3.29400211267376e-06,1.62395250264151e-06,-1.21630268777927e-06,5.07233990800674e-05,6.436485542157e-06,-6.14899300240598e-05,-2.49995287835301e-06,-4.92800506127889e-05,-4.99313707487851e-06,6.29332784913383e-05
1417,-0.0865125110224975,-0.0371392030775398,0.0253782576511912,3.28535301900888e-06,1.61989620629148e-06,-1.21314373568975e-06,5.06695729531571e-05,6.44469743388228e-06,-6.15065169110635e-05,-2.53586471299256e-06,-4.92054907784823e-05,-4.98061525920755e-06,6.29705990857383e-05
1418,-0.0863244842224253,-0.037046614132258,0.0253089644213777,3.27672590309226e-06,1.61585007132882e-06,-1.20999255415508e-06,5.06157085090687e-05,6.45293440348427e-06,-6.15230717188019e-05,-2.57176567037387e-06,-4.91308989047663e-05,-4.96812480093312e-06,6.30078813231043e-05
1419,-0.0861369512992874,-0.0369542562159258,0.0252398508897077,3.26812071125863e-06,1.61181407215506e-06,-1.20684912372098e-06,5.05618057522511e-05,6.46119635736744e-06,-6.15395943121192e-05,-2.6076557239335e-06,-4.90562750180842e-05,-4.95566562320057e-06,6.30451250462861e-05
1420,-0.0859499109973687,-0.0368621287509932,0.0251709166158016,3.25953738996521e-06,1.60778818323573e-06,-1.20371342498794e-06,5.05078646873183e-05,6.46948320213155e-06,-6.15560845563646e-05,-2.64353484719164e-06,-4.89816191316801e-05,-4.9432376464933e-06,6.30823301120028e-05
1421,-0.0857633620640234,-0.0367702311613595,0.025102161160374,3.25097588581089e-06,1.60377237910314e-06,-1.20058543860086e-06,5.04538853191429e-05,6.47779484454896e-06,-6.15725423170281e-05,-2.6794030135006e-06,-4.8906931267917e-05,-4.930840793323e-06,6.31194963682541e-05
1422,-0.0855773032496676,-0.0366785628723692,0.0250335840852311,3.24243614551717e-06,1.59976663435314e-06,-1.19746514525696e-06,5.03998676527508e-05,6.48613119156344e-06,-6.15889674600118e-05,-2.71526019626335e-06,-4.88322114475182e-05,-4.91847498633092e-06,6.31566236652443e-05
1423,-0.0853917333077713,-0.0365871233108083,0.0249651849532681,3.2339181159398e-06,1.59577092364639e-06,-1.19435252570441e-06,5.03458116934235e-05,6.49449215030584e-06,-6.16053598516152e-05,-2.75110636885653e-06,-4.87574596907949e-05,-4.90614014767723e-06,6.31937118542438e-05
1424,-0.0852066509948516,-0.0364959119049009,0.0248969633284663,3.22542174406791e-06,1.59178522170862e-06,-1.19124756073968e-06,5.02917174466688e-05,6.50287762808641e-06,-6.16217193584294e-05,-2.78694150459109e-06,-4.86826760187774e-05,-4.89383620019501e-06,6.32307607863208e-05
1425,-0.0850220550704644,-0.0364049280843056,0.0248289187758898,3.21694697701557e-06,1.58780950332933e-06,-1.18815023121016e-06,5.02375849181671e-05,6.51128753239568e-06,-6.16380458474279e-05,-2.82276557679481e-06,-4.86078604525454e-05,-4.88156306677399e-06,6.32677703130496e-05
1426,-0.0848379442971977,-0.0363141712801115,0.0247610508616838,3.2084937620288e-06,1.58384374336238e-06,-1.18506051800962e-06,5.01834141138049e-05,6.5197217708798e-06,-6.16543391858023e-05,-2.85857855871279e-06,-4.85330130134324e-05,-4.86932067050728e-06,6.33047402861748e-05
1427,-0.0846543174406635,-0.036223640924835,0.0246933591530709,3.20006204648e-06,1.57988791672586e-06,-1.18197840208304e-06,5.01292050396617e-05,6.52818025139065e-06,-6.16705992411587e-05,-2.89438042359907e-06,-4.84581337229596e-05,-4.85710893468854e-06,6.33416705578608e-05
1428,-0.0844711732694912,-0.0361333364524161,0.0246258432183491,3.19165177787168e-06,1.57594199840091e-06,-1.17890386442337e-06,5.00749577020305e-05,6.53666288192004e-06,-6.16868258813864e-05,-2.9301711446672e-06,-4.83832226028852e-05,-4.84492778277476e-06,6.33785609805317e-05
1429,-0.0842885105553195,-0.0360432572982145,0.0245585026268884,3.18326290383592e-06,1.57200596343334e-06,-1.17583688607261e-06,5.00206721074147e-05,6.54516957066685e-06,-6.17030189747215e-05,-2.96595069508986e-06,-4.83082796752015e-05,-4.83277713845356e-06,6.34154114069347e-05
1430,-0.0841063280727892,-0.0359534028990066,0.0244913369491289,3.17489537213283e-06,1.5680797869318e-06,-1.1727774481226e-06,4.99663482625336e-05,6.55370022599367e-06,-6.17191783897705e-05,-3.00171904803457e-06,-4.82333049621192e-05,-4.82065692557928e-06,6.34522216901849e-05
1431,-0.0839246245995361,-0.0358637726929813,0.0244243457565771,3.16654913064704e-06,1.56416344406851e-06,-1.16972553171235e-06,4.99119861742615e-05,6.5622547564389e-06,-6.1735303995401e-05,-3.03747617662849e-06,-4.81582984858033e-05,-4.80856706798072e-06,6.34889916838591e-05
1432,-0.0837433989161834,-0.0357743661197368,0.0243575286218039,3.15822412739715e-06,1.56025691007834e-06,-1.16668111803052e-06,4.98575858497548e-05,6.57083307069545e-06,-6.17513956608692e-05,-3.07322205397101e-06,-4.80832602696151e-05,-4.79650749055579e-06,6.35257212410089e-05
1433,-0.0835626498063342,-0.0356851826202769,0.0242908851184419,3.14992031052141e-06,1.55636016026055e-06,-1.1636441883136e-06,4.98031472962806e-05,6.57943507768785e-06,-6.17674532557287e-05,-3.10895665313563e-06,-4.80081903356939e-05,-4.78447811710111e-06,6.35624102163154e-05
1434,-0.0833823760565649,-0.0355962216370078,0.0242244148211821,3.1416376282918e-06,1.55247316997514e-06,-1.1606147238478e-06,4.97486705214054e-05,6.58806068644043e-06,-6.17834766499226e-05,-3.1446799471904e-06,-4.79330887073798e-05,-4.77247887241483e-06,6.35990584639482e-05
1435,-0.0832025764564168,-0.0355074826137339,0.0241581173057719,3.13337602910375e-06,1.54859591464693e-06,-1.157592705964e-06,4.96941555328207e-05,6.59670980620167e-06,-6.17994657135852e-05,-3.18039190911189e-06,-4.78579554079665e-05,-4.76050968134741e-06,6.36356658384394e-05
1436,-0.0830232497983901,-0.0354189649956549,0.0240919921490121,3.12513546147647e-06,1.54472836976188e-06,-1.15457811604388e-06,4.96396023384272e-05,6.6053823463747e-06,-6.18154203172789e-05,-3.21609251191408e-06,-4.77827904609349e-05,-4.74857046888237e-06,6.36722321947712e-05
1437,-0.0828443948779357,-0.0353306682293619,0.0240260389287541,3.11691587406096e-06,1.54087051086865e-06,-1.15157093551756e-06,4.95850109463882e-05,6.61407821653874e-06,-6.18313403319305e-05,-3.25178172856778e-06,-4.77075938900537e-05,-4.73666116020423e-06,6.3708757388265e-05
1438,-0.0826660104934481,-0.035242591762834,0.0239602572238975,3.10871721563123e-06,1.53702231357809e-06,-1.14857114586051e-06,4.95303813650196e-05,6.62279732643139e-06,-6.18472256286857e-05,-3.28745953199083e-06,-4.76323657192747e-05,-4.72478168068648e-06,6.37452412744306e-05
1439,-0.0824880954462587,-0.0351547350454349,0.0238946466143874,3.10053943508011e-06,1.53318375356289e-06,-1.14557872859809e-06,4.9475713602792e-05,6.63153958598664e-06,-6.18630760790973e-05,-3.32312589513333e-06,-4.75571059726857e-05,-4.71293195588039e-06,6.37816837092036e-05
1440,-0.0823106485406283,-0.0350670975279092,0.0238292066812116,3.09238248143813e-06,1.52935480655838e-06,-1.14259366530045e-06,4.94210076684765e-05,6.6403049052879e-06,-6.18788915549585e-05,-3.35878079082432e-06,-4.74818146747451e-05,-4.70111191155654e-06,6.38180845486898e-05
1441,-0.0821336685837395,-0.0349796786623792,0.023763937006398,3.08424630385231e-06,1.52553544836105e-06,-1.1396159375873e-06,4.9366263570981e-05,6.64909319460545e-06,-6.18946719284576e-05,-3.39442419193432e-06,-4.7406491850024e-05,-4.6893214736484e-06,6.38544436494147e-05
1442,-0.0819571543856901,-0.0348924779023411,0.023698837173012,3.07613085159542e-06,1.52172565482875e-06,-1.13664552712601e-06,4.93114813194309e-05,6.6579043643745e-06,-6.19104170721245e-05,-3.43005607131003e-06,-4.73311375233245e-05,-4.67756056826814e-06,6.38907608682308e-05
1443,-0.081781104759486,-0.0348054947026617,0.0236339067651541,3.0680360740634e-06,1.51792540188092e-06,-1.13368241562911e-06,4.92566609231223e-05,6.66673832519219e-06,-6.19261268587293e-05,-3.46567640174495e-06,-4.72557517196508e-05,-4.6658291217206e-06,6.39270360622008e-05
1444,-0.0816055185210333,-0.034718728519575,0.0235691453679567,3.05996192077913e-06,1.51413466549792e-06,-1.13072658485743e-06,4.92018023915944e-05,6.6755949878195e-06,-6.19418011614228e-05,-3.50128515601744e-06,-4.71803344642581e-05,-4.65412706048319e-06,6.39632690887591e-05
1445,-0.0814303944891324,-0.0346321788106785,0.023504552567582,3.05190834138422e-06,1.51035342172172e-06,-1.12777801661871e-06,4.91469057345315e-05,6.68447426321403e-06,-6.19574398536722e-05,-3.53688230689103e-06,-4.7104885782556e-05,-4.64245431123846e-06,6.39994598056478e-05
1446,-0.0812557314854698,-0.0345458450349303,0.0234401279512192,3.04387528565287e-06,1.5065816466554e-06,-1.12483669276539e-06,4.9091970961893e-05,6.69337606247392e-06,-6.19730428092014e-05,-3.57246782703769e-06,-4.70294057002815e-05,-4.63081080086243e-06,6.40356080708129e-05
1447,-0.0810815283346115,-0.0344597266526449,0.0233758711070819,3.03586270346801e-06,1.50281931646256e-06,-1.12190259519987e-06,4.90369980837186e-05,6.70230029691327e-06,-6.19886099021617e-05,-3.6080416892051e-06,-4.69538942432086e-05,-4.61919645640332e-06,6.40717137426716e-05
1448,-0.0809077838639961,-0.0343738231254904,0.0233117816244055,3.02787054484787e-06,1.49906640736579e-06,-1.11897570586823e-06,4.89819871103627e-05,6.71124687791004e-06,-6.2004141006922e-05,-3.64360386604786e-06,-4.68783514374796e-05,-4.60761120502694e-06,6.41077766798051e-05
1449,-0.0807344969039273,-0.0342881339164849,0.0232478590934446,3.01989875992763e-06,1.49532289565055e-06,-1.11605600676452e-06,4.89269380523169e-05,6.7202157171168e-06,-6.20196359982421e-05,-3.67915433020862e-06,-4.68027773093808e-05,-4.59605497418068e-06,6.41437967411782e-05
1450,-0.0805616662875673,-0.0342026584899928,0.0231841031054705,3.01194729896228e-06,1.4915887576615e-06,-1.11314347992879e-06,4.88718509202517e-05,6.7292067263179e-06,-6.20350947511767e-05,-3.71469305432097e-06,-4.67271718840975e-05,-4.58452769188177e-06,6.41797737873309e-05
1451,-0.0803892908509296,-0.034117396311722,0.0231205132527685,3.0040161123347e-06,1.48786396980335e-06,-1.11023810744565e-06,4.88167257250829e-05,6.73821981743732e-06,-6.20505171410465e-05,-3.7502200109496e-06,-4.66515351928409e-05,-4.57302928462914e-06,6.42157076732885e-05
1452,-0.0802173694328722,-0.0340323468487199,0.0230570891286354,2.99610515054387e-06,1.48414850854135e-06,-1.10733987144816e-06,4.87615624778839e-05,6.7472549026138e-06,-6.2065903043582e-05,-3.78573517268113e-06,-4.65758672568558e-05,-4.56155968158571e-06,6.42515982646101e-05
1453,-0.08004590087509,-0.0339475095693705,0.022993830327377,2.98821436421169e-06,1.48044235039947e-06,-1.10444875411371e-06,4.87063611899351e-05,6.75631189409977e-06,-6.20812523347636e-05,-3.82123851206111e-06,-4.65001681063588e-05,-4.55011881052353e-06,6.42874454183398e-05
1454,-0.0798748840221089,-0.0338628839433908,0.0229307364443053,2.98034370408343e-06,1.47674547196241e-06,-1.10156473766534e-06,4.86511218727289e-05,6.76539070434233e-06,-6.20965648908937e-05,-3.85673000158617e-06,-4.64244377681214e-05,-4.53870659973485e-06,6.43232489955012e-05
1455,-0.0797043177212777,-0.0337784694418272,0.0228678070757362,2.97249312101599e-06,1.47305784987365e-06,-1.09868780437362e-06,4.8595844537881e-05,6.7744912459624e-06,-6.21118405886463e-05,-3.89220961379607e-06,-4.63486762696134e-05,-4.52732297769479e-06,6.43590088569139e-05
1456,-0.0795342008227623,-0.0336942655370528,0.0228050418189869,2.96466256599832e-06,1.4693794608367e-06,-1.09581793655374e-06,4.85405291973094e-05,6.78361343173785e-06,-6.21270793050004e-05,-3.92767732114155e-06,-4.62728836386583e-05,-4.51596787308679e-06,6.43947248636515e-05
1457,-0.079364532179538,-0.0336102717027634,0.0227424402723731,2.95685199013184e-06,1.4657102816141e-06,-1.09295511656538e-06,4.84851758630419e-05,6.7927571746113e-06,-6.21422809171964e-05,-3.9631330960655e-06,-4.61970599031942e-05,-4.50464121476357e-06,6.44303968770441e-05
1458,-0.0791953106473828,-0.0335264874139744,0.0226800020352071,2.94906134464053e-06,1.46205028902688e-06,-1.09009932681239e-06,4.84297845473232e-05,6.80192238765666e-06,-6.21574453027429e-05,-3.99857691096488e-06,-4.61212050914022e-05,-4.49334293173567e-06,6.44660247586639e-05
1459,-0.0790265350848708,-0.0334429121470177,0.0226177267077944,2.94129058086589e-06,1.45839945995554e-06,-1.08725054974741e-06,4.83743552625982e-05,6.81110898416323e-06,-6.21725723396136e-05,-4.03400873826524e-06,-4.60453192316474e-05,-4.48207295321249e-06,6.45016083705643e-05
1460,-0.0788582043533649,-0.033359545379538,0.022555613891432,2.93353965026769e-06,1.45475777133929e-06,-1.08440876786583e-06,4.83188880214758e-05,6.82031687756641e-06,-6.21876619059969e-05,-4.06942855033682e-06,-4.59694023524909e-05,-4.47083120858149e-06,6.45371475749818e-05
1461,-0.0786903173170105,-0.0332763865904898,0.0224936631884054,2.92580850443262e-06,1.45112520017572e-06,-1.08157396370666e-06,4.82633828368309e-05,6.82954598142756e-06,-6.22027138803532e-05,-4.10483631948078e-06,-4.58934544827994e-05,-4.45961762739598e-06,6.45726422343848e-05
1462,-0.078522872842728,-0.0331934352601337,0.0224318742019863,2.9180970950537e-06,1.44750172352049e-06,-1.07874611985623e-06,4.82078397216284e-05,6.83879620950587e-06,-6.22177281415338e-05,-4.14023201805779e-06,-4.58174756514952e-05,-4.4484321393727e-06,6.46080922116669e-05
1463,-0.0783558698002065,-0.0331106908700337,0.0223702465364299,2.91040537395082e-06,1.44388731848828e-06,-1.07592521894451e-06,4.81522586890989e-05,6.84806747571854e-06,-6.22327045686769e-05,-4.17561561834951e-06,-4.57414658878124e-05,-4.43727467443205e-06,6.46434973699634e-05
1464,-0.0781893070618971,-0.0330281529030535,0.0223087797969727,2.90273329305471e-06,1.44028196225163e-06,-1.07311124364748e-06,4.8096639752605e-05,6.85735969416315e-06,-6.22476430412768e-05,-4.21098709266277e-06,-4.56654252211021e-05,-4.42614516266026e-06,6.46788575727797e-05
1465,-0.0780231835030058,-0.0329458208433531,0.0222474735898297,2.89508080442402e-06,1.43668563204122e-06,-1.07030417668241e-06,4.80409829257774e-05,6.86667277905488e-06,-6.22625434390269e-05,-4.24634641319675e-06,-4.55893536810459e-05,-4.41504353432333e-06,6.47141726837585e-05
1466,-0.0778574980014867,-0.0328636941763859,0.0221863275221922,2.88744786022546e-06,1.43309830514474e-06,-1.06750400081294e-06,4.79852882223638e-05,6.87600664477847e-06,-6.22774056419911e-05,-4.28169355219903e-06,-4.55132512974142e-05,-4.40396971982888e-06,6.47494425669407e-05
1467,-0.0776922494380357,-0.0327817723888952,0.0221253412022252,2.87983441274338e-06,1.42951995890889e-06,-1.06471069884759e-06,4.79295556563042e-05,6.88536120592702e-06,-6.22922295305777e-05,-4.31702848188488e-06,-4.54371181001887e-05,-4.3929236498115e-06,6.47846670866933e-05
1468,-0.0775274366960835,-0.0327000549689112,0.0220645142390647,2.8722404143837e-06,1.42595057073692e-06,-1.06192425363788e-06,4.78737852417736e-05,6.89473637720266e-06,-6.23070149854626e-05,-4.3523511744251e-06,-4.53609541196115e-05,-4.38190525504054e-06,6.48198461076247e-05
1469,-0.0773630586617887,-0.0326185414057473,0.0220038462428159,2.86466581766603e-06,1.42239011809001e-06,-1.05914464808053e-06,4.78179769931138e-05,6.90413207350003e-06,-6.23217618876757e-05,-4.38766160198775e-06,-4.52847593860932e-05,-4.37091446647942e-06,6.48549794946963e-05
1470,-0.0771991142240317,-0.0325372311899973,0.0219433368245497,2.85711057522287e-06,1.41883857848616e-06,-1.05637186511374e-06,4.77621309248043e-05,6.91354820984553e-06,-6.23364701184465e-05,-4.42295973670048e-06,-4.52085339302054e-05,-4.35995121524664e-06,6.48900671130454e-05
1471,-0.0770356022744074,-0.032456123813532,0.0218829855963016,2.84957463981527e-06,1.41529592950014e-06,-1.05360588772014e-06,4.77062470516485e-05,6.92298470139438e-06,-6.23511395593615e-05,-4.45824555063551e-06,-4.51322777828757e-05,-4.34901543262152e-06,6.49251088281343e-05
1472,-0.0768725217072186,-0.032375218769496,0.0218227921710679,2.84205796430391e-06,1.41176214876488e-06,-1.05084669892886e-06,4.765032538849e-05,6.93244146355644e-06,-6.23657700924083e-05,-4.49351901592663e-06,-4.50559909750361e-05,-4.33810705010249e-06,6.49601045058622e-05
1473,-0.0767098714194699,-0.0322945155523045,0.0217627561628042,2.83456050167313e-06,1.40823721396944e-06,-1.04809428181001e-06,4.7594365950428e-05,6.94191841183979e-06,-6.23803615997863e-05,-4.52878010462557e-06,-4.49796735379218e-05,-4.32722599933359e-06,6.49950540122925e-05
1474,-0.0765476503108607,-0.0322140136576399,0.0217028771864226,2.82708220501991e-06,1.40472110285927e-06,-1.04534861947684e-06,4.75383687527226e-05,6.9514154619037e-06,-6.23949139639818e-05,-4.56402878876935e-06,-4.49033255029374e-05,-4.31637221211851e-06,6.5029957213767e-05
1475,-0.0763858572837787,-0.032133712582449,0.0216431548577894,2.81962302755866e-06,1.4012137932362e-06,-1.04260969508698e-06,4.74823338108573e-05,6.96093252956441e-06,-6.2409427067835e-05,-4.59926504037987e-06,-4.48269469017196e-05,-4.30554562042666e-06,6.50648139769727e-05
1476,-0.0762244912432929,-0.0320536118249394,0.0215835887937224,2.81218292262138e-06,1.39771526295974e-06,-1.03987749184276e-06,4.74262611405377e-05,6.97046953084582e-06,-6.24239007945692e-05,-4.63448883145218e-06,-4.47505377661424e-05,-4.29474615645059e-06,6.50996241689644e-05
1477,-0.0760635510971476,-0.0319737108845767,0.0215241786119889,2.80476184364016e-06,1.39422548994339e-06,-1.03715199298358e-06,4.73701507574743e-05,6.98002638183227e-06,-6.24383350274161e-05,-4.66970013394824e-06,-4.46740981281044e-05,-4.28397375246242e-06,6.51343876567859e-05
1478,-0.0759030357557559,-0.0318940092620811,0.0214649239313031,2.79735974417078e-06,1.39074445215919e-06,-1.03443318179942e-06,4.73140026777106e-05,6.98960299889186e-06,-6.24527296502653e-05,-4.7048989198539e-06,-4.4597628019823e-05,-4.27322834100423e-06,6.5169104308153e-05
1479,-0.0757429441321926,-0.0318145064594241,0.0214058243713236,2.78997657788655e-06,1.38727212763276e-06,-1.03172104161826e-06,4.7257816917489e-05,6.99919929842003e-06,-6.24670845470982e-05,-4.74008516107727e-06,-4.45211274737593e-05,-4.26250985469032e-06,6.52037739908279e-05
1480,-0.0755832751421882,-0.0317352019798258,0.0213468795526512,2.78261229856808e-06,1.38380849444759e-06,-1.02901555581261e-06,4.7201593493175e-05,7.00881519706745e-06,-6.24813996022749e-05,-4.77525882952689e-06,-4.44445965224975e-05,-4.25181822638996e-06,6.52383965729524e-05
1481,-0.0754240277041218,-0.0316560953277512,0.0212880890968264,2.77526686011364e-06,1.38035353074075e-06,-1.02631670779712e-06,4.71453324213755e-05,7.01845061155561e-06,-6.24956747004322e-05,-4.81041989709058e-06,-4.43680351978327e-05,-4.24115338925604e-06,6.52729719239751e-05
1482,-0.0752652007390152,-0.0315771860089077,0.021229452626327,2.76794021652706e-06,1.37690721470677e-06,-1.02362448102911e-06,4.70890337187945e-05,7.02810545884436e-06,-6.25099097265133e-05,-4.84556833563938e-06,-4.42914435358364e-05,-4.23051527588624e-06,6.53074999094714e-05
1483,-0.0751067931705262,-0.0314984735302412,0.0211709697645658,2.76063232193083e-06,1.37346952459481e-06,-1.02093885900879e-06,4.70326974023911e-05,7.03777965601549e-06,-6.25241045657893e-05,-4.88070411701624e-06,-4.42148215665969e-05,-4.21990382022125e-06,6.53419804015836e-05
1484,-0.0749488039249421,-0.0314199573999336,0.0211126401358881,2.75334313055633e-06,1.37004043870848e-06,-1.01825982527764e-06,4.69763234892692e-05,7.04747312027687e-06,-6.25382591037773e-05,-4.91582721304933e-06,-4.41381693228629e-05,-4.20931895548208e-06,6.53764132701836e-05
1485,-0.0747912319311733,-0.0313416371273996,0.0210544633655697,2.74607259675012e-06,1.36661993540752e-06,-1.01558736341903e-06,4.69199119967382e-05,7.05718576901874e-06,-6.25523732262949e-05,-4.95093759551679e-06,-4.40614868437544e-05,-4.1987606156358e-06,6.54107983792787e-05
1486,-0.074634076120747,-0.0312635122232831,0.020996439079814,2.73882067496815e-06,1.36320799310548e-06,-1.01292145705996e-06,4.6863462942287e-05,7.06691751976354e-06,-6.25664468195118e-05,-4.98603523621976e-06,-4.39847741564665e-05,-4.1882287339431e-06,6.54451356053323e-05
1487,-0.0744773354278001,-0.0311855821994549,0.0209385669057501,2.73158731978262e-06,1.35980459027205e-06,-1.01026208986954e-06,4.68069763436274e-05,7.07666829022532e-06,-6.25804797699219e-05,-5.02112010690734e-06,-4.3908031298271e-05,-4.17772324486893e-06,6.54794248152783e-05
1488,-0.074321008789074,-0.0311078465690088,0.0208808464714302,2.72437248586409e-06,1.35640970543027e-06,-1.00760924555471e-06,4.67504522184967e-05,7.08643799821927e-06,-6.25944719641135e-05,-5.05619217931013e-06,-4.38312583026975e-05,-4.16724408242009e-06,6.55136658799127e-05
1489,-0.0741650951439072,-0.0310303048462591,0.0208232774058275,2.71717612800734e-06,1.3530233171587e-06,-1.00496290786911e-06,4.6693890584985e-05,7.09622656176196e-06,-6.26084232892146e-05,-5.09125142515025e-06,-4.37544552056722e-05,-4.15679118091018e-06,6.55478586685274e-05
1490,-0.0740095934342298,-0.0309529565467373,0.0207658593388335,2.70999820110619e-06,1.34964540408943e-06,-1.0023230606049e-06,4.66372914612226e-05,7.10603389899218e-06,-6.26223336324896e-05,-5.12629781613474e-06,-4.3677622037131e-05,-4.1463644749006e-06,6.55820030565811e-05
1491,-0.0738545026045562,-0.030875801187189,0.0207085919012562,2.7028386601824e-06,1.34627594490966e-06,-9.99689687599123e-07,4.65806548657237e-05,7.11585992822202e-06,-6.26362028816822e-05,-5.16133132392596e-06,-4.36007588364782e-05,-4.13596389897651e-06,6.56160989109277e-05
1492,-0.0736998216019794,-0.0307988382855709,0.0206514747248172,2.69569746035262e-06,1.34291491835905e-06,-9.9706277272687e-07,4.6523980817009e-05,7.1257045678635e-06,-6.26500309246499e-05,-5.19635192019012e-06,-4.35238656370833e-05,-4.12558938793771e-06,6.56501461045757e-05
1493,-0.0735455493761642,-0.0307220673610477,0.0205945074421497,2.68857455684702e-06,1.33956230323321e-06,-9.9444229990518e-07,4.64672693338098e-05,7.13556773654585e-06,-6.26638176495944e-05,-5.23135957654548e-06,-4.34469424740635e-05,-4.11524087679959e-06,6.56841445093407e-05
1494,-0.0733916848793415,-0.0306454879339893,0.0205376896867963,2.68146990500609e-06,1.33621807838044e-06,-9.91828253093175e-07,4.64105204350588e-05,7.14544935301687e-06,-6.26775629450424e-05,-5.26635426461297e-06,-4.33699893827366e-05,-4.10491830069464e-06,6.57180939973646e-05
1495,-0.0732382270663017,-0.0305690995259672,0.0204810210932064,2.67438346027805e-06,1.3328822227026e-06,-9.89220616290697e-07,4.63537341398501e-05,7.1553493361714e-06,-6.26912666997964e-05,-5.30133595599487e-06,-4.32930063985919e-05,-4.09462159491312e-06,6.57519944410547e-05
1496,-0.0730851748943884,-0.0304929016597521,0.0204245012967342,2.66731517822582e-06,1.32955471515575e-06,-9.86619373539836e-07,4.62969104675204e-05,7.16526760507662e-06,-6.27049288030219e-05,-5.33630462226342e-06,-4.32159935573788e-05,-4.08435069493499e-06,6.57858457131636e-05
1497,-0.0729325273234923,-0.0304168938593106,0.020368129933636,2.66026501450339e-06,1.32623553474888e-06,-9.84024508919319e-07,4.62400494373711e-05,7.17520407893428e-06,-6.2718549143962e-05,-5.37126023497819e-06,-4.31389508948189e-05,-4.07410553638209e-06,6.58196476865142e-05
1498,-0.0727802833160449,-0.0303410756498021,0.0203119066410685,2.65323292490413e-06,1.32292466054409e-06,-9.81436006555093e-07,4.61831510692538e-05,7.18515867708171e-06,-6.27321276124846e-05,-5.40620276566376e-06,-4.30618784472042e-05,-4.06388605503204e-06,6.58534002345342e-05
1499,-0.0726284418370119,-0.0302654465575759,0.020255831057086,2.64621886530301e-06,1.31962207165683e-06,-9.78853850608257e-07,4.61262153828762e-05,7.19513131902183e-06,-6.27456640984667e-05,-5.44113218583739e-06,-4.29847762528457e-05,-4.05369218687873e-06,6.58871032284972e-05
1500,-0.0724770018538875,-0.0301900061101682,0.0201999028206384,2.63922279168643e-06,1.31632774725567e-06,-9.76278025281957e-07,4.60692423981721e-05,7.20512192441664e-06,-6.27591584921493e-05,-5.47604846700402e-06,-4.29076443416519e-05,-4.04352386789643e-06,6.59207565486695e-05
1501,-0.0723259623366885,-0.0301147538362991,0.0201441215715689,2.63224466016062e-06,1.31304166656144e-06,-9.73708514818062e-07,4.60122321353649e-05,7.21513041301779e-06,-6.27726106840132e-05,-5.51095158058804e-06,-4.28304827568214e-05,-4.0333810344743e-06,6.59543600625566e-05
1502,-0.072175322257947,-0.0300396892658696,0.0200884869506118,2.62528442692959e-06,1.30976380884832e-06,-9.71145303504646e-07,4.59551846148005e-05,7.22515670481507e-06,-6.27860205650582e-05,-5.54584149810552e-06,-4.27532915329863e-05,-4.02326362300085e-06,6.59879136468724e-05
1503,-0.0720250805927051,-0.0299648119299588,0.02003299859939,2.61834204831416e-06,1.30649415344274e-06,-9.68588375666932e-07,4.58980998570765e-05,7.23520071988965e-06,-6.27993880264642e-05,-5.58071819097811e-06,-4.26760707058854e-05,-4.01317157005945e-06,6.60214171776553e-05
1504,-0.0718752363185083,-0.0298901213608205,0.0199776561604128,2.61141748072861e-06,1.30323267972339e-06,-9.66037715666768e-07,4.58409778828008e-05,7.2452623784633e-06,-6.28127129595271e-05,-5.6155816306077e-06,-4.25988203167132e-05,-4.00310481237563e-06,6.60548705256148e-05
1505,-0.0717257884154,-0.0298156170918808,0.0199224592770739,2.60451068069938e-06,1.29997936712208e-06,-9.6349330791018e-07,4.57838187128432e-05,7.25534160095594e-06,-6.28259952560235e-05,-5.65043178840767e-06,-4.25215403987685e-05,-3.99306328688115e-06,6.60882735700983e-05
1506,-0.0715767358659149,-0.0297412986577346,0.019867407593649,2.59762160486324e-06,1.29673419512117e-06,-9.60955136843499e-07,4.57266223683024e-05,7.26543830787358e-06,-6.28392348080304e-05,-5.68526863578324e-06,-4.24442309910177e-05,-3.9830469305888e-06,6.61216261853152e-05
1507,-0.0714280776550727,-0.029667165594143,0.0198125007552935,2.59075020995618e-06,1.29349714325677e-06,-9.58423186947587e-07,4.56693888703259e-05,7.27555241989818e-06,-6.28524315076917e-05,-5.72009214404852e-06,-4.236689213117e-05,-3.9730556807423e-06,6.61549282468475e-05
1508,-0.0712798127703727,-0.0295932174380305,0.0197577384080407,2.58389645282567e-06,1.29026819111573e-06,-9.55897442748268e-07,4.56121182403448e-05,7.28568385785101e-06,-6.28655852476624e-05,-5.75490228456836e-06,-4.22895238571893e-05,-3.96308947469547e-06,6.6188179630818e-05
1509,-0.0711319402017871,-0.0295194537274816,0.0197031201987987,2.57706029042259e-06,1.28704731833739e-06,-9.53377888809874e-07,4.55548104999279e-05,7.29583254271821e-06,-6.28786959208386e-05,-5.78969902867226e-06,-4.2212126207197e-05,-3.95314824998736e-06,6.62213802135695e-05
1510,-0.0709844589417551,-0.0294458740017381,0.0196486457753492,2.57024167980384e-06,1.28383450461204e-06,-9.50864509735494e-07,4.54974656708231e-05,7.30599839560123e-06,-6.28917634203701e-05,-5.82448234766609e-06,-4.21346992195079e-05,-3.94323194428599e-06,6.62545298716853e-05
1511,-0.0708373679851772,-0.0293724778011965,0.0195943147863446,2.56344057813006e-06,1.2806297296818e-06,-9.48357290167598e-07,4.5440083774936e-05,7.3161813377603e-06,-6.29047876396921e-05,-5.85925221283799e-06,-4.20572429326041e-05,-3.93334049542837e-06,6.6287628482024e-05
1512,-0.0706906663294085,-0.0292992646674045,0.019540126881306,2.55665694267192e-06,1.27743297334017e-06,-9.45856214788751e-07,4.5382664834405e-05,7.32638129059744e-06,-6.29177684725704e-05,-5.89400859545051e-06,-4.19797573852157e-05,-3.92347384140812e-06,6.63206759217598e-05
1513,-0.0705443529742531,-0.0292262341430586,0.0194860817106209,2.54989073079033e-06,1.27424421543228e-06,-9.43361268320228e-07,4.53252088713878e-05,7.33659817569721e-06,-6.29307058130095e-05,-5.92875146678755e-06,-4.19022426177183e-05,-3.91363192014903e-06,6.6353672066679e-05
1514,-0.0703984269219587,-0.0291533857720008,0.0194321789255414,2.54314189996439e-06,1.27106343585331e-06,-9.40872435520639e-07,4.52677159083495e-05,7.34683191471089e-06,-6.29435995552481e-05,-5.96348079805214e-06,-4.18246986642869e-05,-3.90381467064832e-06,6.63866167993106e-05
1515,-0.0702528871772094,-0.0290807190992162,0.0193784181781816,2.53641040777134e-06,1.26789061455032e-06,-9.3838970118914e-07,4.52101859678727e-05,7.35708242948813e-06,-6.29564495938678e-05,-5.99819656046308e-06,-4.17471255690371e-05,-3.89402203065249e-06,6.64195099927034e-05
1516,-0.0701077327471208,-0.0290082336708297,0.0193247991215156,2.52969621189812e-06,1.26472573152062e-06,-9.35913050165946e-07,4.51526190727947e-05,7.36734964200958e-06,-6.29692558238331e-05,-6.03289872523754e-06,-4.1669523369785e-05,-3.88425393899993e-06,6.64523515268428e-05
1517,-0.0699629626412331,-0.0289359290341033,0.0192713214093751,2.52299927012944e-06,1.26156876681274e-06,-9.33442467326021e-07,4.50950152460275e-05,7.37763347439317e-06,-6.29820181402159e-05,-6.06758726353196e-06,-4.15918921065721e-05,-3.8745103343314e-06,6.64851412796712e-05
1518,-0.0698185758715056,-0.0288638047374332,0.0192179846964477,2.5163195403592e-06,1.25841970052549e-06,-9.30977937587001e-07,4.50373745107509e-05,7.38793384891206e-06,-6.29947364385485e-05,-6.10226214652495e-06,-4.15142318157991e-05,-3.86479115576499e-06,6.65178791335003e-05
1519,-0.0696745714523109,-0.0287918603303469,0.0191647886382742,2.5096569805702e-06,1.25527851280844e-06,-9.28519445900725e-07,4.49796968901312e-05,7.3982506879841e-06,-6.30074106144365e-05,-6.1369233453612e-06,-4.14365425446908e-05,-3.85509634254371e-06,6.65505649598769e-05
1520,-0.0695309484004294,-0.0287200953635006,0.0191117328912467,2.50301154885847e-06,1.25214518386036e-06,-9.260669772597e-07,4.49219824076386e-05,7.40858391412917e-06,-6.30200405638733e-05,-6.17157083117518e-06,-4.13588243289453e-05,-3.84542583336347e-06,6.65831986425666e-05
1521,-0.0693877057350425,-0.0286485093886759,0.0190588171126066,2.49638320342887e-06,1.24901969393164e-06,-9.23620516698425e-07,4.48642310869971e-05,7.41893345007454e-06,-6.30326261833068e-05,-6.20620457509739e-06,-4.12810772045313e-05,-3.83577956790238e-06,6.66157800657727e-05
1522,-0.0692448424777269,-0.0285771019587775,0.0190060409604422,2.48977190257699e-06,1.2459020233219e-06,-9.21180049281791e-07,4.48064429519221e-05,7.42929921861865e-06,-6.30451673691083e-05,-6.24082454817814e-06,-4.12033012198855e-05,-3.82615748570774e-06,6.66483091011449e-05
1523,-0.0691023576524493,-0.0285058726278298,0.0189534040936865,2.48317760470512e-06,1.24279215238084e-06,-9.18745560120841e-07,4.47486180264125e-05,7.43968114276353e-06,-6.30576640182746e-05,-6.27543072154732e-06,-4.11254964100463e-05,-3.81655952639733e-06,6.66807856346408e-05
1524,-0.06896025028556,-0.0284348209509748,0.0189009061721155,2.47660026831542e-06,1.23969006150825e-06,-9.16317034356154e-07,4.46907563345427e-05,7.4500791455944e-06,-6.30701160277232e-05,-6.31002306619776e-06,-4.10476628186807e-05,-3.80698562973237e-06,6.67132095435852e-05
1525,-0.0688185194057874,-0.0283639464844685,0.0188485468563455,2.47003985201362e-06,1.23659573115272e-06,-9.13894457175733e-07,4.46328579006618e-05,7.4604931503819e-06,-6.30825232950448e-05,-6.34460155324524e-06,-4.09698004859947e-05,-3.79743573571484e-06,6.67455807097119e-05
1526,-0.0686771640442321,-0.0282932487856786,0.0187963258078315,2.46349631450527e-06,1.23350914181379e-06,-9.1147781380025e-07,4.45749227492183e-05,7.47092308054446e-06,-6.30948857178976e-05,-6.3791661537016e-06,-4.08919094531733e-05,-3.78790978449949e-06,6.67778990139426e-05
1527,-0.0685361832343608,-0.0282227274130816,0.0187442426888645,2.45696961459975e-06,1.23043027403912e-06,-9.09067089489209e-07,4.45169509048758e-05,7.48136885960002e-06,-6.31072031942617e-05,-6.41371683858307e-06,-4.08139897595697e-05,-3.77840771625652e-06,6.68101643350819e-05
1528,-0.0683955760120008,-0.02815238192626,0.0186922971625699,2.45045971120444e-06,1.22735910842563e-06,-9.06662269537937e-07,4.44589423924214e-05,7.49183041119447e-06,-6.31194756223118e-05,-6.44825357887302e-06,-4.07360414546856e-05,-3.76892947151106e-06,6.68423765644992e-05
1529,-0.0682553414153344,-0.0280822118858993,0.0186404888929052,2.4439665633244e-06,1.22429562562074e-06,-9.04263339279274e-07,4.44008972367709e-05,7.50230765916397e-06,-6.31317029005015e-05,-6.48277634553173e-06,-4.06580645713193e-05,-3.75947499095121e-06,6.68745355703709e-05
1530,-0.0681154784848926,-0.0280122168537857,0.018588817544658,2.43749013006883e-06,1.22123980631958e-06,-9.0187028408711e-07,4.43428154630846e-05,7.51280052746057e-06,-6.31438849277087e-05,-6.51728510955626e-06,-4.05800591506967e-05,-3.75004421507272e-06,6.69066412400965e-05
1531,-0.0679759862635498,-0.0279423963928028,0.0185372827834437,2.43103037065219e-06,1.21819163126716e-06,-8.99483089370147e-07,4.42846970967149e-05,7.52330894017535e-06,-6.31560216029984e-05,-6.55177984186058e-06,-4.05020252428748e-05,-3.74063708470353e-06,6.69386934568384e-05
1532,-0.0678368637965177,-0.0278727500669291,0.0184858842757036,2.42458724438072e-06,1.21515108125595e-06,-8.97101740575327e-07,4.42265421631154e-05,7.53383282151835e-06,-6.31681128257277e-05,-6.58626051340027e-06,-4.04239628827507e-05,-3.7312535411537e-06,6.69706921060923e-05
1533,-0.0676981101313397,-0.0278032774412355,0.0184346216887025,2.41816071066007e-06,1.21211813712812e-06,-8.94726223185092e-07,4.41683506878832e-05,7.54437209585757e-06,-6.31801584954655e-05,-6.62072709507899e-06,-4.03458721173083e-05,-3.72189352528267e-06,6.70026370660404e-05
1534,-0.0675597243178855,-0.027733978081882,0.0183834946905271,2.41175072899359e-06,1.20909277977438e-06,-8.92356522722033e-07,4.411012269679e-05,7.5549266877288e-06,-6.31921585121815e-05,-6.65517955783425e-06,-4.02677529868181e-05,-3.71255697828872e-06,6.70345282221534e-05
1535,-0.0674217054083454,-0.0276648515561152,0.0183325029500835,2.40535725899422e-06,1.2060749901338e-06,-8.89992624744244e-07,4.4051858215868e-05,7.56549652176976e-06,-6.32041127760793e-05,-6.68961787252931e-06,-4.01896055356106e-05,-3.70324384256803e-06,6.70663654563367e-05
1536,-0.0672840524572239,-0.0275958974322658,0.0182816461370952,2.39898026036107e-06,1.20306474919252e-06,-8.87634514844444e-07,4.39935572711739e-05,7.57608152272012e-06,-6.32160211875091e-05,-6.72404201003899e-06,-4.01114298061e-05,-3.69395405817016e-06,6.7098148652583e-05
1537,-0.0671467645213348,-0.0275271152797455,0.0182309239221014,2.39261969290404e-06,1.20006203798676e-06,-8.85282178655435e-07,4.39352198890689e-05,7.58668161552451e-06,-6.32278836472704e-05,-6.75845194120351e-06,-4.00332258415099e-05,-3.68468756796552e-06,6.71298776948294e-05
1538,-0.0670098406597952,-0.0274585046690446,0.0181803359764543,2.38627551651678e-06,1.19706683759935e-06,-8.82935601845968e-07,4.38768460959317e-05,7.59729672523939e-06,-6.32397000563652e-05,-6.79284763690524e-06,-3.99549936837336e-05,-3.67544431355749e-06,6.71615524685633e-05
1539,-0.06687327993402,-0.027390065171729,0.0181298819723177,2.37994769120286e-06,1.19407912916171e-06,-8.80594770119027e-07,4.38184359184024e-05,7.60792677703582e-06,-6.32514703159993e-05,-6.82722906792722e-06,-3.98767333781737e-05,-3.66622423680717e-06,6.71931728562279e-05
1540,-0.0667370814077162,-0.0273217963604377,0.0180795615826645,2.373636177061e-06,1.19109889385274e-06,-8.78259669216331e-07,4.37599893832769e-05,7.61857169623448e-06,-6.32631943277365e-05,-6.86159620508272e-06,-3.97984449649434e-05,-3.65702728044457e-06,6.72247387420002e-05
1541,-0.0666012441468771,-0.02725369780888,0.018029374481275,2.36734093428284e-06,1.18812611289948e-06,-8.75930284916549e-07,4.37015065174674e-05,7.62923140832202e-06,-6.32748719934287e-05,-6.89594901918853e-06,-3.97201284959415e-05,-3.64785338578612e-06,6.72562500189948e-05
1542,-0.0664657672197773,-0.0271857690918328,0.0179793203427345,2.36106192315991e-06,1.18516076757515e-06,-8.73606603032223e-07,4.36429873480639e-05,7.63990583884812e-06,-6.32865032150938e-05,-6.93028748101803e-06,-3.96417840053366e-05,-3.63870249612087e-06,6.7287706557821e-05
1543,-0.0663306496969665,-0.027118009785138,0.0179293988424314,2.3547991040847e-06,1.18220283920243e-06,-8.71288609415113e-07,4.3584431902369e-05,7.6505949135834e-06,-6.32980878951679e-05,-6.964611561336e-06,-3.95634115429055e-05,-3.62957455411993e-06,6.73191082546314e-05
1544,-0.066195890651264,-0.0270504194656997,0.0178796096565553,2.34855243754656e-06,1.17925230914973e-06,-8.68976289951579e-07,4.35258402078448e-05,7.6612985583679e-06,-6.33096259362837e-05,-6.99892123088829e-06,-3.94850111520334e-05,-3.62046950156813e-06,6.73504549920951e-05
1545,-0.0660614891577531,-0.0269829977114817,0.0178299524620948,2.34232188412362e-06,1.17630915883273e-06,-8.66669630564301e-07,4.34672122920367e-05,7.67201669919767e-06,-6.33211172413417e-05,-7.03321646043738e-06,-3.94065828753343e-05,-3.61138728249524e-06,6.73817466580441e-05
1546,-0.0659274442937763,-0.0269157441015045,0.0177804269368357,2.33610740449576e-06,1.17337336971507e-06,-8.64368617210882e-07,4.34085481826923e-05,7.68274926221251e-06,-6.33325617134868e-05,-7.0674972206872e-06,-3.9328126758258e-05,-3.60232783923961e-06,6.74129831340241e-05
1547,-0.0657937551389286,-0.0268486582158431,0.0177310327593585,2.32990895944448e-06,1.17044492330695e-06,-8.62073235886591e-07,4.33498479077925e-05,7.69349617367949e-06,-6.33439592562188e-05,-7.10176348233803e-06,-3.92496428495436e-05,-3.59329111543058e-06,6.74441643144677e-05
1548,-0.0656604207750528,-0.026781739635624,0.0176817696090371,2.32372650983617e-06,1.16752380116504e-06,-8.59783472620098e-07,4.32911114953496e-05,7.70425735998807e-06,-6.33553097731831e-05,-7.13601521608593e-06,-3.91711311894011e-05,-3.5842770540396e-06,6.74752900791316e-05
1549,-0.0655274402862337,-0.0267149879430227,0.0176326371660363,2.31756001663434e-06,1.16460998489257e-06,-8.57499313476629e-07,4.32323389735589e-05,7.71503274766296e-06,-6.33666131683342e-05,-7.17025239262127e-06,-3.90925918245215e-05,-3.57528559862551e-06,6.75063603173716e-05
1550,-0.0653948127587932,-0.0266484027212609,0.0175836351113101,2.31140944090799e-06,1.16170345613987e-06,-8.55220744557307e-07,4.31735303708776e-05,7.72582226335987e-06,-6.3377869345932e-05,-7.20447498258405e-06,-3.90140247983807e-05,-3.56631669275684e-06,6.75373749184289e-05
1551,-0.0652625372812836,-0.0265819835546042,0.0175347631265992,2.3052747438084e-06,1.15880419660386e-06,-8.52947752001145e-07,4.31146857158088e-05,7.73662583391958e-06,-6.33890782105795e-05,-7.23868295667912e-06,-3.89354301611311e-05,-3.55737028018213e-06,6.75683337652573e-05
1552,-0.0651306129444836,-0.0265157300283591,0.0174860208944295,2.29915588658882e-06,1.1559121880268e-06,-8.50680321979217e-07,4.30558050370661e-05,7.74744338623847e-06,-6.34002396670168e-05,-7.27287628553666e-06,-3.88568079569818e-05,-3.54844630522053e-06,6.7599236750836e-05
1553,-0.0649990388413916,-0.0264496417288707,0.0174374080981102,2.29305283060006e-06,1.15302741219799e-06,-8.48418440698107e-07,4.29968883635465e-05,7.75827484737e-06,-6.34113536202726e-05,-7.3070549397569e-06,-3.87781582269965e-05,-3.53954471081997e-06,6.76300837568226e-05
1554,-0.064867814067221,-0.0263837182435196,0.0173889244217311,2.28696553728227e-06,1.15014985095294e-06,-8.46162094402224e-07,4.29379357242743e-05,7.76912014453413e-06,-6.3422419975741e-05,-7.34121888998161e-06,-3.86994810224991e-05,-3.53066544183813e-06,6.76608746775162e-05
1555,-0.0647369377193945,-0.0263179591607201,0.0173405695501615,2.2808939681692e-06,1.14727948617244e-06,-8.43911269367302e-07,4.2878947148398e-05,7.77997920503003e-06,-6.34334386389193e-05,-7.3753681067946e-06,-3.86207763865675e-05,-3.52180844319958e-06,6.76916094007498e-05
1556,-0.0646064088975387,-0.0262523640699168,0.0172923431690477,2.27483808489167e-06,1.14441629978351e-06,-8.41665951907244e-07,4.28199226652792e-05,7.79085195631909e-06,-6.34444095157112e-05,-7.40950256079747e-06,-3.85420443672415e-05,-3.51297365828145e-06,6.77222878137488e-05
1557,-0.0644762267034789,-0.0261869325615823,0.0172442449648113,2.26879784917753e-06,1.14156027375932e-06,-8.39426128367272e-07,4.27608623044368e-05,7.80173832597185e-06,-6.34553325121441e-05,-7.44362222250963e-06,-3.8463285010525e-05,-3.50416103206004e-06,6.77529098060559e-05
1558,-0.0643463902412333,-0.0261216642272149,0.017196274624647,2.2627732228383e-06,1.13871139011817e-06,-8.37191785133525e-07,4.27017660954996e-05,7.81263824174278e-06,-6.3466207534741e-05,-7.47772706256688e-06,-3.83844983652018e-05,-3.49537050920588e-06,6.77834752686213e-05
1559,-0.0642168986170082,-0.0260565586593355,0.0171484318365208,2.25676416778921e-06,1.13586963092324e-06,-8.3496290862248e-07,4.26426340683274e-05,7.82355163143717e-06,-6.34770344901221e-05,-7.51181705149846e-06,-3.83056844706685e-05,-3.48660203466783e-06,6.78139840877809e-05
1560,-0.0640877509391922,-0.0259916154514855,0.017100716289168,2.25077064602797e-06,1.13303497828476e-06,-8.32739485283993e-07,4.25834662528049e-05,7.83447842305847e-06,-6.34878132851098e-05,-7.54589215982144e-06,-3.82268433814521e-05,-3.47785555347255e-06,6.78444361564626e-05
1561,-0.0639589463183512,-0.025926834198224,0.0170531276720913,2.24479261965877e-06,1.13020741435653e-06,-8.30521501605689e-07,4.25242626791518e-05,7.84541854468085e-06,-6.34985438269399e-05,-7.57995235805759e-06,-3.81479751447827e-05,-3.46913101031175e-06,6.7874831361309e-05
1562,-0.0638304838672225,-0.025862214495125,0.0170056656755588,2.23883005086857e-06,1.12738692133879e-06,-8.2830894410958e-07,4.24650233776319e-05,7.85637192456985e-06,-6.35092260230955e-05,-7.61399761673526e-06,-3.80690798043265e-05,-3.46042835082875e-06,6.79051695998869e-05
1563,-0.06370236270071,-0.0257977559387755,0.0169583299906021,2.23288290193596e-06,1.1245734814762e-06,-8.26101799349142e-07,4.24057483786368e-05,7.86733849107728e-06,-6.35198597811962e-05,-7.64802790633805e-06,-3.79901574081428e-05,-3.45174752058324e-06,6.79354507516903e-05
1564,-0.063574581935879,-0.0257334581267722,0.0169111203090146,2.22695113523672e-06,1.12176707705788e-06,-8.23900053914714e-07,4.23464377127893e-05,7.87831817267903e-06,-6.35304450092385e-05,-7.68204319736219e-06,-3.79112080048659e-05,-3.44308846475564e-06,6.79656747171619e-05
1565,-0.0634471406919505,-0.0256693206577197,0.016864036323349,2.22103471323323e-06,1.11896769041894e-06,-8.21703694431085e-07,4.22870914108057e-05,7.88931089803168e-06,-6.35409816154874e-05,-7.71604346030054e-06,-3.78322316419223e-05,-3.43445112914831e-06,6.79958413843708e-05
1566,-0.0633200380902962,-0.0256053431312272,0.016817077726916,2.21513359849163e-06,1.11617530393826e-06,-8.1951270755373e-07,4.22277095036578e-05,7.90031659583659e-06,-6.3551469508346e-05,-7.75002866555221e-06,-3.77532283673739e-05,-3.4258354595527e-06,6.80259506446299e-05
1567,-0.0631932732544329,-0.0255415251479067,0.016770244213782,2.20924775365085e-06,1.11338990003962e-06,-8.17327079977712e-07,4.21682920223237e-05,7.91133519501835e-06,-6.35619085966742e-05,-7.78399878364768e-06,-3.76741982307271e-05,-3.4172414021578e-06,6.80560023882707e-05
1568,-0.0630668453100178,-0.0254778663093699,0.0167235354787673,2.20337714145805e-06,1.11061146119084e-06,-8.15146798426998e-07,4.21088389980706e-05,7.92236662453688e-06,-6.35722987894141e-05,-7.81795378497758e-06,-3.75951412750713e-05,-3.40866890195606e-06,6.80859965124134e-05
1569,-0.0629407533848427,-0.0254143662182259,0.0166769512174443,2.19752172474041e-06,1.10783996990545e-06,-8.12971849661224e-07,4.20493504622113e-05,7.93341081356543e-06,-6.3582639995832e-05,-7.85189363997018e-06,-3.75160575547818e-05,-3.4001179069674e-06,6.81159329032615e-05
1570,-0.0628149966088292,-0.025351024478079,0.0166304911261354,2.19168146642263e-06,1.10507540873953e-06,-8.10802220474428e-07,4.19898264462978e-05,7.94446769133665e-06,-6.35929321254826e-05,-7.88581831904777e-06,-3.74369471174895e-05,-3.39158836211539e-06,6.81458114542908e-05
1571,-0.0626895741140233,-0.0252878406935257,0.0165841549019113,2.18585632951527e-06,1.10231776029421e-06,-8.0863789769554e-07,4.19302669819895e-05,7.95553718726312e-06,-6.36031750882274e-05,-7.91972779264408e-06,-3.73578100089978e-05,-3.3830802142715e-06,6.81756320612191e-05
1572,-0.06256448503459,-0.0252248144701523,0.016537942242589,2.18004627712892e-06,1.09956700721403e-06,-8.06478868183576e-07,4.18706721011727e-05,7.96661923081328e-06,-6.36133687940578e-05,-7.95362203110432e-06,-3.727864628192e-05,-3.37459341033791e-06,6.82053946165711e-05
1573,-0.0624397285068084,-0.0251619454145328,0.0164918528467298,2.17425127244831e-06,1.09682313218797e-06,-8.04325118832149e-07,4.18110418357269e-05,7.97771375164285e-06,-6.36235131532406e-05,-7.98750100482875e-06,-3.71994559783991e-05,-3.36612789633964e-06,6.8235099007329e-05
1574,-0.0623153036690665,-0.025099233134226,0.0164458864136379,2.16847127875861e-06,1.0940861179488e-06,-8.02176636569623e-07,4.17513762178028e-05,7.98882067952337e-06,-6.36336080763782e-05,-8.02136468418789e-06,-3.71202391557097e-05,-3.35768361984391e-06,6.82647451352532e-05
1575,-0.0621912096618562,-0.0250366772377731,0.0164000426433577,2.16270625943443e-06,1.09135594727268e-06,-8.00033408358606e-07,4.16916752797087e-05,7.99993994435005e-06,-6.36436534743669e-05,-8.05521303955934e-06,-3.70409958629393e-05,-3.34926052758068e-06,6.82943328911362e-05
1576,-0.0620674456277678,-0.0249742773346954,0.0163543212366729,2.15695617793841e-06,1.08863260297955e-06,-7.97895421190438e-07,4.16319390538503e-05,8.01107147611736e-06,-6.36536492581711e-05,-8.08904604124684e-06,-3.69617261444492e-05,-3.34085856671622e-06,6.83238621675722e-05
1577,-0.0619440107114848,-0.0249120330354917,0.0163087218951039,2.15122099782086e-06,1.08591606793251e-06,-7.95762662094479e-07,4.15721675728103e-05,8.02221520497869e-06,-6.36635953392111e-05,-8.12286365962312e-06,-3.68824300528807e-05,-3.33247768465461e-06,6.83533328591407e-05
1578,-0.0618209040597793,-0.0248499439516359,0.0162632443209062,2.14550068272499e-06,1.08320632503868e-06,-7.93635118130592e-07,4.15123608693357e-05,8.03337106120583e-06,-6.36734916290685e-05,-8.15666586499092e-06,-3.68031076356173e-05,-3.32411782827137e-06,6.83827448596513e-05
1579,-0.0616981248215064,-0.0247880096955745,0.0162178882170685,2.13979519637855e-06,1.08050335724725e-06,-7.91512776393896e-07,4.14525189763063e-05,8.04453897518408e-06,-6.36833380396607e-05,-8.19045262770454e-06,-3.67237589469163e-05,-3.31577894579399e-06,6.84120980690508e-05
1580,-0.0615756721475993,-0.024726229880724,0.0161726532873109,2.13410450260291e-06,1.07780714755142e-06,-7.8939562400963e-07,4.13926419267745e-05,8.05571887742006e-06,-6.36931344830615e-05,-8.22422391803912e-06,-3.66443840338189e-05,-3.30746098446442e-06,6.84413923760172e-05
1581,-0.0614535451910643,-0.0246646041214689,0.0161275392360832,2.12842856529929e-06,1.07511767898734e-06,-7.87283648136197e-07,4.13327297538577e-05,8.06691069856288e-06,-6.37028808715979e-05,-8.25797970629596e-06,-3.65649829455487e-05,-3.29916389217613e-06,6.84706276768313e-05
1582,-0.0613317431069755,-0.0246031320331589,0.0160825457685626,2.12276734846703e-06,1.07243493463341e-06,-7.85176835965472e-07,4.12727824909351e-05,8.07811436935043e-06,-6.3712577117899e-05,-8.29171996274847e-06,-3.6485555736743e-05,-3.29088761668632e-06,6.84998038690351e-05
1583,-0.06121026505247,-0.0245418132321065,0.0160376725906524,2.11712081618731e-06,1.06975889761166e-06,-7.8307517472301e-07,4.12128001714754e-05,8.0893298206923e-06,-6.37222231348853e-05,-8.32544465768747e-06,-3.64061024572362e-05,-3.28263210645311e-06,6.85289208491245e-05
1584,-0.0610891101867428,-0.0244806473355847,0.0159929194089799,2.11148893263103e-06,1.06708955108616e-06,-7.80978651666416e-07,4.11527828291162e-05,8.10055698359272e-06,-6.37318188357103e-05,-8.35915376138618e-06,-3.63266231549987e-05,-3.27439730909799e-06,6.85579785098279e-05
1585,-0.0609682776710414,-0.0244196339618246,0.0159482859308943,2.10587166205631e-06,1.06442687826435e-06,-7.78887254084079e-07,4.1092730497621e-05,8.11179578919277e-06,-6.37413641337169e-05,-8.39284724407549e-06,-3.62471178837939e-05,-3.26618317349186e-06,6.85869767505422e-05
1586,-0.0608477666686614,-0.0243587727300128,0.0159037718644657,2.10026896880572e-06,1.06177086239508e-06,-7.76800969297189e-07,4.10326432108821e-05,8.12304616873038e-06,-6.37508589425062e-05,-8.42652507600489e-06,-3.61675866906299e-05,-3.2579896477333e-06,6.86159154657377e-05
1587,-0.060727576344941,-0.0242980632602892,0.0158593769184822,2.09468081731725e-06,1.05912148676973e-06,-7.74719784662414e-07,4.09725210030511e-05,8.13430805358052e-06,-6.37603031760828e-05,-8.46018722742837e-06,-3.60880296281336e-05,-3.24981668051339e-06,6.86447945480397e-05
1588,-0.0606077058672561,-0.0242375051737446,0.0158151008024491,2.08910717211008e-06,1.0564787347228e-06,-7.72643687565916e-07,4.09123639083388e-05,8.14558137526023e-06,-6.3769696748585e-05,-8.49383366856051e-06,-3.60084467532286e-05,-3.24166422051781e-06,6.86736139036951e-05
1589,-0.0604881544050153,-0.024177098092418,0.0157709432265861,2.08354799778829e-06,1.05384258963e-06,-7.70572665424391e-07,4.08521719610793e-05,8.15686606536733e-06,-6.37790395743283e-05,-8.52746436960068e-06,-3.59288381106859e-05,-3.23353221607025e-06,6.87023734247217e-05
1590,-0.0603689211296553,-0.0241168416392947,0.0157269039018267,2.07800325904274e-06,1.05121303490955e-06,-7.6850670568908e-07,4.0791945195774e-05,8.16816205565767e-06,-6.37883315679881e-05,-8.561079300768e-06,-3.58492037580607e-05,-3.22542061649171e-06,6.87310730086067e-05
1591,-0.0602500052146354,-0.0240567354383035,0.0156829825398152,2.07247292065508e-06,1.04859005402172e-06,-7.66445795844648e-07,4.07316836471283e-05,8.17946927801644e-06,-6.37975726445615e-05,-8.59467843227503e-06,-3.57695437393679e-05,-3.21732937133873e-06,6.8759712552322e-05
1592,-0.060131405835433,-0.0239967791143146,0.0156391788529055,2.06695694748789e-06,1.045973630468e-06,-7.64389923402634e-07,4.06713873499041e-05,8.19078766439797e-06,-6.38067627190746e-05,-8.62826173427842e-06,-3.56898581152941e-05,-3.20925842942929e-06,6.87882919536846e-05
1593,-0.0600131221695384,-0.0239369722931371,0.0155954925541596,2.06145530449458e-06,1.04336374779192e-06,-7.62339075911514e-07,4.06110563391008e-05,8.20211714692282e-06,-6.38159017070316e-05,-8.66182917697775e-06,-3.56101469322663e-05,-3.2012077397318e-06,6.88168111110146e-05
1594,-0.0598951533964499,-0.0238773146015166,0.015551923357345,2.05596795671014e-06,1.04076038957802e-06,-7.60293240947723e-07,4.05506906497951e-05,8.21345765778813e-06,-6.38249895240175e-05,-8.69538073053056e-06,-3.5530410244317e-05,-3.19317725231003e-06,6.88452699294956e-05
1595,-0.0597774986976687,-0.0238178056671332,0.0155084709769336,2.05049486926068e-06,1.03816353945419e-06,-7.58252406121277e-07,4.04902903172712e-05,8.22480912937991e-06,-6.38340260859738e-05,-8.72891636507115e-06,-3.54506481041784e-05,-3.18516691628712e-06,6.88736683018831e-05
1596,-0.0596601572566944,-0.0237584451185984,0.0154651351280999,2.04503600734794e-06,1.03557318108715e-06,-7.56216559074969e-07,4.0429855376888e-05,8.23617149414643e-06,-6.38430113091052e-05,-8.76243605080692e-06,-3.53708605633956e-05,-3.17717668135378e-06,6.89020061225977e-05
1597,-0.0595431282590201,-0.0236992325854536,0.0154219155267185,2.03959133626521e-06,1.03298929818654e-06,-7.54185687479928e-07,4.03693858641796e-05,8.24754468467318e-06,-6.38519451097604e-05,-8.7959397578479e-06,-3.5291047678303e-05,-3.16920649775332e-06,6.89302832984191e-05
1598,-0.0594264108921272,-0.0236401676981672,0.0153788118893633,2.03416082139213e-06,1.03041187450342e-06,-7.52159779042063e-07,4.03088818148666e-05,8.25892863369842e-06,-6.3860827404684e-05,-8.82942745633684e-06,-3.52112094962797e-05,-3.16125631511153e-06,6.89584997232709e-05
1599,-0.0593100043454807,-0.0235812500881327,0.015335823933305,2.02874442818373e-06,1.02784089382811e-06,-7.50138821494673e-07,4.02483432646995e-05,8.27032327400439e-06,-6.38696581106743e-05,-8.86289911640481e-06,-3.51313460740427e-05,-3.15332608334758e-06,6.89866553013311e-05
1600,-0.0591939078105244,-0.0235224793876657,0.0152929513765099,2.02334212218995e-06,1.02527633999406e-06,-7.48122802606511e-07,4.0187770249702e-05,8.28172853858041e-06,-6.38784371449914e-05,-8.89635470817229e-06,-3.50514574640473e-05,-3.14541575326719e-06,6.90147499306461e-05
1601,-0.0590781204806762,-0.0234638552300025,0.0152501939376376,2.01795386904154e-06,1.02271819687376e-06,-7.46111710174383e-07,4.01271628059926e-05,8.29314436045387e-06,-6.38871644249944e-05,-8.92979420174018e-06,-3.49715437220403e-05,-3.13752527412582e-06,6.90427835116619e-05
1602,-0.0589626415513227,-0.023405377249297,0.0152075513360397,2.01257963444849e-06,1.02016644838178e-06,-7.4410553202543e-07,4.00665209697704e-05,8.3045706728191e-06,-6.38958398682598e-05,-8.96321756719191e-06,-3.48916048962881e-05,-3.12965459765007e-06,6.90707559417422e-05
1603,-0.0588474702198151,-0.0233470450806188,0.0151650232917579,2.00721938421258e-06,1.0176210784728e-06,-7.42104256022769e-07,4.00058447775055e-05,8.31600740899566e-06,-6.39044633928318e-05,-8.99662477465228e-06,-3.48116410440166e-05,-3.12180367349495e-06,6.90986671263207e-05
1604,-0.058732605685464,-0.0232888583599506,0.0151226095255221,2.00187308421199e-06,1.01508207114181e-06,-7.40107870054767e-07,3.99451342656913e-05,8.32745450238169e-06,-6.39130349167495e-05,-9.03001579418425e-06,-3.47316522163245e-05,-3.11397245268162e-06,6.91265169661163e-05
1605,-0.0586180471495344,-0.0232308167241865,0.0150803097587489,1.9965407004145e-06,1.01254941042438e-06,-7.3811636204451e-07,3.98843894710603e-05,8.33891188651673e-06,-6.39215543584755e-05,-9.06339059587558e-06,-3.46516384706651e-05,-3.1061608861215e-06,6.9154305361521e-05
1606,-0.0585037938152414,-0.0231729198111288,0.0150381237135398,1.99122219886471e-06,1.01002308039683e-06,-7.36129719943128e-07,3.98236104303966e-05,8.35037949506285e-06,-6.39300216365952e-05,-9.09674914978445e-06,-3.4571599861083e-05,-3.09836892443195e-06,6.91820322085433e-05
1607,-0.0583898448877454,-0.0231151672594867,0.0149960511126794,1.98591754569626e-06,1.00750306517537e-06,-7.34147931733185e-07,3.97627971806981e-05,8.36185726178203e-06,-6.39384366699826e-05,-9.13009142595469e-06,-3.44915364366078e-05,-3.09059651932843e-06,6.9209697414073e-05
1608,-0.0582761995741467,-0.0230575587088733,0.0149540916796337,1.9806267071187e-06,1.0049893489157e-06,-7.32170985427898e-07,3.97019497590391e-05,8.3733451205453e-06,-6.39467993777413e-05,-9.16341739445529e-06,-3.44114482594721e-05,-3.08284362130374e-06,6.92373008747051e-05
1609,-0.0581628570834817,-0.0230000937998035,0.0149122451385486,1.97534964943045e-06,1.00248191581514e-06,-7.3019886907409e-07,3.96410682027153e-05,8.38484300540802e-06,-6.39551096793729e-05,-9.19672702535092e-06,-3.43313353789655e-05,-3.07511018165816e-06,6.92648425031228e-05
1610,-0.0580498166267174,-0.0229427721736919,0.0148705112142476,1.97008633900625e-06,9.99980750109389e-07,-7.28231570743093e-07,3.95801525490632e-05,8.39635085045239e-06,-6.39633674943542e-05,-9.23002028865301e-06,-3.42511978502826e-05,-3.06739615199327e-06,6.92923221931349e-05
1611,-0.0579370774167472,-0.0228855934728506,0.0148288896322309,1.9648367423095e-06,9.9748583607469e-07,-7.26269078542868e-07,3.95192028356747e-05,8.40786858994136e-06,-6.39715727426874e-05,-9.26329715442448e-06,-3.41710357296109e-05,-3.05970148419721e-06,6.9319739846194e-05
1612,-0.0578246386683858,-0.0228285573404865,0.0147873801186729,1.95960082587986e-06,9.94997158027195e-07,-7.24311380607231e-07,3.94582191001857e-05,8.41939615823429e-06,-6.39797253444236e-05,-9.29655759267519e-06,-3.40908490715907e-05,-3.05202612963932e-06,6.93470953730185e-05
1613,-0.0577124995983648,-0.0227716634206995,0.014745982400421,1.95437855634122e-06,9.92514700321866e-07,-7.22358465100556e-07,3.93972013804071e-05,8.43093348977725e-06,-6.39878252198734e-05,-9.32980157341399e-06,-3.40106379313426e-05,-3.04437003976512e-06,6.9374388671465e-05
1614,-0.0576006594253279,-0.0227149113584802,0.014704696204994,1.9491699003995e-06,9.90038447354217e-07,-7.20410320218935e-07,3.93361497143011e-05,8.44248051917927e-06,-6.39958722896651e-05,-9.36302906665156e-06,-3.39304023622396e-05,-3.0367331671177e-06,6.94016196417267e-05
1615,-0.057489117369826,-0.0226583007997073,0.0146635212605798,1.9439748248397e-06,9.87568383557921e-07,-7.18466934186769e-07,3.92750641399407e-05,8.45403718111242e-06,-6.40038664745846e-05,-9.39624004238933e-06,-3.38501424220969e-05,-3.0291154632686e-06,6.94287881924284e-05
1616,-0.057377872654313,-0.0226018313911457,0.0146224572960344,1.93879329653361e-06,9.85104493407205e-07,-7.16528295263109e-07,3.92139446956273e-05,8.46560341043344e-06,-6.40118076958766e-05,-9.42943447065507e-06,-3.3769858163887e-05,-3.02151688055557e-06,6.94558942251337e-05
1617,-0.0572669245031406,-0.0225455027804445,0.0145815040408796,1.93362528242604e-06,9.82646761415323e-07,-7.14594391728889e-07,3.91527914196546e-05,8.47717914205685e-06,-6.40196958746766e-05,-9.46261232138444e-06,-3.3689549650285e-05,-3.01393737114429e-06,6.94829376440462e-05
1618,-0.0571562721425543,-0.0224893146161339,0.0145406612253021,1.92847074954683e-06,9.80195172133698e-07,-7.1266521190102e-07,3.90916043505582e-05,8.48876431102277e-06,-6.40275309326233e-05,-9.49577356459173e-06,-3.36092169255311e-05,-3.00637688722289e-06,6.95099183576504e-05
1619,-0.057045914800688,-0.0224332665476242,0.0144999285801508,1.92332966500563e-06,9.77749710153429e-07,-7.10740744124544e-07,3.90303835269859e-05,8.50035885249628e-06,-6.40353127915316e-05,-9.52891817025585e-06,-3.35288600579176e-05,-2.99883538190282e-06,6.95368362605999e-05
1620,-0.0569358517075602,-0.0223773582252025,0.014459305836936,1.91820199599155e-06,9.75310360104651e-07,-7.08820976776079e-07,3.89691289877307e-05,8.51196270177843e-06,-6.4043041373538e-05,-9.56204610837909e-06,-3.34484790920239e-05,-2.99131280728463e-06,6.95636912668187e-05
1621,-0.056826082095069,-0.022321589300031,0.0144187927278273,1.91308770977745e-06,9.72877106656094e-07,-7.06905898256578e-07,3.89078407717184e-05,8.52357579422586e-06,-6.40507166008076e-05,-9.59515734887154e-06,-3.33680740945898e-05,-2.98380911589117e-06,6.95904832803484e-05
1622,-0.0567166051969871,-0.022265959424145,0.014378388985652,1.90798677371237e-06,9.7044993451552e-07,-7.04995496999524e-07,3.88465189179975e-05,8.53519806535259e-06,-6.40583383958678e-05,-9.62825186169057e-06,-3.32876451140386e-05,-2.97632426139369e-06,6.96172121974284e-05
1623,-0.0566074202489579,-0.0222104682504502,0.0143380943438938,1.9028991552263e-06,9.68028828428422e-07,-7.03089761469648e-07,3.87851634657871e-05,8.54682945076867e-06,-6.40659066815571e-05,-9.66132961681949e-06,-3.32071922117424e-05,-2.9688581958298e-06,6.96438779379862e-05
1624,-0.0564985264884906,-0.0221551154327209,0.0142979085366905,1.89782482182486e-06,9.65613773179757e-07,-7.01188680157509e-07,3.87237744543678e-05,8.55846988620821e-06,-6.40734213808063e-05,-9.6943905841876e-06,-3.3126715440257e-05,-2.96141087269006e-06,6.96704803925463e-05
1625,-0.0563899231549559,-0.0220999006255977,0.0142578312988328,1.89276374110193e-06,9.63204753592862e-07,-6.99292241587888e-07,3.86623519232903e-05,8.57011930754001e-06,-6.40808824170106e-05,-9.7274347337587e-06,-3.30462148612299e-05,-2.95398224547963e-06,6.96970194814283e-05
1626,-0.0562816094895809,-0.0220448234845851,0.0142178623657625,1.88771588072474e-06,9.6080175452859e-07,-6.97400434309282e-07,3.86008959121414e-05,8.58177765068458e-06,-6.40882897135583e-05,-9.76046203544182e-06,-3.29656905285639e-05,-2.94657226710713e-06,6.97234950971358e-05
1627,-0.0561735847354449,-0.0219898836660498,0.0141780014735708,1.88268120843782e-06,9.58404760887255e-07,-6.95513246901888e-07,3.85394064606412e-05,8.59344485174213e-06,-6.40956431941903e-05,-9.79347245916887e-06,-3.28851425000389e-05,-2.9391808911398e-06,6.97499071547926e-05
1628,-0.0560658481374751,-0.0219350808272181,0.014138248358997,1.87765969206742e-06,9.56013757605822e-07,-6.93630667974215e-07,3.847788360868e-05,8.60512084686241e-06,-6.41029427828508e-05,-9.82646597486233e-06,-3.28045708335614e-05,-2.93180807116449e-06,6.97762555602868e-05
1629,-0.0559583989424419,-0.0218804146261741,0.0140986027594265,1.87265129951281e-06,9.53628729660283e-07,-6.91752686163584e-07,3.84163273962184e-05,8.61680557235177e-06,-6.41101884037111e-05,-9.85944255244478e-06,-3.272397558381e-05,-2.92445376051949e-06,6.98025402184237e-05
1630,-0.0558512363989543,-0.021825884721857,0.0140590644128894,1.86765599876134e-06,9.5124966206458e-07,-6.89879290137994e-07,3.83547378634665e-05,8.62849896462357e-06,-6.41173799812742e-05,-9.89240216182445e-06,-3.26433568116842e-05,-2.91711791341411e-06,6.98287610330565e-05
1631,-0.0557443597574554,-0.0217714907740598,0.0140196330580585,1.86267375787209e-06,9.48876539869949e-07,-6.88010468592831e-07,3.82931150506952e-05,8.64020096018601e-06,-6.41245174402045e-05,-9.92534477291287e-06,-3.25627145741465e-05,-2.90980048392215e-06,6.98549179167531e-05
1632,-0.055637768270218,-0.0217172324434262,0.0139803084342483,1.85770454498533e-06,9.46509348165358e-07,-6.86146210251774e-07,3.82314589983397e-05,8.65191149564804e-06,-6.41316007053913e-05,-9.95827035559849e-06,-3.24820489273947e-05,-2.90250142498627e-06,6.98810107763363e-05
1633,-0.0555314611913401,-0.0216631093914492,0.0139410902814128,1.85274832831324e-06,9.44148072078155e-07,-6.84286503868981e-07,3.81697697469191e-05,8.663630507782e-06,-6.41386297020293e-05,-9.99117887980316e-06,-3.24013599322333e-05,-2.89522069196974e-06,6.9907039518968e-05
1634,-0.0554254377767406,-0.0216091212804686,0.0139019783401441,1.84780507614964e-06,9.41792696772768e-07,-6.82431338223457e-07,3.81080473371002e-05,8.67535793341586e-06,-6.41456043553979e-05,-1.00240703153804e-05,-3.23206476415743e-05,-2.88795823845003e-06,6.99330040486835e-05
1635,-0.0553196972841546,-0.021555267773669,0.0138629723516712,1.84287475687103e-06,9.39443207450706e-07,-6.80580702128203e-07,3.8046291809786e-05,8.68709370951057e-06,-6.41525245912498e-05,-1.00569446322437e-05,-3.22399121194869e-05,-2.88071401865449e-06,6.99589042815489e-05
1636,-0.055214238973129,-0.0215015485350776,0.0138240720578574,1.83795733891934e-06,9.37099589351422e-07,-6.7873458442074e-07,3.79845032058549e-05,8.69883777314895e-06,-6.41593903353883e-05,-1.00898018002798e-05,-3.21591534206981e-05,-2.87348798771518e-06,6.99847401227606e-05
1637,-0.0551090621050181,-0.0214479632295622,0.0137852772011998,1.83305279082401e-06,9.34761827751452e-07,-6.76892973968519e-07,3.79226815664414e-05,8.71059006150983e-06,-6.4166201513939e-05,-1.01226417893579e-05,-3.20783716056623e-05,-2.86628009935371e-06,7.00105114747182e-05
1638,-0.0550041659429795,-0.021394511522829,0.0137465875248269,1.8281610811868e-06,9.32429907964192e-07,-6.75055859666397e-07,3.78608269327603e-05,8.72235051187346e-06,-6.41729580532131e-05,-1.01554645693497e-05,-3.1997566729517e-05,-2.85909030890405e-06,7.00362182564563e-05
1639,-0.054899549751969,-0.0213411930814204,0.0137080027724974,1.82328217868457e-06,9.30103815340987e-07,-6.732232304379e-07,3.77989393461419e-05,8.73411906166658e-06,-6.4179659879778e-05,-1.01882701101237e-05,-3.19167388560174e-05,-2.85191857099741e-06,7.00618603720813e-05
1640,-0.054795212798737,-0.0212880075727131,0.0136695226885987,1.81841605207219e-06,9.27783535268961e-07,-6.71395075233948e-07,3.77370188480661e-05,8.74589564837549e-06,-6.4186306920399e-05,-1.02210583815414e-05,-3.18358880396686e-05,-2.84476484051969e-06,7.00874377309633e-05
1641,-0.0546911543518235,-0.0212349546649159,0.0136311470181449,1.81356267018412e-06,9.25469053172532e-07,-6.69571383036088e-07,3.76750654801974e-05,8.75768020962448e-06,-6.41928991021907e-05,-1.02538293534802e-05,-3.1755014342334e-05,-2.83762907203041e-06,7.01129502378992e-05
1642,-0.0545873736815542,-0.0211820340270676,0.0135928755067755,1.80872200192511e-06,9.23160354513852e-07,-6.67752142851301e-07,3.76130792842452e-05,8.76947268316957e-06,-6.4199436352389e-05,-1.02865829957854e-05,-3.1674117820974e-05,-2.83051122150578e-06,7.01383978156601e-05
1643,-0.0544838700600356,-0.021129245329035,0.0135547079007539,1.80389401628013e-06,9.20857424790197e-07,-6.6593734371485e-07,3.75510603021085e-05,8.78127300681633e-06,-6.42059185984766e-05,-1.03193192783065e-05,-3.15931985391779e-05,-2.82341124361938e-06,7.01637803614071e-05
1644,-0.0543806427611512,-0.0210765882415107,0.0135166439469656,1.79907868230426e-06,9.18560249536576e-07,-6.64126974687939e-07,3.74890085757361e-05,8.79308111851328e-06,-6.42123457680841e-05,-1.03520381708674e-05,-3.1512256550519e-05,-2.81632909382612e-06,7.01890977933012e-05
1645,-0.0542776910605569,-0.0210240624360111,0.0134786833929171,1.79427596913797e-06,9.16268814323776e-07,-6.62321024864974e-07,3.74269241473594e-05,8.80489695631736e-06,-6.42187177893164e-05,-1.038473964334e-05,-3.14312919182754e-05,-2.80926472776041e-06,7.02143500184004e-05
1646,-0.0541750142356765,-0.0209716675848742,0.0134408259867334,1.78948584598836e-06,9.13983104759665e-07,-6.605194833638e-07,3.73648070592107e-05,8.81672045839843e-06,-6.42250345903173e-05,-1.0417423665553e-05,-3.13503047005923e-05,-2.80221810082836e-06,7.0239536946839e-05
1647,-0.0540726115656977,-0.020919403361258,0.0134030714771575,1.78470828213891e-06,9.1170310648832e-07,-6.58722339331121e-07,3.73026573536766e-05,8.82855156303886e-06,-6.4231296099517e-05,-1.04500902073461e-05,-3.1269294959966e-05,-2.79518916880695e-06,7.02646584932275e-05
1648,-0.0539704823315678,-0.0208672694391376,0.0133654196135482,1.77994324694743e-06,9.09428805189383e-07,-6.56929581942615e-07,3.72404750732835e-05,8.84039020861878e-06,-6.42375022456287e-05,-1.04827392385858e-05,-3.11882627515395e-05,-2.78817788739333e-06,7.02897145652987e-05
1649,-0.0538686258159892,-0.0208152654933041,0.0133278701458785,1.77519070985404e-06,9.0716018657914e-07,-6.55141200397112e-07,3.71782602607249e-05,8.85223633359193e-06,-6.42436529574349e-05,-1.0515370729039e-05,-3.11072081402255e-05,-2.78118421257686e-06,7.03147050779343e-05
1650,-0.0537670413034149,-0.0207633911993618,0.0132904228247347,1.77045064036839e-06,9.04897236410308e-07,-6.53357183926234e-07,3.71160129588142e-05,8.86408987658771e-06,-6.4249748164165e-05,-1.05479846485604e-05,-3.10261311821045e-05,-2.77420810013455e-06,7.03396299429263e-05
1651,-0.0536657280800446,-0.0207116462337264,0.0132530774013142,1.76572300807127e-06,9.02639940470514e-07,-6.51577521785174e-07,3.70537332104362e-05,8.87595077628219e-06,-6.42557877951062e-05,-1.05805809669697e-05,-3.09450319421892e-05,-2.76724950701491e-06,7.03644890633531e-05
1652,-0.0535646854338204,-0.0206600302736234,0.0132158336274239,1.76100778261935e-06,9.00388284584032e-07,-6.49802203257921e-07,3.69914210586291e-05,8.88781897149453e-06,-6.42617717798484e-05,-1.06131596540905e-05,-3.08639104742223e-05,-2.76030838835627e-06,7.03892823601959e-05
1653,-0.0534639126544226,-0.0206085429970852,0.0131786912554795,1.75630493374745e-06,8.9814225461113e-07,-6.48031217656473e-07,3.69290765466068e-05,8.89969440115635e-06,-6.4267700048254e-05,-1.06457206797369e-05,-3.07827668461324e-05,-2.75338470093429e-06,7.04140097487284e-05
1654,-0.0533634090332652,-0.0205571840829499,0.013141650038503,1.75161443125766e-06,8.95901836446772e-07,-6.46264554317205e-07,3.68666997176274e-05,8.91157700426318e-06,-6.42735725302793e-05,-1.0678264013715e-05,-3.0701601114387e-05,-2.74647840152477e-06,7.04386711305077e-05
1655,-0.0532631738634917,-0.0205059532108587,0.0131047097301218,1.74693624503477e-06,8.93667016021917e-07,-6.44502202607789e-07,3.68042906152025e-05,8.92346671994731e-06,-6.4279389156307e-05,-1.07107896258519e-05,-3.06204133416635e-05,-2.73958944615864e-06,7.04632664328419e-05
1656,-0.0531632064399711,-0.0204548500612543,0.0130678700845667,1.74227034502788e-06,8.91437779303953e-07,-6.42744151918475e-07,3.67418492828335e-05,8.93536348746079e-06,-6.42851498567513e-05,-1.07432974859295e-05,-3.05392035867574e-05,-2.73271779188133e-06,7.04877955538207e-05
1657,-0.0530635060592935,-0.0204038743153785,0.0130311308566709,1.73761670126396e-06,8.89214112294095e-07,-6.40990391668538e-07,3.66793757642253e-05,8.94726724611615e-06,-6.42908545623412e-05,-1.07757875637592e-05,-3.04579719133717e-05,-2.72586339550954e-06,7.05122584141829e-05
1658,-0.052964072019766,-0.0203530256552705,0.0129944918018682,1.7329752838411e-06,8.86996001029988e-07,-6.39240911306146e-07,3.66168701031982e-05,8.95917793539026e-06,-6.42965032041215e-05,-1.08082598291728e-05,-3.03767183817428e-05,-2.71902621344345e-06,7.05366549275425e-05
1659,-0.0528649036214085,-0.0203023037637648,0.0129579526761913,1.72834606293278e-06,8.84783431584187e-07,-6.37495700302009e-07,3.65543323436909e-05,8.97109549481469e-06,-6.430209571319e-05,-1.08407142519332e-05,-3.02954430518733e-05,-2.71220620324152e-06,7.05609850030523e-05
1660,-0.0527660001659494,-0.0202517083244892,0.0129215132362707,1.72372900878355e-06,8.82576390064159e-07,-6.35754748155364e-07,3.64917625297683e-05,8.98301986403708e-06,-6.43076320209427e-05,-1.08731508018355e-05,-3.02141459872312e-05,-2.70540332174311e-06,7.05852485625073e-05
1661,-0.0526673609568215,-0.0202012390218628,0.012885173239333,1.71912409171015e-06,8.803748626125e-07,-6.34018044393279e-07,3.64291607056268e-05,8.99495098282348e-06,-6.43131120590508e-05,-1.09055694486892e-05,-3.01328272484642e-05,-2.69861752590275e-06,7.06094455162134e-05
1662,-0.0525689852991579,-0.0201508955410939,0.0128489324431992,1.7145312821034e-06,8.78178835407367e-07,-6.32285578569148e-07,3.63665269155997e-05,9.00688879105977e-06,-6.43185357594088e-05,-1.09379701622846e-05,-3.00514868979065e-05,-2.69184877336662e-06,7.06335757780642e-05
1663,-0.052470872499788,-0.0201006775681782,0.0128127906062836,1.70995055042403e-06,8.75988294660309e-07,-6.30557340262774e-07,3.63038612041312e-05,9.01883322869008e-06,-6.43239030541184e-05,-1.09703529124341e-05,-2.99701249974262e-05,-2.68509702174574e-06,7.0657639258909e-05
1664,-0.0523730218672328,-0.0200505847898968,0.0127767474875919,1.70538186720755e-06,8.73803226619741e-07,-6.28833319078515e-07,3.62411636157896e-05,9.03078423581292e-06,-6.43292138754485e-05,-1.10027176688858e-05,-2.98887416075503e-05,-2.6783622278117e-06,7.06816358817834e-05
1665,-0.0522754327117013,-0.0200006168938142,0.0127408028467201,1.70082520306122e-06,8.71623617567036e-07,-6.27113504649876e-07,3.61784341953016e-05,9.04274175259528e-06,-6.43344681559974e-05,-1.10350644014468e-05,-2.98073367924972e-05,-2.67164434979083e-06,7.07055655606963e-05
1666,-0.0521781043450862,-0.0199507735682761,0.0127049564438526,1.69628052865953e-06,8.69449453818694e-07,-6.25397886634164e-07,3.6115672987449e-05,9.05470571931414e-06,-6.43396658284779e-05,-1.10673930798952e-05,-2.9725910612599e-05,-2.66494334540638e-06,7.07294282033279e-05
1667,-0.0520810360809598,-0.019901054502408,0.0126692080397612,1.69174781475457e-06,8.67280721725911e-07,-6.23686454717212e-07,3.60528800372184e-05,9.06667607636346e-06,-6.4344806825937e-05,-1.10997036740163e-05,-2.96444631330999e-05,-2.65825917224505e-06,7.07532237300554e-05
1668,-0.0519842272345698,-0.0198514593861125,0.0126335573958032,1.68722703216611e-06,8.65117407673928e-07,-6.21979198610104e-07,3.59900553896776e-05,9.07865276422707e-06,-6.43498910815976e-05,-1.1131996153598e-05,-2.9562994413192e-05,-2.65159178844092e-06,7.07769520580831e-05
1669,-0.0518876771228354,-0.0198019879100682,0.0125980042739201,1.68271815178463e-06,8.62959498082894e-07,-6.20276108049016e-07,3.59271990900023e-05,9.09063572350458e-06,-6.43549185288682e-05,-1.11642704884062e-05,-2.94815045174846e-05,-2.64494115168266e-06,7.08006131013858e-05
1670,-0.0517913850643431,-0.0197526397657269,0.0125625484366361,1.67822114457485e-06,8.60806979406572e-07,-6.18577172798388e-07,3.58643111835482e-05,9.10262489488868e-06,-6.4359889101476e-05,-1.11965266482334e-05,-2.93999935091716e-05,-2.63830722051212e-06,7.08242067758525e-05
1671,-0.0516953503793426,-0.0197034146453122,0.0125271896470566,1.67373598156854e-06,8.58659838133633e-07,-6.16882382646463e-07,3.58013917157323e-05,9.11462021919029e-06,-6.43648027332789e-05,-1.12287646028437e-05,-2.93184614503377e-05,-2.63168995310713e-06,7.08477330005097e-05
1672,-0.0515995723897429,-0.0196543122418175,0.0124919276688669,1.66926263387027e-06,8.56518060785927e-07,-6.15191727407082e-07,3.5738440732121e-05,9.12662163728568e-06,-6.43696593583442e-05,-1.12609843219982e-05,-2.92369084025662e-05,-2.62508930750244e-06,7.08711916888124e-05
1673,-0.0515040504191081,-0.0196053322490038,0.0124567622663307,1.66480107265466e-06,8.54381633919781e-07,-6.13505196922358e-07,3.56754582784166e-05,9.13862909019104e-06,-6.43744589110655e-05,-1.12931857754872e-05,-2.9155334431364e-05,-2.61850524268411e-06,7.08945827608442e-05
1674,-0.0514087837926534,-0.0195564743613982,0.0124216932042883,1.6603512691673e-06,8.52250544125781e-07,-6.11822781059172e-07,3.56124444004399e-05,9.15064251902762e-06,-6.43792013260214e-05,-1.13253689330784e-05,-2.90737395985659e-05,-2.61193771692767e-06,7.09179061306074e-05
1675,-0.051313771837241,-0.0195077382742914,0.0123867202481556,1.65591319472308e-06,8.5012477802726e-07,-6.10144469709721e-07,3.55493991441301e-05,9.1626618649807e-06,-6.43838865379875e-05,-1.13575337645483e-05,-2.8992123968087e-05,-2.60538668871272e-06,7.094116171493e-05
1676,-0.0512190138813762,-0.0194591236837365,0.0123518431639224,1.65148682070535e-06,8.48004322282457e-07,-6.08470252792003e-07,3.54863225555268e-05,9.17468706938219e-06,-6.43885144819743e-05,-1.13896802396663e-05,-2.89104876039362e-05,-2.59885211712043e-06,7.09643494344598e-05
1677,-0.0511245092552035,-0.0194106302865464,0.0123170617181511,1.64707211857013e-06,8.45889163582575e-07,-6.06800120250008e-07,3.54232146808296e-05,9.18671807364008e-06,-6.43930850932323e-05,-1.1421808328204e-05,-2.8828830567976e-05,-2.59233396056398e-06,7.09874692069761e-05
1678,-0.0510302572905023,-0.0193622577802924,0.012282375677975,1.64266905984164e-06,8.43779288652209e-07,-6.0513406205205e-07,3.53600755663361e-05,9.19875481925117e-06,-6.43975983071804e-05,-1.14539179999223e-05,-2.87471529252415e-05,-2.58583217859934e-06,7.10105209473894e-05
1679,-0.0509362573206829,-0.0193140058633019,0.0122477848110972,1.63827761611393e-06,8.41674684250214e-07,-6.03472068194108e-07,3.52969052584834e-05,9.21079724785832e-06,-6.4402054059558e-05,-1.14860092246025e-05,-2.86654547406327e-05,-2.57934673022789e-06,7.10335045765275e-05
1680,-0.050842508680783,-0.0192658742346569,0.0122132888857889,1.63389775904859e-06,8.3957533716819e-07,-6.01814128694489e-07,3.52337038037908e-05,9.22284530116165e-06,-6.44064522861899e-05,-1.15180819719945e-05,-2.85837360767346e-05,-2.57287757410547e-06,7.10564200132461e-05
1681,-0.0507490107074632,-0.0192178625941918,0.012178887670888,1.62952946038005e-06,8.3748123423091e-07,-6.00160233599547e-07,3.51704712489603e-05,9.23489892097342e-06,-6.44107929232434e-05,-1.15501362118756e-05,-2.85019969973345e-05,-2.56642466978374e-06,7.10792671722523e-05
1682,-0.0506557627390032,-0.0191699706424915,0.0121445809357981,1.62517269190688e-06,8.35392362296761e-07,-5.98510372979543e-07,3.51072076407526e-05,9.24695804921807e-06,-6.44150759070423e-05,-1.15821719140152e-05,-2.84202375688937e-05,-2.55998797692525e-06,7.11020459789012e-05
1683,-0.0505627641152981,-0.0191221980808899,0.0121103684504863,1.62082742550027e-06,8.33308708257522e-07,-5.96864536930612e-07,3.50439130260916e-05,9.25902262792779e-06,-6.44193011741698e-05,-1.16141890481757e-05,-2.83384578530463e-05,-2.55356745445069e-06,7.11247563498057e-05
1684,-0.050470014177854,-0.0190745446114675,0.0120762499854824,1.61649363309704e-06,8.3123025903728e-07,-5.95222715573426e-07,3.49805874519919e-05,9.27109259921106e-06,-6.44234686613932e-05,-1.16461875841296e-05,-2.82566579152683e-05,-2.54716306248747e-06,7.11473981998351e-05
1685,-0.0503775122697845,-0.0190270099370498,0.0120422253118772,1.61217128670451e-06,8.29157001593301e-07,-5.93584899052174e-07,3.4917230965595e-05,9.28316790526678e-06,-6.44275783056419e-05,-1.16781674916172e-05,-2.81748378210293e-05,-2.54077476048736e-06,7.11699714519173e-05
1686,-0.0502852577358066,-0.0189795937612056,0.0120082942013214,1.60786035839864e-06,8.27088922915591e-07,-5.91951077539614e-07,3.48538436141968e-05,9.29524848841801e-06,-6.44316300442128e-05,-1.17101287404304e-05,-2.80929976333542e-05,-2.5344025077881e-06,7.1192476025906e-05
1687,-0.0501932499222366,-0.0189322957882448,0.0119744564260237,1.60356082032075e-06,8.2502601002777e-07,-5.90321241231218e-07,3.47904254451607e-05,9.30733429110248e-06,-6.44356238145297e-05,-1.17420713003292e-05,-2.80111374184161e-05,-2.52804626499262e-06,7.1214911837889e-05
1688,-0.0501014881769867,-0.0188851157232166,0.0119407117587498,1.59927264468185e-06,8.22968249985763e-07,-5.88695380348315e-07,3.47269765059989e-05,9.31942525584861e-06,-6.44395595542778e-05,-1.17739951410861e-05,-2.79292572415299e-05,-2.5217059918006e-06,7.12372788187468e-05
1689,-0.0500099718495604,-0.0188380532719078,0.0119070599728207,1.59499580376131e-06,8.20915629877158e-07,-5.87073485135474e-07,3.46634968443421e-05,9.33152132523686e-06,-6.44434372012907e-05,-1.18059002324611e-05,-2.7847357167067e-05,-2.51538164796175e-06,7.12595768777279e-05
1690,-0.0499187002910494,-0.0187911081408409,0.0118735008421117,1.59073026990456e-06,8.18868136823582e-07,-5.8545554586366e-07,3.4599986507928e-05,9.34362244201485e-06,-6.44472566936966e-05,-1.18377865442255e-05,-2.77654372600893e-05,-2.50907319396773e-06,7.12818059432028e-05
1691,-0.0498276728541291,-0.0187442800372722,0.0118400341410505,1.5864760155254e-06,8.16825757978326e-07,-5.8384155282667e-07,3.45364455446125e-05,9.35572854898451e-06,-6.44510179697612e-05,-1.18696540461309e-05,-2.7683497585697e-05,-2.50278059027642e-06,7.13039659278471e-05
1692,-0.0497368888930551,-0.0186975686691901,0.0118066596446163,1.5822330131045e-06,8.14788480526553e-07,-5.82231496345968e-07,3.44728740023949e-05,9.36783958905557e-06,-6.4454720968091e-05,-1.19015027079803e-05,-2.76015382100271e-05,-2.4965037968941e-06,7.13260567604588e-05
1693,-0.049646347763659,-0.0186509737453129,0.011773377128338,1.57800123519024e-06,8.1275629168682e-07,-5.80625366764629e-07,3.44092719293667e-05,9.37995550524829e-06,-6.44583656273966e-05,-1.19333324995201e-05,-2.75195591982863e-05,-2.4902427743732e-06,7.1348078358477e-05
1694,-0.0495560488233449,-0.0186044949750875,0.011740186368293,1.57378065439652e-06,8.10729178709561e-07,-5.79023154450253e-07,3.43456393737259e-05,9.39207624067262e-06,-6.44619518866026e-05,-1.19651433905065e-05,-2.74375606157888e-05,-2.48399748334858e-06,7.1370030642905e-05
1695,-0.0494659914310856,-0.0185581320686869,0.011707087141106,1.56957124340566e-06,8.08707128876649e-07,-5.77424849797536e-07,3.42819763838317e-05,9.40420173853233e-06,-6.44654796849604e-05,-1.19969353507374e-05,-2.7355542529494e-05,-2.47776788439792e-06,7.13919135392981e-05
1696,-0.0493761749474183,-0.0185118847370092,0.0116740792239473,1.56537297496523e-06,8.06690129503138e-07,-5.75830443222502e-07,3.42182830081136e-05,9.41633194214487e-06,-6.4468948961816e-05,-1.20287083499593e-05,-2.72735050041352e-05,-2.4715539383688e-06,7.14137269657944e-05
1697,-0.0492865987344413,-0.0184657526916751,0.0116411623945316,1.56118582188905e-06,8.04678167934869e-07,-5.74239925167115e-07,3.41545592951386e-05,9.42846679489963e-06,-6.44723596567929e-05,-1.20604623579577e-05,-2.71914481061945e-05,-2.46535560615683e-06,7.14354708441264e-05
1698,-0.04919726215581,-0.0184197356450264,0.0116083364311165,1.55700975705848e-06,8.02671231550211e-07,-5.72653286098529e-07,3.40908052936065e-05,9.4406062403107e-06,-6.44757117097767e-05,-1.20921973445208e-05,-2.71093719013503e-05,-2.45917284825493e-06,7.14571451036356e-05
1699,-0.049108164576733,-0.018373833310124,0.0115756011125014,1.5528447534202e-06,8.00669307759842e-07,-5.71070516504222e-07,3.40270210522903e-05,9.45275022197633e-06,-6.44790050607104e-05,-1.21239132793792e-05,-2.70272764571155e-05,-2.45300562660208e-06,7.14787496566828e-05
1700,-0.0490193053639683,-0.0183280454007464,0.0115429562180259,1.54869078398658e-06,7.98672384004799e-07,-5.69491606899886e-07,3.39632066201202e-05,9.46489868358008e-06,-6.44822396499141e-05,-1.21556101323411e-05,-2.69451618385863e-05,-2.44685390145101e-06,7.15002844330351e-05
1701,-0.04893068388582,-0.0182823716313876,0.0115104015275685,1.54454782183563e-06,7.96680447759076e-07,-5.67916547824713e-07,3.38993620461273e-05,9.47705156894302e-06,-6.44854154179079e-05,-1.21872878731926e-05,-2.68630281112424e-05,-2.44071763465035e-06,7.15217493512134e-05
1702,-0.0488422995121337,-0.0182368117172554,0.0114779368215452,1.54041584011247e-06,7.94693486527677e-07,-5.66345329838793e-07,3.38354873794519e-05,9.48920882193549e-06,-6.44885323052983e-05,-1.22189464716781e-05,-2.67808753447337e-05,-2.43459678741385e-06,7.15431443415882e-05
1703,-0.0487541516142935,-0.0181913653742698,0.0114455618809083,1.53629481202537e-06,7.92711487846614e-07,-5.64777943529978e-07,3.37715826693611e-05,9.50137038654524e-06,-6.44915902530586e-05,-1.22505858976129e-05,-2.66987036033846e-05,-2.42849132076424e-06,7.15644693182531e-05
1704,-0.0486662395652179,-0.0181460323190609,0.0114132764871447,1.53218471084912e-06,7.90734439284424e-07,-5.63214379507003e-07,3.37076479652177e-05,9.51353620686684e-06,-6.44945892022615e-05,-1.22822061207526e-05,-2.66165129549279e-05,-2.42240119677163e-06,7.15857242102164e-05
1705,-0.0485785627393559,-0.0181008122689671,0.0113810804222752,1.528085509925e-06,7.88762328440005e-07,-5.61654628404922e-07,3.36436833165406e-05,9.52570622707734e-06,-6.44975290942957e-05,-1.23138071108977e-05,-2.65343034663154e-05,-2.41632637685218e-06,7.16069089445209e-05
1706,-0.0484911205126837,-0.0180557049420339,0.0113489734688525,1.52399718265585e-06,7.86795142943475e-07,-5.60098680879563e-07,3.35796887729039e-05,9.53788039143093e-06,-6.45004098706325e-05,-1.23453888378199e-05,-2.64520752041256e-05,-2.41026682265268e-06,7.16280234394108e-05
1707,-0.0484039122627006,-0.0180107100570114,0.0113169554099601,1.51991970251064e-06,7.84832870457048e-07,-5.58546527612962e-07,3.35156643840243e-05,9.55005864432787e-06,-6.45032314730712e-05,-1.23769512713134e-05,-2.63698282359608e-05,-2.40422249607264e-06,7.16490676219018e-05
1708,-0.0483169373684257,-0.0179658273333529,0.0112850260292111,1.51585304302424e-06,7.82875498673077e-07,-5.56998159309394e-07,3.34516101997406e-05,9.56224093021776e-06,-6.45059938435627e-05,-1.24084943811613e-05,-2.62875626280168e-05,-2.39819335906648e-06,7.16700414160499e-05
1709,-0.0482301952103936,-0.0179210564912132,0.0112531851107467,1.51179717779658e-06,7.80923015315576e-07,-5.55453566698263e-07,3.33875262700196e-05,9.57442719368044e-06,-6.45086969243419e-05,-1.24400181371614e-05,-2.62052784503104e-05,-2.39217937359137e-06,7.169094474709e-05
1710,-0.0481436851706511,-0.0178763972514464,0.011221432439235,1.50775208048993e-06,7.78975408138914e-07,-5.53912740530799e-07,3.33234126449115e-05,9.58661737936146e-06,-6.45113406577788e-05,-1.24715225091033e-05,-2.61229757669652e-05,-2.38618050160425e-06,7.17117775364811e-05
1711,-0.0480574066327536,-0.0178318493356049,0.0111897677998694,1.50371772483079e-06,7.77032664928687e-07,-5.52375671582164e-07,3.32592693745822e-05,9.59881143201862e-06,-6.45139249864794e-05,-1.25030074667815e-05,-2.60406546478674e-05,-2.38019670549195e-06,7.17325397124417e-05
1712,-0.0479713589817612,-0.0177874124659369,0.0111581909783676,1.49969408460921e-06,7.75094773500847e-07,-5.50842350651322e-07,3.31950965093123e-05,9.61100929649524e-06,-6.45164498532755e-05,-1.25344729800051e-05,-2.5958315160719e-05,-2.37422794734029e-06,7.17532312033666e-05
1713,-0.047885541604235,-0.017743086365385,0.0111267017609703,1.49568113368144e-06,7.73161721702789e-07,-5.49312768559683e-07,3.31308940995066e-05,9.62321091774308e-06,-6.45189152011843e-05,-1.25659190185558e-05,-2.58759573708114e-05,-2.36827418979321e-06,7.17738519283889e-05
1714,-0.0477999538882336,-0.0176988707575846,0.0110952999344394,1.49167884596689e-06,7.71233497411832e-07,-5.47786916153188e-07,3.30666621956926e-05,9.63541624079667e-06,-6.45213209734819e-05,-1.25973455522465e-05,-2.57935813495236e-05,-2.36233539499857e-06,7.17944018189091e-05
1715,-0.0477145952233094,-0.0176547653668617,0.0110639852860574,1.487687195446e-06,7.69310088535868e-07,-5.46264784300781e-07,3.30024008484822e-05,9.6476252107898e-06,-6.45236671136424e-05,-1.2628752550898e-05,-2.57111871640178e-05,-2.35641152595625e-06,7.18148807988451e-05
1716,-0.0476294650005051,-0.0176107699182318,0.0110327576036254,1.48370615616395e-06,7.673914830138e-07,-5.4474636389318e-07,3.29381101085989e-05,9.65983777295561e-06,-6.45259535653011e-05,-1.26601399843027e-05,-2.56287748803583e-05,-2.35050254508244e-06,7.18352887906027e-05
1717,-0.0475445626123496,-0.0175668841373975,0.0110016166754621,1.47973570223014e-06,7.65477668814235e-07,-5.43231645845439e-07,3.28737900269027e-05,9.67205387260647e-06,-6.45281802723538e-05,-1.26915078222787e-05,-2.55463445693549e-05,-2.3446084148758e-06,7.18556257299016e-05
1718,-0.0474598874528549,-0.0175231077507473,0.0109705622904029,1.47577580781696e-06,7.63568633937008e-07,-5.41720621094192e-07,3.28094406543461e-05,9.68427345516847e-06,-6.45303471788526e-05,-1.27228560346153e-05,-2.54638962980441e-05,-2.33872909868449e-06,7.18758915366102e-05
1719,-0.0473754389175122,-0.0174794404853537,0.0109395942377979,1.47182644715651e-06,7.61664366410357e-07,-5.40213280600512e-07,3.27450620419852e-05,9.69649646611847e-06,-6.45324542291025e-05,-1.27541845911587e-05,-2.5381430135202e-05,-2.33286455915419e-06,7.18960861380589e-05
1720,-0.0472912164032887,-0.0174358820689712,0.010908712307511,1.46788759454734e-06,7.59764854294832e-07,-5.38709615349225e-07,3.26806542410169e-05,9.70872285109982e-06,-6.45345013676759e-05,-1.27854934617319e-05,-2.52989461491436e-05,-2.32701475922656e-06,7.19162094609911e-05
1721,-0.0472072193086231,-0.0173924322300351,0.0108779162899183,1.46395922435019e-06,7.57870085679605e-07,-5.37209616345776e-07,3.26162173027362e-05,9.72095255578234e-06,-6.45364885392516e-05,-1.28167826161475e-05,-2.52164444093146e-05,-2.32117966218128e-06,7.19362614326733e-05
1722,-0.0471234470334231,-0.0173490906976595,0.0108472059759074,1.46004131098607e-06,7.55980048684638e-07,-5.35713274618524e-07,3.25517512785222e-05,9.733185525962e-06,-6.45384156887246e-05,-1.28480520242219e-05,-2.51339249841023e-05,-2.31535923118497e-06,7.19562419838588e-05
1723,-0.047039898979061,-0.0173058572016357,0.0108165811568755,1.45613382893981e-06,7.54094731459385e-07,-5.34220581220408e-07,3.24872562198981e-05,9.74542170752544e-06,-6.45402827612761e-05,-1.28793016558005e-05,-2.50513879415384e-05,-2.30955342952118e-06,7.1976151038214e-05
1724,-0.0469565745483707,-0.0172627314724302,0.0107860416247285,1.4522367527586e-06,7.52214122183223e-07,-5.32731527225102e-07,3.2422732178483e-05,9.75766104643803e-06,-6.45420897022161e-05,-1.2910531480703e-05,-2.49688333522841e-05,-2.30376222059293e-06,7.19959885277074e-05
1725,-0.0468734731456436,-0.0172197132411835,0.0107555871718795,1.44835005705024e-06,7.5033820906502e-07,-5.31246103729528e-07,3.23581792059985e-05,9.7699034887571e-06,-6.45438364570856e-05,-1.29417414687696e-05,-2.48862612852752e-05,-2.29798556785769e-06,7.20157543764005e-05
1726,-0.0467905941766256,-0.017176802239708,0.0107252175912477,1.44447371648492e-06,7.48466980344436e-07,-5.2976430185358e-07,3.22935973542779e-05,9.78214898067195e-06,-6.45455229716597e-05,-1.29729315898352e-05,-2.48036718090525e-05,-2.29222343509606e-06,7.2035448518287e-05
1727,-0.0467079370485131,-0.0171339982004867,0.010694932676257,1.4406077057967e-06,7.46600424288884e-07,-5.28286112740062e-07,3.22289866753021e-05,9.79439746840019e-06,-6.45471491919306e-05,-1.30041018137585e-05,-2.4721064992599e-05,-2.28647578569707e-06,7.2055070873936e-05
1728,-0.0466255011699497,-0.0170913008566709,0.0106647322208346,1.43675199977667e-06,7.44738529197004e-07,-5.26811527552907e-07,3.21643472210924e-05,9.80664889830714e-06,-6.45487150640459e-05,-1.30352521103793e-05,-2.46384409060518e-05,-2.28074258344011e-06,7.20746213776976e-05
1729,-0.0465432859510227,-0.0170487099420793,0.0106346160194102,1.43290657328073e-06,7.42881283396059e-07,-5.25340537479496e-07,3.20996790438296e-05,9.81890321682322e-06,-6.45502205344071e-05,-1.30663824495543e-05,-2.45557996191002e-05,-2.27502379226665e-06,7.2094099957754e-05
1730,-0.0464612908032595,-0.0170062251911958,0.0106045838669142,1.42907140122597e-06,7.41028675243236e-07,-5.23873133729012e-07,3.20349821957936e-05,9.83116037048484e-06,-6.45516655496045e-05,-1.30974928011307e-05,-2.4473141201721e-05,-2.2693193760682e-06,7.21135065436771e-05
1731,-0.0463795151396241,-0.0169638463391679,0.0105746355587769,1.4252464585875e-06,7.39180693124343e-07,-5.22409307532896e-07,3.19702567293469e-05,9.84342030590271e-06,-6.4553050056424e-05,-1.31285831349784e-05,-2.43904657220059e-05,-2.26362929890422e-06,7.21328410644498e-05
1732,-0.0462979583745134,-0.0169215731218051,0.0105447708909266,1.42143172040552e-06,7.37337325455115e-07,-5.20949050144524e-07,3.19055026969954e-05,9.85568296979141e-06,-6.45543740018604e-05,-1.31596534209446e-05,-2.4307773251931e-05,-2.25795352472708e-06,7.21521034469247e-05
1733,-0.0462166199237543,-0.0168794052755774,0.0105149896597893,1.41762716177729e-06,7.35498560679691e-07,-5.19492352840652e-07,3.18407201513303e-05,9.8679483089489e-06,-6.4555637333153e-05,-1.31907036289207e-05,-2.42250638607798e-05,-2.25229201771978e-06,7.21712936264179e-05
1734,-0.0461354992045995,-0.0168373425376134,0.0104852916622866,1.4138327578632e-06,7.33664387272135e-07,-5.18039206917602e-07,3.17759091450493e-05,9.88021627026635e-06,-6.45568399976527e-05,-1.32217337287471e-05,-2.41423376173086e-05,-2.24664474286345e-06,7.21904115247179e-05
1735,-0.0460545956357245,-0.0167953846456987,0.0104556766958348,1.41004848388283e-06,7.31834793734915e-07,-5.16589603696362e-07,3.17110697309704e-05,9.89248680072953e-06,-6.45579819430196e-05,-1.32527436903186e-05,-2.40595945941382e-05,-2.24101166389731e-06,7.22094570798518e-05
1736,-0.045973908637224,-0.0167535313382744,0.0104261445583437,1.40627431511687e-06,7.30009768599776e-07,-5.15143534519643e-07,3.16462019620224e-05,9.90475984742261e-06,-6.45590631171114e-05,-1.32837334835234e-05,-2.39768348599431e-05,-2.23539274500872e-06,7.22284302191906e-05
1737,-0.0458934376306083,-0.0167117823544352,0.0103966950482152,1.40251022690391e-06,7.281893004273e-07,-5.13700990750427e-07,3.15813058912039e-05,9.91703535750999e-06,-6.45600834679183e-05,-1.33147030782394e-05,-2.38940584850152e-05,-2.22978795132126e-06,7.22473308741071e-05
1738,-0.0458131820388003,-0.016670137433928,0.0103673279643422,1.39875619464697e-06,7.26373377806259e-07,-5.12261963774297e-07,3.15163815716757e-05,9.92931327822336e-06,-6.45610429436712e-05,-1.33456524443512e-05,-2.38112655400112e-05,-2.22419724689043e-06,7.22661589746725e-05
1739,-0.0457331412861313,-0.0166285963171502,0.0103380431061074,1.39501219380352e-06,7.2456198935535e-07,-5.10826444999077e-07,3.14514290566444e-05,9.94159355693997e-06,-6.45619414928201e-05,-1.33765815517593e-05,-2.37284560965619e-05,-2.21862059718755e-06,7.22849144515822e-05
1740,-0.0456533147983385,-0.0165871587451481,0.0103088402733817,1.39127819989567e-06,7.2275512372059e-07,-5.0939442585469e-07,3.13864483994854e-05,9.95387614107472e-06,-6.45627790640351e-05,-1.34074903703722e-05,-2.36456302246478e-05,-2.21305796656578e-06,7.23035972369011e-05
1741,-0.0455737020025607,-0.0165458244596149,0.0102797192665236,1.38755418850147e-06,7.20952769577921e-07,-5.07965897790428e-07,3.13214396536134e-05,9.96616097816628e-06,-6.45635556060954e-05,-1.34383788700668e-05,-2.35627879954541e-05,-2.20750932000696e-06,7.23222072642547e-05
1742,-0.0454943023273355,-0.0165045932028897,0.0102506798863774,1.38384013526042e-06,7.19154915630607e-07,-5.06540852281199e-07,3.12564028726112e-05,9.97844801583198e-06,-6.45642710681456e-05,-1.34692470207891e-05,-2.34799294793605e-05,-2.20197462258125e-06,7.23407444620476e-05
1743,-0.0454151152025956,-0.0164634647179556,0.0102217219342722,1.38013601587021e-06,7.17361550610536e-07,-5.05119280818535e-07,3.11913381101124e-05,9.99073720174603e-06,-6.45649253993261e-05,-1.35000947924201e-05,-2.33970547479413e-05,-2.19645383925079e-06,7.23592087602006e-05
1744,-0.0453361400596655,-0.0164224387484378,0.0101928452120209,1.37644180608915e-06,7.15572663278867e-07,-5.03701174919841e-07,3.11262454199012e-05,1.00030284837364e-05,-6.45655185491713e-05,-1.35309221548928e-05,-2.3314163871145e-05,-2.19094693530294e-06,7.23776000953459e-05
1745,-0.0452573763312581,-0.0163815150386024,0.0101640495219186,1.37275748173197e-06,7.13788242424516e-07,-5.02286526122342e-07,3.10611248558298e-05,1.00153218096933e-05,-6.456605046734e-05,-1.35617290781366e-05,-2.32312569217538e-05,-2.18545387561728e-06,7.23959184027009e-05
1746,-0.0451788234514713,-0.0163406933333547,0.0101353346667415,1.36908301867525e-06,7.12008276863721e-07,-5.00875325984527e-07,3.09959764718909e-05,1.00276171275585e-05,-6.45665211036882e-05,-1.35925155320841e-05,-2.31483339708402e-05,-2.17997462618805e-06,7.24141636066576e-05
1747,-0.0451004808557846,-0.0162999733782374,0.0101067004497459,1.36541839285179e-06,7.1023275544221e-07,-4.9946756608574e-07,3.09308003221423e-05,1.00399143854094e-05,-6.45669304082572e-05,-1.36232814866588e-05,-2.30653950885482e-05,-2.17450915181527e-06,7.2432335642488e-05
1748,-0.0450223479810558,-0.0162593549194292,0.0100781466746667,1.36176358025558e-06,7.08461667033684e-07,-4.98063238027634e-07,3.08655964607821e-05,1.00522135314112e-05,-6.45672783313369e-05,-1.36540269117961e-05,-2.29824403477132e-05,-2.16905741834234e-06,7.24504344431381e-05
1749,-0.0449444242655175,-0.0162188377037431,0.0100496731457165,1.35811855693451e-06,7.06695000538514e-07,-4.96662333433824e-07,3.0800364942081e-05,1.0064514513788e-05,-6.45675648234302e-05,-1.36847517774785e-05,-2.28994698196646e-05,-2.16361939137168e-06,7.24684599464775e-05
1750,-0.0448667091487743,-0.0161784214786251,0.010021279667584,1.35448329899873e-06,7.04932744886345e-07,-4.95264843946035e-07,3.07351058204191e-05,1.0076817280864e-05,-6.45677898351306e-05,-1.37154560536197e-05,-2.28164835755231e-05,-2.15819503628214e-06,7.24864120781421e-05
1751,-0.0447892020717985,-0.0161381059921519,0.00999296604543321,1.35085778261624e-06,7.03174889034363e-07,-4.93870761231109e-07,3.06698191503124e-05,1.00891217810744e-05,-6.4567953317396e-05,-1.37461397102016e-05,-2.27334816883932e-05,-2.15278431915514e-06,7.25042907793153e-05
1752,-0.0447119024769275,-0.0160978909930302,0.00996473208490208,1.34724198401132e-06,7.01421421966855e-07,-4.92480076973787e-07,3.06045049863407e-05,1.01014279628959e-05,-6.4568055221244e-05,-1.37768027171792e-05,-2.26504642289458e-05,-2.14738720550107e-06,7.25220959786389e-05
1753,-0.0446348098078605,-0.0160577762305945,0.00993657759210127,1.34363587946614e-06,6.99672332696733e-07,-4.91092782880201e-07,3.05391633831837e-05,1.01137357749272e-05,-6.45680954979145e-05,-1.38074450445084e-05,-2.25674312693096e-05,-2.14200366167284e-06,7.25398276093094e-05
1754,-0.0445579235096546,-0.0160177614548058,0.00990850237361305,1.34003944532182e-06,6.97927610264449e-07,-4.89708870679519e-07,3.04737943956549e-05,1.0126045165865e-05,-6.45680740989354e-05,-1.38380666621769e-05,-2.24843828827694e-05,-2.13663365328803e-06,7.25574856112038e-05
1755,-0.0444812430287222,-0.01597784641625,0.00988050623649005,1.33645265797572e-06,6.96187243737559e-07,-4.8832833212104e-07,3.04083980786528e-05,1.01383560844739e-05,-6.45679909759952e-05,-1.38686675401774e-05,-2.24013191406648e-05,-2.1312771467931e-06,7.25750699133688e-05
1756,-0.0444047678128272,-0.0159380308661361,0.00985258898825404,1.33287549388466e-06,6.94451222211373e-07,-4.86951158973594e-07,3.03429744871863e-05,1.01506684795989e-05,-6.45678460809333e-05,-1.38992476484791e-05,-2.23182401154396e-05,-2.12593410815802e-06,7.25925804520684e-05
1757,-0.0443284973110817,-0.0158983145562951,0.00982475043689486,1.32930792956062e-06,6.92719534808525e-07,-4.85577343028582e-07,3.027752367636e-05,1.01629823001876e-05,-6.45676393658569e-05,-1.39298069570918e-05,-2.22351458802858e-05,-2.12060450380894e-06,7.26100171607132e-05
1758,-0.0442524309739433,-0.015858697239178,0.00979699039086916,1.32574994157318e-06,6.90992170679187e-07,-4.8420687609704e-07,3.02120457013744e-05,1.01752974952696e-05,-6.45673707830276e-05,-1.39603454360111e-05,-2.21520365057363e-05,-2.11528829963152e-06,7.26273799804844e-05
1759,-0.044176568253211,-0.0158191786678545,0.00976930865909929,1.32220150654983e-06,6.89269119000854e-07,-4.82839750009804e-07,3.01465406175331e-05,1.01876140139533e-05,-6.45670402848703e-05,-1.39908630552226e-05,-2.20689120668545e-05,-2.10998546297281e-06,7.26446688367561e-05
1760,-0.0441009086020227,-0.0157797585960112,0.0097417050509721,1.31866260117358e-06,6.87550368978123e-07,-4.8147595662111e-07,3.0081008480251e-05,1.01999318054546e-05,-6.45666478241197e-05,-1.40213597847639e-05,-2.19857726341889e-05,-2.10469595939245e-06,7.26618836701818e-05
1761,-0.0440254514748512,-0.0157404367779504,0.00971417937633773,1.31513320218464e-06,6.85835909842482e-07,-4.80115487804129e-07,3.00154493450368e-05,1.0212250819052e-05,-6.45661933536384e-05,-1.40518355946563e-05,-2.19026182821117e-05,-2.09941975582779e-06,7.26790244183584e-05
1762,-0.0439501963275019,-0.0157012129685883,0.00968673144550851,1.31161328637968e-06,6.84125730853174e-07,-4.78758335452158e-07,2.99498632674909e-05,1.02245710041303e-05,-6.45656768264748e-05,-1.40822904549142e-05,-2.18194490829324e-05,-2.09415681927402e-06,7.26960910122246e-05
1763,-0.0438751426171084,-0.0156620869234537,0.00965936106925775,1.30810283061231e-06,6.82419821295679e-07,-4.77404491480104e-07,2.98842503033336e-05,1.02368923101414e-05,-6.45650981959174e-05,-1.41127243355824e-05,-2.17362651090737e-05,-2.08890711588157e-06,7.27130833901773e-05
1764,-0.0438002898021304,-0.0156230583986859,0.00963206805881862,1.30460181179131e-06,6.80718170483234e-07,-4.76053947821769e-07,2.98186105083557e-05,1.02492146866404e-05,-6.45644574153907e-05,-1.41431372066841e-05,-2.16530664349141e-05,-2.08367061319873e-06,7.27300014900132e-05
1765,-0.0437256373423496,-0.0155841271510341,0.00960485222588301,1.30111020688448e-06,6.79020767755745e-07,-4.74706696433354e-07,2.9752943938496e-05,1.02615380832715e-05,-6.45637544386055e-05,-1.41735290382709e-05,-2.15698531329958e-05,-2.0784472777712e-06,7.27468452441058e-05
1766,-0.0436511846988669,-0.0155452929378549,0.0095777133826003,1.29762799291039e-06,6.77327602479141e-07,-4.73362729290301e-07,2.96872506497348e-05,1.02738624497396e-05,-6.45629892194076e-05,-1.42038998004132e-05,-2.14866252766701e-05,-2.07323707638224e-06,7.27636145930577e-05
1767,-0.0435769313340993,-0.0155065555171115,0.00955065134157624,1.29415514694774e-06,6.7563866404689e-07,-4.72022038388618e-07,2.96215306981931e-05,1.02861877358558e-05,-6.45621617118661e-05,-1.42342494631681e-05,-2.14033829384258e-05,-2.06803997637987e-06,7.27803094716334e-05
1768,-0.0435028767117764,-0.0154679146473716,0.00952366591587184,1.29069164613005e-06,6.73953941879562e-07,-4.70684615744677e-07,2.95557841400797e-05,1.02985138915335e-05,-6.45612718702533e-05,-1.42645779965999e-05,-2.13201261938423e-05,-2.06285594529614e-06,7.27969298164907e-05
1769,-0.0434290202969373,-0.0154293700878066,0.00949675691900219,1.28723746764625e-06,6.72273425423101e-07,-4.69350453393306e-07,2.94900110316943e-05,1.03108408667159e-05,-6.45603196489574e-05,-1.42948853707703e-05,-2.12368551147551e-05,-2.05768494977677e-06,7.28134755670521e-05
1770,-0.0433553615559274,-0.0153909215981892,0.00946992416493539,1.28379258874055e-06,6.70597104150987e-07,-4.68019543392101e-07,2.94242114294492e-05,1.03231686114871e-05,-6.45593050026795e-05,-1.43251715557752e-05,-2.11535697757561e-05,-2.05252695750641e-06,7.28299466557973e-05
1771,-0.0432818999563954,-0.0153525689388928,0.00944316746809127,1.2803569867122e-06,6.68924967562939e-07,-4.66691877817921e-07,2.93583853898466e-05,1.03354970760017e-05,-6.45582278862797e-05,-1.43554365217099e-05,-2.10702702497046e-05,-2.04738193585967e-06,7.28463430275672e-05
1772,-0.04320863496729,-0.0153143118708893,0.00941648664334039,1.27693063891469e-06,6.67257005184697e-07,-4.65367448765455e-07,2.92925329694625e-05,1.03478262104697e-05,-6.45570882547188e-05,-1.43856802386531e-05,-2.0986956611358e-05,-2.04224985236518e-06,7.28626646128233e-05
1773,-0.0431355660588565,-0.0152761501557479,0.00938988150600287,1.27351352275901e-06,6.65593206568456e-07,-4.64046248353302e-07,2.92266542250271e-05,1.03601559652174e-05,-6.45558860633227e-05,-1.44159026767379e-05,-2.09036289344454e-05,-2.03713067406784e-06,7.28789113539044e-05
1774,-0.0430626927026343,-0.0152380835556336,0.0093633518718472,1.27010561571021e-06,6.6393356129373e-07,-4.62728268716428e-07,2.91607492133233e-05,1.03724862906632e-05,-6.45546212674691e-05,-1.44461038060442e-05,-2.08202872923694e-05,-2.03202436942663e-06,7.28950831895537e-05
1775,-0.0429900143714529,-0.0152001118333055,0.0093368975570892,1.26670689528757e-06,6.6227805896454e-07,-4.61413502012626e-07,2.90948179912624e-05,1.03848171372774e-05,-6.45532938228422e-05,-1.44762835967243e-05,-2.07369317602559e-05,-2.0269309059895e-06,7.29111800549746e-05
1776,-0.0429175305394293,-0.0151622347521158,0.00931051837839081,1.26331733906435e-06,6.6062668921201e-07,-4.60101940416404e-07,2.90288606158136e-05,1.03971484556231e-05,-6.45519036851961e-05,-1.45064420188842e-05,-2.06535624108827e-05,-2.02185025097246e-06,7.29272018890058e-05
1777,-0.042845240681965,-0.0151244520760077,0.00928421415285905,1.25993692466952e-06,6.58979441693717e-07,-4.58793576124179e-07,2.89628771440709e-05,1.04094801963752e-05,-6.4550450810574e-05,-1.45365790426599e-05,-2.05701793205089e-05,-2.01678237281322e-06,7.29431486352523e-05
1778,-0.0427731442757424,-0.0150867635695144,0.0092579846980449,1.25656562978453e-06,6.57336306092177e-07,-4.57488401352571e-07,2.8896867633217e-05,1.04218123102643e-05,-6.45489351552222e-05,-1.45666946382216e-05,-2.0486782562267e-05,-2.0117272395922e-06,7.29590202272838e-05
1779,-0.0427012407987221,-0.0150491689977573,0.00923182983194207,1.25320343214806e-06,6.55697272116795e-07,-4.5618640833569e-07,2.88308321405371e-05,1.04341447481123e-05,-6.45473566755026e-05,-1.45967887756941e-05,-2.04033722117163e-05,-2.00668481929155e-06,7.29748166026632e-05
1780,-0.0426295297301394,-0.0150116681264446,0.009205749372986,1.24985030955002e-06,6.54062329502559e-07,-4.54887589329219e-07,2.87647707234018e-05,1.04464774608373e-05,-6.45457153280452e-05,-1.46268614252522e-05,-2.03199483424214e-05,-2.0016550795813e-06,7.29905377112299e-05
1781,-0.0425580105505018,-0.0149742607218701,0.00917974314005275,1.2465062398358e-06,6.52431468010266e-07,-4.53591936607122e-07,2.86986834392829e-05,1.04588103994262e-05,-6.45440110696225e-05,-1.4656912557055e-05,-2.02365110290022e-05,-1.99663798914547e-06,7.30061834799031e-05
1782,-0.0424866827415852,-0.0149369465509114,0.00915381095245785,1.24317120090481e-06,6.50804677425863e-07,-4.52299442463662e-07,2.86325703457599e-05,1.04711435149357e-05,-6.45422438572292e-05,-1.46869421412871e-05,-2.01530603466575e-05,-1.99163351610654e-06,7.30217538563316e-05
1783,-0.0424155457864313,-0.0148997253810285,0.00912795262995518,1.23984517070851e-06,6.49181947561753e-07,-4.51010099212243e-07,2.85664315004834e-05,1.04834767585325e-05,-6.45404136480415e-05,-1.47169501481336e-05,-2.00695963707116e-05,-1.98664162876072e-06,7.30372487767251e-05
1784,-0.0423445991693442,-0.0148625969802625,0.00910216799273593,1.2365281272554e-06,6.4756326825636e-07,-4.49723899186281e-07,2.85002669612374e-05,1.04958100814773e-05,-6.45385203994632e-05,-1.47469365477795e-05,-1.99861191756989e-05,-1.98166229593874e-06,7.30526681850017e-05
1785,-0.0422738423758876,-0.014825561117234,0.00907645686142744,1.23322004860353e-06,6.45948629372393e-07,-4.48440834737904e-07,2.84340767858642e-05,1.0508143435074e-05,-6.45365640690464e-05,-1.47769013104372e-05,-1.99026288363479e-05,-1.97669548555773e-06,7.30680120196417e-05
1786,-0.0422032748928816,-0.0147886175611416,0.00905081905709213,1.22992091286506e-06,6.443380207988e-07,-4.47160898238427e-07,2.83678610323032e-05,1.05204767707313e-05,-6.45345446145376e-05,-1.48068444063141e-05,-1.98191254281135e-05,-1.97174116707883e-06,7.30832802165784e-05
1787,-0.0421328962083999,-0.0147517660817606,0.00902525440122643,1.22663069820579e-06,6.42731432449681e-07,-4.45884082078748e-07,2.83016197585975e-05,1.05328100399335e-05,-6.45324619938869e-05,-1.48367658056324e-05,-1.9735609026766e-05,-1.96679930810205e-06,7.30984727273233e-05
1788,-0.0420627058117664,-0.0147150064494416,0.00899976271575969,1.22334938284641e-06,6.41128854265158e-07,-4.44610378669075e-07,2.82353530229004e-05,1.05451431942664e-05,-6.4530316165249e-05,-1.48666654786097e-05,-1.96520797071144e-05,-1.96186987821419e-06,7.31135894821003e-05
1789,-0.0419927031935521,-0.0146783384351088,0.00897434382305303,1.22007694505722e-06,6.39530276209639e-07,-4.4333978043858e-07,2.81690608834299e-05,1.05574761853692e-05,-6.45281070869473e-05,-1.48965433954929e-05,-1.95685375440246e-05,-1.9569528459639e-06,7.31286304263525e-05
1790,-0.0419228878455726,-0.0146417618102587,0.00894899754589832,1.21681336316413e-06,6.37935688273337e-07,-4.42072279836357e-07,2.81027433985306e-05,1.05698089649833e-05,-6.45258347175402e-05,-1.49263995265325e-05,-1.94849826131056e-05,-1.95204818008648e-06,7.31435955008523e-05
1791,-0.0418532592608845,-0.0146052763469588,0.00892372370751705,1.21355861554341e-06,6.36345080471832e-07,-4.40807869329217e-07,2.80364006266046e-05,1.05821414849328e-05,-6.45234990157177e-05,-1.49562338419741e-05,-1.94014149917443e-05,-1.94715585007246e-06,7.31584846516301e-05
1792,-0.0417838169337827,-0.0145688818178461,0.0088985221315593,1.21031268062598e-06,6.34758442845428e-07,-4.39546541404124e-07,2.79700326261811e-05,1.05944736971154e-05,-6.45210999404092e-05,-1.49860463120857e-05,-1.93178347535238e-05,-1.94227582471996e-06,7.31732978120189e-05
1793,-0.0417145603597974,-0.0145325779961253,0.00887339264210263,1.20707553689358e-06,6.33175765459579e-07,-4.38288288566306e-07,2.79036394558603e-05,1.06068055535119e-05,-6.45186374507029e-05,-1.50158369071379e-05,-1.92342419752613e-05,-1.93740807317377e-06,7.31880349323453e-05
1794,-0.0416454890356909,-0.014496364655568,0.00884833506365103,1.2038471628797e-06,6.31597038404678e-07,-4.37033103340175e-07,2.78372211743321e-05,1.06191370061869e-05,-6.45161115058873e-05,-1.50456055974167e-05,-1.91506367323595e-05,-1.93255256421433e-06,7.32026959478599e-05
1795,-0.0415766024594548,-0.0144602415705109,0.00882334922113381,1.20062753717117e-06,6.30022251795837e-07,-4.35780978269674e-07,2.7770777840399e-05,1.06314680072821e-05,-6.4513522065469e-05,-1.50753523532245e-05,-1.90670191009875e-05,-1.92770926812927e-06,7.32172808033285e-05
1796,-0.0415079001303069,-0.0144242085158545,0.00879843493990454,1.19741663840708e-06,6.28451395773971e-07,-4.34531905916465e-07,2.77043095129427e-05,1.06437985090439e-05,-6.45108690891056e-05,-1.51050771448451e-05,-1.89833891571828e-05,-1.922878153284e-06,7.32317894453807e-05
1797,-0.0414393815486884,-0.0143882652670615,0.00877359204574005,1.19421444527851e-06,6.26884460503199e-07,-4.33285878861596e-07,2.76378162509543e-05,1.06561284637503e-05,-6.45081525366595e-05,-1.51347799425985e-05,-1.88997469768546e-05,-1.91805918965062e-06,7.32462218102461e-05
1798,-0.0413710462162606,-0.0143524116001556,0.00874882036483929,1.19102093652541e-06,6.25321436173876e-07,-4.32042889704827e-07,2.75712981134774e-05,1.06684578238179e-05,-6.45053723681858e-05,-1.51644607168061e-05,-1.88160926361836e-05,-1.91325234677959e-06,7.32605778449687e-05
1799,-0.0413028936359021,-0.0143166472917202,0.00872411972382228,1.18783609094325e-06,6.23762312999994e-07,-4.30802931064881e-07,2.75047551596967e-05,1.06807865417036e-05,-6.45025285439418e-05,-1.51941194378012e-05,-1.87324262119931e-05,-1.90845759399997e-06,7.32748574906278e-05
1800,-0.0412349233117061,-0.0142809721188965,0.0086994899497291,1.18465988737625e-06,6.22207081220913e-07,-4.29565995578e-07,2.74381874488458e-05,1.06931145699674e-05,-6.44996210243268e-05,-1.52237560759112e-05,-1.86487477801371e-05,-1.90367490125875e-06,7.32890606945557e-05
1801,-0.041167134748977,-0.0142453858593828,0.00867493087001881,1.18149230472241e-06,6.20655731099632e-07,-4.28332075899907e-07,2.73715950402884e-05,1.07054418612221e-05,-6.44966497699651e-05,-1.5253370601488e-05,-1.85650574176813e-05,-1.89890423836276e-06,7.33031873935815e-05
1802,-0.0410995274542278,-0.0142098882914325,0.00865044231256838,1.17833332192734e-06,6.191082529243e-07,-4.2710116470506e-07,2.73049779934391e-05,1.07177683681928e-05,-6.44936147416746e-05,-1.52829629849009e-05,-1.84813552000595e-05,-1.89414557481319e-06,7.33172375340491e-05
1803,-0.0410321009351769,-0.0141744791938531,0.00862602410567166,1.17518291799134e-06,6.17564637007571e-07,-4.25873254686932e-07,2.72383363678442e-05,1.07300940436849e-05,-6.44905159004914e-05,-1.53125331965227e-05,-1.83976412050096e-05,-1.8893988806001e-06,7.3331211063326e-05
1804,-0.0409648547007454,-0.0141391583460044,0.00860167607803826,1.172041071964e-06,6.16024873686168e-07,-4.24648338556328e-07,2.71716702231157e-05,1.07424188405692e-05,-6.44873532075881e-05,-1.53420812067295e-05,-1.83139155087434e-05,-1.88466412594773e-06,7.33451079234557e-05
1805,-0.0408977882610542,-0.0141039255277976,0.00857739805879263,1.1689077629454e-06,6.14488953320667e-07,-4.23426409042111e-07,2.71049796189529e-05,1.07547427117795e-05,-6.44841266243074e-05,-1.5371606985909e-05,-1.82301781875615e-05,-1.879941280388e-06,7.33589280566917e-05
1806,-0.0408309011274207,-0.0140687805196937,0.00855318987747297,1.16578297008826e-06,6.12956866296579e-07,-4.22207458892244e-07,2.70382646151663e-05,1.07670656103556e-05,-6.44808361122197e-05,-1.54011105044544e-05,-1.81464293198577e-05,-1.87523031479977e-06,7.33726714075283e-05
1807,-0.0407641928123565,-0.0140337231027021,0.00852905136403016,1.1626666725931e-06,6.11428603023486e-07,-4.20991480873518e-07,2.6971525271633e-05,1.07793874894242e-05,-6.44774816330978e-05,-1.54305917327877e-05,-1.80626689806054e-05,-1.87053119864279e-06,7.33863379246177e-05
1808,-0.0406976628295638,-0.013998753058379,0.00850498234882675,1.15955884971275e-06,6.09904153934821e-07,-4.19778467769588e-07,2.69047616483283e-05,1.07917083021676e-05,-6.44740631488458e-05,-1.54600506413176e-05,-1.79788972488391e-05,-1.86584390267841e-06,7.33999275488254e-05
1809,-0.0406313106939332,-0.0139638701688266,0.00848098266263595,1.15645948075048e-06,6.08383509488088e-07,-4.18568412383678e-07,2.68379738053298e-05,1.08040280018597e-05,-6.44705806216122e-05,-1.5489487200482e-05,-1.78951142003031e-05,-1.86116839683305e-06,7.34134402266388e-05
1810,-0.0405651359215404,-0.0139290742166913,0.00845705213664052,1.15336854505858e-06,6.06866660164858e-07,-4.17361307537383e-07,2.67711618027926e-05,1.0816346541861e-05,-6.44670340137382e-05,-1.55189013807354e-05,-1.78113199131895e-05,-1.85650465201474e-06,7.34268759033413e-05
1811,-0.0404991380296433,-0.0138943649851623,0.0084331906024318,1.15028602203956e-06,6.05353596470556e-07,-4.16157146067863e-07,2.67043257009421e-05,1.08286638755872e-05,-6.44634232876455e-05,-1.55482931525063e-05,-1.7727514463747e-05,-1.85185263839211e-06,7.34402345248406e-05
1812,-0.0404333165366795,-0.0138597422579706,0.00840939789200874,1.14721189114876e-06,6.03844308934461e-07,-4.14955920833664e-07,2.66374655601491e-05,1.08409799565548e-05,-6.44597484060863e-05,-1.55776624862718e-05,-1.76436979304378e-05,-1.84721232684348e-06,7.34535160343503e-05
1813,-0.0403676709622628,-0.0138252058193872,0.00838567383777672,1.14414613188693e-06,6.02338788109917e-07,-4.13757624709384e-07,2.6570581440809e-05,1.08532947383609e-05,-6.44560093319084e-05,-1.56070093525034e-05,-1.75598703902192e-05,-1.8425836875308e-06,7.34667203834593e-05
1814,-0.0403022008271812,-0.0137907554542221,0.00836201827254669,1.14108872380674e-06,6.0083702457369e-07,-4.1256225058842e-07,2.6503673403438e-05,1.0865608174673e-05,-6.4452206028183e-05,-1.56363337216914e-05,-1.74760319196875e-05,-1.83796669116179e-06,7.3479847512412e-05
1815,-0.0402369056533931,-0.0137563909478229,0.00833843102953405,1.1380396465118e-06,5.99339008926399e-07,-4.11369791381034e-07,2.64367415086434e-05,1.08779202192313e-05,-6.44483384581255e-05,-1.56656355643146e-05,-1.73921825984862e-05,-1.83336130907407e-06,7.34928973687593e-05
1816,-0.0401717849640252,-0.0137221120860732,0.0083149119423577,1.13499887965264e-06,5.97844731792295e-07,-4.10180240016623e-07,2.63697858171049e-05,1.08902308258709e-05,-6.4444406585184e-05,-1.56949148508897e-05,-1.73083225032817e-05,-1.82876751181037e-06,7.3505869899482e-05
1817,-0.0401068382833695,-0.0136879186553914,0.00829146084503896,1.13196640293001e-06,5.96354183819052e-07,-4.08993589442155e-07,2.63028063895973e-05,1.09025399484967e-05,-6.44404103729813e-05,-1.57241715519389e-05,-1.72244517114681e-05,-1.82418527013113e-06,7.35187650506377e-05
1818,-0.0400420651368802,-0.0136538104427297,0.00826807757200061,1.12894219609505e-06,5.9486735567776e-07,-4.07809832622685e-07,2.62358032869979e-05,1.09148475410891e-05,-6.44363497853389e-05,-1.57534056379965e-05,-1.71405703008667e-05,-1.81961455542875e-06,7.35315827714701e-05
1819,-0.0399774650511711,-0.0136197872355721,0.00824476195806583,1.12592623894675e-06,5.93384238063363e-07,-4.06628962539837e-07,2.61687765702455e-05,1.09271535577132e-05,-6.44322247862143e-05,-1.57826170795908e-05,-1.70566783509171e-05,-1.81505533838477e-06,7.35443230064808e-05
1820,-0.0399130375540126,-0.0135858488219336,0.00822151383845728,1.12291851133362e-06,5.91904821693572e-07,-4.05450972193188e-07,2.6101726300378e-05,1.09394579524926e-05,-6.4428035339757e-05,-1.58118058472701e-05,-1.69727759382475e-05,-1.81050759036203e-06,7.35569857009532e-05
1821,-0.0398487821743293,-0.0135519949903586,0.00819833304879604,1.11991899315305e-06,5.90429097309733e-07,-4.04275854601252e-07,2.60346525385286e-05,1.09517606796498e-05,-6.44237814103555e-05,-1.58409719116083e-05,-1.68888631409848e-05,-1.80597128233869e-06,7.35695708078993e-05
1822,-0.0397846984421967,-0.0135182255299198,0.00817521942510063,1.11692766435074e-06,5.88957055676831e-07,-4.03103602798857e-07,2.59675553458991e-05,1.09640616934879e-05,-6.44194629625302e-05,-1.58701152431697e-05,-1.68049400383291e-05,-1.80144638568622e-06,7.35820782705637e-05
1823,-0.0397207858888388,-0.0134845402302166,0.00815217280378599,1.11394450492057e-06,5.87488687582615e-07,-4.01934209838901e-07,2.59004347837806e-05,1.0976360948378e-05,-6.44150799610023e-05,-1.58992358125433e-05,-1.67210067074783e-05,-1.79693287207572e-06,7.35945080377661e-05
1824,-0.039657044046625,-0.013450938881374,0.0081291930216625,1.11096949490692e-06,5.86023983838255e-07,-4.00767668792268e-07,2.58332909135722e-05,1.09886583987778e-05,-6.44106323707016e-05,-1.59283335903266e-05,-1.6637063227486e-05,-1.79243071269152e-06,7.36068600577073e-05
1825,-0.0395934724490675,-0.0134174212740412,0.00810627991593498,1.10800261440076e-06,5.84562935277474e-07,-3.9960397274582e-07,2.57661237967325e-05,1.1000953999195e-05,-6.44061201566716e-05,-1.59574085471191e-05,-1.65531096761826e-05,-1.78793987887419e-06,7.36191342758476e-05
1826,-0.0395300706308187,-0.0133839871993903,0.00808343332420172,1.10504384354083e-06,5.83105532757627e-07,-3.98443114806199e-07,2.56989334948152e-05,1.10132477042563e-05,-6.44015432842397e-05,-1.59864606535609e-05,-1.64691461329899e-05,-1.78346034243103e-06,7.3631330646065e-05
1827,-0.039466838127668,-0.0133506364491149,0.00806065308445343,1.10209316251673e-06,5.81651767158622e-07,-3.97285088096422e-07,2.56317200694825e-05,1.10255394686368e-05,-6.43969017188768e-05,-1.60154898802842e-05,-1.63851726762054e-05,-1.77899207513256e-06,7.36434491121539e-05
1828,-0.0394037744765394,-0.0133173688154289,0.00803793903507233,1.09915055156381e-06,5.8020162938357e-07,-3.96129885754663e-07,2.55644835824378e-05,1.10378292470853e-05,-6.43921954261427e-05,-1.60444961979064e-05,-1.63011893834489e-05,-1.7745350483227e-06,7.3655489623774e-05
1829,-0.0393408792154886,-0.0132841840910653,0.00801529101483116,1.09621599096531e-06,5.78755110358566e-07,-3.94977500940421e-07,2.54972240955023e-05,1.10501169944651e-05,-6.43874243719484e-05,-1.60734795771133e-05,-1.6217196334968e-05,-1.77008923393079e-06,7.36674521324828e-05
1830,-0.0392781518837001,-0.0132510820692747,0.00799270886289213,1.09328946105378e-06,5.77312201031823e-07,-3.93827926826963e-07,2.54299416705732e-05,1.10624026656613e-05,-6.43825885222398e-05,-1.61024399885546e-05,-1.61331936086296e-05,-1.76565460371781e-06,7.36793365841833e-05
1831,-0.0392155920214848,-0.0132180625438239,0.00797019241880606,1.09037094220805e-06,5.75872892374756e-07,-3.9268115660621e-07,2.53626363696265e-05,1.10746862156661e-05,-6.43776878432058e-05,-1.61313774029126e-05,-1.60491812838568e-05,-1.76123112967282e-06,7.36911429294227e-05
1832,-0.0391531991702773,-0.0131851253089951,0.0079477415225113,1.08746041485403e-06,5.74437175381763e-07,-3.91537183487909e-07,2.52953082547214e-05,1.1086967599565e-05,-6.43727223012451e-05,-1.61602917908894e-05,-1.59651594391068e-05,-1.7568187839504e-06,7.3702871118196e-05
1833,-0.0390909728726326,-0.013152270159584,0.00792535601433278,1.08455785946713e-06,5.73005041069148e-07,-3.90396000698155e-07,2.5227957388021e-05,1.10992467724846e-05,-6.43676918629053e-05,-1.61891831231889e-05,-1.58811281539729e-05,-1.75241753843642e-06,7.37145210978408e-05
1834,-0.0390289126722241,-0.0131194968908989,0.00790303573498106,1.08166325657013e-06,5.71576480476845e-07,-3.89257601480134e-07,2.51605838317652e-05,1.11115236896641e-05,-6.43625964949232e-05,-1.62180513705149e-05,-1.57970875070962e-05,-1.74802736499503e-06,7.37260928187083e-05
1835,-0.0389670181138402,-0.0130868052987595,0.00788078052555135,1.07877658673009e-06,5.70151484665824e-07,-3.88121979094257e-07,2.50931876482599e-05,1.1123798306376e-05,-6.43574361642087e-05,-1.62468965036141e-05,-1.57130375782522e-05,-1.7436482365884e-06,7.3737586233336e-05
1836,-0.0389052887433822,-0.0130541951794953,0.00785859022752257,1.07589783056279e-06,5.68730044720692e-07,-3.86989126817572e-07,2.50257688999e-05,1.11360705780032e-05,-6.43522108378494e-05,-1.62757184932205e-05,-1.56289784465934e-05,-1.73928012469662e-06,7.3749001291156e-05
1837,-0.0388437241078614,-0.0130216663299443,0.00783646468275636,1.07302696873208e-06,5.67312151747955e-07,-3.85859037944238e-07,2.49583276491794e-05,1.1148340459986e-05,-6.4346920483119e-05,-1.6304517310085e-05,-1.55449101911976e-05,-1.73492300200422e-06,7.37603379415376e-05
1838,-0.0387823237553961,-0.0129892185474521,0.00781440373349613,1.07016398194703e-06,5.65897796876887e-07,-3.84731705786502e-07,2.48908639586657e-05,1.11606079078689e-05,-6.43415650675205e-05,-1.63332929249888e-05,-1.54608328918716e-05,-1.73057684085719e-06,7.377159613562e-05
1839,-0.0387210872352095,-0.0129568516298705,0.00779240722236606,1.06730885096444e-06,5.6448697125823e-07,-3.83607123671572e-07,2.4823377891009e-05,1.11728728772259e-05,-6.43361445586546e-05,-1.63620453087043e-05,-1.53767466275544e-05,-1.72624161377133e-06,7.37827758218925e-05
1840,-0.0386600140976263,-0.0129245653755558,0.00777047499237023,1.06446155658726e-06,5.63079666065927e-07,-3.82485284944265e-07,2.47558695089369e-05,1.11851353237476e-05,-6.4330658924341e-05,-1.63907744320183e-05,-1.52926514784253e-05,-1.72191729323595e-06,7.37938769552843e-05
1841,-0.0385991038940708,-0.0128923595833683,0.00774860688689161,1.06162207966523e-06,5.61675872495174e-07,-3.81366182966619e-07,2.46883388752729e-05,1.11973952031715e-05,-6.43251081325918e-05,-1.64194802657465e-05,-1.52085475238579e-05,-1.71760385175653e-06,7.38048994842219e-05
1842,-0.0385383561770637,-0.0128602340526703,0.00772680274969111,1.0587904010942e-06,5.6027558176415e-07,-3.80249811116818e-07,2.46207860529082e-05,1.12096524713361e-05,-6.43194921515796e-05,-1.64481627806997e-05,-1.51244348438927e-05,-1.71330126232057e-06,7.38158433610236e-05
1843,-0.0384777705002196,-0.0128281885833254,0.00770506242490666,1.05596650181627e-06,5.58878785111849e-07,-3.79136162790155e-07,2.45532111048284e-05,1.12219070841157e-05,-6.43138109496657e-05,-1.64768219477226e-05,-1.50403135179852e-05,-1.70900949727249e-06,7.38267085367223e-05
1844,-0.0384173464182443,-0.0127962229756968,0.00768338575705222,1.05315036282017e-06,5.57485473801122e-07,-3.78025231398236e-07,2.44856140940898e-05,1.12341589975192e-05,-6.43080644953898e-05,-1.65054577376443e-05,-1.49561836262479e-05,-1.70472852967725e-06,7.38374949630193e-05
1845,-0.0383570834869324,-0.0127643370306465,0.00766177259101688,1.0503419651401e-06,5.56095639114981e-07,-3.76917010369779e-07,2.44179950838408e-05,1.12464081675753e-05,-6.43022527574789e-05,-1.65340701213374e-05,-1.48720452484334e-05,-1.70045833216783e-06,7.38482025918276e-05
1846,-0.0382969812631641,-0.0127325305495336,0.0076402227720639,1.04754128985683e-06,5.54709272359427e-07,-3.75811493149338e-07,2.43503541373041e-05,1.12586545504168e-05,-6.42963757048171e-05,-1.65626590696621e-05,-1.47878984648664e-05,-1.69619887797915e-06,7.38588313780984e-05
1847,-0.0382370393049034,-0.0127008033342133,0.00761873614582977,1.04474831809622e-06,5.53326364861927e-07,-3.74708673198339e-07,2.42826913177814e-05,1.12708981022436e-05,-6.42904333064777e-05,-1.65912245535037e-05,-1.47037433556567e-05,-1.69195014011881e-06,7.38693812690226e-05
1848,-0.0381772571711946,-0.0126691551870358,0.00759731255832329,1.04196303103039e-06,5.51946907971631e-07,-3.73608543995351e-07,2.42150066886673e-05,1.12831387793308e-05,-6.42844255317406e-05,-1.66197665437697e-05,-1.46195800007198e-05,-1.68771209138329e-06,7.38798522192694e-05
1849,-0.0381176344221604,-0.0126375859108447,0.00757595185592457,1.03918540987684e-06,5.50570893059592e-07,-3.72511099034268e-07,2.41473003134243e-05,1.12953765380252e-05,-6.42783523500185e-05,-1.66482850113635e-05,-1.45354084805922e-05,-1.68348470519316e-06,7.3890244182642e-05
1850,-0.0380581706189988,-0.012606095308976,0.00755465388538422,1.03641543589853e-06,5.49198311518111e-07,-3.71416331826196e-07,2.40795722556049e-05,1.13076113347405e-05,-6.42722137309332e-05,-1.66767799272188e-05,-1.44512288753988e-05,-1.67926795453444e-06,7.39005571103084e-05
1851,-0.0379988653239808,-0.0125746831852569,0.0075334184938223,1.03365309040375e-06,5.47829154761825e-07,-3.70324235898362e-07,2.40118225788346e-05,1.13198431259872e-05,-6.42660096442795e-05,-1.67052512622711e-05,-1.43670412657533e-05,-1.67506181290594e-06,7.39107909569469e-05
1852,-0.0379397181004474,-0.0125433493440044,0.00751224552872745,1.03089835474647e-06,5.46463414226621e-07,-3.69234804794396e-07,2.39440513468261e-05,1.13320718683389e-05,-6.42597400600323e-05,-1.67336989874731e-05,-1.42828457319315e-05,-1.67086625344427e-06,7.39209456757514e-05
1853,-0.0378807285128075,-0.0125120935900241,0.00749113483795595,1.02815121032558e-06,5.45101081369853e-07,-3.68148032074045e-07,2.38762586233688e-05,1.1344297518441e-05,-6.4253404948337e-05,-1.67621230737902e-05,-1.41986423545505e-05,-1.66668124962264e-06,7.39310212179768e-05
1854,-0.0378218961265352,-0.0124809157286092,0.00747008626973084,1.02541163858435e-06,5.43742147669909e-07,-3.67063911312706e-07,2.38084444723228e-05,1.13565200329952e-05,-6.42470042794881e-05,-1.67905234922005e-05,-1.41144312143678e-05,-1.66250677504016e-06,7.39410175376477e-05
1855,-0.037763220508167,-0.012449815565539,0.00744909967264095,1.02267962101167e-06,5.42386604627078e-07,-3.65982436102885e-07,2.37406089576394e-05,1.13687393688003e-05,-6.42405380239999e-05,-1.68189002137005e-05,-1.40302123918747e-05,-1.65834280303554e-06,7.39509345885419e-05
1856,-0.0377047012252991,-0.0124187929070778,0.00742817489564001,1.01995513914145e-06,5.41034443763333e-07,-3.64903600053766e-07,2.36727521433528e-05,1.13809554827438e-05,-6.42340061525888e-05,-1.68472532093039e-05,-1.39459859677644e-05,-1.65418930715534e-06,7.39607723269591e-05
1857,-0.0376463378465854,-0.0123878475599737,0.00740731178804568,1.01723817455187e-06,5.39685656621028e-07,-3.63827396788955e-07,2.36048740935642e-05,1.13931683317429e-05,-6.42274086360702e-05,-1.68755824500262e-05,-1.38617520233557e-05,-1.65004626153434e-06,7.39705307062788e-05
1858,-0.0375881299417345,-0.0123569793314575,0.00738651019953874,1.01452870886574e-06,5.38340234764205e-07,-3.62753819948777e-07,2.35369748724567e-05,1.14053778728089e-05,-6.42207454454672e-05,-1.6903887906901e-05,-1.37775106390098e-05,-1.64591363936202e-06,7.39802096787126e-05
1859,-0.0375300770815073,-0.0123261880292412,0.00736576998016211,1.0118267237501e-06,5.36998169778369e-07,-3.61682863190742e-07,2.34690545442966e-05,1.14175840630461e-05,-6.42140165520282e-05,-1.69321695509901e-05,-1.36932618959659e-05,-1.64179141471543e-06,7.39898091999574e-05
1860,-0.0374721788377143,-0.0122954734615169,0.0073450909803199,1.00913220091685e-06,5.35659453269628e-07,-3.60614520186381e-07,2.34011131734211e-05,1.14297868595964e-05,-6.42072219270935e-05,-1.69604273533459e-05,-1.360900587535e-05,-1.63767956152525e-06,7.39993292255646e-05
1861,-0.0374144347832132,-0.0122648354369559,0.00732447305077663,1.00644512212221e-06,5.34324076865772e-07,-3.5954878462506e-07,2.33331508242579e-05,1.14419862197112e-05,-6.42003615422627e-05,-1.6988661285055e-05,-1.3524742658068e-05,-1.63357805352125e-06,7.40087697090503e-05
1862,-0.0373568444919063,-0.0122342737647071,0.00730391604265621,1.00376546916619e-06,5.32992032214758e-07,-3.58485650210287e-07,2.32651675612999e-05,1.14541821006715e-05,-6.41934353692307e-05,-1.70168713172043e-05,-1.34404723255198e-05,-1.62948686489132e-06,7.40181306052093e-05
1863,-0.0372994075387382,-0.012203788254396,0.0072834198074411,1.00109322389273e-06,5.31663310986662e-07,-3.57425110662852e-07,2.31971634491205e-05,1.14663744598825e-05,-6.41864433799351e-05,-1.70450574209025e-05,-1.3356194958746e-05,-1.62540596950791e-06,7.40274118711006e-05
1864,-0.0372421234996928,-0.0121733787161233,0.00726298419697139,9.98428368189742e-07,5.30337904871073e-07,-3.56367159718817e-07,2.31291385523764e-05,1.14785632547696e-05,-6.41793855464561e-05,-1.70732195672811e-05,-1.32719106393437e-05,-1.62133534173686e-06,7.40366134598828e-05
1865,-0.0371849919517912,-0.0121430449604642,0.00724260906344389,9.95770883989623e-07,5.29015805579699e-07,-3.55311791130991e-07,2.30610929358074e-05,1.14907484428801e-05,-6.41722618410991e-05,-1.71013577274832e-05,-1.31876194483796e-05,-1.61727495545232e-06,7.40457353283307e-05
1866,-0.0371280124730891,-0.0121127867984667,0.00722229425941121,9.93120753267817e-07,5.27697004844199e-07,-3.54258998666241e-07,2.29930266642157e-05,1.15029299817918e-05,-6.41650722362677e-05,-1.71294718726548e-05,-1.31033214675121e-05,-1.61322478508821e-06,7.40547774321892e-05
1867,-0.0370711846426741,-0.0120826040416506,0.00720203963778096,9.90477958043467e-07,5.26381494417695e-07,-3.53208776107001e-07,2.29249398024754e-05,1.15151078291777e-05,-6.41578167045392e-05,-1.7157561973946e-05,-1.30190167782713e-05,-1.60918480497371e-06,7.4063739728938e-05
1868,-0.0370145080406635,-0.0120524965020063,0.00718184505181484,9.87842480379476e-07,5.2506926607348e-07,-3.52161117253198e-07,2.28568324155586e-05,1.15272819427793e-05,-6.41504952187389e-05,-1.71856280025534e-05,-1.29347054621248e-05,-1.60515498934543e-06,7.40726221712024e-05
1869,-0.0369579822482015,-0.0120224639919938,0.00716171035512767,9.85214302381656e-07,5.23760311605661e-07,-3.51116015919878e-07,2.27887045685039e-05,1.15394522804124e-05,-6.41431077518448e-05,-1.72136699296813e-05,-1.28503876006774e-05,-1.60113531258592e-06,7.40814247204447e-05
1870,-0.0369016068474569,-0.0119925063245412,0.00714163540168655,9.82593406200187e-07,5.22454622829162e-07,-3.50073465936265e-07,2.27205563264239e-05,1.15516187999585e-05,-6.41356542769551e-05,-1.72416877265219e-05,-1.27660632762537e-05,-1.59712574978822e-06,7.40901473269327e-05
1871,-0.0368453814216208,-0.0119626233130438,0.00712162004581001,9.79979774026762e-07,5.21152191578639e-07,-3.49033461148631e-07,2.26523877545085e-05,1.15637814593589e-05,-6.41281347673955e-05,-1.72696813643203e-05,-1.26817325699916e-05,-1.59312627484198e-06,7.40987899526801e-05
1872,-0.0367893055549036,-0.0119328147713628,0.0071016641421671,9.77373388097518e-07,5.1985300971065e-07,-3.4799599541811e-07,2.25841989180224e-05,1.15759402166663e-05,-6.4120549196651e-05,-1.72976508143055e-05,-1.25973955640335e-05,-1.58913686267734e-06,7.41073525508311e-05
1873,-0.036733378832533,-0.0119030805138242,0.00708176754577648,9.74774230691167e-07,5.18557069100834e-07,-3.46961062621514e-07,2.25159898823132e-05,1.15880950299612e-05,-6.41128975383789e-05,-1.73255960477425e-05,-1.25130523403756e-05,-1.58515748802363e-06,7.41158350810785e-05
1874,-0.0366776008407514,-0.0118734203552175,0.00706193011200561,9.72182284128679e-07,5.17264361646081e-07,-3.45928656650432e-07,2.24477607127864e-05,1.1600245857421e-05,-6.41051797663881e-05,-1.73535170358942e-05,-1.24287029808241e-05,-1.58118812545869e-06,7.41242374975912e-05
1875,-0.0366219711668133,-0.0118438341107947,0.00704215169656984,9.69597530775075e-07,5.15974879263447e-07,-3.44898771413134e-07,2.23795114749481e-05,1.16123926572961e-05,-6.40973958547155e-05,-1.73814137500549e-05,-1.23443475674593e-05,-1.57722874980731e-06,7.41325597623934e-05
1876,-0.0365664893989832,-0.0118143215962691,0.00702243215553151,9.67019953036692e-07,5.14688613889504e-07,-3.43871400832709e-07,2.23112422343667e-05,1.16245353878805e-05,-6.40895457775413e-05,-1.74092861615406e-05,-1.22599861824697e-05,-1.57327933598349e-06,7.41408018296266e-05
1877,-0.0365111551265328,-0.0117848826278142,0.0070027713452991,9.64449533363129e-07,5.13405557482508e-07,-3.42846538846481e-07,2.22429530566739e-05,1.16366740075781e-05,-6.40816295091852e-05,-1.74371342416479e-05,-1.21756189082472e-05,-1.56933985915131e-06,7.41489636570488e-05
1878,-0.0364559679397386,-0.0117555170220623,0.0069831691226264,9.61886254246376e-07,5.12125702019578e-07,-3.4182417940834e-07,2.21746440075957e-05,1.16488084748297e-05,-6.40736470241848e-05,-1.74649579617234e-05,-1.20912458271881e-05,-1.56541029442212e-06,7.41570452045924e-05
1879,-0.0364009274298797,-0.0117262245961037,0.00696362534461162,9.5933009822014e-07,5.1084903949887e-07,-3.40804316486807e-07,2.21063151529146e-05,1.1660938748174e-05,-6.40655982972297e-05,-1.7492757293112e-05,-1.20068670208707e-05,-1.56149061613001e-06,7.41650464303917e-05
1880,-0.0363460331892353,-0.0116970051674852,0.0069441398686965,9.56781047861376e-07,5.09575561938053e-07,-3.39786944066188e-07,2.20379665585071e-05,1.16730647862037e-05,-6.40574833032046e-05,-1.75205322071864e-05,-1.19224825723764e-05,-1.55758080007297e-06,7.4172967288964e-05
1881,-0.0362912848110822,-0.0116678585542092,0.00692471255266546,9.54239085788625e-07,5.08305261375181e-07,-3.38772056145037e-07,2.1969598290308e-05,1.16851865475879e-05,-6.40493020171301e-05,-1.75482826753195e-05,-1.18380925640511e-05,-1.55368082133105e-06,7.41808077441269e-05
1882,-0.0362366818896921,-0.0116387845747326,0.00690534325464479,9.51704194662149e-07,5.07038129868038e-07,-3.37759646737483e-07,2.19012104143284e-05,1.16973039910624e-05,-6.40410544142157e-05,-1.7576008668911e-05,-1.17536970779786e-05,-1.54979065471267e-06,7.41885677507498e-05
1883,-0.03618222402033,-0.0116097830479654,0.00688603183310172,9.49176357184569e-07,5.05774159494359e-07,-3.36749709873415e-07,2.18328029966633e-05,1.17094170754386e-05,-6.40327404698719e-05,-1.76037101593843e-05,-1.1669296197434e-05,-1.54591027620931e-06,7.4196247269652e-05
1884,-0.0361279107992509,-0.01158085379327,0.00686677814684358,9.46655556100375e-07,5.04513342351829e-07,-3.35742239596637e-07,2.17643761034717e-05,1.17215257595908e-05,-6.40243601596346e-05,-1.76313871181621e-05,-1.15848900045231e-05,-1.54203966064222e-06,7.42038462584002e-05
1885,-0.036073741823698,-0.0115519966304594,0.00684758205501701,9.44141774195192e-07,5.03255670558514e-07,-3.34737229965698e-07,2.16959298009742e-05,1.17336300024817e-05,-6.4015913459203e-05,-1.76590395166747e-05,-1.15004785823844e-05,-1.53817878389194e-06,7.42113646772458e-05
1886,-0.0360197166919001,-0.0115232113797967,0.00682844341710707,9.41634994296872e-07,5.02001136250914e-07,-3.33734675056032e-07,2.1627464155496e-05,1.17457297631131e-05,-6.40074003445199e-05,-1.76866673264102e-05,-1.14160620136207e-05,-1.53432762123778e-06,7.42188024871218e-05
1887,-0.0359658350030692,-0.0114944978619938,0.00680936209293635,9.39135199274382e-07,5.00749731586559e-07,-3.32734568955474e-07,2.1558979233401e-05,1.17578250005805e-05,-6.39988207916015e-05,-1.77142705188224e-05,-1.13316403808399e-05,-1.53048614801938e-06,7.42261596436196e-05
1888,-0.0359120963573981,-0.0114658558982101,0.00679033794266421,9.36642372038145e-07,4.99501448742064e-07,-3.3173690576914e-07,2.14904751011507e-05,1.17699156740491e-05,-6.39901747767311e-05,-1.77418490654231e-05,-1.12472137673699e-05,-1.52665434026838e-06,7.42334361105118e-05
1889,-0.0358585003560583,-0.0114372853100514,0.00677137082678584,9.34156495540562e-07,4.98256279914209e-07,-3.30741679615639e-07,2.14219518252706e-05,1.17820017427593e-05,-6.39814622763108e-05,-1.77694029377121e-05,-1.11627822558851e-05,-1.52283217337373e-06,7.4240631845876e-05
1890,-0.0358050466011971,-0.011408785919569,0.00675246060613147,9.3167755277392e-07,4.97014217318422e-07,-3.29748884628701e-07,2.13534094723542e-05,1.17940831659945e-05,-6.39726832669174e-05,-1.77969321072257e-05,-1.10783459294816e-05,-1.51901962312195e-06,7.42477468106852e-05
1891,-0.0357517346959358,-0.0113803575492586,0.00673360714186553,9.29205526772772e-07,4.95775253190082e-07,-3.28758514956282e-07,2.12848481090715e-05,1.18061599031154e-05,-6.39638377252803e-05,-1.78244365454999e-05,-1.09939048713741e-05,-1.515216665418e-06,7.42547809629778e-05
1892,-0.035698564244367,-0.0113520000220587,0.00671481029548584,9.26740400611963e-07,4.94539379784949e-07,-3.2777056476186e-07,2.12162678021577e-05,1.18182319135905e-05,-6.39549256283364e-05,-1.78519162240907e-05,-1.0909459164664e-05,-1.5114232760969e-06,7.4261734265119e-05
1893,-0.0356455348515524,-0.0113237131613502,0.00669606992882271,9.24282157407191e-07,4.93306589376564e-07,-3.26785028222873e-07,2.11476686184239e-05,1.18302991568954e-05,-6.39459469531503e-05,-1.78793711145795e-05,-1.08250088924476e-05,-1.50763943091906e-06,7.42686066787723e-05
1894,-0.0355926461235204,-0.0112954967909547,0.00667738590403818,9.21830780315835e-07,4.92076874259069e-07,-3.25801899532303e-07,2.10790506247613e-05,1.18423615926217e-05,-6.39369016770032e-05,-1.79068011885597e-05,-1.07405541383159e-05,-1.50386510617629e-06,7.42753981638016e-05
1895,-0.0355398976672637,-0.0112673507351336,0.0066587580836251,9.19386252534721e-07,4.90850226745687e-07,-3.24821172897441e-07,2.10104138881183e-05,1.18544191804217e-05,-6.39277897773282e-05,-1.79342064176446e-05,-1.06560949851856e-05,-1.500100277489e-06,7.42821086804367e-05
1896,-0.0354872890907372,-0.0112392748185873,0.00664018633040636,9.16948557302581e-07,4.89626639168942e-07,-3.23842842540005e-07,2.09417584755264e-05,1.18664718800131e-05,-6.39186112317242e-05,-1.79615867734571e-05,-1.05716315167162e-05,-1.49634492120287e-06,7.42887381907096e-05
1897,-0.0354348200028554,-0.0112112688664535,0.00662167050753405,9.14517677897422e-07,4.88406103880002e-07,-3.22866902695675e-07,2.08730844540747e-05,1.18785196511599e-05,-6.39093660179284e-05,-1.798894222764e-05,-1.04871638164226e-05,-1.49259901350782e-06,7.42952866555805e-05
1898,-0.0353824900134903,-0.0111833327043068,0.00660321047848867,9.12093597638193e-07,4.87188613249988e-07,-3.21893347615338e-07,2.08043918909292e-05,1.18905624537259e-05,-6.39000541138819e-05,-1.80162727518523e-05,-1.04026919677126e-05,-1.48886253050933e-06,7.43017540376205e-05
1899,-0.0353302987334688,-0.0111554661581568,0.00658480610707826,9.09676299884137e-07,4.85974159668669e-07,-3.20922171564858e-07,2.07356808533336e-05,1.19026002476305e-05,-6.38906754977122e-05,-1.80435783177829e-05,-1.03182160544689e-05,-1.4851354487658e-06,7.43081402962302e-05
1900,-0.0352782457745707,-0.0111276690544479,0.00656645725743755,9.07265768034739e-07,4.84762735545978e-07,-3.19953368823589e-07,2.06669514085874e-05,1.19146329928905e-05,-6.38812301476831e-05,-1.80708588971115e-05,-1.02337361598209e-05,-1.48141774412402e-06,7.43144453974862e-05
1901,-0.0352263307495264,-0.0110999412200574,0.00654816379402723,9.04861985529041e-07,4.83554333308763e-07,-3.18986933685663e-07,2.0598203624072e-05,1.19266606495231e-05,-6.38717180422273e-05,-1.80981144615676e-05,-1.01492523677003e-05,-1.47770939315137e-06,7.43206692989434e-05
1902,-0.0351745532720143,-0.011072282482295,0.00652992558163307,9.02464935847233e-07,4.8234894540534e-07,-3.1802286045933e-07,2.05294375672318e-05,1.19386831776934e-05,-6.38621391599543e-05,-1.81253449828611e-05,-1.00647647621752e-05,-1.47401037263684e-06,7.43268119646678e-05
1903,-0.0351229129566587,-0.0110446926689015,0.00651174248536513,9.00074602508009e-07,4.81146564301153e-07,-3.17061143466979e-07,2.04606533055772e-05,1.19507005375744e-05,-6.38524934796186e-05,-1.81525504327429e-05,-9.980273426827e-06,-1.47032065882419e-06,7.43328733590525e-05
1904,-0.0350714094190276,-0.0110171716080476,0.00649361437065697,8.97690969070571e-07,4.79947182480947e-07,-3.16101777046278e-07,2.03918509067006e-05,1.19627126894275e-05,-6.38427809801877e-05,-1.81797307829883e-05,-9.89577844543826e-06,-1.46664022816511e-06,7.43388534414501e-05
1905,-0.0350200422756304,-0.010989719128333,0.00647554110326476,8.95314019133763e-07,4.78750792449198e-07,-3.15144755548739e-07,2.0323030438254e-05,1.19747195936087e-05,-6.38330016407855e-05,-1.82068860053742e-05,-9.81127990189183e-06,-1.4629690572466e-06,7.43447521766384e-05
1906,-0.0349688111439152,-0.0109623350587852,0.00645752254926653,8.9294373633629e-07,4.77557386727948e-07,-3.14190073338893e-07,2.02541919679592e-05,1.19867212104897e-05,-6.38231554406456e-05,-1.82340160716913e-05,-9.72677788048392e-06,-1.45930712301443e-06,7.43505695293048e-05
1907,-0.0349177156422673,-0.0109350192288588,0.00643955857506141,8.90580104356049e-07,4.76366957859187e-07,-3.13237724796936e-07,2.01853355636079e-05,1.19987175005631e-05,-6.3813242359238e-05,-1.82611209537565e-05,-9.64227246527649e-06,-1.45565440223171e-06,7.43563054572324e-05
1908,-0.0348667553900062,-0.0109077714684337,0.00642164904736872,8.88223106910138e-07,4.75179498402251e-07,-3.12287704316917e-07,2.01164612930654e-05,1.20107084243414e-05,-6.38032623761778e-05,-1.82882006234169e-05,-9.55776374021951e-06,-1.45201087149554e-06,7.43619599291916e-05
1909,-0.0348159300073839,-0.0108805916078148,0.00640379383322722,8.8587272775493e-07,4.73995000936644e-07,-3.11340006306729e-07,2.00475692242522e-05,1.20226939424533e-05,-6.37932154712458e-05,-1.8315255052516e-05,-9.47325178937478e-06,-1.44837650757591e-06,7.43675329056212e-05
1910,-0.0347652391155823,-0.0108534794777304,0.00638599279999433,8.83528950686813e-07,4.72813458059218e-07,-3.10394625188038e-07,1.99786594251717e-05,1.20346740155481e-05,-6.37831016243706e-05,-1.83422842129228e-05,-9.38873669715546e-06,-1.44475128753186e-06,7.43730243528872e-05
1911,-0.034714682336711,-0.0108264349093315,0.0063682458153453,8.81191759540338e-07,4.71634862386555e-07,-3.09451555397154e-07,1.99097319638826e-05,1.20466486043892e-05,-6.37729208156782e-05,-1.83692880765227e-05,-9.30421854818449e-06,-1.44113518869112e-06,7.43784342322073e-05
1912,-0.0346642592938053,-0.0107994577341905,0.00635055274727243,8.78861138189664e-07,4.70459206552802e-07,-3.08510791383788e-07,1.98407869085187e-05,1.20586176697684e-05,-6.37626730254304e-05,-1.83962666152195e-05,-9.21969742615118e-06,-1.43752818740088e-06,7.43837625076323e-05
1913,-0.0346139696108237,-0.0107725477843002,0.00633291346408427,8.76537070547309e-07,4.69286483210539e-07,-3.07572327612364e-07,1.97718243272824e-05,1.20705811725508e-05,-6.37523582340849e-05,-1.84232198009485e-05,-9.13517341595966e-06,-1.43393026122798e-06,7.43890091447475e-05
1914,-0.0345638129126456,-0.0107457048920728,0.00631532783440481,8.74219540564914e-07,4.68116685031642e-07,-3.06636158560459e-07,1.97028442884342e-05,1.20825390736912e-05,-6.37419764222394e-05,-1.84501476056402e-05,-9.05064660174538e-06,-1.43034138700239e-06,7.43941741092572e-05
1915,-0.0345137888250696,-0.010718928890339,0.00629779572717275,8.71908532233328e-07,4.6694980470577e-07,-3.05702278720031e-07,1.96338468603146e-05,1.2094491334194e-05,-6.37315275706748e-05,-1.84770500012561e-05,-8.96611706825338e-06,-1.42676154213278e-06,7.43992573627361e-05
1916,-0.0344638969748106,-0.0106922196123465,0.00628031701164062,8.69604029581135e-07,4.65785834941014e-07,-3.04770682597293e-07,1.95648321113247e-05,1.21064379151391e-05,-6.37210116603523e-05,-1.85039269597835e-05,-8.88158490000668e-06,-1.42319070382108e-06,7.44042588716703e-05
1917,-0.034414136989498,-0.0106655768917594,0.00626289155737406,8.67306016676197e-07,4.64624768463677e-07,-3.03841364710841e-07,1.94958001099284e-05,1.21183787776571e-05,-6.37104286723398e-05,-1.85307784532054e-05,-8.79705018180751e-06,-1.41962884953622e-06,7.44091785996469e-05
1918,-0.0343645084976735,-0.0106390005626571,0.00624551923425102,8.65014477624169e-07,4.63466598018495e-07,-3.02914319594555e-07,1.94267509246609e-05,1.21303138829657e-05,-6.36997785879329e-05,-1.8557604453545e-05,-8.71251299795545e-06,-1.41607595626026e-06,7.44140165149627e-05
1919,-0.0343150111287887,-0.0106124904595328,0.006228199912461,8.62729396569526e-07,4.62311316368202e-07,-3.01989541795317e-07,1.93576846241233e-05,1.2142243192335e-05,-6.36890613885599e-05,-1.85844049328336e-05,-8.62797343342507e-06,-1.41253200163677e-06,7.44187725797432e-05
1920,-0.0342656445132031,-0.0105860464172934,0.0062109334625042,8.60450757694871e-07,4.61158916293964e-07,-3.01067025873475e-07,1.92886012769782e-05,1.21541666671099e-05,-6.36782770558054e-05,-1.86111798631147e-05,-8.54343157306925e-06,-1.4089969632009e-06,7.44234467603588e-05
1921,-0.0342164082821816,-0.0105596682712572,0.00619371975519085,8.58178545220673e-07,4.60009390594726e-07,-3.0014676640404e-07,1.92195009519611e-05,1.21660842686988e-05,-6.36674255714566e-05,-1.86379292164691e-05,-8.45888750179174e-06,-1.40547081852947e-06,7.44280390208232e-05
1922,-0.0341673020678928,-0.0105333558571541,0.00617655866164031,8.55912743406064e-07,4.58862732087648e-07,-2.99228757974612e-07,1.91503837178696e-05,1.21779959585723e-05,-6.36565069174231e-05,-1.8664652964977e-05,-8.37434130424971e-06,-1.40195354495238e-06,7.44325493302431e-05
1923,-0.0341183255034063,-0.0105071090111239,0.00615945005328041,8.53653336547449e-07,4.57718933608107e-07,-2.98312995187087e-07,1.90812496435643e-05,1.21899016982808e-05,-6.36455210758074e-05,-1.86913510807476e-05,-8.28979306550673e-06,-1.39844512022323e-06,7.4436977653865e-05
1924,-0.034069478222691,-0.0104809275697152,0.0061423938018466,8.51400308979424e-07,4.56577988009041e-07,-2.97399472656882e-07,1.90120987979766e-05,1.22018014494264e-05,-6.36344680288712e-05,-1.87180235359112e-05,-8.20524287090303e-06,-1.39494552235279e-06,7.44413239565803e-05
1925,-0.0340207598606125,-0.0104548113698847,0.0061253897793812,8.49153645074477e-07,4.55439888161603e-07,-2.96488185012077e-07,1.89429312500948e-05,1.22136951736792e-05,-6.36233477590059e-05,-1.87446703026007e-05,-8.12069080498932e-06,-1.39145472857378e-06,7.44455882050615e-05
1926,-0.0339721700529312,-0.0104287602489962,0.00610843785823267,8.46913329242607e-07,4.5430462695473e-07,-2.95579126895877e-07,1.88737470689845e-05,1.22255828327862e-05,-6.36121602488327e-05,-1.87712913529929e-05,-8.03613695341996e-06,-1.38797271722165e-06,7.44497703642395e-05
1927,-0.0339237084363002,-0.0104027740448192,0.00609153791105476,8.4467934593141e-07,4.53172197295354e-07,-2.94672292963293e-07,1.88045463237613e-05,1.22374643885518e-05,-6.3600905481068e-05,-1.87978866592574e-05,-7.95158140090376e-06,-1.38449946569428e-06,7.44538704045546e-05
1928,-0.033875374648263,-0.0103768525955283,0.00607468981080585,8.42451679626283e-07,4.52042592107753e-07,-2.93767677884081e-07,1.8735329083622e-05,1.22493398028413e-05,-6.35895834386435e-05,-1.88244561936059e-05,-7.86702423299694e-06,-1.38103495221626e-06,7.44578882891118e-05
1929,-0.0338271683272511,-0.010350995739702,0.00605789343074808,8.40230314849257e-07,4.50915804334207e-07,-2.92865276340721e-07,1.86660954178127e-05,1.22612090375906e-05,-6.35781941046254e-05,-1.88509999282591e-05,-7.78246553467044e-06,-1.37757915444835e-06,7.44618239874553e-05
1930,-0.0337790891125826,-0.0103252033163217,0.00604114864444667,8.38015236160601e-07,4.49791826935206e-07,-2.91965083029297e-07,1.85968453956516e-05,1.22730720548186e-05,-6.35667374622588e-05,-1.88775178354509e-05,-7.6979053917424e-06,-1.37413205090942e-06,7.44656774667907e-05
1931,-0.0337311366444592,-0.0102994751647704,0.00602445532576912,8.35806428156971e-07,4.4867065288794e-07,-2.91067092659178e-07,1.85275790865181e-05,1.22849288165785e-05,-6.35552134949403e-05,-1.89040098874476e-05,-7.61334388918418e-06,-1.37069361924455e-06,7.44694486916536e-05
1932,-0.0336833105639646,-0.0102738111248325,0.00600781334888447,8.33603875472714e-07,4.47552275187812e-07,-2.90171299952901e-07,1.84582965598561e-05,1.22967792850072e-05,-6.35436221862293e-05,-1.89304760565241e-05,-7.5287811127099e-06,-1.36726383786096e-06,7.44731376336848e-05
1933,-0.0336356105130624,-0.010248211036692,0.00599122258826254,8.3140756277916e-07,4.46436686847573e-07,-2.8927769964614e-07,1.8388997885173e-05,1.23086234222986e-05,-6.35319635198403e-05,-1.89569163149753e-05,-7.44421714771492e-06,-1.36384268484059e-06,7.44767442577606e-05
1934,-0.0335880361345937,-0.0102226747409317,0.0059746829186732,8.29217474784637e-07,4.45323880898189e-07,-2.88386286487817e-07,1.83196831320351e-05,1.23204611907353e-05,-6.35202374796552e-05,-1.89833306351074e-05,-7.35965207975482e-06,-1.36043013845501e-06,7.44802685317819e-05
1935,-0.0335405870722749,-0.0101972020785324,0.00595819421518558,8.27033596233713e-07,4.4421385038667e-07,-2.87497055240886e-07,1.82503523700826e-05,1.23322925526245e-05,-6.35084440497417e-05,-1.9009718989277e-05,-7.27508599438234e-06,-1.3570261769242e-06,7.4483710425442e-05
1936,-0.0334932629706961,-0.0101717928908719,0.00594175635316732,8.24855911908551e-07,4.43106588378893e-07,-2.86610000680731e-07,1.81810056690112e-05,1.23441174703796e-05,-6.349658321431e-05,-1.90360813498296e-05,-7.19051897745967e-06,-1.35363077882815e-06,7.44870699054039e-05
1937,-0.0334460634753186,-0.0101464470197237,0.00592536920828387,8.22684406627251e-07,4.42002087957215e-07,-2.8572511759572e-07,1.81116430985766e-05,1.23559359064483e-05,-6.34846549577182e-05,-1.90624176891418e-05,-7.10595111428058e-06,-1.35024392215221e-06,7.44903469409499e-05
1938,-0.0333989882324728,-0.0101211643072563,0.00590903265649769,8.20519065244813e-07,4.40900342221773e-07,-2.84842400787436e-07,1.80422647285986e-05,1.23677478233581e-05,-6.34726592644941e-05,-1.9088727979605e-05,-7.02138249116641e-06,-1.34686558592584e-06,7.44935415010172e-05
1939,-0.0333520368893562,-0.0100959445960321,0.00589274657406756,8.18359872653083e-07,4.39801344290051e-07,-2.83961845071334e-07,1.79728706289694e-05,1.23795531837089e-05,-6.34605961193616e-05,-1.91150121936401e-05,-6.93681319332496e-06,-1.34349574806445e-06,7.44966535556101e-05
1940,-0.0333052090940315,-0.0100707877290065,0.00587651083754778,8.16206813779495e-07,4.38705087296232e-07,-2.83083445274079e-07,1.79034608696233e-05,1.23913519501325e-05,-6.34484655071238e-05,-1.91412703036713e-05,-6.852243307113e-06,-1.34013438762222e-06,7.44996830696341e-05
1941,-0.0332585044954242,-0.0100456935495267,0.0058603253237875,8.14059873588547e-07,4.37611564392494e-07,-2.82207196237539e-07,1.78340355205778e-05,1.24031440853692e-05,-6.34362674128439e-05,-1.9167502282162e-05,-6.76767291829408e-06,-1.33678148308545e-06,7.45026300158778e-05
1942,-0.0332119227433204,-0.010020661901331,0.00584418990992989,8.11919037080462e-07,4.36520768747279e-07,-2.81333092815337e-07,1.77645946519029e-05,1.24149295521834e-05,-6.3424001821688e-05,-1.91937081015908e-05,-6.68310211263155e-06,-1.33343701291205e-06,7.45054943615574e-05
1943,-0.0331654634883653,-0.00999569262854771,0.00582810447341148,8.09784289291972e-07,4.35432693547243e-07,-2.80461129873842e-07,1.76951383337253e-05,1.24267083134387e-05,-6.34116687189829e-05,-1.92198877344394e-05,-6.59853097648551e-06,-1.33010095619889e-06,7.45082760757756e-05
1944,-0.0331191263820607,-0.00997078557569408,0.00581206889196141,8.07655615295429e-07,4.34347331995308e-07,-2.79591302292649e-07,1.76256666362369e-05,1.24384803320386e-05,-6.33992680902235e-05,-1.92460411532255e-05,-6.51395959561591e-06,-1.32677329141763e-06,7.45109751305473e-05
1945,-0.0330729110767629,-0.00994594058767542,0.00579608304360069,8.05533000199566e-07,4.33264677311522e-07,-2.78723604964483e-07,1.75561796296969e-05,1.24502455709551e-05,-6.33867999210767e-05,-1.92721683304878e-05,-6.42938805613776e-06,-1.32345399739604e-06,7.45135914944877e-05
1946,-0.033026817225681,-0.00992115750978411,0.00578014680664147,8.03416429148667e-07,4.32184722733283e-07,-2.77858032794589e-07,1.74866773844172e-05,1.24620039932345e-05,-6.33742641973583e-05,-1.92982692387777e-05,-6.3448164444047e-06,-1.32014305322196e-06,7.45161251372232e-05
1947,-0.0329808444828743,-0.00989643618769864,0.00576426005968628,8.01305887323036e-07,4.31107461514903e-07,-2.76994580700962e-07,1.7417159970773e-05,1.24737555619845e-05,-6.3361660905042e-05,-1.93243438506659e-05,-6.26024484672894e-06,-1.31684043794038e-06,7.45185760292331e-05
1948,-0.032934992503251,-0.00987177646748268,0.00574842268162737,7.9920135993837e-07,4.30032886926737e-07,-2.76133243614834e-07,1.73476274592069e-05,1.24855002403519e-05,-6.33489900302743e-05,-1.9350392138761e-05,-6.17567334892583e-06,-1.31354613007079e-06,7.45209441396759e-05
1949,-0.0328892609425652,-0.00984717819558403,0.00573263455164591,7.97102832245933e-07,4.28960992257792e-07,-2.75274016479693e-07,1.72780799202054e-05,1.24972379916037e-05,-6.33362515593531e-05,-1.93764140756647e-05,-6.09110203778642e-06,-1.31026010918469e-06,7.45232294410416e-05
1950,-0.0328436494574159,-0.0098226412188337,0.00571689554921133,7.95010289532914e-07,4.27891770812035e-07,-2.74416894251741e-07,1.72085174243323e-05,1.25089687790065e-05,-6.33234454787242e-05,-1.94024096340193e-05,-6.00653099923036e-06,-1.30698235390458e-06,7.45254319039718e-05
1951,-0.0327981577052441,-0.00979816538444497,0.00570120555408059,7.92923717121683e-07,4.26825215911215e-07,-2.73561871899739e-07,1.71389400422014e-05,1.25206925659244e-05,-6.33105717749944e-05,-1.94283787864753e-05,-5.92196031980873e-06,-1.30371284353177e-06,7.45275514981127e-05
1952,-0.0327527853443312,-0.0097737505400124,0.00568556444629742,7.90843100369747e-07,4.25761320893992e-07,-2.72708944405577e-07,1.70693478444869e-05,1.25324093157948e-05,-6.32976304349501e-05,-1.94543215057094e-05,-5.83739008621622e-06,-1.30045155752419e-06,7.45295881936548e-05
1953,-0.032707532033797,-0.00974939653351094,0.00566997210619163,7.8876842467009e-07,4.24700079114859e-07,-2.71858106763877e-07,1.69997409019322e-05,1.254411899209e-05,-6.32846214455368e-05,-1.94802377644299e-05,-5.75282038475201e-06,-1.29719847490982e-06,7.45315419622845e-05
1954,-0.0326623974335975,-0.00972510321329489,0.00565442841437837,7.86699675450862e-07,4.23641483945653e-07,-2.71009353981133e-07,1.69301192853298e-05,1.25558215583629e-05,-6.32715447938337e-05,-1.95061275353479e-05,-5.66825130191947e-06,-1.29395357495257e-06,7.45334127768129e-05
1955,-0.032617381204523,-0.00970087042809704,0.00563893325175747,7.84636838175125e-07,4.22585528774911e-07,-2.70162681076948e-07,1.68604830655338e-05,1.25675169782377e-05,-6.32584004671024e-05,-1.95319907912029e-05,-5.58368292435653e-06,-1.29071683706043e-06,7.45352006084229e-05
1956,-0.032572483008196,-0.00967669802702761,0.00562348649951266,7.82579898341266e-07,4.21532207007212e-07,-2.69318083082965e-07,1.67908323134605e-05,1.2579205215379e-05,-6.32451884527404e-05,-1.95578275047534e-05,-5.49911533880626e-06,-1.28748824072475e-06,7.45369054268235e-05
1957,-0.0325277025070692,-0.00965258585957344,0.00560808803911091,7.80528841482078e-07,4.2048151206427e-07,-2.68475555043761e-07,1.67211671000799e-05,1.259088623354e-05,-6.32319087383253e-05,-1.95836376487798e-05,-5.41454863181057e-06,-1.28426776527066e-06,7.45385272073062e-05
1958,-0.0324830393644239,-0.00962853377559694,0.00559273775230171,7.78483653165253e-07,4.19433437382974e-07,-2.67635092015676e-07,1.66514874964247e-05,1.26025599964862e-05,-6.32185613115553e-05,-1.96094211960891e-05,-5.32998289014669e-06,-1.28105539020816e-06,7.4540065918117e-05
1959,-0.0324384932443672,-0.00960454162533522,0.00557743552111637,7.76444318993757e-07,4.1838797641908e-07,-2.66796689067821e-07,1.65817935735782e-05,1.26142264681302e-05,-6.32051461603186e-05,-1.96351781194835e-05,-5.24541820064434e-06,-1.27785109519632e-06,7.45415215333939e-05
1960,-0.0323940638118307,-0.00958060925939911,0.00556218122786729,7.74410824604461e-07,4.17345122642222e-07,-2.65960341282637e-07,1.65120854026997e-05,1.26258856123706e-05,-6.3191663272682e-05,-1.96609083918328e-05,-5.16085465017993e-06,-1.27465485985088e-06,7.45428940250608e-05
1961,-0.0323497507325683,-0.00955673652877225,0.00554697475514726,7.7238315566928e-07,4.16304869540031e-07,-2.65126043753487e-07,1.64423630549882e-05,1.26375373932116e-05,-6.31781126368218e-05,-1.96866119859859e-05,-5.07629232539001e-06,-1.27146666361333e-06,7.454418336642e-05
1962,-0.0323055536731542,-0.00953292328481014,0.00553181598582878,7.70361297894288e-07,4.15267210615534e-07,-2.64293791586664e-07,1.63726266017095e-05,1.26491817746938e-05,-6.31644942410904e-05,-1.9712288874834e-05,-4.99173131351627e-06,-1.2682864865006e-06,7.45453895298437e-05
1963,-0.032261472300981,-0.00950916937923921,0.00551670480306336,7.68345237020088e-07,4.14232139388888e-07,-2.63463579900828e-07,1.63028761141828e-05,1.26608187209499e-05,-6.31508080740065e-05,-1.973793903128e-05,-4.9071717012952e-06,-1.26511430806227e-06,7.4546512486615e-05
1964,-0.0322175062842574,-0.00948547466415592,0.00550164109028078,7.66334958821883e-07,4.13199649395863e-07,-2.62635403827056e-07,1.62331116637941e-05,1.26724481961544e-05,-6.31370541242484e-05,-1.97635624282567e-05,-4.82261357573028e-06,-1.26195010809053e-06,7.45475522132861e-05
1965,-0.0321736552920068,-0.00946183899202581,0.00548662473118845,7.64330449108455e-07,4.12169734188492e-07,-2.61809258507708e-07,1.61633333219716e-05,1.26840701645393e-05,-6.31232323806112e-05,-1.97891590387064e-05,-4.73805702392526e-06,-1.25879386649292e-06,7.45485086781029e-05
1966,-0.0321299189940648,-0.00943826221568258,0.00547165560977067,7.62331693723083e-07,4.1114238733507e-07,-2.60985139098811e-07,1.60935411602162e-05,1.26956845904143e-05,-6.31093428321094e-05,-1.98147288356113e-05,-4.65350213297975e-06,-1.25564556317789e-06,7.45493818589311e-05
1967,-0.0320862970610778,-0.00941474418832716,0.00545673361028799,7.60338678543187e-07,4.10117602420157e-07,-2.60163040767164e-07,1.60237352500739e-05,1.27072914381444e-05,-6.30953854678567e-05,-1.98402717919531e-05,-4.56894899026219e-06,-1.25250517833262e-06,7.45501717275306e-05
1968,-0.0320427891645004,-0.00939128476352679,0.00544185861727645,7.58351389479807e-07,4.09095373044141e-07,-2.5934295869279e-07,1.59539156631551e-05,1.27188906721577e-05,-6.30813602771663e-05,-1.98657878807548e-05,-4.48439768259624e-06,-1.24937269159883e-06,7.45508782582746e-05
1969,-0.031999394976594,-0.00936788379521416,0.00542703051554693,7.56369812478168e-07,4.08075692823672e-07,-2.5852488806741e-07,1.58840824711249e-05,1.27304822569486e-05,-6.30672672494928e-05,-1.98912770750516e-05,-4.3998482973014e-06,-1.24624808312507e-06,7.45515014233163e-05
1970,-0.0319561141704246,-0.00934454113768644,0.00541224919018447,7.54393933517064e-07,4.0705855539145e-07,-2.57708824094313e-07,1.58142357456978e-05,1.27420661570707e-05,-6.30531063744256e-05,-1.99167393478931e-05,-4.31530092184119e-06,-1.24313133321401e-06,7.45520411984187e-05
1971,-0.0319129464198609,-0.00932125664560435,0.00539751452654757,7.52423738609226e-07,4.06043954395566e-07,-2.56894761989992e-07,1.57443755586608e-05,1.27536423371298e-05,-6.30388776417549e-05,-1.99421746723736e-05,-4.23075564334744e-06,-1.24002242181642e-06,7.45524975572043e-05
1972,-0.0318698913995724,-0.0092980301739913,0.00538282641026749,7.50459213800933e-07,4.05031883500811e-07,-2.56082696981395e-07,1.56745019818374e-05,1.27652107618073e-05,-6.30245810413667e-05,-1.99675830215775e-05,-4.14621254918414e-06,-1.23692132915407e-06,7.455287047402e-05
1973,-0.0318269487850274,-0.00927486157823249,0.00536818472724763,7.48500345171953e-07,4.0402233638737e-07,-2.55272624308572e-07,1.56046150871193e-05,1.27767713958396e-05,-6.30102165633462e-05,-1.99929643686334e-05,-4.06167172698636e-06,-1.23382803570659e-06,7.45531599237495e-05
1974,-0.0317841182524913,-0.00925175071407392,0.00535358936366277,7.46547118835405e-07,4.03015306751691e-07,-2.54464539223287e-07,1.55347149464478e-05,1.27883242040369e-05,-6.2995784197926e-05,-2.00183186866835e-05,-3.97713326397231e-06,-1.23074252156134e-06,7.45533658797278e-05
1975,-0.0317413994790243,-0.0092286974376216,0.00533904020595846,7.44599520938009e-07,4.02010788304969e-07,-2.53658436988992e-07,1.54648016318272e-05,1.27998691512333e-05,-6.29812839354779e-05,-2.00436459489003e-05,-3.89259724772849e-06,-1.22766476713459e-06,7.4553488319308e-05
1976,-0.03169879214248,-0.00920570160534056,0.00532453714085028,7.42657537659611e-07,4.01008774775528e-07,-2.52854312881453e-07,1.53948752153093e-05,1.28114062023746e-05,-6.29667157665552e-05,-2.00689461284691e-05,-3.80806376560325e-06,-1.22459475266851e-06,7.45535272158596e-05
1977,-0.0316562959215028,-0.00918276307405402,0.00531008005532321,7.40721155213268e-07,4.0000925990687e-07,-2.52052162188406e-07,1.5324935769006e-05,1.28229353224508e-05,-6.29520796818668e-05,-2.00942191986051e-05,-3.72353290553308e-06,-1.22153245897791e-06,7.45534825460071e-05
1978,-0.0316139104955268,-0.00915988170094243,0.00529566883663093,7.38790359844976e-07,3.99012237457461e-07,-2.51251980208275e-07,1.52549833650772e-05,1.28344564764796e-05,-6.29373756722238e-05,-2.01194651325385e-05,-3.63900475482438e-06,-1.21847786622682e-06,7.45533542822105e-05
1979,-0.0315716355447734,-0.00913705734354266,0.00528130337229517,7.36865137834342e-07,3.98017701202461e-07,-2.50453762252259e-07,1.51850180757442e-05,1.2845969629583e-05,-6.29226037286406e-05,-2.0144683903521e-05,-3.55447940135724e-06,-1.215430955196e-06,7.45531424026296e-05
1980,-0.0315294707502492,-0.00911428985974701,0.00526698355010503,7.34945475493343e-07,3.97025644932212e-07,-2.49657503643717e-07,1.51150399732831e-05,1.28574747469339e-05,-6.29077638422977e-05,-2.01698754848399e-05,-3.4699569326971e-06,-1.21239170634796e-06,7.45528468830159e-05
1981,-0.031487415793745,-0.0090915791078024,0.00525270925811631,7.33031359167331e-07,3.96036062452233e-07,-2.48863199716408e-07,1.50450491300205e-05,1.28689717937417e-05,-6.28928560044728e-05,-2.01950398497878e-05,-3.38543743641781e-06,-1.20936010013905e-06,7.45524676984708e-05
1982,-0.0314454703578328,-0.00906892494630942,0.00523848038465084,7.31122775234239e-07,3.95048947584957e-07,-2.48070845816877e-07,1.49750456183346e-05,1.28804607353332e-05,-6.28778802066514e-05,-2.02201769716798e-05,-3.30092100060925e-06,-1.20633611760791e-06,7.45520048237198e-05
1983,-0.0314036341258648,-0.00904632723422151,0.00522429681829582,7.29219710104476e-07,3.94064294166043e-07,-2.4728043730324e-07,1.49050295106692e-05,1.2891941537019e-05,-6.28628364404521e-05,-2.02452868238794e-05,-3.21640771305244e-06,-1.20331973940229e-06,7.4551458237414e-05
1984,-0.031361906781971,-0.00902378583084403,0.00521015844790315,7.27322150221511e-07,3.93082096048717e-07,-2.46491969544738e-07,1.48350008795077e-05,1.29034141642377e-05,-6.2847724697641e-05,-2.02703693797385e-05,-3.13189766152514e-06,-1.20031094625516e-06,7.45508279156235e-05
1985,-0.0313202880110576,-0.0090013005958334,0.00519606516258879,7.25430082060952e-07,3.9210234710008e-07,-2.45705437922347e-07,1.47649597973939e-05,1.29148785824384e-05,-6.28325449701309e-05,-2.02954246126529e-05,-3.04739093397161e-06,-1.19730971901607e-06,7.45501138335532e-05
1986,-0.0312787774988052,-0.00897887138919619,0.00518201685173208,7.23543492131361e-07,3.91125041203496e-07,-2.44920837828986e-07,1.46949063369267e-05,1.29263347571631e-05,-6.281729725001e-05,-2.03204524960337e-05,-2.96288761826141e-06,-1.1943160384978e-06,7.45493159685455e-05
1987,-0.0312373749316664,-0.00895649807128833,0.00516801340497508,7.21662366973255e-07,3.90150172257511e-07,-2.44138164669192e-07,1.46248405707551e-05,1.29377826540112e-05,-6.28019815295195e-05,-2.03454530033189e-05,-2.87838780245977e-06,-1.19132988571586e-06,7.45484342979442e-05
1988,-0.0311960799968647,-0.00893418050281415,0.00515405471222192,7.19786693159867e-07,3.89177734176063e-07,-2.43357413858474e-07,1.455476257158e-05,1.29492222386402e-05,-6.27865978010323e-05,-2.03704261079588e-05,-2.79389157468498e-06,-1.18835124174525e-06,7.45474687980562e-05
1989,-0.0311548923823922,-0.00891191854482551,0.00514014066363814,7.1791645729631e-07,3.8820772088762e-07,-2.42578580824343e-07,1.44846724121602e-05,1.29606534767489e-05,-6.27711460570892e-05,-2.03953717834431e-05,-2.70939902278325e-06,-1.18538008737202e-06,7.45464194458233e-05
1990,-0.0311138117770078,-0.008889712058721,0.00512627114965003,7.1605164602011e-07,3.87240126336914e-07,-2.41801661005712e-07,1.44145701653022e-05,1.2972076334131e-05,-6.27556262903883e-05,-2.04202900032703e-05,-2.6249102349513e-06,-1.18241640378001e-06,7.45452862209955e-05
1991,-0.0310728378702353,-0.00886756090624499,0.00511244606094402,7.1419224600061e-07,3.86274944482769e-07,-2.41026649852747e-07,1.43444559038682e-05,1.29834907766024e-05,-6.27400384937644e-05,-2.0445180740973e-05,-2.54042529937197e-06,-1.17946017210611e-06,7.45440690977496e-05
1992,-0.0310319703523619,-0.00884546494948684,0.00509866528846594,7.12338243939336e-07,3.85312169300057e-07,-2.40253542827478e-07,1.42743297007717e-05,1.29948967700739e-05,-6.27243826602302e-05,-2.04700439701014e-05,-2.45594430435682e-06,-1.17651137365902e-06,7.45427680568998e-05
1993,-0.030991208914436,-0.00882342405088,0.00508492872342047,7.10489626569898e-07,3.84351794778179e-07,-2.39482335402458e-07,1.4204191628977e-05,1.30062942804896e-05,-6.27086587829107e-05,-2.04948796642228e-05,-2.37146733787567e-06,-1.17356998938825e-06,7.4541383074266e-05
1994,-0.0309505532482655,-0.00880143807320114,0.00507123625727046,7.08646380657305e-07,3.8339381492193e-07,-2.38713023061768e-07,1.41340417614946e-05,1.3017683273867e-05,-6.26928668550918e-05,-2.05196877969279e-05,-2.2869944881877e-06,-1.17063600056009e-06,7.45399141289051e-05
1995,-0.0309100030464159,-0.00877950687956932,0.00505758778173626,7.06808492998891e-07,3.8243822375085e-07,-2.37945601301711e-07,1.40638801714021e-05,1.30290637162808e-05,-6.26770068702476e-05,-2.05444683418443e-05,-2.20252584384979e-06,-1.16770938872853e-06,7.45383611980523e-05
1996,-0.0308695580022086,-0.00875763033344511,0.0050439831887951,7.04975950423096e-07,3.8148501529966e-07,-2.37180065629293e-07,1.39937069318161e-05,1.30404355738682e-05,-6.26610788219789e-05,-2.05692212726143e-05,-2.11806149294341e-06,-1.16479013499559e-06,7.45367242611032e-05
1997,-0.0308292178097193,-0.00873580829862975,0.00503042237068044,7.03148739790244e-07,3.80534183618041e-07,-2.36416411563204e-07,1.39235221159109e-05,1.305179881283e-05,-6.26450827040564e-05,-2.05939465629083e-05,-2.03360152413496e-06,-1.16187822105406e-06,7.45350032953307e-05
1998,-0.0307889821637755,-0.00871404063926427,0.00501690521988129,7.01326847992053e-07,3.7958572277042e-07,-2.3565463463218e-07,1.38533257969018e-05,1.30631533994111e-05,-6.26290185103509e-05,-2.0618644186405e-05,-1.94914602545938e-06,-1.15897362796871e-06,7.45331982814182e-05
1999,-0.0307488507599555,-0.00869232721982871,0.00500343162914166,6.99510261951843e-07,3.78639626836185e-07,-2.34894730377893e-07,1.37831180480702e-05,1.30744992999335e-05,-6.26128862349573e-05,-2.06433141168301e-05,-1.86469508582951e-06,-1.15607633769279e-06,7.45313091965748e-05
2000,-0.0307088232945861,-0.00867066790514118,0.00499000149145986,6.97698968624398e-07,3.77695889909255e-07,-2.34136694351372e-07,1.37128989427363e-05,1.30858364807529e-05,-6.25966858720433e-05,-2.06679563279096e-05,-1.78024879314944e-06,-1.15318633116601e-06,7.45293360215059e-05
