time_s,x_M_m,y_M_m,sigma_rad,sigma_deg,lambda_m,x_T_m,y_T_m,r_m,q_rad,q_deg,qdot_rad_s,qdot_deg_s,a_n_m_s2,n_g
0,0,0,0.523598775598299,30,0,8660.25403784439,5000,10000,0.523598775598299,30,0.025,1.43239448782706,25,2.54929053244482
9.19389128341528e-07,0.000796214335824017,0.000459694573321149,0.523598798583029,30.000001316928,0,8660.25357814982,5000,9999.9986825037,0.523598798583029,30.000001316928,0.0250000042890093,1.43239473356919,25.0000042890093,2.54929096980205
1.83877825668306e-06,0.00159242866108208,0.000919389164943072,0.523598821567763,30.0000026338563,0,8660.25311845526,5000,9999.99736500741,0.523598821567763,30.0000026338563,0.0250000085780199,1.43239497931139,25.0000085780199,2.54929140715942
2.75816738502458e-06,0.00238864297577418,0.00137908377486577,0.523598844552501,30.0000039507848,0,8660.25265876069,5000,9999.99604751113,0.523598844552501,30.0000039507848,0.0250000128670318,1.43239522505367,25.0000128670318,2.54929184451691
3.67755651336611e-06,0.00318485727990032,0.00183877840308925,0.523598867537243,30.0000052677135,0,8660.25219906613,5000,9999.99473001485,0.523598867537243,30.0000052677135,0.0250000171560449,1.43239547079602,25.0000171560449,2.54929228187453
8.27450215507375e-06,0.00716592864204152,0.00413725181871842,0.523598982461012,30.0000118523604,0,8660.24990059331,5000,9999.98814253352,0.523598982461012,30.0000118523604,0.0250000386011297,1.43239669950887,25.0000386011297,2.5492944686646
1.28714477967814e-05,0.0111469997400334,0.0064357256918675,0.52359909738488,30.000018437013,0,8660.24760212049,5000,9999.98155505233,0.52359909738488,30.000018437013,0.0250000600462463,1.43239792822355,25.0000600462463,2.54929665545791
1.7468393438489e-05,0.0151280705738755,0.00873420002253684,0.523599212308847,30.0000250216712,0,8660.24530364767,5000,9999.97496757127,0.523599212308847,30.0000250216712,0.0250000814913948,1.43239915694005,25.0000814913948,2.54929884225447
2.20653390801967e-05,0.0191091411435678,0.0110326748107268,0.523599327232911,30.0000316063351,0,8660.24300517485,5000,9999.96838009035,0.523599327232911,30.0000316063351,0.0250001029365752,1.43240038565837,25.0001029365752,2.54930102905429
4.50500672887349e-05,0.0390144900297704,0.0225250556144989,0.523599901854715,30.0000645297393,0,8660.23151281074,5000,9999.9354426877,0.523599901854715,30.0000645297393,0.025000210162955,1.43240652927739,25.000210162955,2.54931196310208
6.8034795497273e-05,0.058919832312183,0.034017447856341,0.523600476478983,30.0000974532847,0,8660.22002044664,5000,9999.90250528835,0.523600476478983,30.0000974532847,0.0250003173901314,1.43241267294205,25.0003173901314,2.54932289723111
9.10195237058112e-05,0.0788251679907707,0.0455098515362986,0.523601051105716,30.0001303769712,0,8660.20852808253,5000,9999.8695678923,0.523601051105716,30.0001303769712,0.0250004246181044,1.43241881665234,25.0004246181044,2.54933383144136
0.000114004251914349,0.0987304970654985,0.0570022666544167,0.523601625734913,30.000163300799,0,8660.19703571843,5000,9999.83663049955,0.523601625734913,30.000163300799,0.025000531846874,1.43242496040828,25.000531846874,2.54934476573284
0.00022892789295704,0.198257043380019,0.114464513819001,0.523604498917869,30.0003279220562,0,8660.13957389791,5000,9999.67194358535,0.523604498917869,30.0003279220562,0.0250010680026708,1.4324556798726,25.0010680026708,2.54939943840871
0.000343851533999731,0.297783424592809,0.171927046944392,0.523607372162443,30.0004925468438,0,8660.08211207739,5000,9999.5072567537,0.523607372162443,30.0004925468438,0.0250016041783835,1.43248640047802,25.0016041783835,2.54945411311544
0.000458775175042422,0.397309640699506,0.229389866036246,0.523610245468638,30.000657175162,0,8660.02465025686,5000,9999.34257000461,0.523610245468638,30.000657175162,0.0250021403740132,1.43251712222459,25.0021403740132,2.54950878985313
0.000573698816085113,0.496835691695748,0.286852971100223,0.523613118836455,30.0008218070109,0,8659.96718843634,5000,9999.17788333806,0.523613118836455,30.0008218070109,0.0250026765895609,1.43254784511239,25.0026765895609,2.54956346862189
0.00114831702129857,0.994463469867422,0.574172786200009,0.523627486599963,30.0016450192209,0,8659.67987933374,5000,9998.35445124377,0.523627486599963,30.0016450192209,0.0250053579661063,1.43270147667172,25.0053579661063,2.54983689293554
0.00172293522651202,1.49208711962321,0.861499751451755,0.523641855904381,30.0024683197186,0,8659.39257023113,5000,9997.53102121368,0.523641855904381,30.0024683197186,0.0250080398407595,1.43285513677053,25.0080398407595,2.55011036804204
0.00229755343172548,1.98970664041758,1.148833867563,0.523656226749997,30.0032917085205,0,8659.10526112852,5000,9996.70759324807,0.523656226749997,30.0032917085205,0.0250107222136517,1.43300882541634,25.0107222136517,2.55038389395479
0.00287217163693893,2.48732203170489,1.4361751352414,0.523670599137096,30.0041151856427,0,8658.81795202592,5000,9995.88416734721,0.523670599137096,30.0041151856427,0.0250134050849146,1.43316254261668,25.0134050849145,2.55065747068719
0.00574526266300621,4.97533702642968,2.87298877191745,0.52374248420487,30.0082338966362,0,8657.38140651288,5000,9991.76706882378,0.52374248420487,30.0082338966362,0.0250268269213885,1.43393155719995,25.0268269213885,2.55202611711323
0.00861835368907348,7.46324870156463,4.30998130399166,0.523814407852724,30.0123548181055,0,8655.94486099985,5000,9987.65002196014,0.523814407852724,30.0123548181055,0.0250402612368609,1.43470128677717,25.0402612368609,2.55339603604298
0.0114914447151408,9.95105698877467,5.74715282005892,0.523886370116536,30.0164779521061,0,8654.50831548682,5000,9983.53302679047,0.523886370116537,30.0164779521061,0.0250537080478072,1.4354717322923,25.0537080478072,2.55476722915646
0.014364535741208,12.4387618196529,7.18450340879053,0.523958371032231,30.0206033006965,0,8653.07176997378,5000,9979.41608334896,0.523958371032231,30.0206033006965,0.0250671673707307,1.43624289469092,25.0671673707307,2.55613969813654
0.026864535741208,23.2608504581099,13.4400926072461,0.524272077274891,30.0385773444078,0,8646.82176997378,5000,9961.50503902973,0.524272077274878,30.0385773444071,0.0251258710916247,1.43960637013986,25.1258710916247,2.56212581173231
0.039364535741208,34.0809738470064,19.6990804297099,0.524586518803345,30.0565935168919,0,8640.57176997378,5000,9943.59497733529,0.524586518803341,30.0565935168916,0.0251848133296535,1.44298351161396,25.1848133296535,2.56813624730703
0.051864535741208,44.8991263049975,25.9614742293951,0.524901698607675,30.0746519894677,0,8634.32176997378,5000,9925.68590110629,0.524901698607683,30.0746519894682,0.0252439954627307,1.44637439806187,25.2439954627307,2.57417114536877
0.064364535741208,55.7153021246119,32.2272813872579,0.525217619695255,30.0927529344453,0,8628.07176997378,5000,9907.77781319648,0.525217619695255,30.0927529344453,0.0253034188790874,1.44977910902336,25.3034188790874,2.58023064747772
0.076864535741208,66.5294955721389,38.4965093121003,0.525534285090845,30.1108965251304,0,8621.82176997378,5000,9889.87071647272,0.525534285090831,30.1108965251296,0.0253630849773725,1.45319772463511,25.3630849773725,2.58631489625637
0.089364535741208,77.341700887423,44.7691654407588,0.525851697836738,30.1290829358338,0,8615.57176997378,5000,9871.96461381508,0.525851697836734,30.1290829358335,0.0254229951667452,1.45663032563599,25.4229951667452,2.59242403539896
0.101864535741208,88.1519122836365,51.045257238307,0.526169860992954,30.1473123418815,0,8609.32176997378,5000,9854.05950811697,0.526169860992963,30.147312341882,0.0254831508669656,1.46007699337228,25.4831508669656,2.59855820968074
0.114364535741208,98.9601239471589,57.3247921981641,0.526488777637329,30.1655849196206,0,8603.07176997378,5000,9836.15540228521,0.526488777637329,30.1655849196206,0.0255435535084972,1.46353780980348,25.5435535084972,2.60471756496838
0.126864535741208,109.76633003746,63.6077778422002,0.526808450865613,30.1839008464246,0,8596.82176997378,5000,9818.25229924006,0.526808450865598,30.1839008464238,0.0256042045326114,1.46701285750837,25.6042045326114,2.61090224823068
0.139364535741208,120.570524686889,69.8942217209304,0.527128883791625,30.2022603007022,0,8590.57176997378,5000,9800.35020191535,0.527128883791621,30.2022603007019,0.0256651053914848,1.47050221969053,25.6651053914848,2.61711240754843
0.151864535741208,131.372702000438,76.1841314137232,0.527450079547452,30.2206634619085,0,8584.32176997378,5000,9782.44911325857,0.527450079547462,30.2206634619091,0.0257262575482931,1.47400598018377,25.7262575482931,2.62334819212402
0.164364535741208,142.172856055618,82.4775145289118,0.527772041283544,30.2391105105513,0,8578.07176997378,5000,9764.54903623098,0.527772041283544,30.2391105105513,0.0257876624773185,1.47752422345823,25.7876624773185,2.62960975229243
0.176864535741208,152.970980902338,88.774378703903,0.528094772168812,30.2576016281957,0,8571.82176997378,5000,9746.64997380762,0.528094772168797,30.2576016281948,0.0258493216640593,1.48105703462668,25.8493216640593,2.63589723953229
0.189364535741208,163.767070562689,95.074731605376,0.528418275390792,30.2761369974741,0,8565.57176997378,5000,9728.75192897745,0.528418275390788,30.2761369974738,0.0259112366053306,1.48460449945033,25.9112366053306,2.64221080647628
0.201864535741208,174.561119030697,101.378580929498,0.52874255415585,30.2947168020976,0,8559.32176997378,5000,9710.85490474344,0.52874255415586,30.2947168020982,0.0259734088093635,1.48816670434444,25.9734088093635,2.64855060692117
0.214364535741208,185.353120272196,107.685934402036,0.529067611689281,30.3133412268621,0,8553.07176997378,5000,9692.95890412269,0.529067611689281,30.3133412268621,0.0260358397959164,1.49174373638476,26.0358397959164,2.6549167958392
0.226864535741208,196.143068224707,113.996799778474,0.52939345123541,30.3320104576537,0,8546.82176997378,5000,9675.06393014644,0.529393451235394,30.3320104576528,0.0260985310963902,1.4953356833141,26.0985310963902,2.66130952938978
0.239364535741208,206.930956797204,120.31118484421,0.529720076057765,30.3507246814589,0,8540.57176997378,5000,9657.16998586019,0.52972007605776,30.3507246814586,0.0261614842539333,1.49894263354834,26.1614842539333,2.66772896493026
0.251864535741208,217.716779869873,126.629097414784,0.530047489439284,30.3694840863761,0,8534.32176997378,5000,9639.27707432386,0.530047489439295,30.3694840863767,0.026224700823545,1.50256467618239,26.224700823545,2.67417526102645
0.264364535741208,228.500531293971,132.950545335993,0.530375694682426,30.3882888616222,0,8528.07176997378,5000,9621.3851986118,0.530375694682426,30.3882888616222,0.0262881823721927,1.50620190099685,26.2881823721927,2.68064857746455
0.276864535741208,239.282204891702,139.275536484004,0.530704695109269,30.4071391975383,0,8521.82176997378,5000,9603.49436181294,0.530704695109253,30.4071391975373,0.0263519304789311,1.50985439846491,26.3519304789311,2.68714907526333
0.289364535741208,250.061794455982,145.604078765569,0.531034494061692,30.4260352855999,0,8515.57176997378,5000,9585.6045670308,0.531034494061687,30.4260352855996,0.0264159467350131,1.51352225975864,26.4159467350131,2.69367691668542
0.301864535741208,260.839293750181,151.936180118247,0.53136509490159,30.4449773184296,0,8509.32176997378,5000,9567.7158173837,0.531365094901601,30.4449773184302,0.0264802327439974,1.51720557675518,26.4802327439974,2.70023226524832
0.314364535741208,271.614696507981,158.27184851053,0.531696501010989,30.463965489803,0,8503.07176997378,5000,9549.8281160048,0.531696501010989,30.463965489803,0.0265447901218709,1.52090444204376,26.5447901218709,2.70681528573681
0.326864535741208,282.387996433252,164.611091941959,0.532028715792148,30.4829999946552,0,8496.82176997378,5000,9531.94146604216,0.532028715792131,30.4829999946543,0.0266096204971739,1.52461894893287,26.6096204971739,2.71342614421581
0.339364535741208,293.159187199802,170.953918443341,0.532361742667749,30.5020810290916,0,8490.57176997378,5000,9514.05587065889,0.532361742667744,30.5020810290913,0.0266747255111156,1.52834919145687,26.6747255111156,2.72006500804205
0.351864535741208,303.928262451113,177.300336076981,0.532695585081119,30.5212087904002,0,8484.32176997378,5000,9496.17133303323,0.53269558508113,30.5212087904008,0.0267401068176866,1.53209526438244,26.7401068176866,2.72673204587566
0.364364535741208,314.695215800201,183.650352936812,0.533030246496349,30.5403834770587,0,8478.07176997378,5000,9478.28785635869,0.533030246496349,30.5403834770587,0.0268057660837873,1.53585726321594,26.8057660837873,2.73342742769318
0.376864535741208,325.460040829473,190.00397714851,0.533365730398401,30.5596052887409,0,8471.82176997378,5000,9460.40544384405,0.533365730398384,30.5596052887399,0.0268717049893587,1.53963528421089,26.8717049893587,2.7401513248009
0.389364535741208,336.222731090485,196.361216869722,0.533702040293305,30.5788744263274,0,8465.57176997378,5000,9442.52409871355,0.5337020402933,30.5788744263271,0.0269379252275031,1.54342942437491,26.9379252275031,2.7469039098472
0.401864535741208,346.983280103656,202.722080290306,0.534039179708391,30.5981910919193,0,8459.32176997378,5000,9424.64382420696,0.534039179708403,30.59819109192,0.027004428504602,1.54723978147647,27.004428504602,2.75368535683459
0.414364535741208,357.741681358132,209.086575632456,0.534377152192408,30.617555488845,0,8453.07176997378,5000,9406.76462357973,0.534377152192408,30.6175554888451,0.0270712165404503,1.55106645405255,27.0712165404503,2.76049584113335
0.426864535741208,368.497928311635,215.454711150831,0.534715961315643,30.6369678216669,0,8446.82176997378,5000,9388.88650010297,0.534715961315625,30.6369678216659,0.0271382910683933,1.55490954141651,27.1382910683933,2.76733553949547
0.439364535741208,379.252014390209,221.826495132783,0.535055610670118,30.6564282961927,0,8440.57176997378,5000,9371.00945706369,0.535055610670112,30.6564282961924,0.0272056538354527,1.55876914366534,27.2056538354527,2.77420463006763
0.451864535741208,390.003932987933,228.201935898606,0.535396103869834,30.6759371194893,0,8434.32176997378,5000,9353.13349776483,0.535396103869846,30.67593711949,0.0272733066024507,1.5626453616867,27.2733066024507,2.78110329240369
0.464364535741208,400.753677466771,234.581041801666,0.535737444550899,30.6954944998905,0,8428.07176997378,5000,9335.2586255254,0.5357374445509,30.6954944998905,0.0273412511441495,1.566538297167,27.3412511441495,2.78803170747906
0.476864535741208,411.501241156422,240.963821228532,0.536079636371644,30.7151006470031,0,8421.82176997378,5000,9317.38484368058,0.536079636371625,30.715100647002,0.0274094892493953,1.57044805259955,27.4094892493953,2.79499005770526
0.489364535741208,422.246617354057,247.350282599209,0.536422683012832,30.7347557717193,0,8415.57176997378,5000,9299.51215558176,0.536422683012826,30.734755771719,0.0274780227212504,1.57437473129223,27.4780227212504,2.8019785269435
0.501864535741208,432.989799324018,253.7404343674,0.536766588177913,30.7544600862312,0,8409.32176997378,5000,9281.64056459678,0.536766588177926,30.7544600862319,0.0275468533771224,1.57831843737481,27.5468533771223,2.80899730051775
0.514364535741208,443.730780297666,260.134285020635,0.537111355593152,30.774213804038,0,8403.07176997378,5000,9263.77007410996,0.537111355593152,30.774213804038,0.0276159830489109,1.58227927580742,27.6159830489109,2.81604656522981
0.526864535741208,454.469553473227,266.531843080406,0.537456989007755,30.7940171399534,0,8396.82176997378,5000,9245.90068752218,0.537456989007735,30.7940171399523,0.0276854135831579,1.58625735238911,27.6854135831579,2.82312650937455
0.539364535741208,465.206112015516,272.933117102413,0.537803492194084,30.8138703101179,0,8390.57176997378,5000,9228.03240825103,0.537803492194078,30.8138703101176,0.0277551468411865,1.59025277376584,27.7551468411865,2.8302373227541
0.551864535741208,475.94044905563,279.338115676823,0.538150868947921,30.8337735320137,0,8384.32176997378,5000,9210.16523973098,0.538150868947934,30.8337735320145,0.0278251846992355,1.59426564743819,27.8251846992355,2.83737919669158
0.564364535741208,486.672557690789,285.746847428412,0.538499123088604,30.8537270244728,0,8378.07176997378,5000,9192.2991854134,0.538499123088604,30.8537270244729,0.0278955290486141,1.59829608177018,27.8955290486141,2.84455232404686
0.576864535741208,497.402430984173,292.159321016703,0.538848258459154,30.8737310076841,0,8371.82176997378,5000,9174.4342487667,0.538848258459134,30.8737310076829,0.0279661817958586,1.60234418599829,27.9661817958586,2.85175689923252
0.589364535741208,508.130061964644,298.575545136212,0.539198278926504,30.8937857032064,0,8365.57176997378,5000,9156.57043327647,0.539198278926497,30.8937857032061,0.0280371448628775,1.60641007023978,28.0371448628775,2.8589931182287
0.601864535741208,518.855443626421,304.995528516724,0.539549188381766,30.9138913339842,0,8359.32176997378,5000,9138.70774244558,0.53954918838178,30.913891333985,0.0281084201870939,1.6104938455008,28.1084201870939,2.86626117859757
0.614364535741208,529.57856892892,311.419279923437,0.539900990740382,30.9340481243556,0,8353.07176997378,5000,9120.84617979433,0.539900990740383,30.9340481243557,0.0281800097216057,1.61459562368564,28.1800097216057,2.8735612794997
0.626864535741208,540.299430796584,317.846808157097,0.540253689942248,30.9542563000602,0,8346.82176997378,5000,9102.9857488605,0.540253689942227,30.954256300059,0.0282519154353512,1.61871551760613,28.2519154353512,2.8808936217109
0.639364535741208,551.018022118594,324.278122054262,0.540607289951954,30.9745160882521,0,8340.57176997378,5000,9085.12645319949,0.540607289951948,30.9745160882518,0.0283241393132605,1.6228536409904,28.3241393132605,2.88825840763772
0.651864535741208,561.734335748536,330.71323048758,0.540961794759068,30.9948277175169,0,8334.32176997378,5000,9067.26829638452,0.540961794759083,30.9948277175177,0.0283966833564048,1.62701010849138,28.3966833564048,2.89565584133264
0.664364535741208,572.44836450423,337.152142365936,0.541317208378283,31.0151914178793,0,8328.07176997378,5000,9049.41128200667,0.541317208378283,31.0151914178794,0.0284695495821646,1.63118503569647,28.4695495821646,2.90308612851122
0.676864535741208,583.16010116756,343.594866634597,0.541673534849553,31.0356074208119,0,8321.82176997378,5000,9031.55541367501,0.541673534849531,31.0356074208107,0.0285427400244027,1.63537853913741,28.5427400244027,2.91054947656974
0.689364535741208,593.869538484172,350.04141227548,0.542030778238343,31.0560759592485,0,8315.57176997378,5000,9013.70069501671,0.542030778238337,31.0560759592482,0.0286162567336237,1.63959073629946,28.6162567336237,2.91804609460149
0.701864535741208,604.576669163127,356.491788307438,0.542388942635919,31.0765972676015,0,8309.32176997378,5000,8995.84712967723,0.542388942635934,31.0765972676024,0.0286901017771296,1.64382174563031,28.6901017771296,2.92557619341259
0.714364535741208,615.28148587673,362.946003786413,0.542748032159506,31.0971715817704,0,8303.07176997378,5000,8977.99472132043,0.542748032159507,31.0971715817704,0.0287642772391968,1.64807168655019,28.7642772391968,2.9331399855401
0.726864535741208,625.983981260347,369.404067805585,0.543108050952429,31.1177991391503,0,8296.82176997378,5000,8960.14347362861,0.543108050952407,31.117799139149,0.0288387852212573,1.65234067946229,28.8387852212573,2.94073768527043
0.739364535741208,636.684147912097,375.86598949565,0.543469003184371,31.1384801786463,0,8290.57176997378,5000,8942.29339030274,0.543469003184364,31.1384801786459,0.0289136278420658,1.65662884576232,28.9136278420658,2.94836950865645
0.751864535741208,647.381978392491,382.331778025111,0.543830893051675,31.1592149406914,0,8284.32176997378,5000,8924.44447506255,0.54383089305169,31.1592149406923,0.0289888072378631,1.66093630784785,28.9888072378631,2.95603567353409
0.764364535741208,658.077465224255,388.801442600438,0.544193724777511,31.1800036672553,0,8278.07176997378,5000,8906.59673164666,0.544193724777512,31.1800036672553,0.0290643255625616,1.66526318912897,29.0643255625616,2.96373639954129
0.776864535741208,668.770600892142,395.274992466224,0.544557502612023,31.2008466018532,0,8271.82176997378,5000,8888.75016381272,0.544557502611999,31.2008466018519,0.0291401849879354,1.66960961403918,29.1401849879354,2.97147190813738
0.789364535741208,679.461377842609,401.752436905463,0.544922230832592,31.2217439895611,0,8265.57176997378,5000,8870.90477533749,0.544922230832584,31.2217439895607,0.0292163877037956,1.6739757080454,29.2163877037956,2.97924242262093
0.801864535741208,690.149788483449,408.233785239862,0.545287913744158,31.2426960770339,0,8259.32176997378,5000,8853.06057001707,0.545287913744174,31.2426960770349,0.0292929359181615,1.67836159765783,29.2929359181615,2.98704816814727
0.814364535741208,700.835825183602,414.719046829997,0.545654555679389,31.2637031125152,0,8253.07176997378,5000,8835.21755166699,0.54565455567939,31.2637031125152,0.0293698318574555,1.68276741044107,29.3698318574555,2.99488937174831
0.826864535741208,711.519480272963,421.208231075474,0.546022160998835,31.284765345846,0,8246.82176997378,5000,8817.37572412231,0.54602216099881,31.2847653458446,0.0294470777667025,1.68719327502558,29.4470777667025,3.00276626235285
0.839364535741208,722.200746042048,427.701347415225,0.546390734091203,31.3058830284807,0,8240.57176997378,5000,8799.53509123777,0.546390734091195,31.3058830284803,0.0295246759097137,1.69163932111817,29.5246759097137,3.01067907080539
0.851864535741208,732.879614741612,434.198405327815,0.546760279373692,31.3270564135063,0,8234.32176997378,5000,8781.69565688799,0.546760279373709,31.3270564135073,0.0296026285692663,1.69610567951235,29.6026285692663,3.01862802988444
0.864364535741208,743.55607858245,440.699414331616,0.547130801292168,31.3482857556521,0,8228.07176997378,5000,8763.85742496757,0.547130801292168,31.3482857556521,0.0296809380473083,1.70059248210003,29.6809380473083,3.02661337432337
0.876864535741208,754.230129735206,447.204383984968,0.547502304321324,31.3695713112991,0,8221.82176997378,5000,8746.02039939119,0.547502304321298,31.3695713112976,0.0297596066651673,1.70509986188348,29.7596066651673,3.03463534083171
0.889364535741208,764.901760330018,453.713323886478,0.547874792964972,31.3909133384967,0,8215.57176997378,5000,8728.18458409378,0.547874792964964,31.3909133384962,0.0298386367637439,1.70962795298642,29.8386367637439,3.04269416811489
0.901864535741208,775.570962456126,460.226243675349,0.548248271756383,31.4123120969822,0,8209.32176997378,5000,8710.34998303073,0.548248271756401,31.4123120969832,0.0299180307037003,1.71417689066484,29.9180307037003,3.05079009689346
0.914364535741208,786.237728161669,466.74315303155,0.548622745258478,31.4337678481917,0,8203.07176997378,5000,8692.51660017796,0.548622745258479,31.4337678481918,0.0299977908656749,1.71874681131926,29.9977908656749,3.05892336992499
0.926864535741208,796.902049453481,473.264061675985,0.54899821806399,31.4552808552694,0,8196.82176997378,5000,8674.68443953205,0.548998218063962,31.4552808552679,0.0300779196505019,1.72333785250736,30.0779196505019,3.06709423202642
0.939364535741208,807.563918296725,479.788979370804,0.549374694795764,31.476851383085,0,8190.57176997378,5000,8656.85350511043,0.549374694795755,31.4768513830845,0.0301584194794144,1.72795015295558,30.1584194794144,3.07530293009483
0.951864535741208,818.223326614492,486.317915919736,0.549752180107124,31.4984796982541,0,8184.32176997378,5000,8639.02380095155,0.549752180107143,31.4984796982552,0.0302392927942423,1.73258385257045,30.2392927942423,3.08354971312755
0.964364535741208,828.880266287581,492.850881168271,0.550130678682061,31.5201660691497,0,8178.07176997378,5000,8621.195331115,0.550130678682061,31.5201660691497,0.0303205420576379,1.73723909245156,30.3205420576379,3.09183483224526
0.976864535741208,839.534729154295,499.387885003829,0.550510195235403,31.5419107659116,0,8171.82176997378,5000,8603.36809968164,0.550510195235375,31.54191076591,0.0304021697533062,1.74191601490473,30.4021697533062,3.10015854071536
0.989364535741208,850.18670701006,505.928937356085,0.550890734513138,31.5637140604647,0,8165.57176997378,5000,8585.54211075376,0.550890734513129,31.5637140604642,0.0304841783862187,1.74661476345426,30.4841783862187,3.10852109397386
1.00186453574121,860.836191607006,512.474048197312,0.55127230129278,31.5855762265406,0,8159.32176997378,5000,8567.71736845529,0.5512723012928,31.5855762265417,0.0305665704828208,1.75133548285479,30.5665704828208,3.11692274964649
1.01436453574121,871.483174653743,519.023227542563,0.551654900383579,31.6074975396889,0,8153.07176997378,5000,8549.89387693192,0.55165490038358,31.607497539689,0.0306493485912693,1.75607831910496,30.6493485912693,3.12536376757295
1.02686453574121,882.127647815147,525.576485449857,0.552038536626692,31.6294782772876,0,8146.82176997378,5000,8532.07164035122,0.552038536626663,31.6294782772859,0.0307325152816742,1.76084341946124,30.7325152816742,3.13384440983152
1.03936453574121,892.769602711964,532.133832020501,0.55242321489552,31.6515187185618,0,8140.57176997378,5000,8514.25066290281,0.552423214895511,31.6515187185613,0.0308160731463234,1.76563093245076,30.8160731463234,3.14236494076197
1.05186453574121,903.40903092038,538.695277399452,0.552808940096092,31.6736191446064,0,8134.32176997378,5000,8496.4309487986,0.552808940096112,31.6736191446076,0.0309000247999006,1.77044100788388,30.9000247999006,3.15092562698787
1.06436453574121,914.045923971784,545.260831775506,0.553195717167281,31.695779838398,0,8128.07176997378,5000,8478.6125022729,0.553195717167282,31.695779838398,0.0309843728797351,1.77527379686843,30.9843728797351,3.15952673744195
1.07686453574121,924.680273352545,551.830505381483,0.553583551080986,31.7180010848053,0,8121.82176997378,5000,8460.79532758252,0.553583551080955,31.7180010848036,0.0310691200460556,1.78012945182429,31.0691200460556,3.16816854339205
1.08936453574121,935.312070503609,558.404308494565,0.553972446842479,31.7402831706094,0,8115.57176997378,5000,8442.97942900699,0.55397244684247,31.7402831706089,0.0311542689822268,1.78500812649693,31.1542689822268,3.17685131846521
1.10186453574121,945.941306820044,564.982251436671,0.554362409490813,31.7626263845267,0,8109.32176997378,5000,8425.16481084877,0.554362409490834,31.7626263845279,0.0312398223949786,1.78990997597055,31.2398223949786,3.18557533867107
1.11436453574121,956.567973650798,571.564344574643,0.554753444099036,31.7850310172214,0,8103.07176997378,5000,8407.35147743339,0.554753444099037,31.7850310172215,0.0313257830146681,1.79483515668308,31.3257830146681,3.19434088242857
1.12686453574121,967.192062298469,578.150598320448,0.555145555774394,31.8074973613172,0,8096.82176997378,5000,8389.53943310955,0.555145555774362,31.8074973613154,0.0314121535955473,1.79978382644156,31.4121535955473,3.20314823059325
1.13936453574121,977.813564018885,584.741023131522,0.55553874965868,31.8300257114172,0,8090.57176997378,5000,8371.72868224935,0.55553874965867,31.8300257114166,0.0314989369160114,1.80475614443628,31.4989369160114,3.21199766648258
1.15186453574121,988.432470020629,591.335629511151,0.555933030928671,31.8526163641287,0,8084.32176997378,5000,8353.91922924848,0.555933030928693,31.85261636413,0.03158613577884,1.8097522712547,31.58613577884,3.22088947590054
1.16436453574121,999.048771464794,597.934428008678,0.556328404796345,31.8752696180762,0,8078.07176997378,5000,8336.11107852639,0.556328404796346,31.8752696180763,0.0316737530114726,1.81477236889716,31.6737530114726,3.22982394716571
1.17686453574121,1009.66245946474,604.537429219696,0.556724876509094,31.897985773913,0,8071.82176997378,5000,8318.30423452642,0.556724876509061,31.8979857739111,0.0317617914662907,1.81981660079309,31.7617914662907,3.23880137114006
1.18936453574121,1020.27352508566,611.144643786411,0.557122451350092,31.9207651343428,0,8065.57176997378,5000,8300.49870171596,0.557122451350082,31.9207651343422,0.0318502540208782,1.8248851318159,31.8502540208782,3.2478220412555
1.20186453574121,1030.88195934409,617.756082398039,0.557521134638743,31.9436080041449,0,8059.32176997378,5000,8282.69448458675,0.557521134638766,31.9436080041462,0.031939143578276,1.82997812829758,31.939143578276,3.25688625353979
1.21436453574121,1041.48775320764,624.37175579101,0.557920931730916,31.966514690188,0,8053.07176997378,5000,8264.89158765497,0.557920931730917,31.9665146901881,0.0320284630672715,1.83509575804529,32.0284630672715,3.26599430664615
1.22686453574121,1052.09089759476,630.991674749172,0.558321848019164,31.9894855014427,0,8046.82176997378,5000,8247.09001546141,0.558321848019129,31.9894855014407,0.0321182154426954,1.84023819035835,32.1182154426954,3.27514650188346
1.23936453574121,1062.69138337428,637.615850104172,0.558723888933106,32.0125207490031,0,8040.57176997378,5000,8229.28977257165,0.558723888933095,32.0125207490025,0.0322084036856962,1.845405596044,32.2084036856962,3.28434314324425
1.25186453574121,1073.2892013649,644.244292735854,0.559127059939899,32.0356207461144,0,8034.32176997378,5000,8211.49086357634,0.559127059939923,32.0356207461158,0.0322990308040077,1.85059814743268,32.2990308040077,3.29358453743202
1.26436453574121,1083.88434233493,650.877013572478,0.559531366544482,32.0587858081863,0,8028.07176997378,5000,8193.69329309133,0.559531366544484,32.0587858081864,0.0323900998322541,1.85581601839556,32.3900998322541,3.30287099389232
1.27686453574121,1094.47679700201,657.514023590932,0.559936814289802,32.0820162528062,0,8021.82176997378,5000,8175.89706575779,0.559936814289766,32.0820162528042,0.0324816138322625,1.86105938436239,32.4816138322625,3.31220282484462
1.28936453574121,1105.06655603266,664.155333817117,0.560343408757218,32.1053123997625,0,8015.57176997378,5000,8158.10218624246,0.560343408757207,32.1053123997619,0.0325735758933516,1.86632842233813,32.5735758933516,3.32158034531176
1.30186453574121,1115.65361004174,670.800955326367,0.560751155566989,32.1286745710723,0,8009.32176997378,5000,8140.30865923792,0.560751155567014,32.1286745710737,0.0326659891326136,1.87162331091897,32.6659891326136,3.33100387314869
1.31436453574121,1126.2379495922,677.450899243671,0.561160060378532,32.1521030909963,0,8003.07176997378,5000,8122.51648946269,0.561160060378533,32.1521030909964,0.0327588566952358,1.87694423031089,32.7588566952358,3.34047372907525
1.32686453574121,1136.81956519475,684.105176743893,0.561570128890657,32.1755982860523,0,7996.82176997378,5000,8104.72568166141,0.561570128890619,32.1755982860501,0.0328521817548292,1.8822913623484,32.8521817548292,3.3499902367097
1.33936453574121,1147.39844730743,690.763799052168,0.561981366841991,32.1991604850393,0,7990.57176997378,5000,8086.93624060508,0.561981366841979,32.1991604850387,0.0329459675137332,1.88766489051203,32.9459675137332,3.35955372259979
1.35186453574121,1157.97458633503,697.426777444341,0.562393780011486,32.222790019067,0,7984.32176997378,5000,8069.14817109128,0.562393780011512,32.2227900190685,0.0330402172033121,1.89306499994532,33.0402172033121,3.36916451625296
1.36436453574121,1168.54797262882,704.094123247188,0.562807374218688,32.2464872215708,0,7978.07176997378,5000,8051.36147794438,0.562807374218689,32.2464872215708,0.033134934084294,1.89849187747423,33.134934084294,3.37882295017096
1.37686453574121,1179.11859648624,710.765847838653,0.563222155323986,32.2702524283261,0,7971.82176997378,5000,8033.57616601567,0.563222155323947,32.2702524283239,0.0332301214471175,1.90394571162699,33.2301214471175,3.38852935988512
1.38936453574121,1189.68644815043,717.441962648251,0.563638129229051,32.2940859774739,0,7965.57176997378,5000,8015.79224018357,0.563638129229039,32.2940859774732,0.033325782612252,1.9094266926525,33.325782612252,3.39828408398913
1.40186453574121,1200.25151780963,724.122479157521,0.564055301877369,32.3179882095508,0,7959.32176997378,5000,7998.00970535398,0.564055301877396,32.3179882095524,0.0334219209305112,1.91493501253824,33.4219209305112,3.40808746417087
1.41436453574121,1210.81379559688,730.807408900261,0.564473679254524,32.3419594675056,0,7953.07176997378,5000,7980.22856646035,0.564473679254526,32.3419594675057,0.0335185397834096,1.92047086503071,33.5185397834096,3.41793984524884
1.42686453574121,1221.37327158977,737.496763462764,0.564893267388456,32.3660000967136,0,7946.82176997378,5000,7962.4488284639,0.564893267388414,32.3660000967112,0.0336156425835278,1.92603444565639,33.6156425835278,3.42784157520946
1.43936453574121,1231.92993580984,744.190554484244,0.565314072349918,32.3901104450036,0,7940.57176997378,5000,7944.67049635387,0.565314072349905,32.3901104450028,0.0337132327748513,1.9316259517411,33.7132327748513,3.43779300524147
1.45186453574121,1242.48377822206,750.888793657296,0.565736100253041,32.4142908626893,0,7934.32176997378,5000,7926.89357514776,0.56573610025307,32.4142908626909,0.0338113138330995,1.9372455824289,33.8113138330995,3.44779448976965
1.46436453574121,1253.03478873446,757.591492728146,0.566159357255622,32.4385417025865,0,7928.07176997378,5000,7909.11806989156,0.566159357255624,32.4385417025866,0.0339098892661031,1.94289353870368,33.9098892661031,3.45784638649316
1.47686453574121,1263.58295719785,764.298663496888,0.566583849559397,32.4628633200286,0,7921.82176997378,5000,7891.34398565986,0.566583849559354,32.4628633200261,0.0340089626141885,1.9485700234112,34.0089626141885,3.46794905642482
1.48936453574121,1274.1282734053,771.010317817931,0.567009583410521,32.4872560728939,0,7915.57176997378,5000,7873.57132755614,0.567009583410508,32.4872560728931,0.034108537450535,1.95427524127956,34.108537450535,3.47810286392754
1.50186453574121,1284.67072709147,777.72646760047,0.567436565100154,32.5117203216392,0,7909.32176997378,5000,7855.80010071305,0.567436565100184,32.5117203216409,0.0342086173815229,1.96000939893913,34.2086173815229,3.48830817674974
1.51436453574121,1295.21030793232,784.447124808747,0.567864800964768,32.5362564293177,0,7903.07176997378,5000,7838.03031029263,0.567864800964769,32.5362564293178,0.0343092060471301,1.96577270494528,34.3092060471301,3.4985653660659
1.52686453574121,1305.74700554477,791.172301462296,0.568294297386428,32.5608647615948,0,7896.82176997378,5000,7820.2619614864,0.568294297386383,32.5608647615922,0.0344103071213393,1.9715653698017,34.4103071213393,3.50887480651795
1.53936453574121,1316.28080948616,797.902009636403,0.568725060793298,32.5855456867772,0,7890.57176997378,5000,7802.49505951571,0.568725060793285,32.5855456867764,0.0345119243125137,1.97738760598197,34.5119243125137,3.51923687625373
1.55186453574121,1326.81170925357,804.636261462598,0.569157097660254,32.6102995758478,0,7884.32176997378,5000,7784.729609632,0.569157097660285,32.6102995758496,0.0346140613637648,1.98323962795057,34.6140613637648,3.52965195696439
1.56436453574121,1337.33969428354,811.375069128917,0.569590414509199,32.6351268024843,0,7878.07176997378,5000,7766.96561711702,0.569590414509201,32.6351268024844,0.0347167220533715,1.98912165218693,34.7167220533715,3.54012043392713
1.57686453574121,1347.86475395167,818.118444880166,0.570025017909368,32.660027743076,0,7871.82176997378,5000,7749.20308728295,0.570025017909321,32.6600277430732,0.0348199101952085,1.99503389720999,34.8199101952085,3.55064269604895
1.58936453574121,1358.38687757207,824.866401018387,0.570460914477849,32.6850027767541,0,7865.57176997378,5000,7731.44202547276,0.570460914477834,32.6850027767533,0.0349236296391447,2.00097658360098,34.9236296391447,3.56121913590724
1.60186453574121,1368.90605439668,831.618949903372,0.570898110880224,32.7100522854286,0,7859.32176997378,5000,7713.68243706045,0.570898110880257,32.7100522854304,0.0350278842714305,2.00694993402564,35.0278842714305,3.57185014978922
1.61436453574121,1379.42227361494,838.376103952936,0.571336613830911,32.735176653807,0,7853.07176997378,5000,7695.92432745132,0.571336613830913,32.7351766538071,0.0351326780151398,2.01295417325957,35.1326780151398,3.58253613773713
1.62686453574121,1389.9355243534,845.137875643184,0.571776430093468,32.7603762694126,0,7846.82176997378,5000,7678.16770208209,0.571776430093418,32.7603762694098,0.0352380148306241,2.01898952821417,35.2380148306241,3.59327750359441
1.63936453574121,1400.44579567515,851.904277508997,0.572217566481145,32.7856515226162,0,7840.57176997378,5000,7660.41256642121,0.57221756648113,32.7856515226154,0.0353438987159319,2.02505622796075,35.3438987159319,3.60407465504855
1.65186453574121,1410.9530765791,858.675322144566,0.572660029857563,32.8110028066741,0,7834.32176997378,5000,7642.65892596924,0.572660029857598,32.8110028066761,0.0354503337072177,2.03115450375394,35.4503337072177,3.61492800367279
1.66436453574121,1421.45735599961,865.451022203669,0.573103827137057,32.8364305177485,0,7828.07176997378,5000,7624.90678625898,0.573103827137059,32.8364305177486,0.0355573238792104,2.03728458905849,35.5573238792104,3.6258379649738
1.67686453574121,1431.95862280616,872.231390399953,0.573548965285006,32.8619350549262,0,7821.82176997378,5000,7607.15615285571,0.573548965284954,32.8619350549232,0.0356648733456911,2.04344671957672,35.6648733456911,3.63680495844056
1.68936453574121,1442.45686580266,879.016439507435,0.573995451318409,32.8875168202518,0,7815.57176997378,5000,7589.40703135746,0.573995451318394,32.8875168202509,0.035772986259938,2.04964113327393,35.772986259938,3.64782940758954
1.70186453574121,1452.9520737268,885.80618236105,0.574443292306594,32.9131762187677,0,7809.32176997378,5000,7571.65942739539,0.57444329230663,32.9131762187698,0.0358816668151576,2.05586807040315,35.8816668151576,3.65891174000883
1.71436453574121,1463.44423524957,892.600631856947,0.574892495371577,32.9389136585356,0,7803.07176997378,5000,7553.913346634,0.574892495371579,32.9389136585357,0.0359909192449798,2.06212777353351,35.9909192449798,3.67005238740852
1.72686453574121,1473.93333897498,899.399800952772,0.575343067688412,32.9647295506556,0,7796.82176997378,5000,7536.1687947713,0.575343067688357,32.9647295506525,0.0361007478239638,2.06842048757922,36.1007478239638,3.68125178567236
1.73936453574121,1484.41937343934,906.203702668192,0.575795016485792,32.9906243093016,0,7790.57176997378,5000,7518.42577753912,0.575795016485776,32.9906243093006,0.0362111568680672,2.07474645982642,36.2111568680672,3.69251037490552
1.75186453574121,1494.90232711051,913.012350085462,0.57624834904679,33.0165983517626,0,7784.32176997378,5000,7500.68430070354,0.576248349046829,33.0165983517648,0.036322150735103,2.0811059399594,36.322150735103,3.70382859948127
1.76436453574121,1505.38218838751,919.82575634973,0.576703072709243,33.0426520984659,0,7778.07176997378,5000,7482.94437006503,0.576703072709245,33.042652098466,0.0364337338252624,2.08749918009056,36.4337338252624,3.71520690809424
1.77686453574121,1515.85894560016,926.64393466933,0.577159194866107,33.0687859729966,0,7771.82176997378,5000,7465.20599145871,0.57715919486605,33.0687859729933,0.0365459105816498,2.09392643479103,36.5459105816498,3.72664575381499
1.78936453574121,1526.33258700831,933.466898316324,0.577616722966099,33.0950004021348,0,7765.57176997378,5000,7447.46917075464,0.577616722966082,33.0950004021338,0.0366586854907797,2.10038796111915,36.6586854907797,3.73814559414068
1.80186453574121,1536.80310080113,940.294660627094,0.578075664514467,33.1212958158994,0,7759.32176997378,5000,7429.73391385823,0.578075664514507,33.1212958159017,0.0367720630830594,2.10688401864813,36.7720630830595,3.74970689104429
1.81436453574121,1547.27047509665,947.127235002649,0.578536027073393,33.1476726475717,0,7753.07176997378,5000,7412.00022671046,0.578536027073395,33.1476726475719,0.0368860479333423,2.11341486949777,36.8860479333423,3.76133011103101
1.82686453574121,1557.73469794138,953.964634908939,0.578997818262371,33.1741313337165,0,7746.82176997378,5000,7394.2681152881,0.578997818262311,33.1741313337131,0.0370006446614941,2.11998077836687,37.0006446614941,3.77301572519607
1.83936453574121,1568.19575730957,960.806873877409,0.579461045758873,33.2006723142205,0,7740.57176997378,5000,7376.537585604,0.579461045758855,33.2006723142195,0.0371158579329181,2.12658201256336,37.1158579329181,3.78476420927821
1.85186453574121,1578.65364110239,967.653965505613,0.579925717299161,33.2272960323388,0,7734.32176997378,5000,7358.8086437076,0.579925717299203,33.2272960323413,0.0372316924590668,2.13321884203358,37.2316924590668,3.79657604371185
1.86436453574121,1589.10833714749,974.505923457538,0.580391840678711,33.2540029347194,0,7728.07176997378,5000,7341.08129568504,0.580391840678713,33.2540029347196,0.0373481529980269,2.13989153939582,37.3481529980269,3.80845171368683
1.87686453574121,1599.55983319863,981.362761463919,0.580859423752604,33.2807934714253,0,7721.82176997378,5000,7323.35554765947,0.580859423752541,33.2807934714217,0.0374652443551192,2.14660037997466,37.4652443551192,3.82039170920948
1.88936453574121,1610.00811693483,988.224493322824,0.581328474436232,33.3076680959749,0,7715.57176997378,5000,7305.63140579137,0.581328474436213,33.3076680959738,0.0375829713834543,2.15334564183288,37.5829713834543,3.83239652515938
1.90186453574121,1620.45317595961,995.091132900283,0.581799000706145,33.3346272653909,0,7709.32176997378,5000,7287.90887627899,0.581799000706189,33.3346272653934,0.0377013389844743,2.16012760580242,37.7013389844743,3.84446666134453
1.91436453574121,1630.89499780047,1001.96269413062,0.582271010600496,33.3616714402257,0,7703.07176997378,5000,7270.18796535855,0.582271010600499,33.3616714402258,0.0378203521085728,2.16694655551993,37.8203521085728,3.85660262256457
1.92686453574121,1641.33356990849,1008.83919101681,0.582744512219459,33.3888010845848,0,7696.82176997378,5000,7252.46867930454,0.582744512219393,33.3888010845811,0.0379400157557297,2.17380277746316,37.9400157557297,3.86880491867557
1.93936453574121,1651.76887965753,1015.72063763102,0.583219513725959,33.4160166661696,0,7690.57176997378,5000,7234.75102443002,0.583219513725939,33.4160166661685,0.0380603349761003,2.1806965609847,38.0603349761003,3.88107406465004
1.95186453574121,1662.20091434333,1022.60704811533,0.583696023346567,33.4433186563279,0,7684.32176997378,5000,7217.03500708713,0.583696023346614,33.4433186563305,0.0381813148705887,2.18762819834482,38.1813148705887,3.89341058063546
1.96436453574121,1672.62966118303,1029.49843668206,0.584174049371972,33.470707530081,0,7678.07176997378,5000,7199.32063366727,0.584174049371975,33.4707075300811,0.038302960591505,2.19459798474915,38.302960591505,3.90581499202123
1.97686453574121,1683.05510731475,1036.39481761408,0.584653600157408,33.4981837661487,0,7671.82176997378,5000,7181.60791060141,0.584653600157339,33.4981837661447,0.0384252773432379,2.20160621838719,38.4252773432379,3.91828782950731
1.98936453574121,1693.47723979674,1043.29620526547,0.585134684123434,33.5257478469933,0,7665.57176997378,5000,7163.89684436042,0.585134684123413,33.5257478469921,0.0385482703828789,2.20865320046811,38.5482703828789,3.93082962916785
2.00186453574121,1703.89604560643,1050.20261406221,0.585617309756864,33.5534002588737,0,7659.32176997378,5000,7146.18744145558,0.585617309756913,33.5534002588765,0.0386719450208305,2.21573923525555,38.6719450208305,3.94344093251319
2.01436453574121,1714.31151163998,1057.11405850249,0.586101485611269,33.5811414918733,0,7653.07176997378,5000,7128.4797084388,0.586101485611272,33.5811414918734,0.0387963066215022,2.22286463010753,38.7963066215022,3.95612228656087
2.02686453574121,1724.72362471178,1064.0305531571,0.586587220307423,33.608972039926,0,7646.82176997378,5000,7110.77365190289,0.58658722030735,33.6089720399218,0.0389213606040241,2.23002969551734,38.9213606040241,3.96887424390838
2.03936453574121,1735.13237155357,1070.9521126701,0.58707452253412,33.636892400863,0,7640.57176997378,5000,7093.069278482,0.587074522534098,33.6368924008618,0.039047112442909,2.23723474515145,39.047112442909,3.98169736280065
2.05186453574121,1745.53773881352,1077.87875175946,0.58756340104916,33.6649030764694,0,7634.32176997378,5000,7075.36659485203,0.587563401049212,33.6649030764724,0.0391735676686964,2.24448009588644,39.1735676686964,3.99459220719577
2.06436453574121,1755.93971305567,1084.81048521748,0.588053864679865,33.6930045725135,0,7628.07176997378,5000,7057.66560773095,0.588053864679869,33.6930045725137,0.0393007318686917,2.25176606785133,39.3007318686917,4.00755934684033
2.07686453574121,1766.33828075943,1091.74732791117,0.588545922323559,33.7211973987743,0,7621.82176997378,5000,7039.96632387907,0.588545922323482,33.7211973987699,0.0394286106877227,2.25909298447092,39.4286106877227,4.02059935734657
2.08936453574121,1776.73342831872,1098.68929478287,0.589039582948417,33.7494820690905,0,7615.57176997378,5000,7022.26875009943,0.589039582948394,33.7494820690891,0.039557209828842,2.26646117250606,39.557209828842,4.03371282026401
2.10186453574121,1787.12514204094,1105.63640085103,0.589534855594509,33.7778591014198,0,7609.32176997378,5000,7004.57289323832,0.589534855594564,33.7778591014229,0.0396865350540107,2.27387096209281,39.6865350540107,4.04690032314916
2.11436453574121,1797.5134081464,1112.58866121057,0.590031749374341,33.8063290178705,0,7603.07176997378,5000,6986.87876018559,0.590031749374344,33.8063290178707,0.0398165921848824,2.28132268678734,39.8165921848824,4.06016245964549
2.12686453574121,1807.89821276784,1119.54609103327,0.590530273473355,33.8348923447295,0,7596.82176997378,5000,6969.18635787486,0.590530273473274,33.8348923447249,0.0399473871036064,2.28881668361198,39.9473871036064,4.07349982956528
2.13936453574121,1818.27954194947,1126.50870556847,0.591030437150829,33.8635496125145,0,7590.57176997378,5000,6951.49569328405,0.591030437150804,33.8635496125131,0.0400789257535731,2.29635329309792,40.0789257535731,4.08691303896571
2.15186453574121,1828.65738164592,1133.47652014382,0.59153224974097,33.8923013560361,0,7584.32176997378,5000,6933.80677343583,0.591532249741027,33.8923013560394,0.0402112141401399,2.30393285932679,40.2112141401399,4.1004027002228
2.16436453574121,1839.03171772168,1140.44955016571,0.592035720653484,33.9211481144308,0,7578.07176997378,5000,6916.11960539795,0.592035720653487,33.921148114431,0.0403442583314638,2.31155572997839,40.3442583314638,4.11396943211635
2.17686453574121,1849.40253595054,1147.42781111961,0.592540859374105,33.950090431191,0,7571.82176997378,5000,6898.43419628351,0.59254085937402,33.9500904311862,0.0404780644593541,2.31922225637949,40.4780644593541,4.1276138599169
2.18936453574121,1859.76982201462,1154.41131857085,0.593047675465539,33.9791288542195,0,7565.57176997378,5000,6880.75055325148,0.593047675465514,33.9791288542181,0.0406126387200643,2.32693279354927,40.6126387200643,4.14133661546647
2.20186453574121,1870.13356150326,1161.40008816538,0.593556178568616,34.0082639358951,0,7559.32176997378,5000,6863.06868350716,0.593556178568676,34.0082639358986,0.040747987375063,2.33468770024347,40.747987375063,4.15513833725717
2.21436453574121,1880.49373991244,1168.39413563019,0.594066378402886,34.0374962331071,0,7553.07176997378,5000,6845.38859430257,0.59406637840289,34.0374962331073,0.0408841167519185,2.34248733900504,40.8841167519185,4.16901967052138
2.22686453574121,1890.8503426442,1175.39347677373,0.594578284767184,34.0668263072873,0,7546.82176997378,5000,6827.71029293668,0.594578284767095,34.0668263072821,0.0410210332452047,2.35033207621607,41.0210332452047,4.18298126732419
2.23936453574121,1901.20335500562,1182.39812748665,0.595091907540614,34.0962547244666,0,7540.57176997378,5000,6810.03378675598,0.595091907540588,34.0962547244651,0.0411587433173431,2.35822228214604,41.1587433173431,4.19702378664917
2.25186453574121,1911.55276220765,1189.40810374261,0.595607256683769,34.125782055345,0,7534.32176997378,5000,6792.35908315497,0.595607256683832,34.1257820553487,0.0412972534994214,2.36615833099872,41.2972534994214,4.21114789448195
2.26436453574121,1921.89854936452,1196.42342159876,0.596124342239355,34.1554088753273,0,7528.07176997378,5000,6774.68618957653,0.59612434223936,34.1554088753276,0.0414365703921344,2.37414060096605,41.4365703921344,4.22535426390607
2.27686453574121,1932.24070149312,1203.44409719609,0.596643174332788,34.185135764557,0,7521.82176997378,5000,6757.01511351222,0.596643174332694,34.1851357645516,0.0415767006667469,2.38216947428335,41.5767006667469,4.2396435752012
2.28936453574121,1942.57920351194,1210.4701467603,0.59716376317323,34.2149633079759,0,7515.57176997378,5000,6739.34586250282,0.597163763173202,34.2149633079743,0.0417176510659889,2.3902453372806,41.7176510659889,4.25401651593448
2.30186453574121,1952.91404023985,1217.50158660256,0.597686119054872,34.2448920953978,0,7509.32176997378,5000,6721.67844413887,0.597686119054939,34.2448920954016,0.0418594284049265,2.39836858043233,41.8594284049265,4.26847378104924
2.31436453574121,1963.24519639548,1224.53843312003,0.598210252357596,34.2749227215462,0,7503.07176997378,5000,6704.01286606105,0.598210252357601,34.2749227215464,0.042002039571962,2.40653959841489,42.002039571962,4.28301607296702
2.32686453574121,1973.57265659656,1231.58070279627,0.598736173547598,34.3050557860898,0,7496.82176997378,5000,6686.34913596051,0.598736173547499,34.3050557860841,0.0421454915298588,2.41475879016527,42.1454915298588,4.2976441016921
2.33936453574121,1983.89640535882,1238.62841220204,0.599263893178485,34.3352918937058,0,7490.57176997378,5000,6668.68726157938,0.599263893178455,34.3352918937041,0.0422897913166936,2.42302655893554,42.2897913166936,4.31235858490857
2.35186453574121,1994.21642709472,1245.68157799623,0.599793421892623,34.3656316541569,0,7484.32176997378,5000,6651.02725071144,0.599793421892693,34.3656316541609,0.042434946046783,2.43134331234602,42.434946046783,4.32716024807482
2.36436453574121,2004.53270611277,1252.74021692628,0.60032477042184,34.3960756823315,0,7478.07176997378,5000,6633.3691112024,0.600324770421845,34.3960756823318,0.0425809629117478,2.43970946244624,42.5809629117478,4.3420498245321
2.37686453574121,2014.8452266169,1259.80434582866,0.600857949588076,34.4266245982811,0,7471.82176997378,5000,6615.71285095033,0.600857949587971,34.4266245982751,0.042727849181604,2.44812542577742,42.727849181604,4.35702805561574
2.38936453574121,2025.15397270525,1266.87398162971,0.601392970304546,34.4572790272869,0,7465.57176997378,5000,6598.05847790616,0.601392970304514,34.4572790272851,0.042875612205777,2.45659162343062,42.875612205777,4.37209569075852
2.40186453574121,2035.45892836886,1273.94914134656,0.601929843577156,34.4880395999409,0,7459.32176997378,5000,6580.40600007436,0.601929843577231,34.4880395999451,0.043024259414087,2.46510848110319,43.024259414087,4.38725348759128
2.41436453574121,2045.76007749097,1281.0298420876,0.60246858050525,34.5189069521885,0,7453.07176997378,5000,6562.7554255133,0.602468580505255,34.5189069521888,0.0431737983178832,2.47367642916372,43.1737983178832,4.40250221205847
2.42686453574121,2056.05740384633,1288.11610105301,0.60300919228229,34.5498817253679,0,7446.82176997378,5000,6545.10676233562,0.603009192282179,34.5498817253616,0.0433242365112057,2.48229590271867,43.3242365112057,4.41784263853668
2.43936453574121,2066.35089109996,1295.20793553556,0.603551690197085,34.5809645662803,0,7440.57176997378,5000,6527.46001870881,0.603551690197052,34.5809645662784,0.0434755816718652,2.49096734167419,43.4755816718652,4.4332755499447
2.45186453574121,2076.64052280579,1302.30536292162,0.604096085635288,34.6121561272755,0,7434.32176997378,5000,6509.8152028559,0.604096085635366,34.61215612728,0.0436278415624936,2.49969119079632,43.6278415624936,4.44880173785071
2.46436453574121,2086.92628240589,1309.40840069164,0.604642390080176,34.6434570662969,0,7428.07176997378,5000,6492.17232305584,0.604642390080182,34.6434570662972,0.0437810240317522,2.50846789978023,43.7810240317522,4.4644220025954
2.47686453574121,2097.20815322974,1316.51706642068,0.60519061511338,34.6748680469229,0,7421.82176997378,5000,6474.53138764391,0.605190615113264,34.6748680469162,0.0439351370155696,2.51729792332114,43.9351370155696,4.48013715341831
2.48936453574121,2107.486118493,1323.63137777926,0.60574077241617,34.706389738441,0,7415.57176997378,5000,6456.89240501229,0.605740772416135,34.706389738439,0.0440901885382931,2.52618172118027,44.0901885382931,4.49594800857511
2.50186453574121,2117.76016129601,1330.75135253442,0.606292873771041,34.7380228159386,0,7409.32176997378,5000,6439.25538361079,0.606292873771124,34.7380228159433,0.0442461867138085,2.53511975824904,44.2461867138085,4.51185539545191
2.51436453574121,2128.030264623,1337.87700855019,0.606846931062537,34.7697679603498,0,7403.07176997378,5000,6421.62033194729,0.606846931062543,34.7697679603501,0.0444031397468273,2.5441125046228,44.4031397468273,4.52786015069645
2.52686453574121,2138.29641134138,1345.00836378815,0.607402956278018,34.8016258584997,0,7396.82176997378,5000,6403.98725858809,0.607402956277895,34.8016258584926,0.0445610559342086,2.55316043567654,44.5610559342086,4.54396312035288
2.53936453574121,2148.55858420037,1352.14543630835,0.607960961509021,34.8335972031824,0,7390.57176997378,5000,6386.3561721586,0.607960961508985,34.8335972031803,0.0447199436661855,2.56226403213523,44.7199436661855,4.56016515998689
2.55186453574121,2158.81676582947,1359.28824427036,0.608520958952935,34.8656826932568,0,7384.32176997378,5000,6368.72708134406,0.608520958953022,34.8656826932618,0.0448798114275602,2.5714237801422,44.8798114275602,4.57646713480752
2.56436453574121,2169.07093873764,1366.43680593381,0.609082960913865,34.8978830336962,0,7378.07176997378,5000,6351.09999488997,0.609082960913872,34.8978830336965,0.0450406677990775,2.58064017133793,45.0406677990775,4.59286991980723
2.57686453574121,2179.32108531253,1373.5911396589,0.609646979803452,34.9301989356351,0,7371.82176997378,5000,6333.47492160252,0.609646979803322,34.9301989356277,0.0452025214588348,2.58991370294077,45.2025214588348,4.60937439990566
2.58936453574121,2189.56718781905,1380.75126390745,0.610213028142302,34.9626311164516,0,7365.57176997378,5000,6315.85187034926,0.610213028142263,34.9626311164494,0.0453653811835916,2.599244877822,45.3653811835916,4.62598147008322
2.60186453574121,2199.80922839777,1387.91719724392,0.610781118561761,34.9951802998684,0,7359.32176997378,5000,6298.23085005991,0.610781118561853,34.9951802998738,0.0455292558500444,2.60863420457886,45.5292558500444,4.64269203551104
2.61436453574121,2210.04718906408,1395.08895833599,0.611351263804829,35.0278472160057,0,7353.07176997378,5000,6280.61186972675,0.611351263804836,35.0278472160061,0.0456941544362933,2.6180821976186,45.6941544362933,4.65950701170056
2.62686453574121,2220.28105170733,1402.26656595514,0.611923476727021,35.0606326014301,0,7346.82176997378,5000,6262.99493840512,0.611923476726883,35.0606326014223,0.0458600860233478,2.62758937724473,45.8600860233478,4.67642732465703
2.63936453574121,2230.51079808938,1409.45003897766,0.612497770297885,35.0935371992421,0,7340.57176997378,5000,6245.3800652141,0.612497770297844,35.0935371992398,0.046027059796525,2.63715626973715,46.027059796525,4.69345391102211
2.65186453574121,2240.73640984291,1416.63939638576,0.613074157602872,35.1265617591828,0,7334.32176997378,5000,6227.76725933734,0.61307415760297,35.1265617591884,0.0461950850468112,2.64678340743018,46.1950850468112,4.71058771821277
2.66436453574121,2250.9578684705,1423.83465726819,0.613652651844309,35.1597070376898,0,7328.07176997378,5000,6210.15653002354,0.613652651844316,35.1597070376902,0.0463641711724291,2.6564713288023,46.3641711724291,4.72782970458098
2.67686453574121,2261.17515534378,1431.03584082081,0.614233266342302,35.1929737979489,0,7321.82176997378,5000,6192.54788658689,0.614233266342157,35.1929737979406,0.0465343276804456,2.66622057856833,46.5343276804456,4.7451808395778
2.68936453574121,2271.38825170188,1438.24296634762,0.614816014536351,35.2263628099868,0,7315.57176997378,5000,6174.94133840785,0.614816014536307,35.2263628099843,0.0467055641882674,2.67603170776508,46.7055641882674,4.76264210390576
2.70186453574121,2281.59713864964,1445.45605326201,0.615400909987318,35.2598748507836,0,7309.32176997378,5000,6157.33689493398,0.615400909987421,35.2598748507895,0.0468778904250955,2.68590527383471,46.8778904250955,4.78021448966727
2.71436453574121,2291.80179715669,1452.6751210873,0.615987966378463,35.2935107043324,0,7303.07176997378,5000,6139.73456568044,0.615987966378471,35.2935107043328,0.0470513162336002,2.69584184072067,47.0513162336002,4.79789900053537
2.72686453574121,2302.00220805653,1459.90018945739,0.616577197516402,35.327271161694,0,7296.82176997378,5000,6122.13436023052,0.616577197516248,35.3272711616852,0.047225851571641,2.7058419789663,47.225851571641,4.81569665192915
2.73936453574121,2312.19835204489,1467.13127811783,0.617168617332805,35.3611570210943,0,7290.57176997378,5000,6104.53628823634,0.617168617332759,35.3611570210916,0.0474015065138656,2.71590626580638,47.4015065138656,4.83360847117676
2.75186453574121,2322.39020967787,1474.3684069271,0.617762239886494,35.3951690880444,0,7284.32176997378,5000,6086.94035941986,0.617762239886604,35.3951690880507,0.0475782912532651,2.72603528525629,47.5782912532651,4.85163549767404
2.76436453574121,2332.57776137095,1481.6115958572,0.618358079364529,35.4293081754031,0,7278.07176997378,5000,6069.34658357331,0.618358079364537,35.4293081754036,0.0477562161029662,2.73622962821466,47.7562161029662,4.86977878306722
2.77686453574121,2342.76098739807,1488.86086499429,0.618956150083224,35.4635751034347,0,7271.82176997378,5000,6051.75497055975,0.618956150083061,35.4635751034253,0.0479352914980717,2.74648989256884,47.9352914980717,4.88803939144067
2.78936453574121,2352.93986788984,1496.11623453986,0.619556466489951,35.4979706999126,0,7265.57176997378,5000,6034.16553031387,0.619556466489902,35.4979706999098,0.048115527997371,2.75681668329291,48.115527997371,4.90641839949126
2.80186453574121,2363.11438283164,1503.377724812,0.620159043165353,35.5324958002462,0,7259.32176997378,5000,6016.57827284297,0.620159043165469,35.5324958002528,0.0482969362850049,2.76721061254303,48.2969362850049,4.92491689669815
2.81436453574121,2373.28451206258,1510.64535624607,0.620763894824503,35.5671512475469,0,7253.07176997378,5000,5998.9932082275,0.620763894824512,35.5671512475474,0.0484795271723843,2.77767229976741,48.4795271723843,4.94353598551842
2.82686453574121,2383.45023527446,1517.91914939534,0.621371036317977,35.6019378926903,0,7246.82176997378,5000,5981.41034662155,0.621371036317804,35.6019378926804,0.0486633116001603,2.78820237181921,48.6633116001603,4.96227678158804
2.83936453574121,2393.61153200998,1525.19912493221,0.621980482633762,35.6368565944246,0,7240.57176997378,5000,5963.8296982538,0.621980482633711,35.6368565944216,0.0488483006400567,2.79880146306145,48.8483006400567,4.98114041390859
2.85186453574121,2403.7683816607,1532.48530364954,0.622592248899609,35.6719082195061,0,7234.32176997378,5000,5946.25127342844,0.622592248899732,35.6719082195131,0.0490345054966524,2.80947021546922,49.0345054966524,5.00012802502918
2.86436453574121,2413.92076346593,1539.77770646133,0.623206350384253,35.7070936427689,0,7228.07176997378,5000,5928.67508252582,0.623206350384262,35.7070936427694,0.049221937509437,2.82020927874742,49.221937509437,5.01924077125594
2.87686453574121,2424.06865651166,1547.07635440343,0.623822802498557,35.7424137471904,0,7221.82176997378,5000,5911.10113600295,0.623822802498374,35.74241374718,0.0494106081549221,2.83101931045172,49.4106081549221,5.03847982286735
2.88936453574121,2434.2120397287,1554.38126863478,0.624441620797534,35.7778694240073,0,7215.57176997378,5000,5893.52944439443,0.624441620797479,35.7778694240041,0.0496005290486044,2.84190097610107,49.6005290486044,5.05784636431446
2.90186453574121,2444.35089189047,1561.69247043877,0.625062820982836,35.8134615728578,0,7209.32176997378,5000,5875.96001831356,0.625062820982967,35.8134615728654,0.0497917119468771,2.85285494928718,49.7917119468771,5.07734159441574
2.91436453574121,2454.48519161186,1569.00998122404,0.625686418904059,35.849191101857,0,7203.07176997378,5000,5858.39286845286,0.625686418904069,35.8491911018576,0.0499841687492326,2.86388191180073,49.9841687492326,5.09696672658172
2.92686453574121,2464.61491734815,1576.3338225251,0.626312430559946,35.8850589276653,0,7196.82176997378,5000,5840.8280055847,0.626312430559751,35.8850589276542,0.0501779115005268,2.87498255376114,50.1779115005268,5.11672298904589
2.93936453574121,2474.74004739298,1583.66401600373,0.626940872100537,35.9210659756119,0,7190.57176997378,5000,5823.2654405623,0.626940872100479,35.9210659756086,0.0503729523930851,2.8861575737372,50.3729523930851,5.13661162507942
2.95186453574121,2484.86055987606,1591.00058345035,0.627571759829813,35.957213179846,0,7184.32176997378,5000,5805.70518432077,0.627571759829952,35.957213179854,0.0505693037687512,2.89740767886445,50.5693037687512,5.15663389320014
2.96436453574121,2494.97643276198,1598.34354678483,0.628205110207073,35.9935014834161,0,7178.07176997378,5000,5788.14724787779,0.628205110207084,35.9935014834167,0.0507669781212513,2.90873358498069,50.7669781212513,5.17679106741357
2.97686453574121,2505.08764384906,1605.69292805722,0.628840939848222,36.0299318383432,0,7171.82176997378,5000,5770.59164233425,0.628840939848015,36.0299318383314,0.050965988098624,2.92013601676514,50.965988098624,5.1970844374607
2.98936453574121,2515.19417076718,1613.04874944909,0.629479265528041,36.0665052057516,0,7165.57176997378,5000,5753.0383788752,0.629479265527979,36.0665052057481,0.0511663465054799,2.93161570786795,51.1663465054799,5.21751530904844
3.00186453574121,2525.29599097543,1620.41103327508,0.630120104183004,36.1032225560298,0,7159.32176997378,5000,5735.48746877108,0.630120104183151,36.1032225560383,0.0513680663052015,2.94317340103622,51.3680663052015,5.23808500407392
3.01436453574121,2535.39308176082,1627.77980198367,0.630763472912736,36.1400848689142,0,7153.07176997378,5000,5717.93892337837,0.630763472912748,36.1400848689149,0.0515711606224811,2.95480984825943,51.5711606224811,5.25879486088329
3.02686453574121,2545.48542023705,1635.15507815796,0.631409388981382,36.1770931335673,0,7146.82176997378,5000,5700.39275414025,0.631409388981163,36.1770931335547,0.0517756427459302,2.96652581091894,51.7756427459302,5.27964623453781
3.03936453574121,2555.57298334227,1642.53688451711,0.632057869820021,36.2142483487164,0,7140.57176997378,5000,5682.84897258765,0.632057869819955,36.2142483487127,0.0519815261305078,2.9783220599271,51.9815261305078,5.30064049706147
3.05186453574121,2565.65574783658,1649.92524391787,0.632708933029653,36.2515515228245,0,7134.32176997378,5000,5665.30759034051,0.63270893302981,36.2515515228335,0.052188824399882,2.99019937586261,52.188824399882,5.32177903768178
3.06436453574121,2575.73369030065,1657.32017935546,0.633362596382754,36.2890036741796,0,7128.07176997378,5000,5647.76861910846,0.633362596382766,36.2890036741803,0.0523975513491576,3.00215854912675,52.3975513491576,5.34306326310796
3.07686453574121,2585.80678713444,1664.72171396438,0.63401887782473,36.3266058309776,0,7121.82176997378,5000,5630.23207069156,0.634018877824496,36.3266058309642,0.0526077209476817,3.01420038010413,52.6077209476817,5.36449459781696
3.08936453574121,2595.87501455488,1672.12987101984,0.634677795476479,36.3643590314695,0,7115.57176997378,5000,5612.69795698134,0.634677795476409,36.3643590314655,0.0528193473416521,3.02632567931221,52.8193473416521,5.38607448431953
3.10186453574121,2605.93834859315,1679.54467393948,0.635339367637574,36.4022643241436,0,7109.32176997378,5000,5595.16628996222,0.635339367637741,36.4022643241532,0.0530324448566578,3.03853526754676,53.0324448566578,5.40780438341919
3.11436453574121,2615.99676509329,1686.96614628419,0.636003612787913,36.44032276782,0,7103.07176997378,5000,5577.63708171214,0.636003612787926,36.4403227678208,0.0532470280006116,3.05082997604996,53.2470280006116,5.42968577451133
3.12686453574121,2626.05023971085,1694.39431175895,0.636670549589261,36.4785354317393,0,7096.82176997378,5000,5560.11034440335,0.636670549589013,36.478535431725,0.0534631114667676,3.06321064668326,53.4631114667676,5.45172015589091
3.13936453574121,2636.09874791036,1701.82919421444,0.637340196887985,36.5169033957185,0,7090.57176997378,5000,5542.58609030361,0.637340196887911,36.5169033957142,0.0536807101365288,3.07567813208824,53.6807101365288,5.4739090450387
3.1518645357412,2646.14226496257,1709.27081764869,0.638012573718432,36.5554277503455,0,7084.32176997378,5000,5525.06433177751,0.63801257371861,36.5554277503557,0.0538998390821788,3.08823329584313,53.8998390821788,5.49625397889991
3.16436453574121,2656.18076594294,1716.71920620804,0.638687699304689,36.5941095970793,0,7078.07176997378,5000,5507.54508128731,0.638687699304703,36.5941095970801,0.0541205135700389,3.10087701264373,54.1205135700389,5.51875651420606
3.17686453574121,2666.21422573016,1724.17438418797,0.639365593062225,36.6329500483444,0,7071.82176997378,5000,5490.0283513937,0.63936559306196,36.6329500483292,0.0543427490637167,3.11361016848947,54.3427490637167,5.54141822780631
3.18936453574121,2676.24261900358,1731.63637603481,0.640046274600798,36.6719502276971,0,7065.57176997378,5000,5472.51415475699,0.640046274600719,36.6719502276925,0.0545665612271291,3.12643366085669,54.5665612271291,5.56424071697563
3.2018645357412,2686.26592024022,1739.10520634744,0.640729763728057,36.7111112700321,0,7059.32176997378,5000,5455.00250413868,0.640729763728246,36.7111112700429,0.0547919659274432,3.13934839886711,54.7919659274432,5.58722559971481
3.2143645357412,2696.28410371319,1746.58089987829,0.641416080451412,36.7504343216896,0,7053.07176997378,5000,5437.49341240219,0.641416080451427,36.7504343216904,0.0550189792384785,3.15235530348272,55.0189792384785,5.61037451509725
3.22686453574121,2706.29714349016,1754.06348153426,0.642105244979787,36.7899205405556,0,7046.82176997378,5000,5419.98689251369,0.642105244979505,36.7899205405394,0.0552476174442051,3.1654553077063,55.2476174442051,5.63368912362582
3.2393645357412,2716.30501343061,1761.55297637844,0.642797277726713,36.8295710962393,0,7040.57176997378,5000,5402.48295754348,0.642797277726629,36.8295710962345,0.0554778970420033,3.17864935676811,55.4778970420033,5.65717110756511
3.2518645357412,2726.30768718268,1769.04940963193,0.643492199314168,36.869387170293,0,7034.32176997378,5000,5384.98162066746,0.64349219931437,36.8693871703045,0.0557098347458325,3.19193840830747,55.7098347458325,5.68082217126465
3.2643645357412,2736.30513818149,1776.55280667486,0.644190030574568,36.9093699563262,0,7028.07176997378,5000,5367.48289516804,0.644190030574584,36.9093699563271,0.0559434474898978,3.20532343258288,55.9434474898978,5.70464404153282
3.2768645357412,2746.29733964757,1784.0631930474,0.64489079255264,36.949520660113,0,7021.82176997378,5000,5349.98679443499,0.64489079255234,36.9495206600958,0.0561787524324251,3.21880541268826,56.1787524324251,5.72863846802171
3.2893645357412,2756.28426458389,1791.58059445147,0.645594506508714,36.9898404997804,0,7015.57176997378,5000,5332.49333196684,0.645594506508623,36.9898404997753,0.0564157669591742,3.23238534475428,56.4157669591742,5.75280722358544
3.3018645357412,2766.26588577258,1799.10503675275,0.646301193922816,37.0303307060436,0,7009.32176997378,5000,5315.00252137251,0.646301193923032,37.0303307060559,0.0566545086868585,3.24606423814425,56.6545086868584,5.77715210462884
3.3143645357412,2776.24217577312,1806.63654598168,0.647010876496804,37.070992522327,0,7003.07176997378,5000,5297.51437637222,0.647010876496821,37.070992522328,0.0568949954671009,3.25984311568083,56.8949954671009,5.80167493151086
3.3268645357412,2786.21310692069,1814.1751483345,0.647723576156349,37.1118272048793,0,6996.82176997378,5000,5280.02891079843,0.647723576156028,37.1118272048609,0.0571372453905087,3.27372301387947,57.1372453905087,5.82637754896002
3.3393645357412,2796.17865132305,1821.72087017514,0.648439315054457,37.1528360229743,0,6990.57176997378,5000,5262.54613859726,0.648439315054361,37.1528360229688,0.0573812767904662,3.2877049831657,57.3812767904662,5.85126182646125
3.3518645357412,2806.13878085702,1829.27373803717,0.64915811557584,37.1940202591613,0,6984.32176997378,5000,5245.06607383028,0.64915811557607,37.1940202591745,0.0576271082468259,3.30179008808666,57.6271082468259,5.87632965863224
3.3643645357412,2816.09346716664,1836.83377862502,0.649880000339181,37.2353812093956,0,6978.07176997378,5000,5227.58873067546,0.6498800003392,37.2353812093966,0.0578747585901818,3.31597940755592,57.8747585901818,5.9015829656592
3.3768645357412,2826.04268166134,1844.40101881493,0.650604992199268,37.2769201831599,0,6971.82176997378,5000,5210.1141234281,0.650604992198925,37.2769201831402,0.0581242469062709,3.33027403510566,58.1242469062709,5.92702369374567
3.3893645357412,2835.9863955127,1851.97548565697,0.651333114250739,37.3186385036796,0,6965.57176997378,5000,5192.64226650243,0.651333114250635,37.3186385036737,0.0583755925400722,3.34467507912151,58.3755925400722,5.9526538155305
3.4018645357412,2845.9245796507,1859.55720637715,0.652064389832754,37.36053750819,0,6959.32176997378,5000,5175.17317443344,0.652064389833,37.3605375082041,0.0586288150997943,3.35918366307109,58.6288150997943,5.97847533049455
3.4143645357412,2855.85720476177,1867.14620837855,0.652798842531422,37.4026185480757,0,6953.07176997378,5000,5157.7068618779,0.652798842531442,37.4026185480769,0.0588839344614952,3.37380092576862,58.8839344614952,6.00449026543165
3.4268645357412,2865.78424128686,1874.7425192425,0.653536496182071,37.4448829890003,0,6946.82176997378,5000,5140.24334361534,0.653536496181704,37.4448829889793,0.0591409707738421,3.3885280216477,59.1409707738421,6.03070067493406
3.4393645357412,2875.705659418,1882.34616673051,0.654277374873252,37.4873322111362,0,6940.57176997378,5000,5122.78263454978,0.654277374873142,37.4873322111299,0.0593999444625442,3.40336612101527,59.3999444625442,6.05710864184448
3.4518645357412,2885.62142909434,1889.95717878664,0.655021502951738,37.5299676094506,0,6934.32176997378,5000,5105.32474971162,0.655021502952,37.5299676094656,0.0596608762346656,3.41831641029869,59.6608762346656,6.0837162776958
3.4643645357412,2895.53152000008,1897.57558353859,0.655768905025109,37.5727905938541,0,6928.07176997378,5000,5087.86970425874,0.655768905025131,37.5727905938553,0.0599237870836243,3.43338009233223,59.9237870836243,6.1105257232209
3.4768645357412,2905.43590156241,1905.20140929892,0.656519605964188,37.6158025893398,0,6921.82176997378,5000,5070.41751347757,0.656519605963795,37.6158025893173,0.0601886982943437,3.44855838665215,60.1886982943437,6.13753914887792
3.4893645357412,2915.33454294787,1912.83468456718,0.657273630907318,37.6590050362288,0,6915.57176997378,5000,5052.96819278485,0.6572736309072,37.659005036222,0.0604556314480516,3.46385252977173,60.4556314480516,6.16475875533965
3.5018645357412,2925.2274130582,1920.47543803227,0.658031005265709,37.702399390476,0,6909.32176997378,5000,5035.5217577297,0.65803100526599,37.7023993904921,0.0607246084269494,3.47926377544875,60.7246084269494,6.19218677396964
3.5143645357412,2935.11448052804,1928.12369857366,0.658791754726208,37.7459871238294,0,6903.07176997378,5000,5018.07822399476,0.658791754726231,37.7459871238307,0.0609956514196259,3.49479339499571,60.9956514196259,6.21982546737427
3.5268645357412,2944.99571372286,1935.77949526264,0.659555905253899,37.7897697239788,0,6896.82176997378,5000,5000.63760739734,0.659555905253478,37.7897697239547,0.0612687829266388,3.5104426775996,61.2687829266388,6.24767712997189
3.5393645357412,2954.87108073505,1943.44285736458,0.660323483096686,37.8337486948182,0,6890.57176997378,5000,4983.19992389125,0.660323483096559,37.833748694811,0.0615440257657155,3.52621293061989,61.5440257657155,6.27574408852314
3.5518645357412,2964.74054937947,1951.11381434134,0.661094514791013,37.877925556774,0,6884.32176997379,5000,4965.76518956906,0.661094514791314,37.8779255567913,0.0618214030768112,3.54210547987836,61.8214030768112,6.3040287026468
3.5643645357412,2974.6040871911,1958.79239585262,0.661869027164835,37.9223018469747,0,6878.07176997378,5000,4948.33342066323,0.66186902716486,37.9223018469761,0.0621009383279804,3.55812166999549,62.1009383279804,6.3325333654184
3.5768645357412,2984.46166142279,1966.47863175725,0.6626470473404,37.9668791194106,0,6871.82176997378,5000,4930.90463354737,0.66264704733995,37.9668791193848,0.0623826553214279,3.57426286473715,62.3826553214279,6.36126050398739
3.5893645357412,2994.3132390411,1974.17255211553,0.663428602739157,38.011658945215,0,6865.57176997378,5000,4913.47884473823,0.663428602739021,38.0116589452072,0.0626665781991518,3.59053044733793,62.6665781991518,6.39021258015242
3.6018645357412,3004.15878672162,1981.87418719178,0.664213721087885,38.0566429130154,0,6859.32176997379,5000,4896.05607089799,0.664213721088207,38.0566429130339,0.062952731448429,3.60692582081547,62.952731448429,6.41939209092086
3.6143645357412,3013.99827084645,1989.58356745578,0.665002430421877,38.1018326291157,0,6853.07176997379,5000,4878.63632883555,0.665002430421904,38.1018326291173,0.0632411399081872,3.62345040833549,63.2411399081872,6.4488015691584
3.6268645357412,3023.83165750179,1997.30072358409,0.665794759087926,38.1472297176676,0,6846.82176997378,5000,4861.21963550787,0.665794759087442,38.1472297176399,0.063531828775575,3.64010565358824,63.531828775575,6.47844358425915
3.6393645357412,3033.65891247358,2005.02568646248,0.666590735749581,38.1928358209713,0,6840.57176997379,5000,4843.80600802199,0.666590735749434,38.1928358209629,0.0638248236120871,3.65689302113951,63.8248236120871,6.50832074277017
3.6518645357412,3043.48000124245,2012.75848718869,0.667390389393721,38.2386525998528,0,6834.32176997379,5000,4826.39546363757,0.667390389394067,38.2386525998726,0.0641201503495227,3.67381399677194,64.1201503495227,6.53843568899907
3.6643645357412,3053.29488898112,2020.49915707387,0.668193749333977,38.2846817338594,0,6828.07176997379,5000,4808.98801976822,0.668193749334006,38.284681733861,0.064417835296906,3.69087008788158,64.417835296906,6.56879110571969
3.6768645357412,3063.10354055177,2028.24772764396,0.669000845213926,38.3309249214428,0,6821.82176997379,5000,4791.58369398288,0.669000845213407,38.3309249214131,0.0647179051476272,3.70806282388703,64.7179051476272,6.59938971490032
3.6893645357412,3072.90592050147,2036.00423064232,0.669811707012735,38.3773838802829,0,6815.57176997379,5000,4774.18250400805,0.669811707012577,38.3773838802739,0.0650203869861004,3.7253937566109,65.0203869861004,6.63023427838257
3.7018645357412,3082.70199305676,2043.76869803254,0.670626365052218,38.4240603476918,0,6809.32176997379,5000,4756.78446773041,0.67062636505259,38.424060347713,0.0653253082942387,3.74286446065083,65.3253082942387,6.66132759854168
3.7143645357412,3092.49172212091,2051.54116199997,0.671444850000511,38.4709560808239,0,6803.07176997379,5000,4739.38960319832,0.671444850000542,38.4709560808257,0.065632696958982,3.76047653381078,65.632696958982,6.69267251905411
3.7268645357412,3102.27507127111,2059.32165495322,0.672267192875497,38.5180728568733,0,6796.82176997379,5000,4721.9979286232,0.672267192874939,38.5180728568413,0.0659425812800644,3.77823159754608,65.9425812800644,6.72427192568965
3.7393645357412,3112.05200375363,2067.11020952687,0.673093425050873,38.5654124734202,0,6790.57176997379,5000,4704.60946238196,0.673093425050704,38.5654124734105,0.0662549899772598,3.79613129737855,66.2549899772598,6.75612874705019
3.7518645357412,3121.82248247804,2074.90685858442,0.673923578263729,38.6129767488661,0,6784.32176997379,5000,4687.22422301978,0.673923578264129,38.612976748889,0.0665699521974265,3.81417730330018,66.5699521974265,6.78824595528815
3.7643645357412,3131.58647001426,2082.71163521995,0.674757684618496,38.6607675226593,0,6778.07176997379,5000,4669.84222925165,0.67475768461853,38.6607675226612,0.0668874975227034,3.83237131024265,66.8874975227034,6.82062656694217
3.7768645357412,3141.34392858966,2090.52457275964,0.675595776590634,38.7087866555066,0,6771.82176997379,5000,4652.46349996393,0.675595776590033,38.7087866554722,0.0672076559789694,3.85071503856212,67.2076559789694,6.85327364379981
3.7893645357412,3151.09482008379,2098.34570476461,0.676437887033143,38.7570360297462,0,6765.57176997379,5000,4635.08805421688,0.67643788703296,38.7570360297358,0.0675304580437354,3.86921023449132,67.5304580437354,6.88619029370227
3.8018645357412,3160.83910602233,2106.17506503411,0.677284049184722,38.8055175498154,0,6759.32176997379,5000,4617.71591124763,0.677284049185151,38.80551754984,0.0678559346538193,3.88785867057935,67.8559346538193,6.91937967132704
3.8143645357412,3170.57674757389,2114.01268760713,0.678134296674012,38.8542331424933,0,6753.07176997379,5000,4600.34709047183,0.678134296674048,38.8542331424954,0.0681841172142777,3.90666214620341,68.1841172142777,6.95284497909864
3.8268645357412,3180.30770554691,2121.85860676413,0.678988663523568,38.9031847571288,0,6746.82176997379,5000,4582.9816114853,0.678988663522921,38.9031847570917,0.0685150376076301,3.92562248809732,68.5150376076301,6.98658946812929
3.8393645357412,3190.03194038409,2129.71285702992,0.679847184156857,38.9523743660411,0,6740.57176997379,5000,4565.61949406673,0.67984718415666,38.9523743660299,0.0688487282024661,3.94474155084463,68.8487282024661,7.02061643909654
3.8518645357412,3199.74941215593,2137.57547317705,0.680709893407047,39.001803965024,0,6734.32176997379,5000,4548.26075818083,0.68070989340751,39.0018039650505,0.0691852218618135,3.96402121735815,69.1852218618135,7.05492924309662
3.8643645357412,3209.46008055729,2145.44649022756,0.681576826521577,39.0514755736066,0,6728.07176997379,5000,4530.90542398013,0.681576826521616,39.0514755736089,0.0695245519528861,3.9834633994384,69.5245519528861,7.08953128263842
3.8768645357412,3219.16390490412,2153.32594345468,0.682448019166426,39.1013912352993,0,6721.82176997379,5000,4513.5535118067,0.682448019165728,39.1013912352593,0.0698667523571515,4.00307003835047,69.8667523571515,7.12442601267012
3.8893645357412,3228.86084412749,2161.21386838598,0.683323507433658,39.1515530180249,0,6715.57176997379,5000,4496.20504219503,0.683323507433446,39.1515530180128,0.0702118574797288,4.0228431053625,70.2118574797288,7.15961694153751
3.9018645357412,3238.55085676671,2169.11030080686,0.68420332785089,39.2019630146618,0,6709.32176997379,5000,4478.86003587544,0.684203327851389,39.2019630146904,0.0705599022585253,4.0427846022691,70.5599022585253,7.19510763191561
3.9143645357412,3248.23390096568,2177.01527676239,0.685087517386214,39.2526233433255,0,6703.07176997379,5000,4461.51851377593,0.685087517386257,39.2526233433279,0.0709109221748842,4.0628965620015,70.9109221748842,7.23090170189455
3.9268645357412,3257.90993446939,2184.92883255915,0.685976113452808,39.3035361476332,0,6696.82176997379,5000,4444.18049702406,0.685976113452055,39.3035361475901,0.0712649532645891,4.08318104925801,71.2649532645891,7.26700282610159
3.9393645357412,3267.57891461753,2192.85100476849,0.686869153917059,39.3547035971692,0,6690.57176997379,5000,4426.84600695001,0.68686915391683,39.3547035971561,0.0716220321281358,4.10364016109257,71.6220321281358,7.30341473674862
3.9518645357412,3277.24079833716,2200.78183023024,0.687766677108783,39.4061278880701,0,6684.32176997379,5000,4409.51506509021,0.687766677109321,39.4061278881009,0.0719821959407189,4.12427602748692,71.982195940719,7.34014122465051
3.9643645357412,3286.89554213882,2208.72134605463,0.688668721826532,39.4578112433292,0,6678.07176997379,5000,4392.18769318936,0.688668721826578,39.4578112433318,0.0723454824638795,4.14509081201801,72.3454824638795,7.37718614041284
3.9768645357412,3296.54310211274,2216.66958962422,0.689575327342576,39.5097559130818,0,6671.82176997379,5000,4374.86391320238,0.689575327341762,39.5097559130352,0.0727119300575451,4.16608671254777,72.7119300575451,7.41455339565959
3.9893645357412,3306.18343392212,2224.62659859733,0.690486533411658,39.5619641751069,0,6665.57176997379,5000,4357.54374729771,0.69048653341141,39.5619641750927,0.073081577691272,4.18726596186731,73.0815776912719,7.45224696417961
4.0018645357412,3315.81649279519,2232.59241091197,0.691402380282039,39.61443833546,0,6659.32176997379,5000,4340.2272178612,0.69140238028262,39.6144383354933,0.0734544649551746,4.20863082832312,73.4544649551746,7.49027088304106
4.0143645357412,3325.44223352111,2240.56706478783,0.692322908701227,39.6671807288014,0,6653.07176997379,5000,4322.91434749821,0.692322908701277,39.6671807288042,0.0738306320726818,4.23018361654788,73.8306320726818,7.52862925389218
4.0268645357412,3335.06061044592,2248.55059872833,0.693248159921359,39.7201937187042,0,6646.82176997379,5000,4305.60515903579,0.693248159920479,39.7201937186538,0.0742101199137265,4.25192666821627,74.2101199137265,7.56732624430631
4.0393645357412,3344.67157746531,2256.54305152423,0.694178175708658,39.773479698197,0,6640.57176997379,5000,4288.29967552612,0.694178175708389,39.7734796981816,0.0745929700070663,4.27386236275083,74.5929700070663,7.60636608903818
4.0518645357412,3354.27508801617,2264.54446225776,0.69511299835537,39.8270410904468,0,6634.32176997379,5000,4270.9979202507,0.695112998355999,39.8270410904829,0.0749792245522592,4.29599311800813,74.9792245522593,7.64575309124515
4.0643645357412,3363.87109507221,2272.55487030473,0.696052670685968,39.8808803491153,0,6628.07176997379,5000,4253.69991672266,0.696052670686022,39.8808803491184,0.0753689264336512,4.3183213910802,75.3689264336512,7.68549162391349
4.0768645357412,3373.45955113958,2280.57431533666,0.696997236062961,39.9349999586912,0,6621.82176997379,5000,4236.40568868896,0.696997236062008,39.9349999586366,0.0757621192348452,4.34084967912354,75.7621192348452,7.72558613133386
4.0893645357412,3383.04040824917,2288.60283732465,0.697946738397127,39.9894024350767,0,6615.57176997379,5000,4219.11526013418,0.697946738396835,39.98940243506,0.0761588472522198,4.3635805201337,76.1588472522198,7.76604113047981
4.1018645357412,3392.61361794757,2296.64047654363,0.698901222160431,40.0440903263278,0,6609.32176997379,5000,4201.828655285,0.698901222161111,40.0440903263668,0.0765591555080688,4.38651649369809,76.5591555080688,7.80686121234762
4.1143645357412,3402.17913129234,2304.68727357466,0.69986073239274,40.0990662130387,0,6603.07176997379,5000,4184.5458986126,0.699860732392799,40.0990662130421,0.0769630897659589,4.40966022187594,76.9630897659589,7.84805104352239
4.1268645357412,3411.73689884735,2312.74326930718,0.700825314708113,40.1543327087026,0,6596.82176997379,5000,4167.26701483507,0.70082531470708,40.1543327086434,0.0773706965466233,4.43301437010893,77.3706965466233,7.88961536779872
4.1393645357412,3421.28687067454,2320.80850494301,0.701795015305876,40.2098924603457,0,6590.57176997379,5000,4149.9920289215,0.701795015305559,40.2098924603275,0.0777820231428145,4.45658164807217,77.7820231428145,7.93155900769524
4.1518645357412,3430.82899632421,2328.88302200091,0.702769880984623,40.2657481493301,0,6584.32176997379,5000,4132.72096609668,0.702769880985361,40.2657481493723,0.0781971176337397,4.48036481050131,78.1971176337397,7.97388686592666
4.1643645357412,3440.36322482995,2336.96686231898,0.703749959149491,40.3219024917699,0,6578.07176997379,5000,4115.45385184379,0.703749959149555,40.3219024917736,0.078616028901946,4.50436665816001,78.616028901946,8.01660392712558
4.1768645357412,3449.88950470366,2345.06006805702,0.704735297818977,40.3783582389225,0,6571.82176997379,5000,4098.19071190691,0.704735297817856,40.3783582388583,0.0790388066508023,4.52859003884151,79.0388066508023,8.05971525962508
4.1893645357412,3459.4077839267,2353.16268170074,0.705725945636943,40.4351181778758,0,6565.57176997379,5000,4080.93157229541,0.705725945636598,40.435118177856,0.07946550142084,4.55303784830498,79.46550142084,8.10322601712511
4.2018645357412,3468.9180099395,2361.27474606661,0.706721951887801,40.4921851324186,0,6559.32176997379,5000,4063.67645928903,0.706721951888601,40.4921851324644,0.0798961646056337,4.57771303118532,79.8961646056337,8.1471414403118
4.2143645357412,3478.42012963606,2369.39630430435,0.707723366504409,40.549561963493,0,6553.07176997379,5000,4046.42539944072,0.707723366504479,40.549561963497,0.0803308484703923,4.60261858205842,80.3308484703923,8.19146685875322
4.2268645357412,3487.9140893587,2377.52739989942,0.708730240075473,40.6072515696182,0,6546.82176997379,5000,4029.17841957938,0.708730240074254,40.6072515695484,0.0807696061712131,4.62775754654432,80.7696061712131,8.23620769286282
4.2393645357412,3497.39983488847,2385.66807667751,0.70974262385856,40.6652568876366,0,6540.57176997379,5000,4011.93554681452,0.709742623858185,40.6652568876151,0.0812124917730865,4.65313302233877,81.2124917730865,8.28136945573529
4.2518645357412,3506.87731143404,2393.81837880958,0.710760569796607,40.7235808936592,0,6534.32176997379,5000,3994.69680854176,0.710760569797476,40.7235808937089,0.0816595602673905,4.67874816021567,81.6595602673905,8.32695775493064
4.2643645357412,3516.34646362579,2401.97835081455,0.711784130526487,40.7822266035566,0,6528.07176997379,5000,3977.46223244586,0.711784130526563,40.782226603561,0.0821108675923885,4.70460616520139,82.1108675923885,8.37297829456425
4.2768645357412,3525.80723551015,2410.14803756191,0.712813359387056,40.8411970734203,0,6521.82176997379,5000,3960.23184650366,0.71281335938573,40.8411970733443,0.082566470654467,4.73071029779172,82.566470654467,8.41943687747263
4.2893645357412,3535.25957053933,2418.32748427644,0.713848310433289,40.9004954003721,0,6515.57176997379,5000,3943.00567898909,0.71384831043288,40.9004954003486,0.0830264273480014,4.75706387509004,83.0264273480014,8.46633940723911
4.3018645357412,3544.70341155934,2426.51673654356,0.714889038454232,40.9601247235931,0,6509.32176997379,5000,3925.78375847911,0.714889038455177,40.9601247236473,0.0834907965746564,4.78367027191312,83.4907965746564,8.51369189016192
4.3143645357412,3554.13870080368,2434.71584031213,0.715935598982323,41.0200882248577,0,6503.07176997379,5000,3908.56611385691,0.715935598982406,41.0200882248625,0.0839596382660196,4.81053292208801,83.9596382660196,8.56150043756223
4.3268645357412,3563.56537988718,2442.92484189725,0.716988048302145,41.0803891290349,0,6496.82176997379,5000,3891.35277431514,0.716988048300699,41.0803891289521,0.0844330134070616,4.83765531979613,84.4330134070617,8.60977126817636
4.3393645357412,3572.98338979504,2451.1437879852,0.718046443465796,41.1410307049692,0,6490.57176997379,5000,3874.14376936123,0.718046443465349,41.1410307049435,0.0849109840580874,4.86504102083102,84.9109840580874,8.65851071039421
4.3518645357412,3582.39267086989,2459.37272563912,0.719110842312445,41.2020162666008,0,6484.32176997379,5000,3856.93912882383,0.719110842313474,41.2020162666597,0.0853936133760615,4.89269364382022,85.3936133760615,8.70772520443388
4.3643645357412,3591.79316280498,2467.61170230197,0.72018130347848,41.2633491735472,0,6478.07176997379,5000,3839.73888285626,0.720181303478571,41.2633491735524,0.0858809656396368,4.92061687165923,85.8809656396368,8.7574213048938
4.3768645357412,3601.18480463762,2475.86076579945,0.721257886407044,41.3250328316498,0,6471.82176997379,5000,3822.54306193991,0.721257886405467,41.3250328315594,0.0863731062751094,4.94881445299869,86.3731062751094,8.80760568339947
4.3893645357412,3610.56753473729,2484.11996434527,0.72234065136477,41.3870706939321,0,6465.57176997379,5000,3805.35169689011,0.722340651364281,41.3870706939041,0.0868701018807129,4.97729020363632,86.8701018807129,8.85828513108074
4.4018645357412,3619.94129079175,2492.38934654708,0.723429659463109,41.4494662618225,0,6459.32176997379,5000,3788.1648188629,0.723429659464231,41.4494662618868,0.0873720202502143,5.00604800786884,87.3720202502143,8.90946656097794
4.4143645357412,3629.30600979973,2500.66896140968,0.724524972669395,41.5122230857876,0,6453.07176997379,5000,3770.98245935888,0.724524972669494,41.5122230857933,0.0878789304006371,5.03509182008041,87.8789304006371,8.96115701086886
4.4268645357412,3638.66162806377,2508.95885833804,0.725626653817247,41.5753447659287,0,6446.82176997379,5000,3753.80465022684,0.725626653815523,41.5753447658299,0.0883909026010199,5.06442566639037,88.3909026010199,9.0133636462013
4.4393645357412,3648.00808117749,2517.2590871429,0.726734766624817,41.6388349530268,0,6440.57176997379,5000,3736.63142367,0.726734766624281,41.6388349529961,0.0889080083993455,5.09405364619617,88.9080083993455,9.06609376283905
4.4518645357412,3657.34530401057,2525.56969804703,0.72784937571808,41.7026973498777,0,6434.32176997379,5000,3719.46281225348,0.727849375719305,41.7026973499479,0.0894303206486931,5.12397993367177,89.4303206486931,9.11935478972872
4.4643645357412,3666.67323070086,2533.89074168861,0.728970546642915,41.7669357119835,0,6428.07176997379,5000,3702.29884890831,0.728970546643024,41.7669357119898,0.0899579135379912,5.15420877952967,89.9579135379912,9.17315429203563
4.4768645357412,3675.99179464665,2542.22226912446,0.730098345876471,41.8315538482044,0,6421.82176997379,5000,3685.13956693539,0.730098345874586,41.8315538480964,0.0904908626239375,5.18474451284975,90.4908626239375,9.22749997439875
4.4893645357412,3685.30092849298,2550.56433183589,0.731232840847087,41.8965556218995,0,6415.57176997379,5000,3667.98500001225,0.7312328408465,41.8965556218659,0.0910292448608961,5.21559154279228,91.0292448608961,9.28239968397935
4.5018645357412,3694.60056411536,2558.9169817354,0.732374099959762,41.9619449523866,0,6409.32176997379,5000,3650.83518220109,0.732374099961101,41.9619449524634,0.0915731386299289,5.24675436026133,91.5731386299289,9.33786141342139
4.5143645357412,3703.89063261124,2567.2802711702,0.733522192609366,42.027725815699,0,6403.07176997379,5000,3633.69014795311,0.733522192609486,42.0277258157058,0.0921226237729683,5.27823753986263,92.1226237729683,9.39389330433617
4.5268645357412,3713.17106429174,2575.65425292562,0.734677189193076,42.0939022452975,0,6396.82176997379,5000,3616.54993211284,0.734677189191009,42.0939022451791,0.0926777816283026,5.31004574193682,92.6777816283026,9.45050365092082
4.5393645357412,3722.44178866677,2584.03898023136,0.735839161132147,42.1604783333189,0,6390.57176997379,5000,3599.41456992535,0.735839161131501,42.160478333282,0.093238695063825,5.34218371446443,93.238695063825,9.50770090334875
4.5518645357412,3731.70273442749,2592.43450676849,0.737008180899816,42.2274582321738,0,6384.32176997379,5000,3582.28409704502,0.737008180901283,42.2274582322578,0.0938054485093163,5.37465629491558,93.8054485093163,9.5654936710616
4.5643645357412,3740.95382943705,2600.84088667323,0.738184322035767,42.2948461553754,0,6378.07176997379,5000,3565.1585495402,0.738184322035899,42.294846155383,0.0943781279944804,5.40746841242921,94.3781279944804,9.62389072664777
4.5768645357412,3750.19500072165,2609.25817454055,0.739367659159746,42.3626463783206,0,6371.82176997379,5000,3548.03796389787,0.739367659157478,42.3626463781906,0.0949568211884623,5.44062509007732,94.9568211884623,9.68290100987211
4.5893645357412,3759.42617445445,2617.68642543074,0.74055826799541,42.4308632396552,0,6365.57176997379,5000,3530.9223770315,0.7405582679947,42.4308632396145,0.0955416174368899,5.4741314469873,95.5416174368899,9.74253363145314
4.6018645357412,3768.64727593656,2626.12569487688,0.741756225400927,42.4995011430277,0,6359.32176997379,5000,3513.81182629048,0.741756225402536,42.4995011431199,0.0961326077978314,5.50799270040217,96.1326077978315,9.80279787672971
4.6143645357412,3777.85822958705,2634.57603888879,0.74296160938484,42.5685645579986,0,6353.07176997379,5000,3496.7063494652,0.742961609384985,42.5685645580069,0.0967298850842078,5.54221416811056,96.7298850842078,9.86370320998585
4.6268645357412,3787.05895893322,2643.03751395688,0.744174499121007,42.6380580208957,0,6346.82176997379,5000,3479.60598479209,0.744174499118514,42.6380580207529,0.0973335439078781,5.5768012709727,97.3335439078781,9.92525927894624
4.6393645357412,3796.24938659321,2651.51017705904,0.745394974974753,42.707986136313,0,6340.57176997379,5000,3462.51077096212,0.74539497497397,42.7079861362681,0.09794368072098,5.611759535289,97.94368072098,9.98747591899171
4.6518645357412,3805.4294342554,2659.99408566861,0.746623118536481,42.7783535790361,0,6334.32176997379,5000,3445.42074713105,0.746623118538248,42.7783535791374,0.098560393856054,5.64709459509903,98.560393856054,10.0503631572508
4.6643645357412,3814.59902266753,2668.48929775852,0.747859012639103,42.8491650950415,0,6328.07176997379,5000,3428.33595292495,0.747859012639264,42.8491650950507,0.0991837835734187,5.68281219489588,99.1837835734187,10.1139312174309
4.6768645357412,3823.75807162617,2676.99587180537,0.749102741374457,42.9204255024364,0,6321.82176997379,5000,3411.2564284456,0.749102741371712,42.9204255022791,0.0998139521104454,5.71891819244944,99.8139521104454,10.1781905248424
4.6893645357412,3832.90649995788,2685.51386679677,0.750354390122022,42.9921396931047,0,6315.57176997379,5000,3394.18221427978,0.750354390121158,42.9921396930552,0.100451003727779,5.75541856145465,100.451003727779,10.2431517111123
4.7018645357412,3842.04422549681,2694.0433422397,0.751614045585907,43.0643126348259,0,6309.32176997379,5000,3377.11335151034,0.751614045587851,43.0643126349373,0.101095044754195,5.79231939410154,101.095044754195,10.3088256187582
4.7143645357412,3851.17116507291,2702.58435816493,0.752881795814027,43.136949372374,0,6303.07176997379,5000,3360.04988172225,0.752881795814206,43.1369493723842,0.101746183639618,5.82962690411311,101.746183639618,10.3752233065948
4.7268645357412,3860.2872345005,2711.13697513136,0.754157730216173,43.2100550285525,0,6296.82176997379,5000,3342.99184700843,0.754157730213145,43.210055028379,0.102404531010298,5.86734742990665,102.404531010298,10.4423560553602
4.7393645357412,3869.39234855781,2719.70125423374,0.755441939595593,43.2836348060043,0,6290.57176997379,5000,3325.9392899798,0.755441939594637,43.2836348059496,0.103070199720594,5.9054874375605,103.070199720594,10.5102353729963
4.7518645357412,3878.48642096258,2728.27725711158,0.756734516189768,43.357693989548,0,6284.32176997379,5000,3308.89225377744,0.75673451619191,43.3576939896707,0.103743304903205,5.94405352369249,103.743304903205,10.5788729997711
4.7643645357412,3887.56936435931,2736.86504595378,0.758035553691541,43.4322379473878,0,6278.07176997379,5000,3291.85078207904,0.758035553691738,43.4322379473991,0.104423964028631,5.98305241886649,104.423964028631,10.6482809143419
4.7768645357412,3896.64109030677,2745.46468350325,0.759345147269031,43.5072721322554,0,6271.82176997379,5000,3274.81491910528,0.759345147265686,43.5072721320638,0.105112296967076,6.02249099113922,105.112296967076,10.7184713400678
4.7893645357412,3905.70150925579,2754.0762330651,0.760663393600444,43.582802083404,0,6265.57176997379,5000,3257.7847096308,0.760663393599385,43.5828020833433,0.105808426046566,6.06237624939035,105.808426046566,10.789456750936
4.8018645357412,3914.7505305227,2762.69975851602,0.76199039091908,43.658833429187,0,6259.32176997379,5000,3240.76019899738,0.761990390921444,43.6588334293225,0.106512476109332,6.10271534655275,106.512476109332,10.861249877311
4.8143645357412,3923.78806227538,2771.33532430924,0.763326239036661,43.7353718883949,0,6253.07176997379,5000,3223.74143312099,0.76332623903688,43.7353718884075,0.107224574578608,6.14351558343995,107.224574578608,10.9338637127467
4.8268645357412,3932.81401151975,2779.98299547942,0.764671039365328,43.8124232715153,0,6246.82176997379,5000,3206.72845849879,0.764671039361626,43.8124232713032,0.107944851528227,6.18478441273369,107.944851528227,11.0073115210828
4.8393645357412,3941.8282840755,2788.64283765125,0.766024894956054,43.8899934829341,0,6240.57176997379,5000,3189.72132222094,0.766024894954878,43.8899934828668,0.108673439747995,6.22652944272935,108.673439747995,11.081606843111
4.8518645357412,3950.83078454718,2797.31491704949,0.767387910548427,43.9680885237876,0,6234.32176997379,5000,3172.72007198512,0.767387910551042,43.9680885239374,0.109410474807085,6.26875844096842,109.410474807085,11.1567635030398
4.8643645357412,3959.82141630898,2805.99930050414,0.768760192596449,44.0467144934408,0,6228.07176997379,5000,3155.72475610418,0.768760192596693,44.0467144934548,0.110156095129254,6.31147933854785,110.156095129254,11.2327956161639
4.8768645357412,3968.80008148995,2814.69605545567,0.77014184929287,44.1258775908817,0,6221.82176997379,5000,3138.73542351368,0.770141849288764,44.1258775906465,0.110910442071242,6.35470023461239,110.910442071242,11.3097175968595
4.8893645357412,3977.7666809476,2823.40524996409,0.771532990611656,44.2055841171545,0,6215.57176997379,5000,3121.75212378488,0.771532990610349,44.2055841170796,0.111673659996461,6.39842940057613,111.673659996461,11.3875441660976
4.9018645357412,3986.72111423626,2832.12695271959,0.772933728363163,44.2858404785204,0,6209.32176997379,5000,3104.77490714057,0.772933728366059,44.2858404786864,0.112445896346428,6.44267528421582,112.445896346428,11.4662903587288
4.9143645357412,3995.66327959052,2840.86123304807,0.774344176222704,44.3666531880954,0,6203.07176997379,5000,3087.8038244634,0.774344176222976,44.366653188111,0.113227301725634,6.48744651453319,113.227301725634,11.5459715321373
4.9268645357412,4004.593073909,2849.60816091659,0.775764449757534,44.4480288673953,0,6196.82176997379,5000,3070.83892730414,0.775764449752972,44.4480288671339,0.114018029990068,6.53275190682693,114.018029990068,11.6266033752676
4.9393645357412,4013.51039272561,2858.36780694304,0.777194666473883,44.5299742490311,0,6190.57176997379,5000,3053.88026789586,0.777194666472426,44.5299742489477,0.11481823833044,6.57860046746143,114.81823833044,11.7082019171114
4.9518645357412,4022.41513017486,2867.14024240738,0.778634945878211,44.6124961802187,0,6184.32176997379,5000,3036.92789917125,0.778634945881426,44.612496180403,0.115628087352866,6.62500139848921,115.628087352866,11.7907835349345
4.9643645357412,4031.30717897378,2875.92553925751,0.780085409508919,44.6956016245956,0,6178.07176997379,5000,3019.98187477176,0.780085409509223,44.695601624613,0.116447741174829,6.67196410314946,116.447741174829,11.874364964063
4.9768645357412,4040.18643040414,2884.72377011501,0.781546180966315,44.7792976639375,0,6171.82176997379,5000,3003.04224905656,0.781546180961236,44.7792976636465,0.117277367525355,6.71949819160743,117.277367525355,11.9589633080975
4.9893645357412,4049.05277428102,2893.53500828544,0.783017385964809,44.8635915011498,0,6165.57176997379,5000,2986.10907711814,0.783017385963181,44.8635915010565,0.118117137839237,6.76761348635326,118.117137839237,12.0445960485218
5.0018645357412,4057.90609891485,2902.35932777016,0.784499152401053,44.9484904641707,0,6159.32176997379,5000,2969.18241480124,0.784499152404628,44.9484904643755,0.118967227348351,6.81632002743386,118.967227348351,12.1312810540145
5.0143645357412,4066.74629109146,2911.19680327262,0.78599161038921,45.0340020079927,0,6153.07176997379,5000,2952.2623187129,0.785991610389551,45.0340020080122,0.119827815190429,6.8656280786852,119.827815190429,12.2190365915403
5.0268645357412,4075.57323605272,2920.04751020441,0.787494892294298,45.1201337165726,0,6146.82176997379,5000,2935.34884623225,0.787494892288632,45.120133716248,0.120699084522673,6.91554813424198,120.699084522673,12.3078813379363
5.0393645357412,4084.38681746208,2928.91152469612,0.789009132790226,45.2068933061571,0,6140.57176997379,5000,2918.44205552759,0.789009132788403,45.2068933060527,0.121581222628687,6.96609092466421,121.581222628687,12.3978343908151
5.0518645357412,4093.18691736281,2937.78892360991,0.79053446893575,45.2942886296344,0,6134.32176997379,5000,2901.54200557724,0.790534468939734,45.2942886298626,0.122474421022066,7.0172674228727,122.474421022066,12.4889152791285
5.0643645357412,4101.97341615623,2946.67978454614,0.792071040213781,45.3823276787865,0,6128.07176997379,5000,2884.6487561805,0.792071040214163,45.3823276788084,0.123378875569985,7.06908885122985,123.378875569985,12.58114397577
5.0768645357412,4110.74619258033,2955.58418584978,0.793618988568556,45.4710185864194,0,6121.82176997379,5000,2867.76236796844,0.793618988562221,45.4710185860564,0.124294786622368,7.12156668894083,124.294786622368,12.6745409107461
5.0893645357412,4119.50512367203,2964.50220662189,0.795178458470315,45.5603696300678,0,6115.57176997379,5000,2850.8829024226,0.795178458468269,45.5603696299506,0.125222359133533,7.17471267902293,125.222359133533,12.7691269835809
5.1018645357412,4128.25008472125,2973.43392673292,0.796749597000133,45.6503892368568,0,6109.32176997379,5000,2834.010421898,0.796749597004582,45.6503892371117,0.126161802779995,7.22853883505558,126.161802779995,12.8649235753285
5.1143645357412,4136.98094924689,2982.37942682975,0.798332553893833,45.741085986017,0,6103.07176997379,5000,2817.14498963514,0.798332553894263,45.7410859860416,0.127113332101226,7.28305744924505,127.113332101226,12.9619525629268
5.1268645357412,4145.69758897344,2991.33878834241,0.799927481583518,45.8324686112645,0,6096.82176997379,5000,2800.28666977187,0.799927481576419,45.8324686108577,0.128077166646886,7.33828110086029,128.077166646886,13.0602363342106
5.1393645357412,4154.39987378936,3000.31209349628,0.801534535269778,45.9245460049381,0,6090.57176997379,5000,2783.43552736391,0.801534535267477,45.9245460048063,0.129053531115547,7.39422266418109,129.053531115547,13.1597978020575
5.1518645357412,4163.08767169655,3009.29942532612,0.803153873016677,46.0173272234416,0,6084.32176997379,5000,2766.59162841032,0.803153873021655,46.0173272237269,0.130042655489003,7.45089531619363,130.042655489003,13.2606604180839
5.1643645357412,4171.76084878386,3018.30086768349,0.804785655800889,46.1108214900591,0,6078.07176997379,5000,2749.75503986664,0.804785655801374,46.1108214900869,0.131044775192995,7.50831254579929,131.044775192995,13.3628481890345
5.1768645357412,4180.41926920129,3027.31650524393,0.806430047558224,46.2050381976205,0,6071.82176997379,5000,2732.92582965793,0.80643004755025,46.2050381971636,0.132060131265469,7.566488163455,132.060131265469,13.4663856939392
5.1893645357412,4189.06279511421,3036.34642351975,0.808087215264417,46.2999869131307,0,6065.57176997379,5000,2716.10406670146,0.808087215261822,46.2999869129821,0.13308897051519,7.62543631026142,133.08897051519,13.571298100288
5.2018645357412,4197.69128664751,3045.39070887488,0.80975732904172,46.3956773838768,0,6059.32176997379,5000,2699.2898209348,0.809757329047304,46.3956773841968,0.134131545675268,7.68517146675906,134.131545675268,13.677611179686
5.2143645357412,4206.3046018564,3054.44944853277,0.811440562214021,46.4921195405861,0,6053.07176997379,5000,2682.48316333034,0.811440562214569,46.4921195406175,0.135188115587176,7.74570846347193,135.188115587176,13.7853513266178
5.2268645357412,4214.90259669789,3063.52273058387,0.813137091359075,46.5893235004187,0,6046.82176997379,5000,2665.68416590961,0.813137091350097,46.5893234999042,0.136258945393548,7.80706249195387,136.258945393548,13.8945455781076
5.2393645357412,4223.48512498028,3072.61064399918,0.814847096399109,46.6872995721587,0,6040.57176997379,5000,2648.8929017684,0.814847096396174,46.6872995719905,0.137344306720043,7.86924911520871,137.344306720043,14.0052216322641
5.2518645357412,4232.05203830142,3081.71327864593,0.816570760720712,46.7860582630838,0,6034.32176997379,5000,2632.10944510781,0.81657076072699,46.7860582634435,0.138444477851295,7.93228427777158,138.444477851295,14.1174078662229
5.2643645357412,4240.60318601632,3090.83072529583,0.81830827123683,46.885610282517,0,6028.07176997379,5000,2615.33387125035,0.818308271237451,46.8856102825526,0.139559743942194,7.9961843178142,139.559743942194,14.2311333576904
5.2768645357412,4249.13841520567,3099.96307563309,0.820059818445526,46.9859665451932,0,6021.82176997379,5000,2598.5662566557,0.820059818435391,46.9859665446125,0.140690397239423,8.06096597983797,140.690397239423,14.3464279075345
5.2893645357412,4257.65757061997,3109.11042226855,0.821825596531842,47.0871381770957,0,6015.57176997379,5000,2581.80667894852,0.821825596528514,47.0871381769051,0.141836737290562,8.12664642665502,141.836737290562,14.4633220611077
5.3018645357412,4266.16049461109,3118.27285875626,0.823605803502987,47.1891365232021,0,6009.32176997379,5000,2565.05521695293,0.823605803510062,47.1891365236075,0.142999071146318,8.19324325097503,142.999071146318,14.5818471288685
5.3143645357412,4274.64702709635,3127.45047960221,0.825400641258222,47.2919731514879,0,6003.07176997379,5000,2548.3119507103,0.825400641258929,47.2919731515283,0.144177713603799,8.26077448934358,144.177713603799,14.7020352111882
5.3268645357412,4283.11700552359,3136.64338027267,0.827210315655154,47.395659856725,0,5996.82176997379,5000,2531.57696149672,0.827210315643684,47.3956598560677,0.14537298746181,8.32925863676992,145.37298746181,14.8239192243844
5.3393645357412,4291.5702648094,3145.85165720912,0.829035036624514,47.5002086670583,0,5990.57176997379,5000,2514.85033185377,0.82903503662073,47.5002086668415,0.146585223762004,8.39871466054361,146.585223762004,14.9475329253113
5.3518645357412,4300.0066372629,3155.07540784565,0.830875018323003,47.605631852763,0,5984.32176997379,5000,2498.13214562697,0.830875018330998,47.6056318532211,0.147814762021983,8.46916201359029,147.814762021983,15.072910935129
5.3643645357412,4308.42595254597,3164.3147306181,0.832730479212276,47.7119419307699,0,5978.07176997379,5000,2481.42248798545,0.832730479213081,47.7119419308161,0.149061950516245,8.54062065056879,149.061950516246,15.2000887679529
5.3768645357412,4316.82803763438,3173.56972497291,0.834601642133916,47.8191516689613,0,5971.82176997379,5000,2464.7214454413,0.834601642120896,47.8191516682153,0.150327146571301,8.6131110447801,150.327146571301,15.3291028609465
5.3893645357412,4325.21271674922,3182.84049138263,0.836488734439116,47.9272740936009,0,5965.57176997379,5000,2448.02910588381,0.836488734434801,47.9272740933536,0.151610716844613,8.6866542041493,151.610716844613,15.4599906027658
5.4018645357412,4333.57981127204,3192.12713136428,0.838391988161949,48.0363224992618,0,5959.32176997379,5000,2431.34555862233,0.838391988171007,48.0363224997807,0.152913037594101,8.76127168666725,152.913037594101,15.5927903610408
5.4143645357412,4341.92913970055,3201.42974748889,0.84031164010887,48.1463104539544,0,5953.07176997379,5000,2414.67089440811,0.84031164010979,48.1463104540071,0.154234495003621,8.83698561903908,154.234495003621,15.7275415155656
5.4268645357412,4350.26051760532,3210.7484433907,0.84224793194375,48.2572518039986,0,5946.82176997379,5000,2398.00520545581,0.84224793192893,48.2572518031496,0.155575485525182,8.91381871629157,155.575485525182,15.8642844931941
5.4393645357412,4358.57375755354,3220.08332378349,0.844201110334779,48.3691606824408,0,5940.57176997379,5000,2381.34858548161,0.84420111032984,48.3691606821578,0.156936416202631,8.99179430031928,156.936416202631,16.0030608008475
5.4518645357412,4366.86866901423,3229.43449447961,0.846171427151439,48.482051520339,0,5934.32176997379,5000,2364.70112975116,0.846171427161729,48.4820515209286,0.158317704984238,9.0709363177941,158.317704984238,16.1439130573884
5.4643645357412,4375.14505830884,3238.80206240006,0.848159139566222,48.5959390525919,0,5928.07176997379,5000,2348.06293510391,0.848159139567278,48.5959390526524,0.159719781100984,9.15126936183974,159.719781100984,16.2868850321959
5.4768645357412,4383.4027285629,3248.18613558405,0.850164510151342,48.7108383234789,0,5921.82176997379,5000,2331.434099977,0.850164510134422,48.7108383225095,0.161143085464704,9.23281869484349,161.143085464704,16.4320216857647
5.4893645357412,4391.64147962099,3257.58682320591,0.852187807045604,48.8267646962221,0,5915.57176997379,5000,2314.81472444782,0.852187807039935,48.8267646958973,0.162588071044963,9.31561027004957,162.588071044963,16.5793692081356
5.5018645357412,4399.86110794072,3267.00423559498,0.854229304178989,48.9437338658531,0,5909.32176997379,5000,2298.20491028782,0.854229304190713,48.9437338665248,0.164055203232778,9.39967075239914,164.055203232778,16.7289750559852
5.5143645357412,4408.06140653738,3276.43848424606,0.856289281388591,49.0617618658564,0,5903.07176997379,5000,2281.60476098957,0.856289281389807,49.0617618659261,0.165544960281793,9.48502754380756,165.544960281793,16.8808879976131
5.5268645357412,4416.24216492988,3285.88968182928,0.858368024528935,49.1808650744899,0,5896.82176997379,5000,2265.01438179348,0.858368024509557,49.1808650733796,0.167057833773078,9.57170880979542,167.057833773078,17.0351581603379
5.5393645357412,4424.40316904573,3295.35794220764,0.860465825662078,49.3010602256768,0,5890.57176997379,5000,2248.43387973538,0.860465825655547,49.3010602253026,0.168594329055452,9.65974350471722,168.594329055452,17.191837075398
5.5518645357412,4432.54420110206,3304.84338045756,0.862582983314461,49.4223644237221,0,5884.32176997379,5000,2231.86336370704,0.86258298332786,49.4223644244898,0.170154965670178,9.74916139609463,170.154965670178,17.3509777212584
5.5643645357412,4440.6650395435,3314.34611287964,0.864719802609464,49.5447951509079,0,5878.07176997379,5000,2215.30294448644,0.864719802610868,49.5447951509884,0.171740277867287,9.83999309419957,171.740277867287,17.5126345762607
5.5768645357412,4448.76545898159,3323.86625700892,0.866876595393624,49.6683702747246,0,5871.82176997379,5000,2198.7527347676,0.866876595371357,49.6683702734488,0.173350815150144,9.93227008325576,173.350815150144,17.6768636741542
5.5893645357412,4456.84523008832,3333.4039316328,0.869053680453867,49.7931080603175,0,5865.57176997379,5000,2182.212849214,0.869053680446316,49.7931080598848,0.174987142791778,10.026024751022,174.987142791778,17.843722656746
5.6018645357412,4464.90411946221,3342.95925681212,0.871251383812203,49.9190271873718,0,5859.32176997379,5000,2165.68340452682,0.871251383827563,49.9190271882519,0.176649842332526,10.1212904173052,176.649842332526,18.0132708246471
5.6143645357412,4472.94188955849,3352.53235389231,0.873470038877764,50.0461467588238,0,5853.07176997379,5000,2149.16451947885,0.873470038879393,50.0461467589171,0.178339512186551,10.2181013687113,178.339512186551,18.1855691991201
5.6268645357412,4480.95829862094,3362.12334551374,0.87570998659169,50.1744863091618,0,5846.82176997379,5000,2132.6563149479,0.875709986566015,50.1744863076906,0.180056768282269,10.3164928953391,180.056768282269,18.360680587384
5.6393645357412,4488.95310056229,3371.73235562999,0.877971575676135,50.3040658186933,0,5840.57176997379,5000,2116.15891397692,0.87797157566737,50.3040658181911,0.181802244670081,10.4165013256004,181.802244670081,18.5386696445862
5.6518645357412,4496.92604481312,3381.35950952926,0.880255162973527,50.4349057329836,0,5834.32176997379,5000,2099.6724418512,0.880255162991194,50.4349057339958,0.183576594107691,10.5181640597569,183.576594107691,18.7196029334881
5.6643645357412,4504.87687624318,3391.00493384573,0.88256111362154,50.5670269728802,0,5828.07176997379,5000,2083.19702613639,0.882561113623436,50.5670269729888,0.185380488775314,10.6215196108978,185.380488775314,18.903548997396
5.6768645357412,4512.80533508439,3400.66875656992,0.884889801219963,50.7004509440742,0,5821.82176997379,5000,2066.73279671615,0.88488980119025,50.7004509423718,0.187214621031792,10.7266076482628,187.214621031792,19.0905784372637
5.6893645357412,4520.71115679624,3410.35110706708,0.887241608117076,50.8351995535086,0,5815.57176997379,5000,2050.27988585983,0.887241608106863,50.8351995529234,0.189079704132761,10.8334690383895,189.079704132761,19.2807639849246
5.7018645357412,4528.59407189477,3420.05211609864,0.889616925801592,50.9712952318341,0,5809.32176997379,5000,2033.83842831017,0.889616925821982,50.9712952330024,0.190976472921746,10.9421458847105,190.976472921746,19.4741805735645
5.7143645357412,4536.45380586353,3429.77191583356,0.892016155104721,51.1087609449876,0,5803.07176997379,5000,2017.40856132609,0.892016155106937,51.1087609451145,0.192905684676966,11.0526815760716,192.905684676966,19.670905424071
5.7268645357412,4544.29007906656,3439.51063985864,0.894439706393049,51.2476202052422,0,5796.82176997379,5000,2000.99042472504,0.894439706358532,51.2476202032645,0.194868120007686,11.1651208380893,194.868120007686,19.8710181364366
5.7393645357412,4552.10260659631,3449.26842319664,0.896887999899021,51.3878970901437,0,5790.57176997379,5000,1984.58416095966,0.89688799988707,51.387897089459,0.196864583706413,11.2795097819774,196.864583706413,20.0746007766579
5.7518645357412,4559.89109807954,3459.04540232731,0.899361466175424,51.5296162685495,0,5784.32176997379,5000,1968.18991521754,0.89936146619904,51.5296162699027,0.198895905568203,11.3958959514906,198.895905568203,20.2817379602824
5.7643645357412,4567.65525757628,3468.84171519864,0.901860546329594,51.6728030140484,0,5778.07176997379,5000,1951.80783546957,0.901860546332195,51.6728030141974,0.200962941397511,11.5143283806123,200.962941397511,20.4925169550775
5.7768645357412,4575.39478348108,3478.65750123674,0.904385692247185,51.8174832177811,0,5771.82176997379,5000,1935.43807251776,0.904385692206928,51.8174832154745,0.203066574075355,11.6348576546986,203.066574075355,20.7070277898523
5.7893645357412,4583.10936835081,3488.49290136332,0.906937366974941,51.9636834103717,0,5765.57176997379,5000,1919.08078008224,0.906937366960893,51.9636834095668,0.205207714574948,11.7575359686698,205.207714574948,20.9253633580222
5.8018645357412,4590.79869868358,3498.34805801573,0.909516045249723,52.1114307922387,0,5759.32176997379,5000,1902.73611491521,0.90951604527718,52.1114307938119,0.207387302937134,11.8824171828988,207.387302937134,21.1476195170761
5.8143645357412,4598.46245480372,3508.2231151578,0.912122213771037,52.2607532492099,0,5753.07176997379,5000,1886.40423685566,0.912122213774105,52.2607532493857,0.209606309472811,12.0095568921051,209.606309472811,21.3738952111895
5.8268645357412,4606.10031074942,3518.11821828892,0.914756371461649,52.4116793674539,0,5746.82176997379,5000,1870.08530888357,0.914756371414499,52.4116793647524,0.211865736039206,12.1390124984793,211.865736039206,21.6042926013681
5.8393645357412,4613.71193407706,3528.03351446033,0.91741902991258,52.5642384589771,0,5740.57176997379,5000,1853.77949721892,0.917419029895989,52.5642384580265,0.214166617255767,12.2708432813491,214.166617255767,21.8389171894344
5.8518645357412,4621.29698560862,3537.96915229334,0.920110714001434,52.7184605970509,0,5734.32176997379,5000,1837.48697145231,0.920110714033482,52.7184605988871,0.21651002167065,12.4051104640142,216.51002167065,22.0778779369764
5.8643645357412,4628.85511930032,3547.92528198934,0.922831962210788,52.8743766344544,0,5728.07176997379,5000,1821.20790460714,0.922831962214425,52.8743766346628,0.218897053203373,12.5418772964039,218.897053203373,22.3212874124572
5.8768645357412,4636.38598211427,3557.9020553377,0.925583326932964,53.0320182209363,0,5721.82176997379,5000,1804.94247320114,0.925583326877496,53.0320182177582,0.221328852678353,12.6812091429424,221.328852678353,22.569261947592
5.8893645357412,4643.88921379552,3567.89962572993,0.928365374989412,53.1914178329734,0,5715.57176997379,5000,1788.69085735944,0.928365374969719,53.191417831845,0.22380659928752,12.8231735663505,223.80659928752,22.8219217864938
5.9018645357412,4651.36444658241,3577.91814817512,0.931178688356504,53.3526088153555,0,5709.32176997379,5000,1772.45324096494,0.931178688394067,53.3526088175077,0.22633151199173,12.9678404079407,226.33151199173,23.0793912285775
5.9143645357412,4658.81130505597,3587.95777930847,0.934023864539098,53.5156254025892,0,5703.07176997379,5000,1756.22981172905,0.93402386454343,53.5156254028374,0.228904851260077,13.1152818872723,228.904851260077,23.3417988059202
5.9268645357412,4666.22940599291,3598.01867739742,0.936901516928459,53.6805027394054,0,5696.82176997379,5000,1740.02076126182,0.936901516862901,53.6805027356492,0.231527920921656,13.2655727082496,231.527920921656,23.6092774720885
5.93936453574119,4673.61835811064,3608.10100235261,0.939812275411009,53.8472769156374,0,5690.57176997379,5000,1723.82628520159,0.939812275387511,53.847276914291,0.234202069933777,13.4187901604332,234.202069933777,23.8819647824463
5.9518645357412,4680.97776173393,3618.20491573899,0.942756787224081,54.0159850152528,0,5684.32176997379,5000,1707.64658338859,0.942756787268297,54.0159850177862,0.236928694073802,13.5750142159751,236.928694073802,24.1600030666743
5.9643645357412,4688.3072086217,3628.33058078216,0.945735717396185,54.1866651415785,0,5678.07176997379,5000,1691.48185994586,0.945735717401374,54.1866651418759,0.239709238046802,13.7343276503785,239.709238046802,24.4435396436909
5.9768645357412,4695.60628179783,3638.47816237193,0.94874974916926,54.3593564414941,0,5671.82176997379,5000,1675.33232335938,0.948749749091396,54.3593564370328,0.242545197733206,13.8968161712787,242.545197733206,24.7327270508487
5.9893645357412,4702.87455525878,3648.64782706845,0.951799584715253,54.5340991464885,0,5665.57176997379,5000,1659.19818662716,0.951799584687056,54.5340991448729,0.245438122337691,14.0625685415653,245.438122337691,25.0277232630604
6.00186453574119,4710.11159358831,3658.83974310716,0.954885946149905,54.710934630746,0,5659.32176997379,5000,1643.07966746066,0.954885946202189,54.7109346337416,0.248389616442029,14.2316766970016,248.389616442029,25.3286919021306
6.0143645357412,4717.31695175749,3669.0540804018,0.958009576054074,54.8899054410157,0,5653.07176997379,5000,1626.97698837756,0.958009576060326,54.8899054413739,0.251401342572757,14.4042358933416,251.401342572757,25.6358024985859
6.0268645357412,4724.49017492945,3679.29101054424,0.961171237974235,55.0710553252882,0,5646.82176997379,5000,1610.89037679362,0.961171237881271,55.0710553199617,0.254475023944226,14.5803448634947,254.475023944226,25.9492307713874
6.03936453574119,4731.63079812263,3689.5507068039,0.964371717269861,55.2544292813465,0,5640.57176997379,5000,1594.82006519479,0.964371717235824,55.2544292793963,0.25761244708455,14.760105967982,257.61244708455,26.2691588957034
6.05186453574119,4738.73834576385,3699.83334412363,0.967611822320421,55.4400736259226,0,5634.32176997379,5000,1578.76629137195,0.96761182238254,55.4400736294818,0.260815464339738,14.9436253384118,260.815464339738,26.5957757582597
6.06436453574119,4745.81233145644,3710.13909911822,0.970892385145745,55.6280360302412,0,5628.07176997379,5000,1562.72929852758,0.970892385153324,55.6280360306755,0.26408599701937,15.1310130577143,264.08599701937,26.9292772781092
6.0768645357412,4752.8522577539,3720.46815006872,0.974214262002245,55.8183655541808,0,5621.82176997379,5000,1546.70933538148,0.974214261890642,55.8183655477865,0.267426038763406,15.3223833530451,267.426038763406,27.2698667499509
6.0893645357412,4759.85761577076,3730.82067691263,0.977578334389789,56.0111127039636,0,5615.57176997379,5000,1530.70665637016,0.977578334348438,56.0111127015943,0.27083765876973,15.5178547807099,270.83765876973,27.6177551732478
6.10186453574119,4766.82788466183,3741.19686122693,0.980985510496297,56.2063295149244,0,5609.32176997379,5000,1514.72152192176,0.98098551057047,56.2063295191741,0.274323004865779,15.7175504021559,274.323004865779,27.9731615654458
6.11436453574119,4773.76253135217,3751.59688622013,0.984436725939853,56.4040695940305,0,5603.07176997379,5000,1498.75419857909,0.984436725949099,56.4040695945602,0.277884307385081,15.9215980060812,277.884307385081,28.3363133572709
6.12686453574119,4780.66101027379,3762.02093671913,0.987932944482664,56.6043881607889,0,5596.82176997379,5000,1482.80495912169,0.987932944347905,56.6043881530678,0.281523883324549,16.1301303466301,281.523883324549,28.7074468166549
6.13936453574119,4787.52276291402,3772.46919914639,0.991475159233519,56.8073421161419,0,5590.57176997379,5000,1466.87408279783,0.991475159182939,56.8073421132439,0.285244140335633,16.3432853720692,285.244140335633,29.0868074557197
6.15186453574119,4794.34721720619,3782.94186148515,0.995064394386348,57.012990142079,0,5584.32176997379,5000,1450.96185564804,0.995064394475376,57.0129901471799,0.28904758051401,16.5612064419206,289.04758051401,29.4746504172179
6.16436453574119,4801.1337872137,3793.43911326239,0.998701706112881,57.2213927527827,0,5578.07176997379,5000,1435.06857064753,0.998701706124241,57.2213927534337,0.292936805206383,16.7840426023717,292.936805206383,29.8712409646906
6.17686453574119,4807.88187282228,3803.9611455254,1.00238818342236,57.4326123438866,0,5571.82176997379,5000,1419.19452784767,1.00238818325863,57.4326123345058,0.296914520176351,17.0119488822568,296.914520176351,30.2768550092387
6.18936453574119,4814.59085921396,3814.50815080097,1.00612494960517,57.6467132751891,0,5565.57176997379,5000,1403.34003464698,1.00612494954286,57.6467132716185,0.300983540571484,17.2450865776506,300.983540571484,30.6917796160242
6.20186453574119,4821.26011615051,3825.08032303591,1.00991316433749,57.8637619912404,0,5559.32176997379,5000,1387.50540617388,1.00991316444494,57.8637619973965,0.305146795627389,17.4836235213905,305.146795627389,31.1163134839511
6.21436453574119,4827.88899760223,3835.67785756739,1.0137540247613,58.0838270832235,0,5553.07176997379,5000,1371.69096545226,1.01375402477537,58.0838270840292,0.309407334666787,17.7277344267987,309.407334666787,31.550767557401
6.22686453574119,4834.47684138662,3846.30095108528,1.01764876652564,58.3069793486135,0,5546.82176997379,5000,1355.89704356584,1.01764876632542,58.3069793371416,0.313768333561341,17.9776012579178,313.768333561341,31.9954656851566
6.23936453574119,4841.02296855307,3856.94980156672,1.0215986655295,58.5332918910371,0,5540.57176997379,5000,1340.1239799763,1.02159866545211,58.5332918866034,0.318233100954979,18.2334135860809,318.233100954979,32.4507452550034
6.25186453574119,4847.5266825361,3867.62460818243,1.02560504048536,58.7628402671548,0,5534.32176997379,5000,1324.37212297848,1.02560504061577,58.7628402746271,0.322805084140017,18.4953689265884,322.805084140017,32.916957792928
6.26436453574119,4853.98726871697,3878.32557124957,1.02966925423404,58.9957025619932,0,5528.07176997379,5000,1308.64182989359,1.02966925425158,58.9957025629986,0.327487876595374,18.7636731706161,327.487876595374,33.3944697318018
6.27686453574119,4860.40399399749,3889.05289217446,1.03379271501356,59.2319594616474,0,5521.82176997379,5000,1292.93346726092,1.033792714767,59.2319594475206,0.332285226125976,19.0385410515686,332.285226125976,33.8836632413695
6.28936453574119,4866.77610607716,3899.80677335353,1.03797687857563,59.4716943745467,0,5515.57176997379,5000,1277.24741121281,1.03797687847873,59.4716943689949,0.337201042715281,19.3201965949962,337.201042715281,34.3849370289835
6.30186453574119,4873.10283244737,3910.58741803218,1.04222325132872,59.7149936115383,0,5509.32176997379,5000,1261.58404801941,1.04222325148797,59.7149936206625,0.34223940591402,19.608873541938,342.23940591402,34.8987070930461
6.31436453574119,4879.38337987096,3921.39503023348,1.04653339194911,59.9619464781946,0,5503.07176997379,5000,1245.94377431491,1.0465333919712,59.9619464794598,0.347404574380248,19.9048158955269,347.404574380248,35.4254076958236
6.32686453574119,4885.61693387715,3932.22981467401,1.05090891293722,60.2126453639839,0,5496.82176997379,5000,1230.32699732186,1.05090891263135,60.2126453464589,0.352700996207043,20.2082785127232,352.700996207043,35.9654924165789
6.33936453574119,4891.80265790847,3943.09197661856,1.05535148320362,60.4671858904389,0,5490.57176997379,5000,1214.73413529527,1.05535148308119,60.467185883424,0.358133318904475,20.5195276762392,358.133318904475,36.5194351694488
6.35186453574119,4897.93969211963,3953.9817216734,1.05986283194925,60.725667133475,0,5484.32176997379,5000,1199.1656181787,1.05986283214491,60.7256671446858,0.363706398754073,20.8388416305105,363.706398754072,37.0877311573343
6.36436453574119,4904.02715275639,3964.89925568154,1.0644447506531,60.9881917372782,0,5478.07176997379,5000,1183.62188786998,1.06444475068115,60.988191738885,0.369425312972747,21.166511278638,369.425312972747,37.6708981122756
6.37686453574119,4910.06413155378,3975.84478460138,1.06909909499419,61.2548660244228,0,5471.82176997379,5000,1168.10339848466,1.06909909461175,61.2548660025109,0.375295372917944,21.5028409389865,375.295372917944,38.2694776420025
6.38936453574119,4916.04969472509,3986.81851429805,1.07382778803159,61.5258001780786,0,5465.57176997379,5000,1152.61061688449,1.07382778787538,61.5258001691286,0.38132213687542,21.8481490778715,381.32213687542,38.8840365339255
6.40186453574119,4921.98288151917,3997.82065024558,1.07863282502976,61.801108518478,0,5459.32176997379,5000,1137.14402347277,1.07863282527172,61.8011085323417,0.387511421986355,22.2027689929312,387.511421986355,39.5151679713617
6.41436453574119,4927.86270347491,4008.85139737565,1.08351627592882,62.080909644454,0,5453.07176997379,5000,1121.70411250777,1.0835162759648,62.0809096465152,0.393869319878127,22.5670497087048,393.869319878127,40.1634931274316
6.42686453574119,4933.68814370069,4019.91095990487,1.08848028773505,62.3653265704039,0,5446.82176997379,5000,1106.29139241286,1.08848028725287,62.3653265427772,0.400402213684371,22.9413569518098,400.402213684371,40.8296629006206
6.43936453574119,4939.45815567053,4030.99954103895,1.09352708845791,62.6544869518673,0,5440.57176997379,5000,1090.90638640848,1.09352708825649,62.654486940327,0.40711679456089,23.3260740972336,407.11679456089,41.5143595989344
6.45186453574119,4945.17166148116,4042.11734254768,1.09865899315695,62.9485234319855,0,5434.32176997379,5000,1075.54963348339,1.09865899345817,62.948523449244,0.414020077003459,23.7216030459795,414.020077003459,42.2182985018797
6.46436453574119,4950.82755095189,4053.26456454906,1.1038784070355,63.2475738187587,0,5428.07176997379,5000,1060.22168876528,1.10387840708214,63.2475738214311,0.421119419096856,24.1283653852508,421.119419096856,42.9422299252911
6.47686453574119,4956.42468075721,4064.441405265,1.10918782843638,63.5517812566856,0,5421.82176997379,5000,1044.92312388701,1.10918782782302,63.5517812215425,0.428422544635814,24.5468036558873,428.422544635814,43.68694147704
6.48936453574119,4961.96187298691,4075.64806060512,1.11458985375039,63.8612945080011,0,5415.57176997379,5000,1029.65452774584,1.11458985348769,63.8612944929496,0.435937564637169,24.9773825849213,435.937564637169,44.4532602506635
6.50186453574119,4967.43791302762,4086.88472356344,1.12008718505572,64.1762683903818,0,5409.32176997379,5000,1014.41650769861,1.12008718543325,64.1762684120124,0.443672997157504,25.4205902210448,443.672997157504,45.2420548462017
6.51436453574119,4972.85154846922,4098.15158391183,1.12568263402392,64.4968640007404,0,5403.07176997379,5000,999.209690001149,1.1256826340851,64.4968640042455,0.451637793745324,25.876939450207,451.637793745324,46.0542380675688
6.52686453574119,4978.20148805522,4109.44882785585,1.13137912570361,64.8232489320177,0,5396.82176997379,5000,984.034720241566,1.13137912491594,64.8232488868879,0.459841368441371,26.3469696572108,459.841368441371,46.8907698797623
6.53936453574119,4983.48639995303,4120.77663745122,1.13717970468482,65.1555976263736,0,5390.57176997379,5000,968.892264256723,1.1371797043379,65.1555976064962,0.468293626045052,26.8312483452591,468.293626045052,47.7526602912362
6.55186453574119,4988.70490916282,4132.13518974897,1.14308754483296,65.4940919328998,0,5384.32176997379,5000,953.783009614864,1.14308754530935,65.4940919601949,0.477004987942905,27.3303726158172,477.004987942905,48.6409719876722
6.56436453574119,4993.85559618066,4143.52465636094,1.14910595426235,65.8389213925854,0,5378.07176997379,5000,938.707666137799,1.14910595434359,65.8389213972406,0.485986426961481,27.8449711655357,485.986426961481,49.5568238859836
6.57686453574119,4998.93699572156,4154.94520297517,1.15523838015458,66.1902835143874,0,5371.82176997379,5000,923.666966413662,1.15523837913284,66.190283455846,0.495249505725888,28.3757064840335,495.249505725888,50.5013950457993
6.58936453574119,5003.94759463318,4166.3969885385,1.16148841655816,66.5483842221153,0,5365.57176997379,5000,908.661666908236,1.16148841609371,66.5483841955045,0.504806414136926,28.923277001179,504.806414136926,51.4759284910674
6.60186453574119,5008.88582870636,4177.88016404409,1.16785981690221,66.9134385714175,0,5359.32176997379,5000,893.692549820216,1.16785981750735,66.9134386060898,0.514670003275272,29.4884190296573,514.670003275272,52.4817346673198
6.61436453574119,5013.75008103037,4189.39487191499,1.17435650038627,67.2856711158868,0,5353.07176997379,5000,878.760423702116,1.17435650049566,67.2856711221545,0.524853831721831,30.0719094189304,524.853831721831,53.520196165034
6.62686453574119,5018.53868043155,4200.94124532027,1.18098255816817,67.6653162615994,0,5346.82176997379,5000,863.86612406652,1.18098255682853,67.6653161848437,0.535372216753959,30.6745684885649,535.372216753959,54.5927729401946
6.63936453574119,5023.24989894813,4212.51940702898,1.18774226330798,68.0526188368633,0,5340.57176997379,5000,849.010514738904,1.18774226267684,68.0526188007016,0.546240284489994,31.2972629013021,546.240284489994,55.7010074276123
6.65186453574119,5027.88194787942,4224.12946768418,1.19464008700537,68.4478350225489,0,5334.32176997379,5000,834.194490200733,1.19464008777887,68.4478350668672,0.557474014692164,31.9409082300751,557.474014692164,56.8465291095496
6.66436453574119,5032.43297574922,4235.77152492579,1.20168070688522,68.8512328268204,0,5328.07176997379,5000,819.41897632701,1.2016807070347,68.8512328353848,0.569090302854858,32.6064725154052,569.090302854858,58.0310608469618
6.67686453574119,5036.90106638794,4247.4456624218,1.20886901501292,69.2630925443771,0,5321.82176997379,5000,804.684931100127,1.20886901323643,69.2630924425917,0.581107029150651,33.294980215718,581.107029150651,59.2564259100357
6.68936453574119,5041.2842358685,4259.15194825647,1.21621013066893,69.6837074883841,0,5315.57176997379,5000,789.993346261685,1.21621012979702,69.6837074384274,0.593543126133783,34.0075160864669,593.543126133783,60.5245548820222
6.70186453574119,5045.58042758251,4270.89043246038,1.22370942161943,70.1133852091882,0,5309.32176997379,5000,775.345250300905,1.22370942261341,70.1133852661392,0.606418638284889,34.7452285917946,606.418638284889,61.8374917311099
6.71436453574119,5049.78750970252,4282.6611457555,1.23137251496355,70.5524481158211,0,5303.07176997379,5000,760.741709327138,1.23137251517114,70.5524481277151,0.619754805911088,35.5093347116548,619.754805911088,63.1974023658526
6.72686453574119,5053.90327281766,4294.46409817527,1.2392053076052,71.0012340759887,0,5296.82176997379,5000,746.183827903168,1.23920530522104,71.0012339393866,0.633574158799328,36.3011253077529,633.574158799328,64.6065841851528
6.73936453574119,5057.92542621193,4306.29927678768,1.24721398278498,71.4600973632812,0,5290.57176997379,5000,731.672751065018,1.24721398155831,71.4600972929987,0.647900608423014,37.1219704065969,647.900608423014,66.0674754807212
6.75186453574119,5061.85159169345,4318.16664213519,1.25540503821435,71.9294102691419,0,5284.32176997379,5000,717.209668173321,1.25540503949638,71.9294103425969,0.662759527396116,37.9733237518825,662.759527396116,67.5826635391409
6.76436453574119,5065.67930041369,4330.06612642697,1.26378530041483,72.4095639244428,0,5278.07176997379,5000,702.795813936315,1.26378530070827,72.4095639412554,0.678177863658568,38.8567293468345,678.177863658568,69.1548962855377
6.77686453574119,5069.40598994624,4341.99763155927,1.27236193851274,72.9009690898638,0,5271.82176997379,5000,688.43246936629,1.27236193527268,72.9009689042224,0.694184268683998,39.7738287999687,694.184268683998,70.7870953571299
6.78936453574119,5073.02899977409,4353.96102588115,1.28114248577792,73.4040573899737,0,5265.57176997379,5000,674.120964246557,1.2811424840169,73.4040572890747,0.710809224036635,40.7263685762682,710.809224036635,72.4823690084417
6.80186453574119,5076.54556352049,4365.95613901836,1.29013487719089,73.9192834656668,0,5259.32176997379,5000,659.86268214983,1.29013487884563,73.9192835604764,0.728085147495193,41.7162060776346,728.085147495193,74.2440229329275
6.81436453574119,5079.95280494233,4377.98275924648,1.29934746858035,74.4471260706613,0,5253.07176997379,5000,645.659061617033,1.29934746900323,74.4471260948907,0.746046549277391,42.7453185938933,746.046549277391,76.0755761934392
6.82686453574119,5083.24773432243,4390.04063062787,1.30878905493117,74.9880891204716,0,5246.82176997379,5000,631.511597220601,1.30878905047039,74.9880888648877,0.764730208626998,43.8158134204859,764.730208626998,77.9807792290943
6.83936453574119,5086.42724303086,4402.12944838813,1.3184688986008,75.542703309088,0,5240.57176997379,5000,617.42184256077,1.3184688960149,75.5427031609268,0.784175348564364,44.9299378709383,784.175348564364,79.9636316748701
6.85186453574119,5089.48809371623,4414.24885131432,1.32839677992909,76.1115290087058,0,5234.32176997379,5000,603.391416880346,1.32839678205493,76.1115291305073,0.804423777017219,46.0900873630595,804.423777017219,82.02839675294
6.86436453574119,5092.42691524137,4426.39841789912,1.3385830230108,76.6951577463821,0,5228.07176997379,5000,589.422006379141,1.33858302363329,76.6951577820483,0.825520100965339,47.2988176885275,825.520100965339,84.1796231093532
6.87686453574119,5095.24019824938,4438.57766216238,1.34903852013492,77.2942136043051,0,5221.82176997379,5000,575.515365323358,1.34903851391175,77.2942132477441,0.84751197040189,48.5588589908447,847.51197040189,86.4221696911678
6.88936453574119,5097.92428869919,4450.78602699798,1.35977476886768,77.9093553444953,0,5215.57176997379,5000,561.673319635998,1.35977476497302,77.9093551213477,0.870450320303263,49.8731296291876,870.450320303263,88.7612304205068
6.90186453574119,5100.47537548632,4463.02287288317,1.37080394074542,78.541280344614,0,5209.32176997379,5000,547.897775720584,1.37080394343626,78.5412804987877,0.894389555696376,51.2447467819832,894.389555696376,91.2023530661721
6.91436453574119,5102.8894840373,4475.28747215432,1.38213891625044,79.1907266019355,0,5203.07176997379,5000,534.190721834124,1.38213891718826,79.1907266556692,0.919387843939973,52.6770431933928,919.387843939973,93.7514690480412
6.92686453574119,5105.16247092895,4487.57900285043,1.39379331752244,79.8584746075731,0,5196.82176997379,5000,520.554229087755,1.39379330872632,79.8584741035929,0.945507450899629,54.1735864347216,945.507450899629,96.4149277173784
6.93936453574119,5107.29001641943,4499.89653908098,1.40578155705173,80.5453501363934,0,5190.57176997379,5000,506.990455628374,1.40578155101557,80.5453497905469,0.972815074977662,55.7381980429228,972.815074977662,99.1995304184061
6.95186453574119,5109.26760891664,4512.23903405191,1.41811893135936,81.2522296144936,0,5184.32176997379,5000,493.501658553041,1.41811893464642,81.2522298028285,1.00138208191454,57.3749669737268,1001.38208191454,102.112554431385
6.96436453574119,5111.09053690982,4524.60531146192,1.43082166870419,81.9800428526159,0,5178.07176997379,5000,480.090195143566,1.43082167015343,81.9800429356511,1.03128489740161,59.0882720966941,1031.28489740161,105.16179300797
6.97686453574119,5112.75388261614,4536.99405634757,1.44390697273033,82.7297755469592,0,5171.82176997379,5000,466.758523408377,1.44390696014334,82.7297748257777,1.0626054643221,60.8828083931957,1062.6054643221,108.355601996819
6.98936453574119,5114.25251384311,4549.40380107827,1.45739308587733,83.5024729123184,0,5165.57176997379,5000,453.509206667861,1.45739307621256,83.5024723585676,1.09543169755165,62.7636130145607,1095.43169755165,111.702946220335
7.00186453574119,5115.58106480994,4561.83289951729,1.47129941708339,84.2992469989367,0,5159.32176997379,5000,440.344929837576,1.47129942077312,84.2992472103423,1.12985776024898,64.7360811123706,1129.85776024898,115.213427648481
7.01436453574119,5116.73392611362,4574.27951392225,1.48564660686369,85.121280421221,0,5153.07176997379,5000,427.268500082422,1.48564660916616,85.1212805531424,1.1659845706717,66.8059948768617,1165.9845706717,118.897337079604
7.02686453574119,5117.70523765012,4586.74160122529,1.50045658473424,85.9698296478858,0,5146.82176997379,5000,414.282846147884,1.50045656652978,85.9698286048471,1.2039204033459,68.979557981408,1203.9204033459,122.765715442674
7.03936453574119,5118.48888088383,4599.21689266797,1.5157526499614,86.8462296285587,0,5140.57176997379,5000,401.391022711367,1.51575263389797,86.8462287081917,1.24378148708334,71.2634298463806,1243.78148708334,126.830414778068
7.05186453574119,5119.07845598829,4611.70285399091,1.53155964387905,87.7519036668287,0,5134.32176997379,5000,388.596232894843,1.53155964712327,87.7519038527089,1.2856922714851,73.6647409086842,1285.6922714851,131.104125413378
7.06436453574119,5119.46726972445,4624.19666523217,1.54790403783496,88.6883684592017,0,5128.07176997379,5000,375.901827405992,1.54790404160515,88.6883686752179,1.32978602088966,76.1911266524729,1329.78602088966,135.600436529259
7.07686453574119,5119.64832856014,4636.69520007998,1.56481400603836,89.6572382689569,0,5121.82176997379,5000,363.311301080087,1.56481397950409,89.6572367486553,1.3762055429771,78.8507693550976,1376.2055429771,140.333910456384
7.08936453574119,5119.61433408557,4649.19499652106,1.58231952321979,90.6602305216469,0,5115.57176997379,5000,350.828295310477,1.58231949534043,90.660228924277,1.42510391356023,81.6524396145775,1425.10391356023,145.320156583566
7.10186453574119,5119.35765781001,4661.69219487203,1.60045259036757,91.699178738842,0,5109.32176997379,5000,338.45662950394,1.60045259054044,91.6991787487464,1.47664456602562,84.6055014741949,1476.64456602562,150.575840478208
7.11436453574119,5118.87032740822,4674.18250625984,1.61924735026749,92.7760391580689,0,5103.07176997379,5000,326.200296817959,1.61924735664844,92.7760395236706,1.5310018123155,87.7199422725583,1531.0018123155,156.118737011671
7.12686453574119,5118.14402251427,4686.66118165413,1.63874017209891,93.8928955798095,0,5096.82176997379,5000,314.063454632638,1.63874013326903,93.8928933550216,1.58836154767038,91.0064130223801,1588.36154767038,161.96780222302
7.13936453574119,5117.17007968177,4699.12297075413,1.65896975573929,95.0519653437103,0,5090.57176997379,5000,302.050420968323,1.65896970482393,95.051962426475,1.64892195896927,94.476268995383,1648.92195896927,168.143245549629
7.15186453574119,5115.93946959529,4711.56202491783,1.67997740678415,96.2556150860642,0,5084.32176997379,5000,290.165718855376,1.67997739654089,96.2556144991689,1.71289297863384,98.1415384333112,1712.89297863384,174.666474140898
7.16436453574119,5114.44278361455,4723.97184754156,1.70180717804827,97.5063688472347,0,5078.07176997379,5000,278.414064987519,1.70180718925637,97.5063694894115,1.78049619601482,102.014917470747,1780.49619601482,181.560083822184
7.17686453574119,5112.67023809079,4736.34524847319,1.72450594579126,98.8069124390555,0,5071.82176997379,5000,266.800347357659,1.72450588881685,98.8069091746625,1.85196500279548,106.109778466115,1851.96500279548,188.847873921827
7.18936453574119,5110.61170319506,4748.67429072098,1.74812348411288,100.160097707373,0,5065.57176997379,5000,255.32960605691,1.74812338524678,100.160092042763,1.92754481292114,110.440182602715,1927.54481292114,196.554869697719
7.20186453574119,5108.25669499538,4760.95013851987,1.77271274100051,101.568958348397,0,5059.32176997379,5000,244.007096537249,1.77271270049373,101.56895602753,2.00749073826625,115.020746714258,2007.49073826625,204.707085321312
7.21436453574119,5105.59436752265,4773.16297886377,1.79832998177194,103.036718127371,0,5053.07176997379,5000,232.838264491121,1.79833000238531,103.03671930843,2.09206537215079,119.866516289706,2092.06537215079,213.331297859187
7.22686453574119,5102.61353828568,4785.30195772801,1.82503479274409,104.566791088769,0,5046.82176997379,5000,221.828696896481,1.82503470745699,104.566786202178,2.18153686372518,124.992855143659,2181.53686372518,222.454850914959
7.23936453574119,5099.30277206887,4797.35512595597,1.85289002716248,106.162778458291,0,5040.57176997379,5000,210.984064761802,1.85288981991921,106.162766584126,2.27617751763984,130.415365183328,2276.17751763984,232.10551183532
7.25186453574119,5095.65041569638,4809.30920413963,1.88196191310501,107.828474825283,0,5034.32176997379,5000,200.310215446008,1.88196178908599,107.828467719517,2.37625709376021,136.149502510483,2376.25709376021,242.31078847111
7.26436453574119,5091.64460720267,4821.14945850666,1.91232011114202,109.567871446426,0,5028.07176997379,5000,189.813123428779,1.912320151885,109.567873780827,2.48203459179713,142.210106715451,2482.03459179713,253.097091442758
7.27576709466901,5087.67206494537,4831.83719287506,1.94119650469524,111.222366924585,0,5022.37049050988,5000,180.396855083158,1.94119643033497,111.222362664055,2.58369925080001,148.035062601954,2583.69925080001,263.46400154997
7.28716965359683,5083.38636863135,4842.40324430843,1.97126116899891,112.944945301662,0,5016.66921104597,5000,171.137127826726,1.97126089069096,112.944929355792,2.69047237146594,154.152711781553,2690.47237146594,274.3518297753
7.29857221252466,5078.77857821946,4852.83285214529,2.00257306651687,114.738984877988,0,5010.96793158206,5000,162.038431259601,2.00257287072021,114.738973659665,2.80249360513606,160.571055686699,2802.49360513606,285.77481659242
7.30997477145248,5073.83990149633,4863.10984299193,2.03519262626801,116.607947981303,0,5005.26665211815,5000,153.105210936714,2.0351926988518,116.607952140048,2.91986217510688,167.295779393513,2919.86217510688,297.743079961749
7.31923389449582,5069.58025118512,4871.3306150164,2.06268481588917,118.183134416169,0,5000.63709059648,5000,145.975922754439,2.0626848063065,118.183133867122,3.01913658991834,172.98378437584,3019.13658991834,307.866252993462
7.32849301753915,5065.09246464989,4879.42909423453,2.09111273505518,119.81193420472,0,4996.00752907481,5000,138.960683794077,2.09111255899589,119.811924117266,3.1219681386847,178.875598120947,3121.9681386847,318.352152741732
7.33775214058249,5060.37249173756,4887.3944796647,2.12050912621399,121.496223351035,0,4991.37796755314,5000,132.061529513399,2.12050900896688,121.496216633271,3.22832255871858,184.96925752145,3228.32255871858,329.197285384773
7.34701126362583,5055.41657293362,4895.21520707813,2.15090623521029,123.237849405922,0,4986.74840603147,5000,125.280365474323,2.15090633700119,123.237855238112,3.33812308514009,191.260364273717,3338.12308514009,340.393823083325
7.35455576963071,5051.20156908054,4901.47221265743,2.17643611528806,124.700603785854,0,4982.97615302903,5000,119.843365582013,2.17643615296227,124.700605944427,3.43005260156299,196.527537577427,3430.05260156299,349.76802491809
7.36210027563559,5046.82606893367,4907.61804831987,2.20266763443514,126.203559123198,0,4979.20390002659,5000,114.486604997818,2.20266755192948,126.203554395972,3.52409570898502,201.915810725005,3524.09570898502,359.357753053797
7.36964478164048,5042.28874281181,4913.64539709901,2.22961629347751,127.747603549863,0,4975.43164702415,5000,109.210753588412,2.22961625965844,127.747601612173,3.62013403764255,207.418401628572,3620.13403764255,369.150937133735
7.37718928764536,5037.58851912376,4919.54657613202,2.25729654453822,129.333565111504,0,4971.65939402171,5000,104.016359044159,2.25729667089229,129.333572351059,3.71801709089048,213.026687465533,3718.01709089048,379.132230771006
7.38347042281009,5033.5505397134,4924.35755327013,2.28090924097182,130.686472960073,0,4968.51882643934,5000,99.7542153427112,2.28090931225768,130.686477044452,3.80078357278665,217.768857563329,3800.78357278665,387.572063119072
7.38975155797482,5029.39886780827,4929.07076382879,2.30504512443254,132.069357217192,0,4965.37825885698,5000,95.5489137265586,2.30504510767627,132.069356257129,3.8845772257553,222.569880228417,3884.5772257553,396.116637766751
7.39603269313955,5025.13345324575,4933.68129083599,2.32971022417216,133.482563333542,0,4962.23769127461,5000,91.4004817225311,2.32971025183001,133.48256491822,3.96925620672973,227.42162845172,3969.25620672973,404.751490746558
7.40231382830428,5020.75443685158,4938.18404900849,2.35490954855432,134.926378267221,0,4959.09712369225,5000,87.3088544364952,2.35490969590126,134.926386709579,4.05465736176795,232.314754200952,4054.65736176795,413.459984986509
7.40764384295592,5016.94966655588,4941.91655884486,2.3767150249525,136.175740035109,0,4956.43211636643,5000,83.8812256548207,2.37671512271247,136.175745636342,4.12755557885532,236.491514374087,4127.55557885532,420.893534372627
7.41297385760756,5013.06371010092,4945.56446569721,2.39890982663056,137.447408498391,0,4953.76710904061,5000,80.4941879401021,2.3989098571144,137.447410244986,4.20071760343524,240.683389603149,4200.71760343524,428.35398463647
7.4183038722592,5009.09706659253,4949.12446836233,2.42149503739382,138.741445754539,0,4951.10210171479,5000,77.1474929637105,2.421495109702,138.741449897493,4.27400892868059,244.882673214628,4274.00892868059,435.827619898802
7.42363388691083,5005.05036611027,4952.59319256886,2.44447090857199,140.057866203685,0,4948.43709438897,5000,73.840828312002,2.44447107445538,140.057875708103,4.34728205412548,249.080914054353,4347.28205412548,443.299399297975
7.42822033284903,5001.50470598867,4955.50232654243,2.46455379203413,141.208530666518,0,4946.14387141987,5000,71.0272127236464,2.46455391240231,141.208537563107,4.4101964097477,252.685641102292,4410.1964097477,449.714878143678
7.43280677878723,4997.90093352218,4958.33915175951,2.48492473449123,142.375699694014,0,4943.85064845077,5000,68.2426522961833,2.48492480110778,142.375703510861,4.47287140157081,256.276653614772,4472.87140157081,456.105948674706
7.43739322472543,4994.23973343328,4961.10146404976,2.50558242237699,143.559298024367,0,4941.55742548167,5000,65.4868053135892,2.50558252861179,143.559304111172,4.53519334350935,259.84743785891,4535.19334350935,462.461018136607
7.44197967066363,4990.5218759856,4963.78703088302,2.52652491008459,144.759214182517,0,4939.26420251257,5000,62.7592879352114,2.52652509282627,144.759224652844,4.59704122906355,263.391060672974,4597.04122906355,468.767747300409
7.44596448396977,4987.24638307247,4966.05626561846,2.54494948313787,145.8148644578,0,4937.2717958595,5000,60.4122212045812,2.54494962374526,145.81487251401,4.65029211008639,266.442111410936,4650.29211008639,474.197825973844
7.4499492972759,4983.92940625826,4968.26441837213,2.56358521432334,146.882613202868,0,4935.27938920644,5000,58.0858958818914,2.56358531014652,146.882618693132,4.70300277243615,269.462209898916,4703.00277243615,479.572817673329
7.45393411058204,4980.57163681842,4970.41003284869,2.58242982480981,147.962329850311,0,4933.28698255337,5000,55.7799666993496,2.58242995815645,147.96233749051,4.75508412169731,272.446251402928,4755.08412169731,484.883637296866
7.45791892388817,4977.17381965725,4972.49164402895,2.60148056903951,149.053857091256,0,4931.2945759003,5000,53.4940618755005,2.60148076750475,149.053868462477,4.80644330419844,275.388915799484,4806.44330419843,490.120816405035
7.4614030606388,4974.1707375582,4974.25811385271,2.61830408990178,150.017773833214,0,4929.55250752498,5000,51.5114662353643,2.61830424912149,150.017782955832,4.85068220340153,277.923618014126,4850.68220340153,494.631928681204
7.46488719738944,4971.13823273528,4975.9735815351,2.63528057182633,150.990454598471,0,4927.81043914967,5000,49.5435816352411,2.63528069229584,150.990461500865,4.89423093353467,280.418776453909,4894.23093353467,499.07266329834
7.46837133414007,4968.07692102419,4977.63709854724,2.6524075517363,151.971758263118,0,4926.06837077435,5000,47.5901003936616,2.65240770778082,151.97176720381,4.93702357251797,282.870614061879,4937.02357251797,503.436298075078
7.47185547089071,4964.9874505864,4979.24771506213,2.66968222075289,152.961523890254,0,4924.32630239903,5000,45.6506988123732,2.66968243421363,152.961536120653,4.97899252184196,285.275257728742,4978.99252184196,507.715939881811
7.47491352181213,4962.25313607786,4980.61702674736,2.68496357153912,153.837080795564,0,4922.79727693832,5000,43.9598051923811,2.68496374818942,153.83709091688,5.01509576475337,287.343821174302,5015.09576475337,511.397446095596
7.47797157273356,4959.49814436606,4981.94424560437,2.70035422787186,154.718900447366,0,4921.26825147761,5000,42.2792499585577,2.7003543698659,154.718908583025,5.05046520324654,289.370340723708,5050.46520324654,515.004125083136
7.48102962365499,4956.72298600486,4983.22876427107,2.7158519353475,155.606853677848,0,4919.73922601689,5000,40.6087780008594,2.71585211120612,155.606863753805,5.08505430927036,291.352150516004,5085.05430927036,518.531232303627
7.48408767457641,4953.92819025389,4984.46997591536,2.73145417506599,156.500796164669,0,4918.21020055618,5000,38.9481249370901,2.73145440312115,156.500809231267,5.11881603174215,293.286554722729,5118.81603174215,521.973969881881
7.48677674469467,4951.4548204167,4985.52516445781,2.74525808388497,157.29170188078,0,4916.86566549705,5000,37.4957397850593,2.74525827711784,157.291712952208,5.14778291391929,294.946234817132,5147.78291391929,524.927769821426
7.48946581481294,4948.96708179309,4986.54601581365,2.75913895239372,158.087017062307,0,4915.52113043792,5000,36.0505388661352,2.75913911374349,158.087026306969,5.17604175704301,296.565347262044,5176.04175704301,527.809369870752
7.4921548849312,4946.4653772482,4987.53214847635,2.77309489894079,158.886633898565,0,4914.17659537879,5000,34.6123208731595,2.77309509275381,158.886645003233,5.20356101197177,298.142084424806,5203.56101197177,530.615552912745
7.49484395504946,4943.95011999401,4988.48318105305,2.78712382797511,159.69043232332,0,4912.83206031966,5000,33.1808793818608,2.78712407050268,159.690446219126,5.23030923980295,299.674644988987,5230.30923980295,533.343113071533
7.49720924552629,4941.72684781098,4989.29039031636,2.79952214344167,160.400803472626,0,4911.64941508124,5000,31.9272250467844,2.79952235270214,160.400815462368,5.2531746794458,300.984738177233,5253.1746794458,535.674739023601
7.49957453600311,4939.49371800238,4990.06991410769,2.8119737986891,161.114230766255,0,4910.46676984283,5000,30.6784993975526,2.81197397791137,161.114241034935,5.27539841730132,302.25806456136,5275.39841730132,537.940929604026
7.50193982647994,4937.2510366355,4990.82151779855,2.82447732001955,161.830629767542,0,4909.28412460442,5000,29.4345494967507,2.82447753064928,161.830641835736,5.29695977230937,303.493439203904,5296.95977230937,540.139575931574
7.50430511695677,4934.99911520213,4991.54496582805,2.83703104856625,162.549905430421,0,4908.101479366,5000,28.1952197441711,2.8370313056944,162.549920162778,5.31783856157371,304.689705710094,5317.83856157371,542.268619923594
7.50638353359861,4933.01294218606,4992.15724635227,2.84810223781666,163.18423784866,0,4907.06227104508,5000,27.1098896612686,2.84810246282743,163.184250740827,5.33560601355192,305.707705721147,5335.60601355192,544.080395808142
7.50846195024046,4931.02010166269,4992.74746456592,2.85920979164533,163.820653803757,0,4906.02306272416,5000,26.0278932285497,2.85920998778754,163.820665041878,5.35281756601688,306.693855036257,5352.81756601688,545.835485718047
7.5105403668823,4929.02081898708,4993.31547947317,2.87035261333663,164.459090458535,0,4904.98385440324,5000,24.9491178416884,2.87035284018404,164.459103455934,5.36946001164512,307.647396931531,5369.46001164512,547.532542881118
7.51261878352414,4927.01532216529,4993.86114816741,2.8815294350725,165.099475172371,0,4903.94464608232,5000,23.87344961978,2.88152970716363,165.099490762044,5.38552095436197,308.567621164208,5385.52095436196,549.170303249526
7.51444131876294,4925.2517980855,4994.32113747789,2.8913571391235,165.662561136796,0,4903.03337846292,5000,22.9326764698337,2.8913573798786,165.662574931048,5.39911671152478,309.346600668922,5399.11671152478,550.556684650189
7.51626385400174,4923.48383322871,4994.76375222947,2.90120921188497,166.227043325485,0,4902.12211084351,5000,21.9941236237429,2.90120942443149,166.227055503503,5.412247452168,310.098936689659,5412.247452168,551.89564756242
7.51808638924054,4921.7115890452,4995.18890984122,2.91108487458362,166.792877118012,0,4901.21084322411,5000,21.0577104105991,2.91108511747698,166.792891034777,5.42490485291095,310.824152331836,5424.90485291095,553.186343237593
7.51990892447935,4919.93522815008,4995.59652514568,2.92098318199014,167.360008356729,0,4900.29957560471,5000,20.1233556266083,2.92098346963534,167.360024837584,5.43708174146183,311.521836653403,5437.08174146183,554.42804030549
7.52150225402017,4918.37902217243,4995.93843985046,2.92965439794488,167.856832434182,0,4899.5029108343,5000,19.3081291195642,2.92965465470763,167.856847145603,5.44732848612867,312.108931876561,5447.32848612867,555.472917472192
7.523095583561,4916.81990729545,4996.26683547223,2.9383416529836,168.354575483454,0,4898.70624606388,5000,18.4943569935082,2.9383418817982,168.354588593565,5.457197185852,312.67436671999,5457.197185852,556.479244783081
7.52468891310183,4915.25799633864,4996.58166504016,2.94704442094568,168.853207357763,0,4897.90958129347,5000,17.6819828774086,2.94704468007509,168.853222204785,5.46668253359208,313.21783711271,5466.68253359208,557.44648107071
7.52628224264266,4913.69340253813,4996.88287864537,2.95576200795572,169.352688300977,0,4897.11291652306,5000,16.8709502410384,2.95576231197871,169.352705720211,5.4757808036264,313.739129586547,5475.7808036264,558.374246417115
7.52766980782371,4912.32876545742,4997.13406229641,2.96336525867665,169.788322477865,0,4896.41913393253,5000,16.1657036400756,2.96336553198211,169.788338137115,5.48338656700819,314.174907728299,5483.38656700819,559.149818440364
7.52905737300477,4910.96225678183,4997.37485631564,2.97097886900325,170.224550216437,0,4895.725351342,5000,15.4613927815614,2.97097911429489,170.224564270612,5.49069237006532,314.593499409426,5490.69237006532,559.894803022981
7.53044493818582,4909.5939535132,4997.60523490648,2.97860250500795,170.66135238405,0,4895.03156875148,5000,14.7579791909853,2.9786027808906,170.661368190961,5.49769462624887,314.994699135813,5497.69462624887,560.60883443876
7.53183250336688,4908.22393272507,4997.82516924619,2.98623566006998,171.098699953473,0,4894.33778616095,5000,14.0554244051226,2.98623598154126,171.098718372421,5.50439190035321,315.378424676234,5504.39190035321,561.291766337456
7.53303525081585,4907.03506305039,4998.00733636803,2.99285935241656,171.478209569726,0,4893.73641243646,5000,13.4471118275038,2.99285964308087,171.478226223563,5.5099501487664,315.696888851795,5509.9501487664,561.858549939724
7.53423799826482,4905.84501227228,4998.18162120018,2.99948960466283,171.858095040544,0,4893.13503871198,5000,12.8393897582059,2.99948986696913,171.858110069588,5.51527544643041,316.002005932593,5515.27544643041,562.401579176417
7.53544074571379,4904.65383175341,4998.34801019785,3.00612622445946,172.238345345124,0,4892.53366498749,5000,12.2322325329496,3.00612651792817,172.238362159642,5.5203650433321,316.293618354483,5520.3650433321,562.920573624235
7.53664349316276,4903.46157279138,4998.50648688614,3.01276883931326,172.618939141177,0,4891.93229126301,5000,11.6256145636139,3.01276917957595,172.618958636794,5.52521910372033,316.57173552823,5525.21910372033,563.4155500319
7.5376803829881,4902.43289883947,4998.63674569491,3.01849989961285,172.947304708479,0,4891.41384635034,5000,11.1030617425378,3.01850020875163,172.947322420826,5.52921604170949,316.800743205985,5529.21604170949,563.823124278881
7.53871727281344,4901.40349500801,4998.76110514135,3.02423502788743,173.275903353578,0,4890.89540143766,5000,10.5808738275188,3.02423530807379,173.275919407074,5.5330355705305,317.019586087157,5533.0355705305,564.212607825353
7.53975416263879,4900.37339477838,4998.87955855496,3.02997413352833,173.604729884982,0,4890.37695652499,5000,10.0590340880984,3.02997444573987,173.604747773386,5.53667516236778,317.228119338583,5536.67516236778,564.583742905863
7.54079105246413,4899.34263152985,4998.9920965443,3.03571693647804,173.933768256575,0,4889.85851161232,5000,9.53752588390411,3.03571729718862,173.933788923769,5.54013623143918,317.426423988978,5540.13623143918,564.936673730498
7.54167940852114,4898.4590223597,4999.08380071791,3.04063974015396,174.215824130578,0,4889.41433358382,5000,9.09097443496221,3.04064006921421,174.215842984341,5.54296216930315,317.58833830175,5542.96216930315,565.224839196173
7.54256776457815,4897.57497234503,4999.17115307475,3.04556501177956,174.49802140768,0,4888.97015555531,5000,8.64464338247093,3.04556531105453,174.498038554873,5.54565543322109,317.742650957363,5545.65543322109,565.499475684468
7.54345612063516,4896.69050280175,4999.25415066368,3.05049273268161,174.780359017986,0,4888.52597752681,5000,8.19852207398472,3.05049306514489,174.780378066728,5.54821325502119,317.889203351255,5548.21325502119,565.760300920415
7.54434447669216,4895.80563494915,4999.33278808059,3.05542268378228,175.06282440926,0,4888.0817994983,5000,7.75259993919286,3.05542306697063,175.062846364335,5.55063820860547,318.028142957149,5550.63820860547,566.007577368976
7.54510022846938,4895.05255299286,4999.39625015989,3.0596182564232,175.303213014225,0,4887.70392360969,5000,7.3733891583557,3.05961860723295,175.303233114143,5.55260068476101,318.140584558257,5552.60068476101,566.207694244315
7.54585598024661,4894.29921135805,4999.45655170333,3.06381529279568,175.543685484831,0,4887.32604772108,5000,6.99430819732016,3.06381561274486,175.543703816569,5.55446561479877,318.247437178508,5554.46561479877,566.397864183872
7.54661173202383,4893.54562328365,4999.51369168147,3.06801382482821,175.784243650445,0,4886.94817183247,5000,6.61535043903922,3.06801417945559,175.784263969098,5.55622958131633,318.348505015166,5556.22958131633,566.577738709583
7.54736748380105,4892.7918019317,4999.56766690116,3.07221367135778,176.024877131193,0,4886.57029594386,5000,6.23650933336213,3.07221407951428,176.024900516837,5.55789644714414,318.444009392114,5557.89644714414,566.74771172053
7.54800533384772,4892.15540931826,4999.61075601632,3.07575912073929,176.22801641723,0,4886.25137092053,5000,5.9168556075643,3.07575949558223,176.228037894149,5.5592335544889,318.520619999725,5559.2335544889,566.884058724325
7.54864318389438,4891.51886791407,4999.65158844687,3.07930541907401,176.431204344704,0,4885.9324458972,5000,5.59727626269853,3.07930576171769,176.431223976741,5.5605000320711,318.593183820033,5560.5000320711,567.013203496719
7.54928103394105,4890.88218572703,4999.69016409384,3.08285263431448,176.634444807008,0,4885.61352087386,5000,5.27776729534232,3.08285301350317,176.634466532919,5.56169136796236,318.661442338585,5561.69136796236,567.134685949061
7.54991888398771,4890.24537070947,4999.72648098113,3.08640060660354,176.837728645,0,4885.29459585053,5000,4.9583247531416,3.08640104280619,176.837753637571,5.56281306830784,318.725711034259,5562.81306830784,567.2490675519
7.55045242446191,4889.71259973968,4999.75512198967,3.08936874117628,177.007790229045,0,4885.02782561343,5000,4.69116977457343,3.08936914290401,177.007813246348,5.5637060405656,318.776874575851,5563.7060405656,567.340125380797
7.5509859649361,4889.17974609713,4999.78218153638,3.09233735865284,177.177879481441,0,4884.76105537634,5000,4.424056121831,3.09233772653685,177.177900559642,5.56454846855755,318.825142144333,5564.54846855755,567.426029128964
7.5515195054103,4888.64681448859,4999.80765992668,3.0953065536354,177.348001822493,0,4884.49428513924,5000,4.15698144103001,3.09530696039163,177.348025127908,5.56533416446509,318.870159203816,5565.33416446509,567.506147814503
7.55205304588449,4888.1138095832,4999.83155585893,3.09827617565633,177.518148631041,0,4884.22751490214,5000,3.88994341562052,3.09827664375611,177.518175451183,5.56607091763902,318.912372051225,5566.07091763902,567.581275730144
7.55249484074298,4887.67240604452,4999.85014365354,3.1007352680669,177.659044247599,0,4884.0066174729,5000,3.668850334423,3.10073570026315,177.65906901062,5.56665548101253,318.945865065385,5566.65548101253,567.640884605093
7.55293663560147,4887.23095812673,4999.86764598724,3.10319463230823,177.799955438913,0,4883.78572004365,5000,3.4477794351988,3.10319502864126,177.799978147123,5.56720399298131,318.977292486209,5567.20399298131,567.69681725985
7.55337843045996,4886.78946851023,4999.88406330383,3.10565438420994,177.94088884153,0,4883.56482261441,5000,3.22672937678478,3.10565482233589,177.940913944298,5.56770773521619,319.00615479023,5567.70773521619,567.748184672257
7.55382022531845,4886.34793985127,4999.89939468609,3.10811437396838,178.081835872334,0,4883.34392518516,5000,3.00569884442477,3.1081148788694,178.081864801032,5.56817784689031,319.033090205057,5568.17784689031,567.796122721858
7.55418186985018,4885.98648601476,4999.91113531957,3.11012803489348,178.197210144713,0,4883.1631029193,5000,2.82478123669602,3.11012850212552,178.197236915137,5.56855416434829,319.054651607156,5568.55416434829,567.834496423171
7.55454351438191,4885.6250092668,4999.92214814478,3.11214185062552,178.312593286876,0,4882.98228065343,5000,2.64387507935875,3.11214227948774,178.312617858871,5.56890434593558,319.074715534171,5568.90434593558,567.870205007375
7.55490515891363,4885.26351108084,4999.93243361809,3.11415595585027,178.427993015749,0,4882.80145838757,5000,2.46297963458902,3.11415643023131,178.428020195781,5.56921579429016,319.092560210424,5569.21579429016,567.901963901042
7.55526680344536,4884.9019929156,4999.94199105387,3.11617019464096,178.543400397387,0,4882.6206361217,5000,2.28209418273498,3.11617074273299,178.543431800747,5.56950477115024,319.109117364884,5569.50477115024,567.931431339982
7.55549927510324,4884.66959261507,4999.94774987654,3.11746493751204,178.617583699455,0,4882.50440029277,5000,2.16582267694651,3.11746547379888,178.617614426427,5.56968764509592,319.119595270155,5569.68764509592,567.950079292717
7.55573174676112,4884.43718505286,4999.95320781003,3.11875972834277,178.691769749408,0,4882.38816446383,5000,2.04955480125064,3.11876025321199,178.691799822199,5.5698599345917,319.129466731117,5569.8599345917,567.967647931934
7.555964218419,4884.20477062009,4999.95836495743,3.12005460520709,178.765960728723,0,4882.27192863489,5000,1.93329036012427,3.12005514301403,178.765991542791,5.5700172079381,319.138477830096,5570.0172079381,567.983685350054
7.55619669007688,4883.97234970485,4999.96322116989,3.12134952447824,178.84015413777,0,4882.15569280595,5000,1.81702916065357,3.12135008247955,178.84018610889,5.57016506426345,319.146949373513,5570.16506426345,567.998762499269
7.55642916173476,4883.73992269321,4999.96777610324,3.12264435306097,178.914342350753,0,4882.03945697701,5000,1.7007710109026,3.12264487943892,178.914372509988,5.5703245880483,319.156089413116,5570.3245880483,568.015029398245
7.55666163339264,4883.50748997777,4999.97203011941,3.123939237465,178.988533762061,0,4881.92322114806,5000,1.58451571118704,3.12393973091364,178.988562034586,5.57046945398133,319.164389619674,5570.46945398133,568.029801612307
7.55689410505052,4883.27505195075,4999.97598348908,3.12523430083693,179.062735427475,0,4881.80698531912,5000,1.46826306488098,3.12523483422249,179.062765988216,5.57058099464111,319.170780428724,5570.58099464111,568.041175594226
7.5571265767084,4883.04260900005,4999.97963588214,3.12652941117842,179.136939784046,0,4881.69074949018,5000,1.352012881493,3.12653001017638,179.136974104101,5.57068355084923,319.176656466612,5570.68355084923,568.051633417042
7.55727697366014,4882.89222817881,4999.98183821399,3.12736720017301,179.184941557558,0,4881.61555101431,5000,1.27680634115765,3.12736778804838,179.184975240336,5.5707592891933,319.180995954074,5570.7592891933,568.05935657878
7.55742737061188,4882.74184556516,4999.98391456779,3.128205006734,179.232944337552,0,4881.54035253844,5000,1.20160069672584,3.12820558356284,179.23297738741,5.57082892307329,319.184985681509,5570.82892307329,568.066457258421
7.55757776756362,4882.59146126518,4999.98586501094,3.1290428704497,179.280950392268,0,4881.46515406257,5000,1.12639589512817,3.12904346007184,179.280984175128,5.57088473062171,319.188183218499,5570.88473062171,568.072148044614
7.55772816451536,4882.441075384,4999.98768946381,3.12988074923762,179.328957310559,0,4881.3899555867,5000,1.05119188428058,3.12988135921871,179.328992259902,5.57093657255517,319.191153542488,5570.93657255517,568.07743445062
7.55787856146711,4882.29068802607,4999.98938771941,3.13071849785107,179.376956770403,0,4881.31475711083,5000,0.975988612537965,3.13071907414153,179.376989789414,5.57102696604319,319.196332707846,5571.02696604319,568.086652021148
7.55802895841885,4882.14029929782,4999.99096001469,3.13155628204007,179.424958268576,0,4881.23955863496,5000,0.900786025121234,3.13155682176043,179.424989192275,5.57110264054706,319.200668537535,5571.10264054706,568.094368672999
7.55817935537059,4881.98990930568,4999.99240653169,3.13239424511751,179.472970016301,0,4881.16436015909,5000,0.825584068515788,3.13239483150203,179.473003613659,5.57112565454006,319.201987142204,5571.12565454006,568.096715447177
7.55832975232233,4881.83951815473,4999.99372706037,3.13323223726733,179.520983429751,0,4881.08916168322,5000,0.750382691766573,3.13323290226699,179.521021531424,5.57114659185601,319.203186762042,5571.14659185601,568.098850459231
7.55842153063154,4881.74774286072,4999.99447086551,3.13374351932841,179.550277733991,0,4881.04327252862,5000,0.70449202985965,3.13374417409182,179.550315249171,5.57118328980364,319.205289399558,5571.18328980364,568.102592608448
7.55851330894075,4881.65596719837,4999.99516775313,3.1342548109659,179.57957258692,0,4880.99738337401,5000,0.658601552013667,3.1342554552367,179.579609500918,5.5712145226905,319.207078912157,5571.2145226905,568.105777476559
7.55860508724996,4881.56419119183,4999.99581776027,3.13476615145304,179.608870238727,0,4880.95149421941,5000,0.612711246137207,3.1347668082386,179.608907869768,5.57122621816403,319.20774901343,5571.22621816403,568.106970082957
7.55869686555917,4881.47241486498,4999.99642084521,3.13527749986057,179.638168344339,0,4880.9056050648,5000,0.5668211004591,3.1352781769983,179.638207141474,5.57123658547079,319.208343016352,5571.23658547079,568.108027254036
7.55878864386838,4881.38063824151,4999.99697688782,3.13578869445897,179.667457637338,0,4880.8597159102,5000,0.520931103383872,3.13578933501033,179.667494338227,5.57133858010177,319.21418687824,5571.33858010177,568.118427811921
7.55888042217759,4881.28886134564,4999.99748603117,3.13629992337996,179.696748896875,0,4880.81382675559,5000,0.475041242189407,3.13630052241714,179.696783219177,5.57141577873748,319.218610034251,5571.41577873748,568.126299881966
7.5589722004868,4881.19708420158,4999.99794838767,3.13681135431976,179.726051731238,0,4880.76793760098,5000,0.429151504613996,3.13681201057998,179.726089332179,5.57138594289768,319.216900566552,5571.38594289768,568.123257473008
7.55906397879602,4881.10530683324,4999.99836382743,3.13732281362196,179.755356190647,0,4880.72204844638,5000,0.383261879346787,3.13732356859234,179.755399447263,5.57136282129597,319.215575796358,5571.36282129597,568.120899725795
7.5591159696842,4881.05331638755,4999.9985782764,3.13761244569633,179.77195088612,0,4880.69605300229,5000,0.357266214109503,3.13761319150895,179.771993618035,5.57139612657117,319.217484048063,5571.39612657117,568.124295918706
7.55916796057238,4881.00132588191,4999.99877766995,3.13790208540942,179.788546019259,0,4880.6700575582,5000,0.331270578812521,3.13790282147328,179.788588192612,5.57142123020561,319.218922380367,5571.42123020561,568.12685577701
7.55921995146056,4880.94933532073,4999.99896202593,3.13819177054364,179.805143754838,0,4880.64406211411,5000,0.305274971249296,3.13819251872412,179.805186622422,5.57141101558322,319.218337125614,5571.41101558322,568.125814175403
7.55927194234873,4880.89734470834,4999.99913132426,3.13848146187219,179.821741845325,0,4880.61806667002,5000,0.279279389300003,3.1384822302305,179.821785869013,5.57140121991833,319.217775875358,5571.40121991833,568.124815295573
7.55931255558505,4880.85673165463,4999.99925307411,3.13870770306336,179.834704510732,0,4880.59776005186,5000,0.258972679902833,3.13870846162764,179.834747973263,5.57144694388372,319.220395665598,5571.44694388372,568.129477842456
7.55935316882136,4880.8161185744,4999.99936563776,3.13893395262644,179.847667655813,0,4880.57745343371,5000,0.238665983743541,3.13893470049347,179.847710505437,5.57148039920936,319.22231251456,5571.48039920936,568.132889336253
7.55939378205767,4880.77550546975,4999.99946902951,3.13916025284014,179.86063370296,0,4880.55714681555,5000,0.218359299765154,3.139161014475,179.860677341424,5.57145949545411,319.221114817608,5571.45949545411,568.130757746438
7.55943439529398,4880.73489234276,4999.99956323315,3.13938655983831,179.87360013883,0,4880.5368401974,5000,0.19805262696646,3.13938734475304,179.873645111131,5.57144056221911,319.220030023149,5571.44056221911,568.128827093769
7.55946461877782,4880.70466892699,4999.99962735712,3.13955491807009,179.883246354957,0,4880.52172845547,5000,0.182940851042068,3.13955569388116,179.883290805657,5.57150005189245,319.223438530356,5571.50005189245,568.13489335221
7.55949484226166,4880.67444550084,4999.99968639415,3.13972328425564,179.892893026802,0,4880.50661671355,5000,0.167829080292692,3.13972404994561,179.892936897606,5.57154318383309,319.225909808517,5571.54318383309,568.139291586126
7.5595250657455,4880.6442220652,4999.99974035387,3.13989169885882,179.902542472773,0,4880.49150497163,5000,0.152717314282636,3.13989247794829,179.902587111311,5.57151299229311,319.2241799607,5571.51299229311,568.136212905846
7.55955528922935,4880.61399862089,4999.9997892253,3.14006011993974,179.91219228989,0,4880.47639322971,5000,0.137605552603289,3.14006092190663,179.912238239208,5.5714867204402,319.222674694408,5571.4867204402,568.13353392241
7.55957753518009,4880.59175269421,4999.99982193443,3.14018403294719,179.919291982244,0,4880.46527025434,5000,0.126482565214148,3.14018482611103,179.919337427185,5.57157161939137,319.227539045995,5571.57161939136,568.142191206107
7.55959978113084,4880.56950676365,4999.99985188797,3.14030795386362,179.926392127749,0,4880.45414727897,5000,0.11535957976275,3.1403087370513,179.926437001097,5.57163333877747,319.231075306333,5571.63333877747,568.148484831974
7.55962202708158,4880.54726082955,4999.99987909249,3.14043192303534,179.933495038078,0,4880.4430243036,5000,0.10423659607144,3.14043271995887,179.933540698433,5.57159031310679,319.228610116992,5571.59031310679,568.144097434577
7.55964427303233,4880.52501489224,4999.99990354044,3.14055589873893,179.940598322656,0,4880.43190132822,5000,0.0931136139822894,3.14055671936814,179.940645341246,5.57155527757044,319.226602728626,5571.55527757044,568.140524804132
7.55966025270647,4880.50903522597,4999.99991939285,3.14064490080699,179.945697765524,0,4880.42391149115,5000,0.0851237729848111,3.14064571296617,179.945744298817,5.57167972707903,319.233733160231,5571.67972707903,568.153215122293
7.55967623238061,4880.49305555836,4999.99993382368,3.14073391064934,179.950797653826,0,4880.41592165408,5000,0.077133932660745,3.1407347130382,179.950843627321,5.57177103776788,319.238964877327,5571.77103776788,568.162526221277
7.55969221205474,4880.47707588952,4999.99994683725,3.14082296806049,179.955900267618,0,4880.40793181702,5000,0.069144092941655,3.14082378455804,179.955947049482,5.57171204602537,319.235584899454,5571.71204602537,568.156510737649
7.55970819172888,4880.46109621959,4999.99995842854,3.14091203206682,179.961003259288,0,4880.39994197994,5000,0.0611542537715729,3.14091287310846,179.961051447424,5.57166893739644,319.233114956956,5571.66893739644,568.152114880866
7.55971941480483,4880.44987314601,4999.99996571419,3.14097453364945,179.964584336185,0,4880.39433044197,5000,0.0555427146174581,3.14097536630523,179.964632043847,5.57186087489537,319.244112165575,5571.86087489537,568.171687058819
7.55973063788078,4880.43865007199,4999.9999722988,3.14103704298039,179.968165857029,0,4880.388718904,5000,0.0499311756810189,3.14103786582177,179.968213002367,5.57200401086098,319.252313252301,5572.00401086098,568.186282865299
7.55974186095672,4880.42742699759,4999.99997818518,3.14109960007647,179.971750114613,0,4880.38310736602,5000,0.044319636936101,3.14110043800284,179.971798124257,5.571925380657,319.247808073471,5571.92538065701,568.178264815916
7.55975308403267,4880.41620392284,4999.99998337003,3.14116216408953,179.97533476851,0,4880.37749582805,5000,0.0387080983644554,3.14116302840792,179.975384290306,5.57188060977561,319.245242890922,5571.88060977561,568.173699456553
7.55976081835625,4880.40846959991,4999.99998653147,3.14120522660269,179.97780206877,0,4880.37362866626,5000,0.034840936250779,3.14120608165307,179.977851059548,5.5722100155805,319.264116453289,5572.2100155805,568.207289500543
7.55976855267984,4880.40073527684,4999.99998936014,3.14124829731964,179.980269839071,0,4880.36976150447,5000,0.0309737741993691,3.14124914153081,179.980318208809,5.57246385838215,319.278660574484,5572.46385838215,568.233174262582
7.55977628700343,4880.39300095366,4999.99999185796,3.14129141982495,179.982740576628,0,4880.36589434267,5000,0.0271066122054457,3.14129228241382,179.982789999329,5.57237376072139,319.273498358778,5572.37376072139,568.223986858039
7.55978402132701,4880.38526663037,4999.99999402262,3.14133455055059,179.985211785174,0,4880.36202718088,5000,0.02323945026111,3.14133544521878,179.985263045886,5.57237158466052,319.273373679674,5572.37158466052,568.223764961584
7.55979001122912,4880.37927672844,4999.99999546594,3.14136783965845,179.987119110559,0,4880.35903222983,5000,0.0202444991193814,3.14136868858169,179.987167750277,5.57343630401056,319.334377604798,5573.43630401056,568.332336119935
7.55979600113123,4880.37328682646,4999.99999671043,3.14140114005634,179.989027082814,0,4880.35603727877,5000,0.0172495480000018,3.14140194880056,179.989073420444,5.57470481284449,319.407057807257,5574.70481284449,568.461688022361
7.55980199103334,4880.36729692444,4999.99999775976,3.14143457669309,179.99094286098,0,4880.35304232771,5000,0.0142545968970398,3.1414354943941,179.990995441375,5.5769587248984,319.53619745534,5576.9587248984,568.691523088762
7.55980798093546,4880.36130702238,4999.99999860943,3.14146806312609,179.992861492262,0,4880.35004737666,5000,0.0112596458124365,3.14146915292468,179.992923933122,5.58100423744302,319.767988250114,5581.00423744302,569.104050561917
7.55980867821993,4880.36060973791,4999.99999869494,3.14147195466536,179.993084461038,0,4880.34969873442,5000,0.0109110035699041,3.1414730444475,179.993146900955,5.58100386935927,319.767967160468,5581.00386935927,569.10401302782
7.55980937550441,4880.35991245344,4999.99999877775,3.14147584620663,179.993307429929,0,4880.34935009218,5000,0.0105623613269519,3.14147693601536,179.993369871369,5.58100542061385,319.768056040808,5581.00542061385,569.104171211764
7.55981007278889,4880.35921516896,4999.99999885784,3.14147973776105,179.993530399573,0,4880.34900144994,5000,0.0102137190862928,3.14148082754385,179.993592839528,5.58100386100253,319.767966681662,5581.00386100253,569.10401217567
7.55981077007337,4880.35851788449,4999.99999893522,3.14148362931732,179.993753369323,0,4880.3486528077,5000,0.0098650768442727,3.14148471912096,179.993815810472,5.58100446862872,319.768001496078,5581.00446862872,569.104074136297
7.55981146735785,4880.35782060001,4999.99999900988,3.14148752084792,179.993976337602,0,4880.34830416546,5000,0.00951643460360443,3.14148861065647,179.994038779033,5.58100563240592,319.7680681756,5581.00563240592,569.104192808546
7.55981216464233,4880.35712331554,4999.99999908183,3.1414914123841,179.994199306201,0,4880.34795552322,5000,0.00916779236154366,3.14149250214563,179.994261744937,5.58100374791624,319.767960202295,5581.00374791624,569.104000644077
7.55981286192681,4880.35642603106,4999.99999915107,3.14149530394872,179.99442227643,0,4880.34760688098,5000,0.00881915011989334,3.1414963937892,179.994484719689,5.58100724364244,319.768160492653,5581.00724364244,569.104357108946
7.55981355921129,4880.35572874658,4999.99999921759,3.14149919551516,179.994645246762,0,4880.34725823874,5000,0.00847050787772842,3.14150028528413,179.994707685925,5.58100203950309,319.767862317432,5581.00203950309,569.103826434419
7.55981537261196,4880.35391534592,4999.99999937779,3.14150930520475,179.995224489308,0,4880.34635153841,5000,0.00756380754059044,3.14151039164471,179.995286737732,5.58150273196289,319.796549882213,5581.50273196289,569.154882856316
7.55981718601263,4880.35210194526,4999.99999951967,3.14151941753664,179.995803883246,0,4880.34544483807,5000,0.0066571072030031,3.14152050013911,179.995865911799,5.58190316769334,319.819493159534,5581.90316769334,569.195715936976
7.5598189994133,4880.35028854459,4999.99999964338,3.14152954733149,179.996384277739,0,4880.34453813774,5000,0.00575040686558949,3.1415306370826,179.996446715878,5.58186671519906,319.817404585458,5581.86671519906,569.191998817033
7.55982081281397,4880.34847514393,4999.99999974875,3.1415396802734,179.996964852544,0,4880.3436314374,5000,0.00484370652990468,3.14154078239995,179.997027999743,5.58203130053046,319.826834630317,5582.03130053046,569.208781850118
7.55982197197127,4880.34731598663,4999.99999980633,3.14154613839146,179.997334875452,0,4880.34305185875,5000,0.00426412787950139,3.14154723588708,179.997397757319,5.58293457398721,319.878588387135,5582.93457398721,569.300890108978
7.55982313112856,4880.34615682933,4999.99999985644,3.14155259897553,179.997705039653,0,4880.3424722801,5000,0.00368454922961513,3.14155369159925,179.99776764238,5.58375467401007,319.925576657224,5583.75467401007,569.384517037936
7.55982429028586,4880.34499767203,4999.99999989918,3.14155907902073,179.998076318894,0,4880.34189270146,5000,0.00310497058017041,3.14156018271025,179.998139555645,5.58431355224211,319.957598021182,5584.31355224211,569.441506757365
7.55982544944316,4880.34383851474,4999.99999993442,3.14156556391328,179.998447875868,0,4880.34131312281,5000,0.00252539193110006,3.14156668569361,179.998512149146,5.58556010395332,320.029020173179,5585.56010395332,569.568619656388
7.55982571055967,4880.34357739822,4999.9999999413,3.14156702235438,179.998531438387,0,4880.34118256455,5000,0.00239483367458059,3.14156814413839,179.998595711876,5.58556940802479,320.029553257206,5585.56940802479,569.569568407641
7.55982597167619,4880.34331628171,4999.99999994781,3.14156848080134,179.998615001243,0,4880.34105200629,5000,0.00226427541807555,3.14156960247086,179.998679268172,5.58555239469967,320.028578465481,5585.55239469967,569.567833531294
7.5598262327927,4880.3430551652,4999.99999995393,3.1415699393086,179.998698567553,0,4880.34092144804,5000,0.00213371716249358,3.14157106109669,179.998762841276,5.58557378050606,320.029803781929,5585.57378050606,569.570014276645
7.55982649390921,4880.34279404869,4999.99999995967,3.1415713978279,179.998782134553,0,4880.34079088978,5000,0.00200315890510539,3.14157251961917,179.998846408458,5.58556615509837,320.029366878251,5585.56615509837,569.569236701459
7.55982675502572,4880.34253293217,4999.99999996503,3.14157285620695,179.998865693517,0,4880.34066033152,5000,0.00187260064954813,3.14157397801672,179.998929968483,5.58559899640212,320.03124854635,5585.59899640212,569.572585582449
7.55982701614224,4880.34227181566,4999.99999997001,3.14157431461652,179.998949254231,0,4880.34052977327,5000,0.00174204239218297,3.14157543626121,179.999013519738,5.58557531253465,320.029891560701,5585.57531253465,569.570170500084
7.55982727725875,4880.34201069915,4999.99999997461,3.14157577319378,179.999032824552,0,4880.34039921501,5000,0.00161148413573756,3.14157689487986,179.99909709243,5.58555982438372,320.029004155021,5585.55982438372,569.568591148223
7.55982753837526,4880.34174958263,4999.99999997882,3.14157723177969,179.999116395369,0,4880.34026865676,5000,0.00148092587930159,3.14157835335747,179.999180657042,5.58548814484705,320.024897220092,5585.48814484705,569.561281869654
7.55982766753916,4880.34162041874,4999.99999998077,3.1415779532023,179.99915772984,0,4880.34020407481,5000,0.00141634393198144,3.14157907484347,179.999221995144,5.58551785847794,320.026599685736,5585.51785847794,569.564311816772
7.55982779670306,4880.34149125484,4999.99999998262,3.14157867462713,179.999199064437,0,4880.34013949286,5000,0.0013517619828443,3.14157979596843,179.999263312561,5.58541524095272,320.020720134637,5585.41524095272,569.553847741351
7.55982792586695,4880.34136209095,4999.99999998438,3.14157939608186,179.999240400749,0,4880.34007491091,5000,0.00128718003552806,3.14158051738463,179.999304646665,5.58539221113482,320.019400623268,5585.39221113482,569.551499353482
7.55982805503085,4880.34123292705,4999.99999998604,3.14158011754354,179.999281737458,0,4880.34001032896,5000,0.00122259808730411,3.14158123913818,179.999346000097,5.58549904470765,320.025521736101,5585.49904470765,569.562393346112
7.55982818419475,4880.34110376315,4999.99999998762,3.14158083898169,179.999323072819,0,4880.33994574701,5000,0.00115801613908188,3.14158196050017,179.999387331094,5.58546903368496,320.023802231163,5585.46903368496,569.559333073472
7.55982831335864,4880.34097459926,4999.9999999891,3.14158156042323,179.999364408374,0,4880.33988116506,5000,0.00109343419086123,3.14158268223297,179.999428683338,5.58560195281316,320.031417936225,5585.60195281316,569.572887052476
7.55982844252254,4880.34084543536,4999.99999999048,3.14158228187967,179.999405744784,0,4880.33981658312,5000,0.00102885224264209,3.14158340352242,179.999470010179,5.58552161055714,320.026814664038,5585.52161055714,569.56469442237
7.55982857168644,4880.34071627146,4999.99999999178,3.14158300334451,179.999447081674,0,4880.33975200117,5000,0.000964270294424347,3.14158412522265,179.999511360557,5.58563479671079,320.033299752942,5585.63479671079,569.576236197967
7.55982868149751,4880.34060646039,4999.9999999928,3.1415836167082,179.999482224825,0,4880.33969709563,5000,0.000909364758655393,3.14158473845893,179.999546496407,5.58556520916129,320.029312680049,5585.56520916129,569.569140242722
7.55982879130858,4880.34049664932,4999.99999999376,3.14158423005626,179.99951736708,0,4880.3396421901,5000,0.000854459221977818,3.14158535173911,179.999581634773,5.58553067261967,320.027333881975,5585.53067261967,569.565618495579
7.55982890111965,4880.34038683825,4999.99999999465,3.14158484338769,179.999552508382,0,4880.33958728456,5000,0.000799553686210551,3.14158596507226,179.999616776174,5.58554530186693,320.028172076101,5585.54530186693,569.567110263641
7.55982901093072,4880.34027702718,4999.99999999548,3.14158545672807,179.999587650197,0,4880.33953237902,5000,0.00074464815135353,3.1415865784701,179.999651921282,5.58559350942493,320.030934165714,5585.59350942493,569.572026066488
7.55982912074179,4880.3401672161,4999.99999999623,3.1415860699098,179.999622782923,0,4880.33947747349,5000,0.000689742614678208,3.14158719194805,179.999687070979,5.58593748503603,320.050642516486,5585.93748503603,569.60710181724
7.55982923055287,4880.34005740503,4999.99999999692,3.14158668318441,179.99965792097,0,4880.33942256795,5000,0.000634837078913008,3.14158780552692,179.999722226459,5.58627412014951,320.069930287724,5586.27412014951,569.641429045546
7.55982934036394,4880.33994759396,4999.99999999754,3.1415872967818,179.99969307751,0,4880.33936766242,5000,0.000579931543148374,3.14158841923537,179.999757389363,5.58622964994159,320.067382332496,5586.22964994159,569.636894346346
7.55982945017501,4880.33983778289,4999.9999999981,3.14158791033948,179.999728231776,0,4880.33931275688,5000,0.000525026007384246,3.14158903138176,179.999792462767,5.58476391351884,319.983401821594,5584.76391351884,569.487430826922
7.55982954372842,4880.33974422948,4999.99999999852,3.14158843269733,179.999758160676,0,4880.33926598018,5000,0.00047824930243453,3.14158955379152,179.999822394641,5.58493930569125,319.993451052833,5584.93930569125,569.505315851106
7.55982963728183,4880.33965067607,4999.99999999889,3.14158895502968,179.999788088115,0,4880.33921920347,5000,0.000431472597485096,3.1415900756462,179.999852294712,5.58456858593512,319.972210375425,5584.56858593512,569.467512956527
7.55982973083524,4880.33955712266,4999.99999999921,3.14158947750773,179.999818023903,0,4880.33917242677,5000,0.000384695892535904,3.14159059910751,179.999882286836,5.58581715847757,320.043748312523,5585.81715847757,569.594831922988
7.55982982438865,4880.33946356925,4999.99999999948,3.14159000011853,179.999847967296,0,4880.33912565006,5000,0.000337919187586918,3.1415911221512,179.999912255032,5.58640062771405,320.077178637249,5586.40062771405,569.654329227009
7.55982991794206,4880.33937001584,4999.99999999971,3.14159052132606,179.999877830287,0,4880.33907887336,5000,0.000291142482638101,3.14159164145209,179.999942008781,5.58556369700116,320.029226039656,5585.56369700116,569.568986045302
7.55983001149547,4880.33927646243,4999.99999999988,3.14159104227469,179.999907678445,0,4880.33903209665,5000,0.000244365777689411,3.14159216230455,179.999971851429,5.58864049732061,320.205513712365,5588.64049732061,569.882732362286
7.55983010504888,4880.33918290902,5000.00000000001,3.14159156518936,179.999937639249,0,4880.33898531995,5000,0.000197589072740811,3.14159268581052,180.000001846111,5.58993865803059,320.279892842176,5589.93865803059,570.015107914588
7.55983019860229,4880.33908935561,5000.00000000009,3.14159209010219,179.999967714539,0,4880.33893854324,5000,0.000150812367792266,3.14159322046971,180.000032479827,5.61576992275736,321.759915290505,5615.76992275736,572.649163858948
7.55983025863853,4880.33902931937,5000.00000000011,3.14159264241738,179.999999359868,0,4880.33890852512,5000,0.000120794249596707,3.14159357216294,180.000052630364,3.89471343687151,223.150642345629,3894.71343687151,397.150243648086
7.55983031867476,4880.33896928314,5000.00000000011,3.14159297630862,180.000018490427,0,4880.33887850701,5000,9.07761323106349e-05,3.14159388593849,180.000070608379,3.23273876098659,185.222287272883,3232.73876098659,329.647612690021
7.559830378711,4880.3389092469,5000.00000000009,3.14159287178867,180.000012501874,0,4880.33884848889,5000,6.07580141150478e-05,3.14159413553381,180.000084909138,8.6041840512584,492.983432290881,8604.1840512584,877.382597651431
7.55983043874723,4880.33884921067,5000.00000000006,3.14159311306375,180.000026325918,0,4880.33881847077,5000,3.07398959194529e-05,3.14159457673084,180.000110187865,15.4343962860056,884.325766520515,15434.3962860056,1573.87041303663
7.5598304541172,4880.3388338407,5000.00000000005,3.14159332144823,180.000038265469,0,4880.33881078579,5000,2.30549158005101e-05,3.1415947838389,180.000122054283,9.15893703028176,524.768436661229,9158.93703028176,933.951658342223
7.55983046948716,4880.33881847074,5000.00000000003,3.14159346579465,180.00004653591,0,4880.33880310081,5000,1.53699347720637e-05,3.14159490218741,180.000128835153,4.79686365190541,274.840042153891,4796.86365190541,489.143963729246
7.55983048485712,4880.33880310078,5000.00000000002,3.14159353838156,180.000050694834,0,4880.33879541583,5000,7.68495374361343e-06,3.14159502053885,180.000135616191,2.29536317882271,131.514622596274,2295.36317882271,234.061904811807
7.55983050022708,4880.33878773082,5000,3.1415935339019,180.000050438168,0,4880.33878773085,5000,2.82090012101813e-11,6.25093842474433,358.152389734005,0.454772170701205,26.0565260211821,454.772170701205,46.3738555675185
