time_s,x_M_m,y_M_m,sigma_rad,sigma_deg,lambda_m,x_T_m,y_T_m,r_m,q_rad,q_deg,qdot_rad_s,qdot_deg_s,a_n_m_s2,n_g
0,0,0,0.523598775598299,30,0,8660.25403784439,5000,10000,0.523598775598299,30,0.025,1.43239448782706,25,2.54929053244482
7.96214341106995e-07,0.000689541838331679,0.000398107184279075,0.523598795503658,30.0000011404931,0.000796214341106995,8660.25363973722,5000,9999.99885901473,0.523598795503658,30.0000011404931,0.0250000037143909,1.43239470064598,25.0000017238547,2.54929070822908
1.59242868221399e-06,0.00137908366081442,0.000796214396009308,0.523598815409019,30.0000022809862,0.00159242868221399,8660.25324163005,5000,9999.99771802948,0.523598815409019,30.0000022809862,0.0250000074287827,1.43239491346495,25.0000034477096,2.54929088401335
2.38864302332098e-06,0.00206862546744823,0.0011943216351907,0.523598835314381,30.0000034214794,0.00238864302332098,8660.25284352287,5000,9999.99657704422,0.523598835314381,30.0000034214794,0.0250000111431754,1.43239512628398,25.0000051715646,2.54929105979764
3.18485736442798e-06,0.0027581672582331,0.00159242890182326,0.523598855219744,30.0000045619728,0.00318485736442797,8660.2524454157,5000,9999.99543605897,0.523598855219744,30.0000045619728,0.025000014857569,1.43239533910305,25.0000068954197,2.54929123558195
7.16592906996295e-06,0.00620587597442324,0.00358296564675353,0.523598954746581,30.0000102644405,0.00716592906996291,8660.25045487985,5000,9999.98973113278,0.523598954746581,30.0000102644405,0.0250000334295501,1.43239640319919,25.000015514698,2.54929211450373
1.11470007754979e-05,0.00965358429438946,0.00557350307796319,0.523599054273453,30.0000159669102,0.0111470007754978,8660.248464344,5000,9999.98402620669,0.523599054273453,30.0000159669102,0.0250000520015535,1.4323974672966,25.0000241339802,2.54929299342591
1.51280724810329e-05,0.0131012922181314,0.00756404119545251,0.523599153800359,30.0000216693818,0.0151280724810325,8660.24647380815,5000,9999.97832128069,0.523599153800359,30.0000216693818,0.025000070573579,1.43239853139528,25.0000327532663,2.54929387234849
1.91091441865679e-05,0.0165489997456488,0.00955457999922176,0.523599253327299,30.0000273718554,0.0191091441865671,8660.24448327229,5000,9999.9726163548,0.523599253327299,30.0000273718554,0.0250000891456267,1.43239959549523,25.0000413725564,2.54929475127148
3.90145027142427e-05,0.0337875314398548,0.0195072843122766,0.523599750962515,30.000055884253,0.0390145027142365,8660.23453059303,5000,9999.94409172681,0.523599750962514,30.000055884253,0.0250001820061981,1.43240491601405,25.0000844690664,2.54929914589247
5.89198612419176e-05,0.0510260532283946,0.0294600057823712,0.523600248598588,30.0000843966998,0.0589198612418963,8660.22457791376,5000,9999.91556710129,0.523600248598588,30.0000843966998,0.0250002748673239,1.43241023656465,25.0001275656755,2.54930354052357
7.88252197695924e-05,0.0682645651112257,0.0394127444095401,0.523600746235519,30.0001129091957,0.0788252197695414,8660.2146252345,5000,9999.88704247826,0.523600746235519,30.0001129091957,0.0250003677290043,1.43241555714701,25.0001706623836,2.54930793516477
9.87305782972673e-05,0.0855030670883052,0.0493655001938176,0.523601243873309,30.0001414217407,0.0987305782971671,8660.20467255524,5000,9999.8585178577,0.523601243873309,30.0001414217407,0.0250004605912393,1.43242087776115,25.0002137591908,2.54931232981608
0.000198257370935642,0.171695428385936,0.0991295364730441,0.523603732075123,30.0002839852033,0.19825737093483,8660.15490915892,5000,9999.71589479204,0.523603732075122,30.0002839852033,0.0250009249107322,1.43244748130844,25.0004292447126,2.5493343032241
0.000297784163574016,0.257887542033376,0.148894001685165,0.523606220298383,30.0004265498946,0.297784163571265,8660.1051457626,5000,9999.57327178829,0.523606220298383,30.0004265498946,0.0250013892440893,1.43247408565009,25.0006447327108,2.54935627688465
0.00039731095621239,0.344079408025288,0.198658895834492,0.523608708543091,30.0005691158147,0.397310956205857,8660.05538236628,5000,9999.43064884646,0.523608708543091,30.0005691158147,0.0250018535913112,1.43250069078613,25.0008602231856,2.54937825079773
0.000496837748850764,0.430271026356335,0.248424218925341,0.523611196809246,30.0007116829637,0.496837748837988,8660.00561896996,5000,9999.28802596655,0.523611196809246,30.0007116829637,0.0250023179523985,1.43252729671661,25.0010757161368,2.54940022496335
0.000994471712042636,0.861225402911817,0.497257268653359,0.523623638461737,30.0014245371416,0.994471711940174,8659.75680198837,5000,9998.57491249575,0.523623638461737,30.0014245371416,0.0250046399658366,1.43266033828658,25.002153218042,2.54951009957957
0.00149210567523451,1.29217358714512,0.7461010425664,0.523636080650444,30.0021374220425,1.4921056748884,8659.50798500677,5000,9997.86180057305,0.523636080650444,30.0021374220425,0.0250069623259977,1.43279339972232,25.0032307818651,2.54961998050967
0.00198973963842638,1.72311557838904,0.994955541203653,0.5236485233754,30.0028503376681,1.98973963760559,8659.25916802517,5000,9997.14869019864,0.5236485233754,30.002850337668,0.0250092850329551,1.43292648102803,25.0043084076101,2.54972986775403
0.00248737360161825,2.15405137597626,1.24382076510432,0.523660966636634,30.0035632840202,2.48737360001466,8659.01035104358,5000,9996.43558137268,0.523660966636634,30.0035632840202,0.0250116080867824,1.43305958220791,25.005386095281,2.54983976131309
0.00497554341757761,4.30863743570106,2.48830778243233,0.523723190988062,30.0071284767399,4.97554340473861,8657.7662661356,5000,9992.87006047591,0.523723190988062,30.0071284767399,0.0250232285615382,1.43372538636736,25.010775462664,2.5503893238429
0.00746371323353697,6.46306855386869,3.73306301223625,0.523785428751079,30.0106944378871,7.46371319018441,8656.52218122762,5000,9989.30457831711,0.523785428751079,30.0106944378871,0.0250348577190684,1.43439168801313,25.0161663787949,2.55093904430105
0.00995188304949632,8.61734464697845,4.97808652193549,0.523847679929537,30.0142611676825,9.95188294669325,8655.27809631964,5000,9985.73913491848,0.523847679929537,30.0142611676825,0.0250464955685767,1.43505848767256,25.0215588441744,2.55148892273859
0.0124400528654557,10.7714656314804,6.22337837895981,0.523909944527293,30.0178286663469,12.4400526645939,8654.03401141166,5000,9982.1737303022,0.523909944527293,30.0178286663469,0.0250581421192796,1.43572578587372,25.0269528593032,2.55203895920657
0.0248809019452525,21.5397409971719,12.4538652347194,0.524221468940561,30.0356777004425,24.8809003355995,8647.81358687176,5000,9964.34728973414,0.524221468940561,30.0356777004425,0.0251165057141904,1.43906977353932,25.0539461987241,2.55479151379157
0.0373217510250493,32.3041260868576,18.6910708940047,0.524533329415296,30.0535459894418,37.3217455835116,8641.59316233186,5000,9946.52182206421,0.524533329415296,30.0535459894418,0.025175088228846,1.44242630438236,25.0809783570764,2.55754802680593
0.049762600104846,43.0646104012614,24.935003797109,0.524845526434829,30.0714335610376,49.762587185293,8635.37273779196,5000,9928.69733008654,0.524845526434829,30.0714335610376,0.0252338908298496,1.44579544524426,25.108049397118,2.56030850464919
0.0622034491846428,53.8211834101328,31.1856723907155,0.525158060483272,30.0893404429675,62.2034239100083,8629.15231325207,5000,9910.87381660625,0.525158060483272,30.0893404429675,0.0252929146919748,1.44917726343459,25.1351593816967,2.56307295373004
0.0747034491846428,64.6249494280974,37.4728525735367,0.525472420423035,30.1073519407639,74.7034053345823,8622.90231325207,5000,9892.9665482648,0.525472420423035,30.1073519407639,0.0253524432223273,1.4525879969844,25.1624375488774,2.56585455266349
0.0872034491846428,75.4247454526299,43.7668497640495,0.525787121586341,30.1253829892292,87.2033793202021,8616.65231325207,5000,9875.06027345832,0.525787121586341,30.1253829892292,0.0254121975255283,1.45601166636556,25.1897551592734,2.56864017368555
0.0997034491846428,86.2205607075207,50.0676725492943,0.52610216446663,30.1434336166354,99.7033445939595,8610.40231325207,5000,9857.15499506602,0.526102164466631,30.1434336166354,0.025472178818548,1.45944834130533,25.2171122769072,2.5714298233247
0.112203449184643,97.0123843846081,56.3753295226946,0.526417549558144,30.1615038513005,112.203299874733,8604.15231325207,5000,9839.25071597847,0.526417549558144,30.1615038513005,0.0255323883269796,1.46289809202502,25.2445089658926,2.57422350811874
0.124703449184643,107.800205643712,62.6898292840343,0.526733277355926,30.1795937215884,124.703243873161,8597.90231325207,5000,9821.34743909771,0.526733277355926,30.1795937215884,0.0255928272851152,1.46636098924436,25.2719452904353,2.57702123461481
0.137203449184643,118.584013612512,69.0111804394159,0.527049348355821,30.1977032559088,137.203175291588,8591.65231325207,5000,9803.44516733726,0.527049348355821,30.1977032559088,0.0256534969360231,1.46983710418591,25.2994213148323,2.57982300936939
0.149703449184643,129.363797386417,75.3393916012148,0.527365763054481,30.2158324827179,149.703092824009,8585.40231325207,5000,9785.54390362222,0.527365763054481,30.215832482718,0.0257143985316248,1.4733265085795,25.326937103472,2.58262883894827
0.162203449184643,140.139546028494,81.6744713880547,0.527682521949361,30.2339814305178,162.202995156041,8579.15231325207,5000,9767.64365088932,0.527682521949361,30.2339814305178,0.0257755333327745,1.47682927466675,25.3544927208346,2.58543872992659
0.174703449184643,150.911248569401,88.0164284247845,0.527999625538724,30.2521501278568,174.70288096489,8572.90231325207,5000,9749.74441208689,0.527999625538724,30.2521501278567,0.0258369026093379,1.4803454752056,25.3820882314913,2.5882526888888
0.187203449184643,161.678894007264,94.3652713424344,0.52831707432164,30.2703386033294,187.202748919304,8566.65231325207,5000,9731.84619017496,0.52831707432164,30.2703386033294,0.0258985076402729,1.48387518347496,25.4097237001053,2.59107072242869
0.199703449184643,172.442471307546,100.721008778169,0.528634868797988,30.2885468855767,199.70259767951,8560.40231325207,5000,9713.94898812535,0.528634868797988,30.2885468855767,0.0259603497137106,1.48741847327927,25.4373991914308,2.59389283714936
0.212203449184643,183.201969402974,107.083649375262,0.528953009468457,30.3067750032861,212.20242589719,8554.15231325207,5000,9696.05280892169,0.528953009468457,30.3067750032861,0.0260224301270369,1.4909754189533,25.4651147703137,2.59671903966326
0.224703449184643,193.95737719347,113.453201783071,0.529271496834548,30.3250229851913,224.702232215442,8547.90231325207,5000,9678.15765555941,0.529271496834548,30.3250229851913,0.0260847501869759,1.49454609536681,25.4928705016912,2.59954933659212
0.237203449184643,204.708683546031,119.829674656994,0.529590331398572,30.3432908600728,237.202015268738,8541.65231325207,5000,9660.26353104585,0.529590331398572,30.3432908600728,0.0261473112096739,1.49813057792942,25.5206664505918,2.60238373456704
0.249703449184643,215.455877294589,126.213076658419,0.529909513663657,30.3615786567576,249.701773682853,8535.40231325207,5000,9642.37043840035,0.529909513663657,30.3615786567576,0.0262101145207832,1.50172894259543,25.5485026821357,2.60522224022838
0.262203449184643,226.198947239944,132.603416454699,0.530229044133742,30.3798864041193,262.201506074846,8529.15231325207,5000,9624.47838065422,0.530229044133742,30.3798864041193,0.0262731614555483,1.50534126586871,25.576379261534,2.60806486022587
0.274703449184643,236.937882149695,139.000702719125,0.530548923313583,30.3982141310783,274.701211053021,8522.90231325207,5000,9606.58736085082,0.530548923313583,30.3982141310783,0.0263364533588925,1.50896762480768,25.6042962540895,2.61091160121851
0.287203449184643,247.672670758111,145.404944130881,0.530869151708754,30.4165618666018,287.200887216876,8516.65231325207,5000,9588.69738204561,0.530869151708754,30.4165618666018,0.0263999915855053,1.51260809703034,25.6322537251961,2.61376246987463
0.299703449184643,258.403301765996,151.816149374994,0.531189729825646,30.434929639704,299.700533157044,8510.40231325207,5000,9570.80844730622,0.531189729825647,30.434929639704,0.0264637774999303,1.51626276071927,25.660251740339,2.61661747287188
0.312203449184643,269.129763840621,158.234327142303,0.53151065817147,30.4533174794458,312.20014745526,8504.15231325207,5000,9552.92055971252,0.53151065817147,30.4533174794458,0.0265278124766549,1.51993169462682,25.6882903650948,2.61947661689719
0.324703449184643,279.852045615648,164.659486129439,0.531831937254254,30.4717254149352,324.699728684329,8497.90231325207,5000,9535.03372235657,0.531831937254254,30.4717254149352,0.0265920979002013,1.52361497808023,25.7163696651311,2.6223399086468
0.337203449184643,290.570135691008,171.091635038769,0.532153567582852,30.4901534753273,337.199275408076,8491.65231325207,5000,9517.14793834277,0.532153567582852,30.4901534753273,0.0266566351652167,1.52731269098693,25.7444897062069,2.62520735482626
0.349703449184643,301.284022632762,177.530782578352,0.532475549666938,30.5086016898242,349.698786181276,8485.40231325207,5000,9499.26321078792,0.532475549666938,30.5086016898242,0.0267214256765663,1.53102491383976,25.7726505541722,2.6280789621504
0.362203449184643,311.993694973026,183.976937461903,0.53279788401701,30.5270700876754,362.198259549632,8479.15231325207,5000,9481.3795428212,0.53279788401701,30.5270700876754,0.0267864708494263,1.53475172772234,25.8008522749683,2.63095473734336
0.374703449184643,322.699141209903,190.430108408772,0.533120571144391,30.5455586981775,374.697694049736,8472.90231325207,5000,9463.49693758428,0.533120571144391,30.5455586981775,0.0268517721093787,1.5384932143145,25.8290949346274,2.63383468713857
0.387203449184643,333.400349807355,196.890304143891,0.53344361156123,30.5640675506746,387.197088209017,8466.65231325207,5000,9445.6153982313,0.53344361156123,30.5640675506746,0.0269173308925065,1.54224945589773,25.857378599273,2.63671881827872
0.399703449184643,344.097309195062,203.357533397719,0.533767005780503,30.5825966745578,399.696440545676,8460.40231325207,5000,9427.73492792904,0.533767005780503,30.5825966745578,0.0269831486454897,1.5460205353607,25.8857033351194,2.63960713751581
0.412203449184643,354.790007768348,209.831804906216,0.534090754316014,30.6011460992662,412.195749568654,8454.15231325207,5000,9409.8555298569,0.534090754316014,30.6011460992662,0.0270492268257031,1.54980653620484,25.9140692084721,2.64249965161112
0.424703449184643,365.478433888114,216.313127410812,0.534414857682397,30.6197158542859,424.695013777604,8447.90231325207,5000,9391.97720720694,0.534414857682397,30.6197158542859,0.0271155669013156,1.55360754255001,25.9424762857275,2.64539636733517
0.437203449184643,376.162575880703,222.801509658356,0.534739316395117,30.638305969151,437.194231662826,8441.65231325207,5000,9374.09996318394,0.534739316395117,30.638305969151,0.0271821703513887,1.55742363914021,25.9709246333727,2.6482972914678
0.449703449184643,386.842422037762,229.296960401063,0.535064130970469,30.656916473443,449.693401705212,8435.40231325207,5000,9356.22380100552,0.535064130970469,30.656916473443,0.027249038665978,1.56125491134933,25.999414317986,2.65120243079808
0.462203449184643,397.517960616167,235.799488396479,0.535389301925582,30.6755473967912,462.192522376204,8429.15231325207,5000,9338.34872390212,0.535389301925582,30.6755473967912,0.0273161733462347,1.565101445187,26.0279454062364,2.65411179212436
0.474703449184643,408.189179837953,242.309102407454,0.535714829778418,30.6941987688727,474.691592137771,8422.90231325207,5000,9320.47473511707,0.535714829778418,30.6941987688727,0.0273835759045092,1.56896332730451,26.0565179648836,2.65702538225425
0.487203449184643,418.856067890179,248.825811202091,0.536040715047776,30.7128706194124,487.190609442343,8416.65231325207,5000,9302.60183790665,0.536040715047776,30.7128706194124,0.0274512478644547,1.57284064500077,26.0851320607782,2.65994320800459
0.499703449184643,429.518612924789,255.349623553683,0.536366958253289,30.731562978183,499.68957273275,8410.40231325207,5000,9284.73003554017,0.536366958253289,30.7315629781831,0.027519190761133,1.57673348622833,26.1137877608615,2.6628652762015
0.512203449184643,440.176803058536,261.880548240686,0.536693559915428,30.7502758750056,512.188480442186,8404.15231325207,5000,9266.85933130002,0.536693559915428,30.7502758750056,0.0275874061411203,1.58064193959948,26.1424851321652,2.66579159368033
0.524703449184643,450.830626372908,268.418594046689,0.537020520555503,30.7690093397488,524.687330994179,8397.90231325207,5000,9248.98972848167,0.537020520555503,30.7690093397488,0.0276558955626159,1.58456609439247,26.171224241812,2.66872216728567
0.537203449184643,461.480070913997,274.963769760355,0.537347840695663,30.7877634023296,537.18612280253,8391.65231325207,5000,9231.12123039376,0.537347840695663,30.7877634023296,0.0277246605955506,1.58850604055771,26.2000051570148,2.67165700387134
0.549703449184643,472.125124692355,281.516084175365,0.537675520858898,30.8065380927131,549.684854271243,8385.40231325207,5000,9213.25384035821,0.537675520858898,30.8065380927131,0.0277937028216969,1.59246186872408,26.2288279450773,2.67459611030038
0.562203449184643,482.765775682917,288.075546090383,0.538003561569041,30.8253334409128,562.1835237945,8379.15231325207,5000,9195.3875617102,0.538003561569041,30.8253334409128,0.02786302383478,1.59643367020531,26.2576926733933,2.67753949344509
0.574703449184643,493.40201182493,294.642164309029,0.538331963350765,30.8441494769902,574.682129756619,8372.90231325207,5000,9177.52239779826,0.538331963350765,30.8441494769901,0.0279326252405914,1.60042153700648,26.2865994094472,2.68048716018694
0.587203449184643,504.033821021814,301.215947639815,0.538660726729591,30.8629862310553,587.180670531995,8366.65231325207,5000,9159.65835198429,0.538660726729591,30.8629862310553,0.0280025086571021,1.6044255618305,26.3155482208139,2.68343911741664
0.599703449184643,514.661191141022,307.796904896091,0.538989852231881,30.8818437332667,599.679144485035,8360.40231325207,5000,9141.79542764368,0.538989852231881,30.8818437332667,0.0280726757145781,1.60844583808473,26.3445391751583,2.68639537203411
0.612203449184643,525.284110013963,314.385044896005,0.539319340384848,30.9007220138312,612.177549970125,8354.15231325207,5000,9123.93362816537,0.539319340384848,30.9007220138312,0.0281431280556964,1.61248245988762,26.3735723402355,2.68935593094844
0.624703449184643,535.902565435922,320.980376462476,0.539649191716548,30.9196211030044,624.675885331588,8347.90231325207,5000,9106.07295695179,0.539649191716548,30.9196211030044,0.0282138673356638,1.61653552207555,26.4026477838911,2.69232080107795
0.637203449184643,546.516545165932,327.582908423132,0.539979406755889,30.9385410310904,637.17414890363,8341.65231325207,5000,9088.21341741904,0.539979406755889,30.9385410310904,0.0282848952223356,1.62060512020958,26.4317655740604,2.69528998935012
0.649703449184643,557.12603692662,334.192649610247,0.540309986032627,30.957481828442,649.672339010269,8335.40231325207,5000,9070.35501299692,0.540309986032627,30.957481828442,0.028356213396336,1.62469135058238,26.4609257787689,2.69826350270163
0.662203449184643,567.731028404137,340.809608860706,0.540640930077369,30.9764435254607,662.170453965296,8329.15231325207,5000,9052.49774712898,0.540640930077369,30.9764435254607,0.02842782355118,1.62879431022522,26.4901284661322,2.70124134807831
0.674703449184643,578.331507248076,347.433795015974,0.540972239421575,30.995426152597,674.668492072248,8322.90231325207,5000,9034.64162327254,0.540972239421575,30.995426152597,0.0284997273933972,1.63291409691504,26.5193737043555,2.70422353243519
0.687203449184643,588.927461071339,354.06521692203,0.541303914597558,31.01442974035,687.166451624335,8316.65231325207,5000,9016.7866448988,0.541303914597558,31.01442974035,0.0285719266426566,1.63705080918162,26.5486615617341,2.70721006273642
0.699703449184643,599.518877449989,360.703883429309,0.541635956138483,31.0334543192681,699.66433090438,8310.40231325207,5000,8998.93281549288,0.541635956138483,31.0334543192681,0.028644423031892,1.64120454631474,26.5779921066529,2.71020094595534
0.712203449184643,610.105743923168,367.349803392659,0.541968364578374,31.0524999199483,712.162128184775,8304.15231325207,5000,8981.08013855393,0.541968364578374,31.0524999199483,0.0287172183074303,1.64537540837158,26.6073654075866,2.71319618907441
0.724703449184643,620.688047993026,374.00298567131,0.542301140452109,31.0715665730371,724.659841727452,8297.90231325207,5000,8963.22861759505,0.542301140452109,31.0715665730371,0.0287903142291206,1.64956349618405,26.6367815330993,2.71619579908525
0.737203449184643,631.265777124579,380.663439128812,0.542634284295423,31.0906543092298,737.157469783814,8291.65231325207,5000,8945.37825614348,0.542634284295423,31.0906543092298,0.0288637125704647,1.65376891136633,26.666240551845,2.71919978298858
0.749703449184643,641.838918745559,387.331172632963,0.542967796644913,31.1097631592711,749.655010594665,8285.40231325207,5000,8927.52905774064,0.542967796644913,31.1097631592711,0.0289374151187492,1.65799175632239,26.6957425325668,2.72220814779428
0.762203449184643,652.407460246338,394.006195055778,0.543301678038033,31.1288931539548,762.152462390176,8279.15231325207,5000,8909.68102594217,0.543301678038033,31.1288931539548,0.029011423675179,1.66223213425367,26.7252875440973,2.72522090052131
0.774703449184643,662.971388979848,400.688515273449,0.543635929013098,31.1480443241241,774.649823389846,8272.90231325207,5000,8891.83416431796,0.543635929013098,31.1480443241241,0.0290857400550131,1.66649014916686,26.7548756553586,2.72823804819777
0.787203449184643,673.530692261444,407.378142166282,0.543970550109286,31.1672167006718,787.147091802437,8266.65231325207,5000,8873.98847645224,0.543970550109286,31.1672167006718,0.029160366087701,1.67076590588168,26.7845069353618,2.73125959786082
0.799703449184643,684.085357368751,414.075084618626,0.544305541866639,31.1864103145398,799.644265825902,8260.40231325207,5000,8856.14396594368,0.544305541866639,31.1864103145398,0.029235303617021,1.67505951003885,26.8141814532071,2.73428555655674
0.812203449184643,694.635371541581,420.779351518836,0.544640904826062,31.2056251967197,812.14134364735,8254.15231325207,5000,8838.3006364054,0.544640904826063,31.2056251967197,0.0293105545012202,1.6793710681081,26.843899278084,2.73731593134088
0.824703449184643,705.180721981863,427.490951759236,0.544976639529326,31.2248613782528,824.638323443005,8247.90231325207,5000,8820.45849146502,0.544976639529326,31.2248613782528,0.0293861206131567,1.68370068739627,26.8736604792707,2.74035072927766
0.837203449184643,715.721395853496,434.209894236051,0.545312746519068,31.2441188902299,837.135203378141,8241.65231325207,5000,8802.61753476474,0.545312746519068,31.2441188902299,0.0294620038404426,1.68804847605558,26.9034651261345,2.74338995744056
0.849703449184643,726.257380282195,440.936187849336,0.545649226338792,31.2633977637914,849.63198160701,8235.40231325207,5000,8784.77776996145,0.545649226338793,31.2633977637914,0.0295382060855888,1.69241454309188,26.9333132881313,2.74643362291213
0.862203449184643,736.788662355416,447.669841502937,0.545986079532874,31.2826980301278,862.128656272802,8229.15231325207,5000,8766.93920072674,0.545986079532874,31.2826980301278,0.0296147292661519,1.69679899837307,26.9632050348058,2.74948173278396
0.874703449184643,747.315229122271,454.410864104452,0.546323306646556,31.3020197204791,874.62522550761,8222.90231325207,5000,8749.10183074696,0.546323306646555,31.3020197204791,0.029691575314883,1.70120195263761,26.9931404357913,2.75253429415665
0.887203449184643,757.837067593392,461.159264565162,0.546660908225952,31.3213628661355,887.121687432358,8216.65231325207,5000,8731.26566372327,0.546660908225952,31.3213628661355,0.0297687461798775,1.70562351750317,27.0231195608097,2.75559131413986
0.899703449184643,768.35416474077,467.915051799959,0.54699888481805,31.3407274984369,899.61804015673,8210.40231325207,5000,8713.43070337176,0.54699888481805,31.3407274984369,0.0298462438247274,1.71006380547527,27.053142479671,2.75865279985224
0.912203449184643,778.866507497678,474.6782347273,0.54733723697071,31.3601136487735,912.114281779129,8204.15231325207,5000,8695.59695342352,0.54733723697071,31.3601136487735,0.0299240702286745,1.71452292995613,27.0832092622739,2.76171875842147
0.924703449184643,789.374082758588,481.448822269175,0.547675965232664,31.3795213485853,924.610410386639,8197.90231325207,5000,8677.76441762459,0.547675965232664,31.3795213485853,0.0300022273867672,1.71900100525357,27.113319978605,2.76478919698419
0.937203449184643,799.876877379033,488.226823351029,0.548015070153524,31.3989506293626,937.106424054959,8191.65231325207,5000,8659.93309973611,0.548015070153524,31.3989506293626,0.0300807173100173,1.72349814659011,27.1434746987393,2.76786412268606
0.949703449184643,810.374878175443,495.012246901692,0.548354552283774,31.4184015226461,949.60232084832,8185.40231325207,5000,8642.10300353442,0.548354552283774,31.4184015226461,0.0301595420255591,1.72801447011198,27.1736734928395,2.7709435426817
0.962203449184643,820.868071925068,501.805101853329,0.548694412174779,31.4378740600265,962.098098819454,8179.15231325207,5000,8624.27413281106,0.548694412174779,31.4378740600264,0.0302387035768113,1.73255009289843,27.2039164311564,2.77402746413468
0.974703449184643,831.356445365897,508.605397141407,0.549034650378781,31.4573682731449,974.593756009549,8172.90231325207,5000,8606.44649137283,0.54903465037878,31.4573682731448,0.03031820402364,1.73710513297112,27.2342035840285,2.77711589421755
0.987203449184643,841.83998519651,515.41314170462,0.549375267448901,31.4768841936928,987.089290448179,8166.65231325207,5000,8588.62008304188,0.549375267448901,31.4768841936928,0.0303980454425243,1.74167970930353,27.2645350218821,2.78020884011177
0.999703449184643,852.318678075924,522.228344484807,0.549716263939142,31.4964218534125,999.58470015323,8160.40231325207,5000,8570.79491165578,0.549716263939142,31.4964218534125,0.0304782299267229,1.74627394183054,27.2949108152309,2.78330630900775
1.01220344918464,862.792510623507,529.051014426909,0.55005764040439,31.5159812840963,1012.07998313086,8154.15231325207,5000,8552.97098106761,0.55005764040439,31.5159812840963,0.0305587595864434,1.75088795145815,27.3253310346762,2.78640830810483
1.02470344918464,873.261469418897,535.881160478932,0.550399397400412,31.5355625175874,1024.57513737544,8147.90231325207,5000,8535.14829514594,0.550399397400412,31.5355625175874,0.0306396365490142,1.7555218600733,27.3557957509066,2.78951484461121
1.03720344918464,883.725541001857,542.718791591867,0.550741535483861,31.5551655857797,1037.07016086954,8141.65231325207,5000,8517.32685777495,0.550741535483861,31.5551655857797,0.0307208629590576,1.76017579055378,27.3863050346978,2.79262592574404
1.04970344918464,894.184711872116,549.563916719609,0.551084055212273,31.5747905206177,1049.56505158375,8135.40231325207,5000,8499.50667285454,0.551084055212273,31.5747905206177,0.0308024409786648,1.76484986677831,27.4168589569129,2.79574155872932
1.06220344918464,904.63896848928,556.416544818915,0.551426957144073,31.5944373540967,1062.05980747676,8129.15231325207,5000,8481.68774430034,0.551426957144073,31.5944373540967,0.0308843727875739,1.76954421363667,27.4474575885016,2.79886175080192
1.07470344918464,915.088297272757,563.276684849356,0.551770241838571,31.6141061182629,1074.55442649521,8122.90231325207,5000,8463.87007604376,0.551770241838571,31.6141061182629,0.0309666605833497,1.77425895704006,27.4781010005009,2.80198650920558
1.08720344918464,925.532684601603,570.144345773248,0.552113909855967,31.6337968452133,1087.04890657369,8116.65231325207,5000,8446.05367203209,0.552113909855967,31.6337968452133,0.0310493065815661,1.7789942239315,27.5087892640341,2.80511584119287
1.09970344918464,935.972116814365,577.019536555556,0.55245796175735,31.653509567096,1099.54324563463,8110.40231325207,5000,8428.23853622857,0.55245796175735,31.653509567096,0.031132313015989,1.78375014229637,27.5395224503113,2.80824975402521
1.11220344918464,946.406580208993,583.90226616386,0.5528023981047,31.67324431611,1112.03744158826,8104.15231325207,5000,8410.42467261249,0.552802398104699,31.67324431611,0.0312156821387643,1.7885268411731,27.5703006306292,2.81138825497282
1.12470344918464,956.836061042761,590.792543568301,0.553147219460888,31.6930011245056,1124.53149233258,8097.90231325207,5000,8392.61208517917,0.553147219460888,31.6930011245056,0.0312994162206056,1.79332445066401,27.6011238763707,2.81453135131474
1.13720344918464,967.260545532114,597.690377741508,0.553492426389679,31.712780024584,1137.02539575327,8091.65231325207,5000,8374.80077794007,0.553492426389679,31.712780024584,0.0313835175509863,1.79814310194626,27.631992259005,2.8176790503388
1.14970344918464,977.680019852505,604.595777658507,0.553838019455732,31.7325810486978,1149.5191497236,8085.40231325207,5000,8356.99075492288,0.553838019455732,31.7325810486978,0.0314679884383317,1.80298292728288,27.6629058500873,2.8208313593416
1.16220344918464,988.094470138312,611.508752296674,0.554183999224598,31.7524042292508,1162.01275210445,8079.15231325207,5000,8339.18202017163,0.554183999224598,31.7524042292508,0.0315528312102161,1.80784406003404,27.6938647212587,2.8239882856285
1.17470344918464,998.503882482754,618.429310635694,0.554530366262729,31.7722495986981,1174.50620074416,8072.90231325207,5000,8321.37457774662,0.554530366262729,31.7722495986981,0.0316380482135606,1.81272663466843,27.7248689442463,2.82714983651363
1.18720344918464,1008.90824293774,625.357461657473,0.55487712113747,31.7921171895463,1186.99949347858,8066.65231325207,5000,8303.56843172458,0.55487712113747,31.7921171895463,0.0317236418148339,1.81763078677472,27.7559185908628,2.83031601931983
1.19970344918464,1019.3075375137,632.293214346049,0.555224264417065,31.8120070343535,1199.49262813086,8060.40231325207,5000,8285.76358619878,0.555224264417065,31.8120070343535,0.0318096144002555,1.82255665307321,27.7870137330063,2.83348684137868
1.21220344918464,1029.7017521795,639.236577687546,0.555571796670659,31.8319191657291,1211.98560251152,8054.15231325207,5000,8267.96004527906,0.555571796670659,31.8319191657291,0.0318959683760013,1.82750437142762,27.8181544426603,2.83666231003047
1.22470344918464,1040.09087286237,646.187560670129,0.555919718468297,31.8518536163343,1224.47841441833,8047.90231325207,5000,8250.15781309184,0.555919718468296,31.8518536163343,0.0319827061684129,1.83247408085708,27.8493407918937,2.83984243262415
1.23720344918464,1050.47488544773,653.146172283911,0.556268030380922,31.8718104188819,1236.97106163626,8041.65231325207,5000,8232.35689378023,0.556268030380922,31.8718104188819,0.0320698302242075,1.83746592154817,27.8805728528603,2.84302721651739
1.24970344918464,1060.85377577905,660.112421520871,0.556616732980384,31.8917896061363,1249.46354193742,8035.40231325207,5000,8214.55729150418,0.556616732980385,31.8917896061363,0.0321573430106919,1.84248003486716,27.9118506977989,2.84621666907648
1.26220344918464,1071.22752965773,667.086317374794,0.556965826839435,31.9117912109139,1261.95585308095,8029.15231325207,5000,8196.75901044047,0.556965826839435,31.9117912109139,0.0322452470159792,1.84751656337242,27.9431743990331,2.84941079767639
1.27470344918464,1081.59613284304,674.067868841231,0.55731531253173,31.9318152660826,1274.44799281304,8022.90231325207,5000,8178.96205478277,0.55731531253173,31.9318152660826,0.0323335447492073,1.85257565082696,27.9745440289712,2.85260960970068
1.28720344918464,1091.95957105197,681.057084917406,0.557665190631831,31.9518618045624,1286.93995886684,8016.65231325206,5000,8161.16642874172,0.557665190631831,31.9518618045624,0.0324222387407616,1.85765744221119,28.0059596601057,2.85581311254156
1.29970344918464,1102.31782995903,688.053974602126,0.558015461715207,31.9719308593253,1299.43174896235,8010.40231325207,5000,8143.37213654506,0.558015461715207,31.9719308593253,0.0325113315424983,1.8627620837357,28.0374213650136,2.85902131359982
1.31220344918464,1112.6708951962,695.058546895722,0.558366126358233,31.9920224633952,1311.92336080638,8004.15231325207,5000,8125.57918243769,0.558366126358233,31.9920224633952,0.0326008257279733,1.86788972285438,28.0689292163561,2.86223422028482
1.32470344918464,1123.01875235283,702.070810800008,0.558717185138196,32.012136649848,1324.41479209253,7997.90231325207,5000,8107.78757068165,0.558717185138195,32.012136649848,0.0326907238926716,1.87304050827756,28.1004832868782,2.8654518400145
1.33720344918464,1133.36138697545,709.090775318184,0.559068638633288,32.032273451812,1336.90604050108,7991.65231325207,5000,8089.99730555626,0.559068638633288,32.032273451812,0.0327810286542415,1.87821458998545,28.1320836494087,2.86867418021534
1.34970344918464,1143.69878456768,716.118449454744,0.559420487422618,32.0524329024674,1349.39710369892,7985.40231325206,5000,8072.20839135824,0.559420487422618,32.0524329024674,0.0328717426527301,1.88341211924161,28.1637303768604,2.87190124832235
1.36220344918464,1154.03093059005,723.153842215417,0.559772732086201,32.0726150350467,1361.88797933951,7979.15231325207,5000,8054.42083240173,0.559772732086201,32.0726150350467,0.0329628685508229,1.88863324860666,28.195423542229,2.87513305177905
1.37470344918464,1164.35781045999,730.19696260712,0.560125373204969,32.0928198828349,1374.37866506282,7972.90231325207,5000,8036.63463301833,0.560125373204969,32.0928198828349,0.0330544090340867,1.89387813195227,28.227163218594,2.87836959803746
1.38720344918464,1174.67940955161,737.247819637865,0.560478411360767,32.1130474791691,1386.86915849524,7966.65231325206,5000,8018.84979755721,0.560478411360767,32.1130474791691,0.0331463668112148,1.89914692447511,28.2589494791178,2.88161089455806
1.39970344918464,1184.99571319558,744.306422316656,0.560831847136353,32.1332978574392,1399.35945724953,7960.40231325206,5000,8001.06633038524,0.560831847136353,32.1332978574392,0.0332387446142753,1.90443978271117,28.2907823970456,2.8848569488098
1.41220344918464,1195.306706679,751.372779653437,0.561185681115404,32.1535710510871,1411.84955892472,7954.15231325206,5000,7983.28423588699,0.561185681115404,32.1535710510871,0.0333315451989637,1.90975686455016,28.3226620457058,2.88810776827008
1.42470344918464,1205.61237524536,758.446900659037,0.561539913882513,32.1738670936077,1424.33946110612,7947.90231325207,5000,7965.50351846481,0.561539913882513,32.1738670936077,0.0334247713448577,1.91509832925016,28.3545884985088,2.8913633604247
1.43720344918464,1215.91270409433,765.528794345077,0.56189454602319,32.1941860185482,1436.8291613652,7941.65231325207,5000,7947.72418253892,0.56189454602319,32.1941860185482,0.0335184258556761,1.92046433745242,28.386561828948,2.89462373276786
1.44970344918464,1226.20767838161,772.618469723866,0.562249578123867,32.2145278595086,1449.31865725949,7935.40231325206,5000,7929.9462325475,0.562249578123867,32.2145278595086,0.03361251155954,1.92585505119634,28.4185821105985,2.89788889280218
1.46220344918464,1236.49728321884,779.715935808341,0.562605010771892,32.2348926501416,1461.80794633257,7929.15231325206,5000,7912.1696729468,0.562605010771892,32.2348926501417,0.0337070313092385,1.93127063393469,28.4506494171177,2.9011588480386
1.47470344918464,1246.78150367353,786.821201612019,0.562960844555539,32.2552804241528,1474.29702611401,7922.90231325206,5000,7894.3945082111,0.562960844555539,32.2552804241528,0.0338019879824975,1.93671125054904,28.4827638222447,2.90443360599641
1.48720344918464,1257.06032476885,793.934276148896,0.563317080064,32.2756912153003,1486.78589411927,7916.65231325206,5000,7876.62074283286,0.563317080064,32.2756912153003,0.0338973844822519,1.94217706736528,28.5149253998004,2.90771317420326
1.49970344918464,1267.33373148352,801.055168433337,0.563673717887394,32.2961250573955,1499.27454784962,7910.40231325206,5000,7858.84838132285,0.563673717887394,32.2961250573955,0.0339932237369213,1.94766825216952,28.547134223687,2.91099756019507
1.51220344918464,1277.60170875166,808.183887480025,0.56403075861676,32.3165819843025,1511.76298479209,7904.15231325206,5000,7841.07742821016,0.56403075861676,32.3165819843025,0.0340895087006893,1.953184974224,28.5793903678878,2.91428677151605
1.52470344918464,1287.86424146273,815.320442303899,0.564388202844067,32.3370620299385,1524.25120241941,7897.90231325206,5000,7823.30788804225,0.564388202844067,32.3370620299385,0.0341862423537872,1.95872740428339,28.6116939064675,2.91758081571867
1.53720344918464,1298.12131446138,822.464841920057,0.564746051162208,32.3575652282737,1536.73919818996,7891.65231325206,5000,7805.53976538507,0.564746051162208,32.3575652282738,0.0342834277027804,1.9642957146112,28.6440449135714,2.92087970036367
1.54970344918464,1308.37291254725,829.617095343646,0.565104304165001,32.3780916133317,1549.22696954765,7885.40231325206,5000,7787.77306482319,0.565104304165002,32.3780916133317,0.0343810677808592,1.96989007899645,28.6764434634253,2.92418343301997
1.56220344918464,1318.61902047488,836.7772115898,0.565462962447198,32.398641219189,1561.71451392184,7879.15231325206,5000,7770.00779095979,0.565462962447198,32.398641219189,0.0344791656481332,1.97551067277048,28.7088896303356,2.92749202126472
1.57470344918464,1328.85962295363,843.945199673584,0.565822026604474,32.4192140799753,1574.20182872736,7872.90231325206,5000,7752.24394841678,0.565822026604474,32.4192140799754,0.0345777243919302,1.98115767282416,28.741383488689,2.93080547268323
1.58720344918464,1339.09470464752,851.121068609894,0.566181497233439,32.439810229874,1586.68891136438,7866.65231325206,5000,7734.48154183484,0.56618149723344,32.439810229874,0.0346767471270982,1.98683125762513,28.773925112952,2.93412379486899
1.59970344918464,1349.32425017504,858.304827413336,0.566541374931633,32.4604297031214,1599.17575921831,7860.40231325206,5000,7716.72057587357,0.566541374931633,32.4604297031214,0.0347762369963118,1.99253160723538,28.8065145776708,2.9374469954236
1.61220344918464,1359.54824410907,865.496485098173,0.566901660297527,32.4810725340074,1611.66236965977,7854.15231325206,5000,7698.96105521156,0.566901660297528,32.4810725340074,0.034876197170383,1.99825890332905,28.8391519574715,2.94077508195678
1.62470344918464,1369.76667097677,872.696050678261,0.567262353930527,32.5017387568756,1624.14874004453,7847.90231325206,5000,7681.20298454639,0.567262353930527,32.5017387568756,0.0349766308485759,2.00401332921048,28.8718373270591,2.94410806208635
1.63720344918464,1379.97951525945,879.903533166945,0.567623456430973,32.5224284061227,1636.63486771344,7841.65231325206,5000,7663.44636859474,0.567623456430973,32.5224284061227,0.0350775412589257,2.00979506983246,28.9045707612181,2.94744594343819
1.64970344918464,1390.18676139234,887.118941576942,0.567984968400139,32.5431415161994,1649.12074999228,7835.40231325206,5000,7645.69121209258,0.567984968400139,32.5431415161994,0.0351789316585617,2.01560431181475,28.9373523348116,2.95078873364621
1.66220344918464,1400.38839376454,894.342284920277,0.568346890440236,32.5638781216097,1661.60638419177,7829.15231325206,5000,7627.93751979512,0.568346890440236,32.5638781216097,0.0352808053340351,2.02144124346285,28.9701821227814,2.95413644035235
1.67470344918464,1410.58439671893,901.573572208223,0.568709223154414,32.5846382569116,1674.09176760751,7822.90231325206,5000,7610.18529647695,0.568709223154414,32.5846382569116,0.035383165601651,2.02730605478707,29.0030602001479,2.95748907120657
1.68720344918464,1420.77475455195,908.812812451195,0.569071967146759,32.6054219567167,1686.57689751983,7816.65231325206,5000,7592.43454693205,0.569071967146759,32.6054219567167,0.0354860158078052,2.03319893752176,29.0359866420094,2.96084663386676
1.69970344918464,1430.95945151349,916.060014658624,0.569435123022296,32.6262292556904,1699.06177119377,7810.40231325206,5000,7574.68527597401,0.569435123022296,32.6262292556904,0.035589359329325,2.03912008514486,29.0689615235425,2.96420913599878
1.71220344918464,1441.13847180674,923.315187838897,0.569798691386993,32.647060188552,1711.54638587899,7804.15231325206,5000,7556.93748843603,0.569798691386993,32.647060188552,0.0356931995738147,2.04506969289773,29.1019849200011,2.96757658527643
1.72470344918464,1451.31179958813,930.578340999293,0.570162672847756,32.6679147900747,1724.03073880971,7797.90231325206,5000,7539.19118917096,0.570162672847756,32.6679147900747,0.0357975399800071,2.05104795780524,29.1350569067169,2.97094898938138
1.73720344918464,1461.47941896716,937.849483145874,0.570527068012434,32.6887930950858,1736.51482720464,7791.65231325206,5000,7521.44638305144,0.570527068012435,32.6887930950858,0.0359023840181179,2.0570550786961,29.1681775590986,2.97432635600318
1.74970344918464,1471.64131400619,945.128623283354,0.570891877489821,32.7096951384664,1748.99864826687,7785.40231325206,5000,7503.70307497,0.570891877489821,32.7096951384664,0.0360077351902063,2.06309125622352,29.201346952632,2.97770869283925
1.76220344918464,1481.79746872038,952.415770415041,0.571257101889653,32.730620955152,1761.4821991838,7779.15231325206,5000,7485.96126983913,0.571257101889653,32.730620955152,0.0361135970305396,2.0691566928861,29.2345651628796,2.98109600759481
1.77470344918464,1491.94786707758,959.71093354277,0.571622741822611,32.7515705801319,1773.96547712713,7772.90231325206,5000,7468.22097259132,0.571622741822612,32.7515705801319,0.0362199731059641,2.07525159304909,29.2678322654803,2.98448830798288
1.78720344918464,1502.09249299815,967.014121666785,0.571988797900324,32.7725440484499,1786.44847925273,7766.65231325206,5000,7450.48218817916,0.571988797900324,32.77254404845,0.0363268670162801,2.08137616296585,29.3011483361492,2.98788560172426
1.79970344918464,1512.2313303548,974.325343785615,0.572355270735364,32.793541395204,1798.93120270053,7760.40231325206,5000,7432.74492157549,0.572355270735365,32.793541395204,0.0364342823946219,2.08753061079964,29.3345134506775,2.99128789654749
1.81220344918464,1522.36436297248,981.644608896006,0.572722160941256,32.8145626555463,1811.41364459452,7754.15231325206,5000,7415.00917777344,0.572722160941256,32.8145626555463,0.0365422229078441,2.09371514664574,29.3679276849318,2.99469520018883
1.82470344918464,1532.49157462828,988.971925992856,0.57308946913247,32.8356078646834,1823.89580204263,7747.90231325206,5000,7397.27496178649,0.57308946913247,32.8356078646834,0.0366506922569125,2.09992998255389,29.4013911148544,2.99810752039223
1.83720344918464,1542.61294905128,996.307304069092,0.573457195924426,32.8566770578764,1836.37767213668,7741.65231325206,5000,7379.54227864854,0.573457195924426,32.8566770578764,0.0367596941773009,2.10617533255097,29.4349038164627,3.00152486490929
1.84970344918464,1552.72846992235,1003.65075211554,0.573825341933497,32.8777702704407,1848.85925195226,7735.40231325206,5000,7361.81113341412,0.573825341933497,32.8777702704407,0.0368692324393927,2.11245141266403,29.4684658658489,3.00494724149927
1.86220344918464,1562.83812087404,1011.00227912087,0.574193907777006,32.8988875377464,1861.34053854869,7729.15231325206,5000,7344.08153115837,0.574193907777006,32.8988875377464,0.0369793108488889,2.11875844094367,29.5020773391797,3.00837465792903
1.87470344918464,1572.94188549052,1018.36189407151,0.574562894073227,32.9200288952181,1873.82152896892,7722.90231325206,5000,7326.35347697712,0.574562894073228,32.9200288952181,0.0370899332472218,2.12509663748776,29.5357383126964,3.01180712197299
1.88720344918464,1583.03974730738,1025.72960595152,0.574932301441392,32.941194378335,1886.3022202395,7716.65231325206,5000,7308.62697598699,0.574932301441392,32.941194378335,0.0372011035119739,2.13146622446541,29.5694488627142,3.01524464141314
1.89970344918464,1593.13168981145,1033.10542374248,0.575302130501682,32.9623840226309,1898.78260937043,7710.40231325206,5000,7290.90203332557,0.575302130501682,32.9623840226309,0.0373128255573034,2.13786742614136,29.603209065622,3.018687224039
1.91220344918464,1603.21769644069,1040.4893564234,0.575672381875238,32.9835978636946,1911.2626933551,7704.15231325206,5000,7273.17865415141,0.575672381875238,32.9835978636946,0.037425103334375,2.14430046890067,29.6370189978824,3.02213487764756
1.92470344918464,1613.29775058414,1047.88141297066,0.576043056184154,33.0048359371694,1923.74246917026,7697.90231325206,5000,7255.4568436441,0.576043056184154,33.0048359371694,0.0375379408317977,2.15076558127381,29.670878736031,3.02558761004328
1.93720344918464,1623.37183558169,1055.2816023579,0.576414154051482,33.0260982787536,1936.22193377591,7691.65231325206,5000,7237.73660700439,0.576414154051483,33.0260982787536,0.037651342076068,2.15726299396203,29.7047883566763,3.02904542903808
1.94970344918464,1633.43993472392,1062.68993355582,0.576785676101234,33.0473849242004,1948.7010841152,7685.40231325206,5000,7220.01794945433,0.576785676101234,33.0473849242004,0.0377653111320198,2.16379293986316,29.7387479364995,3.03250834245125
1.96220344918464,1643.502031252,1070.1064155322,0.577157622958378,33.0686959093179,1961.17991711435,7679.15231325206,5000,7202.3008762373,0.577157622958378,33.0686959093179,0.0378798521032805,2.17035565409773,29.7727575522542,3.03597635810947
1.97470344918464,1653.55810835759,1077.53105725175,0.577529995248844,33.0900312699692,1973.65842968261,7672.90231325206,5000,7184.58539261809,0.577529995248844,33.0900312699692,0.0379949691327344,2.17695137403552,29.8068172807658,3.03944948384675
1.98720344918464,1663.60814918266,1084.96386767602,0.577902793599521,33.1113910420725,1986.13661871218,7666.65231325206,5000,7166.87150388299,0.577902793599521,33.1113910420725,0.0381106664029915,2.18358033932244,29.8409271989314,3.04292772750444
1.99970344918464,1673.65213681931,1092.40485576325,0.578276018638261,33.1327752616009,1998.61448107806,7660.40231325206,5000,7149.15921533996,0.578276018638261,33.1327752616009,0.0382269481368637,2.19024279190778,29.8750873837198,3.04641109693114
2.01220344918464,1683.69005430967,1099.85403046828,0.578649670993879,33.1541839645829,2011.09201363802,7654.15231325206,5000,7131.44853231867,0.578649670993879,33.1541839645829,0.0383438185978481,2.19693897607193,29.9092979121706,3.04989959998272
2.02470344918464,1693.7218846458,1107.3114007425,0.579023751296152,33.1756171871021,2023.56921323252,7647.90231325206,5000,7113.73946017052,0.579023751296152,33.1756171871021,0.0384612820906169,2.20366913845445,29.9435588613942,3.05339324452225
2.03720344918464,1703.7476107695,1114.77697553373,0.579398260175822,33.1970749652974,2036.04607668464,7641.65231325206,5000,7096.03200426882,0.579398260175822,33.1970749652974,0.0385793429615148,2.21043352808253,29.9778703085715,3.05689203842
2.04970344918464,1713.76721557214,1122.25076378602,0.579773198264596,33.2185573353629,2048.52260079994,7635.40231325206,5000,7078.3261700089,0.579773198264596,33.2185573353629,0.0386980055990625,2.21723239639991,30.0122323309538,3.06039598955339
2.06220344918464,1723.78068189455,1129.73277443963,0.580148566195148,33.240064333548,2060.99878236643,7629.15231325206,5000,7060.62196280815,0.580148566195148,33.240064333548,0.0388172744344692,2.22406599729616,30.0466450058617,3.06390510580695
2.07470344918464,1733.78799252692,1137.2230164309,0.580524364601117,33.2615959961578,2073.47461815446,7622.90231325206,5000,7042.91938810612,0.580524364601118,33.2615959961578,0.0389371539421514,2.23093458713645,30.0811084106858,3.0674193950723
2.08720344918464,1743.78913020864,1144.72149869218,0.580900594117112,33.2831523595526,2085.95010491667,7616.65231325206,5000,7025.21845136457,0.580900594117112,33.2831523595526,0.0390576486402597,2.23783842479176,30.1156226228855,3.07093886524812
2.09970344918464,1753.78407762806,1152.22823015163,0.58127725537871,33.3047334601482,2098.42523938787,7610.40231325206,5000,7007.51915806769,0.58127725537871,33.3047334601482,0.0391787630912128,2.24477777166942,30.1501877199892,3.0744635242401
2.11220344918464,1763.77281742244,1159.74321973315,0.581654349022456,33.3263393344161,2110.90001828493,7604.15231325206,5000,6989.82151372212,0.581654349022456,33.3263393344161,0.0393005019022404,2.25175289174424,30.1848037795938,3.07799337996093
2.12470344918464,1773.75533217785,1167.26647635631,0.582031875685867,33.3479700188832,2123.37443830679,7597.90231325207,5000,6972.12552385699,0.582031875685867,33.3479700188832,0.0394228697259332,2.25876405159004,30.2194708793643,3.08152844033022
2.13720344918464,1783.73160442893,1174.79800893623,0.582409836007431,33.3696255501322,2135.8484961343,7591.65231325206,5000,6954.43119402406,0.582409836007431,33.3696255501322,0.0395458712608011,2.2658115204116,30.2541890970336,3.08506871327452
2.14970344918464,1793.70161665877,1182.33782638337,0.582788230626608,33.3913059648015,2148.32218843013,7585.40231325206,5000,6936.73852979788,0.582788230626608,33.3913059648015,0.0396695112518402,2.27289557007717,30.2889585104019,3.08861420672726
2.16220344918464,1803.66535129877,1189.88593760352,0.583167060183831,33.4130112995852,2160.79551183872,7579.15231325207,5000,6919.04753677584,0.583167060183831,33.4130112995852,0.0397937944911073,2.2800164751514,30.3237791973367,3.09216492862871
2.17470344918464,1813.62279072854,1197.44235149767,0.583546325320506,33.4347415912331,2173.26846298617,7572.90231325207,5000,6901.3582205782,0.583546325320507,33.4347415912332,0.0399187258183045,2.28717451292876,30.3586512357722,3.09572088692593
2.18720344918464,1823.57391727573,1205.00707696187,0.583926026679015,33.4564968765511,2185.74103848021,7566.65231325207,5000,6883.67058684824,0.583926026679015,33.4564968765511,0.0400443101213704,2.29436996346753,30.3935747037089,3.09928208957278
2.19970344918464,1833.51871321583,1212.58012288711,0.584306164902714,33.4782771924006,2198.21323491001,7560.40231325206,5000,6865.9846412524,0.584306164902714,33.4782771924006,0.0401705523370821,2.30160310962419,30.4285496792137,3.10284854452985
2.21220344918464,1843.45716077206,1220.16149815919,0.584686740635936,33.5000825756993,2210.68504884614,7554.15231325207,5000,6848.30038948035,0.584686740635936,33.5000825756993,0.0402974574516646,2.30887423708839,30.4635762404187,3.10642025976442
2.22470344918464,1853.3892421153,1227.75121165866,0.585067754523991,33.5219130634207,2223.15647684055,7547.90231325207,5000,6830.61783724505,0.585067754523991,33.5219130634208,0.040425030501411,2.31618363441847,30.4986544655218,3.10999724325042
2.23720344918464,1863.31493936384,1235.3492722607,0.585449207213166,33.5437686925944,2235.62751542638,7541.65231325207,5000,6812.93699028281,0.585449207213166,33.5437686925944,0.0405532765733108,2.32353159307746,30.5337844327854,3.11357950296844
2.24970344918464,1873.23423458327,1242.95568883491,0.585831099350729,33.565649500306,2248.09816111793,7535.40231325207,5000,6795.25785435356,0.585831099350729,33.565649500306,0.0406822008056877,2.33091840746962,30.568966220537,3.11716704690562
2.26220344918464,1883.14710978632,1250.57047024523,0.586213431584925,33.5875555236972,2260.56841041053,7529.15231325207,5000,6777.58043524083,0.586213431584925,33.5875555236972,0.0408118083888477,2.33834437497758,30.6041999071678,3.12075988305566
2.27470344918464,1893.05354693277,1258.19362534991,0.58659620456498,33.609486799966,2273.03825978049,7522.90231325207,5000,6759.90473875179,0.586596204564981,33.6094867999661,0.0409421045657372,2.34580979600004,30.6394855711331,3.12435801941877
2.28720344918464,1902.95352792926,1265.82516300129,0.586979418941103,33.6314433663666,2285.50770568503,7516.65231325207,5000,6742.23077071744,0.586979418941103,33.6314433663666,0.0410730946326099,2.35331497398998,30.6748232909517,3.12796146400164
2.29970344918464,1912.84703462912,1273.46509204568,0.587363075364481,33.6534252602092,2297.97674456211,7510.40231325207,5000,6724.55853699273,0.587363075364481,33.6534252602092,0.041204783939705,2.36086021549353,30.7102131452053,3.13157022481737
2.31220344918464,1922.73404883222,1281.11342132325,0.587747174487287,33.6754325188607,2310.44537283038,7504.15231325207,5000,6706.88804345663,0.587747174487287,33.6754325188607,0.0413371778919353,2.36844583018939,30.7456552125383,3.13518430988546
2.32470344918464,1932.61455228493,1288.77015966796,0.588131716962677,33.6974651797441,2322.91358688912,7497.90231325207,5000,6689.21929601217,0.588131716962677,33.6974651797441,0.0414702819495862,2.37607213092885,30.7811495716574,3.13880372723177
2.33720344918464,1942.48852667986,1296.43531590739,0.588516703444789,33.7195232803387,2335.38138311814,7491.65231325207,5000,6671.5523005866,0.588516703444789,33.7195232803387,0.0416041016290249,2.38373943377648,30.8166963013312,3.14242848488844
2.34970344918464,1952.35595365572,1304.10889886259,0.588902134588749,33.7416068581805,2347.84875787763,7485.40231325207,5000,6653.88706313152,0.588902134588749,33.7416068581805,0.0417386425034209,2.39144805805137,30.8522954803898,3.14605859089391
2.36220344918464,1962.2168147972,1311.79091734796,0.589288011050667,33.7637159508618,2360.3157075081,7479.15231325207,5000,6636.22358962297,0.589288011050667,33.7637159508618,0.0418739102034773,2.39919832636904,30.8879471877242,3.14969405329284
2.37470344918464,1972.07109163485,1319.48138017118,0.589674333487639,33.7858505960315,2372.78222833035,7472.90231325207,5000,6618.56188606146,0.589674333487639,33.7858505960316,0.0420099104181744,2.40699056468406,30.9236515022862,3.15333488013606
2.38720344918464,1981.91876564489,1327.18029613306,0.59006110255775,33.8080108313951,2385.24831664529,7466.65231325207,5000,6600.9019584721,0.59006110255775,33.8080108313951,0.0421466488955233,2.4148251023332,30.9594085030879,3.15698107948055
2.39970344918464,1991.75981824905,1334.88767402735,0.590448318920072,33.8301966947145,2397.71396873389,7460.40231325207,5000,6583.24381290481,0.590448318920071,33.8301966947145,0.0422841314433324,2.42270227207936,30.9952182692011,3.1606326593894
2.41220344918464,2001.59423081443,1342.60352264065,0.590835983234665,33.8524082238086,2410.17918085704,7454.15231325207,5000,6565.58745543432,0.590835983234665,33.8524082238086,0.0424223639299855,2.43062241015618,31.031080879757,3.16428962793176
2.42470344918464,2011.4219846534,1350.32785075233,0.591224096162581,33.8746454565526,2422.64394925554,7447.90231325207,5000,6547.93289216027,0.591224096162581,33.8746454565526,0.0425613522852321,2.43858585631328,31.0669964139459,3.16795199318278
2.43720344918464,2021.24306102341,1358.06066713436,0.591612658365859,33.8969084308788,2435.10827014996,7441.65231325207,5000,6530.28012920731,0.591612658365859,33.8969084308788,0.0427011025009902,2.44659295386226,31.1029649510167,3.1716197632236
2.44970344918464,2031.05744112681,1365.80198055112,0.592001670507532,33.919197184776,2447.5721397405,7435.40231325207,5000,6512.62917272531,0.592001670507532,33.919197184776,0.0428416206321612,2.45464404972343,31.1389865702761,3.17529294614126
2.46220344918464,2040.8651061107,1373.55179975932,0.592391133251623,33.9415117562899,2460.03555420695,7429.15231325207,5000,6494.9800288894,0.592391133251623,33.9415117562899,0.0429829127974584,2.46273949447322,31.175061351089,3.1789715500287
2.47470344918464,2050.66603706688,1381.31013350791,0.592781047263147,33.9638521835233,2472.49850970861,7422.90231325207,5000,6477.33270390001,0.592781047263147,33.9638521835233,0.0431249851802482,2.47087964239244,31.2111893728771,3.18265558298472
2.48720344918464,2060.46021503163,1389.0769905379,0.593171413208113,33.9862185046355,2484.96100238414,7416.65231325207,5000,6459.68720398302,0.593171413208113,33.9862185046355,0.0432678440294049,2.47906485151522,31.2473707151191,3.18634505311386
2.49970344918464,2070.24762098548,1396.85237958218,0.593562231753524,34.008610757843,2497.42302835151,7410.40231325207,5000,6442.04353538995,0.593562231753524,34.008610757843,0.0434114956601783,2.48729548367871,31.28360545735,3.19003996852646
2.51220344918464,2080.02823585317,1404.63630936543,0.593953503567378,34.0310289814193,2509.88458370783,7404.15231325207,5000,6424.40170439801,0.593953503567378,34.0310289814193,0.0435559464550763,2.49557190457367,31.319893679161,3.19374033733854
2.52470344918464,2089.8020405035,1412.42878860402,0.594345229318667,34.0534732136947,2522.34566452935,7397.90231325207,5000,6406.76171731013,0.594345229318667,34.0534732136947,0.0437012028647608,2.50389448379582,31.3562354601982,3.19744616767176
2.53720344918464,2099.56901574911,1420.22982600583,0.594737409677379,34.0759434930568,2534.80626687135,7391.65231325207,5000,6389.12358045515,0.594737409677379,34.0759434930568,0.0438472714089584,2.51226359489796,31.3926308801633,3.20115746765341
2.54970344918464,2109.32914234636,1428.03943027008,0.595130045314499,34.0984398579502,2547.26638676792,7385.40231325207,5000,6371.48730018794,0.595130045314499,34.0984398579502,0.0439941586773849,2.520679615443,31.4290800188121,3.20487424541633
2.56220344918464,2119.08240099515,1435.85761008723,0.595523136902009,34.1209623468767,2559.726020232,7379.15231325207,5000,6353.85288288953,0.59552313690201,34.1209623468767,0.0441418713306859,2.52914292705783,31.4655829559546,3.20859650909889
2.57470344918464,2128.82877233883,1443.68437413884,0.595916685112891,34.1435109983951,2572.18516325523,7372.90231325207,5000,6336.2203349671,0.595916685112891,34.1435109983951,0.0442904161013919,2.53765391548802,31.5021397714545,3.2123242668449
2.58720344918464,2138.56823696403,1451.51973109746,0.596310690621122,34.1660858511217,2584.64381180786,7366.65231325207,5000,6318.58966285414,0.596310690621122,34.1660858511217,0.0444397997948889,2.54621297065348,31.5387505452285,3.21605752680359
2.59970344918464,2148.30077540043,1459.36368962639,0.596705154101681,34.1886869437297,2597.10196183862,7360.40231325207,5000,6300.96087301067,0.596705154101681,34.1886869437297,0.0445900292904047,2.55482048670491,31.5754153572459,3.21979629712959
2.61220344918464,2158.02636812067,1467.2162583796,0.597100076230546,34.21131431495,2609.55960927463,7354.15231325207,5000,6283.33397192327,0.597100076230546,34.21131431495,0.0447411115420112,2.56347686208129,31.6121342875284,3.22354058598282
2.62470344918464,2167.74499554023,1475.07744600161,0.597495457684696,34.2339680035705,2622.01675002133,7347.90231325207,5000,6265.70896610511,0.597495457684696,34.2339680035706,0.0448930535796441,2.57218249956828,31.6489074161491,3.22729040152846
2.63720344918464,2177.45663801724,1482.94726112732,0.59789129914211,34.2566480484367,2634.47337996237,7341.65231325207,5000,6248.08586209616,0.59789129914211,34.2566480484367,0.0450458625101377,2.58093780635747,31.6857348232323,3.23104575193694
2.64970344918464,2187.16127585226,1490.82571238183,0.598287601281771,34.2793544884512,2646.92949495948,7335.40231325207,5000,6230.46466646332,0.59828760128177,34.2793544884512,0.0451995455182774,2.58974319410675,31.7226165889533,3.23480664538383
2.66220344918464,2196.85888928821,1498.71280838031,0.598684364783662,34.3020873625745,2659.38509085237,7329.15231325207,5000,6212.84538580051,0.598684364783662,34.3020873625745,0.0453541098678702,2.5985990790016,31.7595527935372,3.23857309004984
2.67470344918464,2206.54945851022,1506.60855772791,0.599081590328772,34.324846709824,2671.84016345865,7322.90231325207,5000,6195.22802672871,0.599081590328773,34.3248467098241,0.0455095629028316,2.60750588181739,31.796543517259,3.24234509412072
2.68720344918464,2216.23296364545,1514.51296901956,0.599479278599091,34.3476325692752,2684.29470857377,7316.65231325207,5000,6177.61259589612,0.599479278599092,34.3476325692752,0.0456659120482916,2.61646402798273,31.8335888404427,3.24612266578727
2.69970344918464,2225.90938476288,1522.42605083979,0.599877430277616,34.3704449800607,2696.74872197079,7310.40231325207,5000,6159.99909997836,0.599877430277616,34.3704449800607,0.0458231648117181,2.62547394764383,31.8706888434612,3.24990581324522
2.71220344918464,2235.57870187323,1530.34781176262,0.600276046048346,34.3932839813709,2709.20219940037,7304.15231325207,5000,6142.3875456785,0.600276046048346,34.3932839813709,0.0459813287840601,2.63453607573005,31.9078436067353,3.25369454469521
2.72470344918464,2245.24089492879,1538.27826035141,0.600675126596287,34.4161496124537,2721.65513659068,7297.90231325207,5000,6124.77793972714,0.600675126596288,34.4161496124537,0.0461404116409086,2.64365085202036,31.9450532107336,3.25748886834277
2.73720344918464,2254.89594382328,1546.21740515875,0.601074672607453,34.4390419126147,2734.10752924726,7291.65231325207,5000,6107.17028888255,0.601074672607453,34.4390419126148,0.046300421143679,2.65281872121108,31.9823177359716,3.26128879239818
2.74970344918464,2264.54382839162,1554.16525472618,0.601474684768861,34.4619609212173,2746.55937305288,7285.40231325207,5000,6089.56459993089,0.60147468476886,34.4619609212173,0.0464613651408102,2.66204013298467,32.0196372630116,3.26509432507652
2.76220344918464,2274.1845284098,1562.12181758413,0.601875163768538,34.4849066776825,2759.01066366748,7279.15231325207,5000,6071.96087968623,0.601875163768538,34.4849066776825,0.0466232515689875,2.67131554207968,32.0570118724617,3.26890547459752
2.77470344918464,2283.81802359482,1570.08710225176,0.602276110295518,34.5078792214889,2771.46139672807,7272.90231325207,5000,6054.35913499063,0.602276110295519,34.5078792214889,0.0467860884543832,2.68064540836191,32.0944416449757,3.27272224918557
2.78720344918464,2293.44429360443,1578.06111723683,0.602677525039845,34.5308785921731,2783.91156784864,7266.65231325207,5000,6036.7593727143,0.602677525039845,34.5308785921731,0.0469498839139203,2.69003019689679,32.1319266612522,3.27654465706966
2.79970344918464,2303.06331803698,1586.04387103544,0.603079408692568,34.5539048293295,2796.36117261997,7260.40231325207,5000,6019.1615997558,0.603079408692568,34.5539048293294,0.0471146461565557,2.69947037802291,32.1694670020341,3.28037270648326
2.81220344918464,2312.67507643127,1594.03537213191,0.603481761945751,34.5769579726102,2808.81020660957,7254.15231325207,5000,6001.56582304208,0.603481761945751,34.5769579726102,0.0472803834845871,2.70896642742688,32.2070627481084,3.28420640566436
2.82470344918464,2322.27954826644,1602.03562899874,0.603884585492463,34.6000380617253,2821.25866536162,7247.90231325207,5000,5983.97204952853,0.603884585492464,34.6000380617253,0.0474471042949811,2.71851882621946,32.2447139803052,3.28804576285533
2.83720344918464,2331.8767129618,1610.0446500963,0.604287880026788,34.6231451364428,2833.7065443968,7241.65231325207,5000,5966.38028619919,0.604287880026788,34.6231451364428,0.0476148170807243,2.72812806101293,32.2824207794975,3.29189078630292
2.84970344918464,2341.4665498766,1618.06244387273,0.604691646243817,34.6462792365885,2846.1538392122,7235.40231325207,5000,5948.79054006691,0.604691646243817,34.6462792365885,0.0477835304321979,2.73779462399987,32.3201832266002,3.29574148425815
2.86220344918464,2351.0490383099,1626.08901876372,0.605095884839656,34.6694404020464,2858.60054528118,7229.15231325207,5000,5931.20281817342,0.605095884839656,34.6694404020464,0.0479532530385749,2.74751901303323,32.35800140257,3.29959786497632
2.87470344918464,2360.6241575005,1634.12438319247,0.605500596511422,34.6926286727583,2871.04665805333,7222.90231325207,5000,5913.61712758937,0.605500596511423,34.6926286727583,0.0481239936892431,2.75730173170784,32.3958753884045,3.30345993671687
2.88720344918464,2370.19188662672,1642.16854556945,0.605905781957245,34.715844088724,2883.49217295432,7216.65231325207,5000,5896.03347541453,0.605905781957245,34.7158440887241,0.0482957612752517,2.76714328944328,32.4338052651418,3.30732770774339
2.89970344918464,2379.75220480616,1650.22151429221,0.606311441876268,34.7390866900017,2895.93708538577,7210.40231325207,5000,5878.45186877797,0.606311441876267,34.7390866900016,0.0484685647907827,2.77704420156823,32.4717911138597,3.31120118632354
2.91220344918464,2389.30509109565,1658.28329774519,0.606717576968646,34.7623565167071,2908.38139072514,7204.15231325207,5000,5860.87231483813,0.606717576968646,34.7623565167071,0.0486424133346487,2.78700498940625,32.5098330156755,3.31508038072895
2.92470344918464,2398.85052449108,1666.3539042997,0.607124187935552,34.7856536090145,2920.82508432567,7197.90231325207,5000,5843.29482078286,0.607124187935553,34.7856536090146,0.0488173161118169,2.7970261803631,32.547931051745,3.31896529923522
2.93720344918464,2408.38848392723,1674.43334231362,0.607531275479171,34.8089780071562,2933.26816151625,7191.65231325207,5000,5825.71939382962,0.607531275479171,34.8089780071562,0.0489932824349588,2.80710830801557,32.5860853032621,3.32285595012182
2.94970344918464,2417.91894827755,1682.52162013126,0.607938840302703,34.8323297514226,2945.71061760124,7185.40231325207,5000,5808.14604122566,0.607938840302703,34.8323297514226,0.0491703217260286,2.81725191220185,32.6242958514581,3.32675234167204
2.96220344918464,2427.44189635403,1690.61874608315,0.608346883110365,34.8557088821624,2958.15244786043,7179.15231325207,5000,5790.57477024807,0.608346883110365,34.8557088821624,0.0493484435178678,2.82745753911355,32.6625627776012,3.33065448217293
2.97470344918464,2436.95730690713,1698.72472848599,0.60875540460739,34.8791154397822,2970.5936475489,7172.90231325207,5000,5773.0055882039,0.608755404607391,34.8791154397823,0.0495276574558395,2.83772574138925,32.7008861629958,3.33456237991524
2.98720344918464,2446.46515862553,1706.83957564238,0.609164405500026,34.9025494647474,2983.03421189697,7166.65231325207,5000,5755.43850243025,0.609164405500026,34.9025494647474,0.0497079732994913,2.84805707820984,32.7392660889819,3.33847604319334
2.99970344918464,2455.96543013596,1714.96329584066,0.609573886495539,34.9260109975811,2995.47413610993,7160.40231325207,5000,5737.87352029454,0.609573886495539,34.9260109975811,0.0498894009242471,2.85845211539543,32.7777026369347,3.34239548030517
3.01220344918464,2465.45810000303,1723.09589735469,0.609983848302213,34.9495000788651,3007.91341536806,7154.15231325207,5000,5720.31064919456,0.609983848302214,34.9495000788651,0.05007195032313,2.86891142550407,32.8161958882634,3.34632069955218
3.02470344918464,2474.94314672919,1731.2373884438,0.610394291629349,34.9730167492393,3020.3520448265,7147.90231325207,5000,5702.74989655848,0.61039429162935,34.9730167492393,0.0502556316085155,2.87943558793219,32.8547459244112,3.35025170923926
3.03720344918464,2484.42054875447,1739.38777735257,0.610805217187267,34.996561049402,3032.79001961511,7141.65231325207,5000,5685.19126984512,0.610805217187267,34.996561049402,0.0504404550139159,2.89002518901687,32.8933528268544,3.35418851767468
3.04970344918464,2493.89028445628,1747.54707231053,0.611216625687303,35.0201330201099,3045.22733483831,7135.40231325207,5000,5667.63477654408,0.611216625687303,35.0201330201099,0.0506264308957979,2.90068082213994,32.9320166771015,3.35813113316999
3.06220344918464,2503.35233214929,1755.71528153209,0.611628517841816,35.043732702178,3057.66398557504,7129.15231325207,5000,5650.08042417582,0.611628517841817,35.0437327021781,0.0508135697354318,2.91140308783393,32.970737556693,3.36207956404001
3.07470344918464,2512.80667008536,1763.89241321639,0.612040894364183,35.0673601364799,3070.09996687859,7122.90231325207,5000,5632.52822029176,0.612040894364184,35.06736013648,0.0510018821407744,2.92219259389002,33.0095155472005,3.36603381860274
3.08720344918464,2522.25327645328,1772.07847554709,0.612453755968799,35.0910153639474,3082.53527377654,7116.65231325207,5000,5614.97817247441,0.612453755968799,35.0910153639474,0.0511913788483868,2.93304995546784,33.0483507302262,3.36999390517926
3.09970344918464,2531.69212937857,1780.27347669211,0.612867103371081,35.1146984255709,3094.96990127057,7110.40231325207,5000,5597.43028833761,0.61286710337108,35.1146984255708,0.0513820707253864,2.94397579520734,33.0872431874018,3.37395983209372
3.11220344918464,2541.12320692337,1788.4774248035,0.613280937287466,35.1384093623991,3107.40384433634,7104.15231325207,5000,5579.88457552659,0.613280937287466,35.1384093623991,0.0515739687714349,2.95497074334273,33.1261930003885,3.37793160767322
3.12470344918464,2550.54648708636,1796.69032801732,0.613695258435413,35.1621482155395,3119.83709792348,7097.90231325207,5000,5562.34104171805,0.613695258435414,35.1621482155396,0.0517670841207626,2.9660354378184,33.1652002508758,3.38190924024778
3.13720344918464,2559.96194780248,1804.91219445341,0.614110067533401,35.1859150261579,3132.26965695537,7091.65231325207,5000,5544.79969462028,0.614110067533402,35.1859150261579,0.0519614280442298,2.97717052440708,33.204265020581,3.38589273815024
3.14970344918464,2569.36956694278,1813.14303221513,0.614525365300932,35.2097098354786,3144.701516329,7085.40231325207,5000,5527.26054197346,0.614525365300931,35.2097098354785,0.0521570119514265,2.98837665683013,33.2433873912486,3.38988210971623
3.16220344918464,2578.76932231428,1821.38284938923,0.614941152458527,35.2335326847845,3157.13267091493,7079.15231325207,5000,5509.72359154968,0.614941152458527,35.2335326847845,0.0523538473928107,2.99965449688004,33.2825674446494,3.39387736328404
3.17470344918464,2588.16119165984,1829.63165404572,0.615357429727734,35.2573836154173,3169.56311555713,7072.90231325207,5000,5492.18885115299,0.615357429727734,35.2573836154173,0.0525519460618863,3.01100471454523,33.32180526258,3.39787850719461
3.18720344918464,2597.54515265799,1837.88945423764,0.615774197831118,35.2812626687769,3181.99284507287,7066.65231325207,5000,5474.65632861961,0.615774197831118,35.2812626687769,0.0527513197974218,3.02242798813717,33.3611009268621,3.40188554979142
3.19970344918464,2606.92118292269,1846.15625800078,0.616191457492273,35.3051698863221,3194.42185425257,7060.40231325207,5000,5457.12603181816,0.616191457492272,35.305169886322,0.0529519805857103,3.03392500441987,33.4004545193415,3.40589849942044
3.21220344918464,2616.2892600032,1854.43207335359,0.61660920943581,35.3291053095702,3206.85013785967,7054.15231325207,5000,5439.5979686497,0.61660920943581,35.3291053095702,0.0531539405628716,3.04549645874178,33.4398661218878,3.40991736443003
3.22470344918464,2625.64936138401,1862.71690829697,0.61702745438737,35.3530689800972,3219.27769063058,7047.90231325207,5000,5422.07214704779,0.61702745438737,35.3530689800972,0.0533572120171979,3.05714305517016,33.4793358163935,3.41394215317091
3.23720344918464,2635.00146448456,1871.01077081413,0.617446193073611,35.3770609395377,3231.70450727449,7041.65231325207,5000,5404.54857497872,0.617446193073612,35.3770609395377,0.0535618073915428,3.06886550662802,33.5188636847731,3.41797287399603
3.24970344918464,2644.34554665913,1879.31366887021,0.617865426222221,35.401081229585,3244.13058247326,7035.40231325207,5000,5387.0272604417,0.617865426222221,35.401081229585,0.0537677392857572,3.08066453503364,33.5584498089628,3.42200953526054
3.26220344918464,2653.6815851966,1887.62561041224,0.618285154561909,35.4251298919912,3256.55591088127,7029.15231325207,5000,5369.50821146891,0.618285154561909,35.4251298919912,0.0539750204591698,3.0925408714427,33.5980942709192,3.42605214532171
3.27470344918464,2663.00955732043,1895.94660336894,0.61870537882241,35.4492069685669,3268.98048712535,7022.90231325207,5000,5351.99143612562,0.618705378822411,35.4492069685669,0.0541836638331151,3.10449525619314,33.6377971526191,3.43010071253885
3.28720344918464,2672.32944018842,1904.27665565052,0.619126099734482,35.4733125011815,3281.40430580465,7016.65231325207,5000,5334.47694251033,0.619126099734482,35.4733125011815,0.0543936824935098,3.11652843905274,33.6775585360584,3.4341552452732
3.29970344918464,2681.64121089247,1912.61577514835,0.61954731802991,35.4974465317632,3293.82736149044,7010.40231325207,5000,5316.96473875503,0.61954731802991,35.4974465317632,0.0546050896934791,3.12864117936966,33.7173785032516,3.43821575188791
3.31220344918464,2690.94484645849,1920.96396973488,0.619969034441504,35.521609102299,3306.24964872604,7004.15231325207,5000,5299.45483302525,0.619969034441504,35.521609102299,0.0548178988560327,3.1408342462257,33.7572571362308,3.44228224074794
3.32470344918464,2700.24032384627,1929.32124726346,0.620391249703099,35.5458002548343,3318.67116202671,6997.90231325207,5000,5281.94723352014,0.6203912497031,35.5458002548344,0.0550321235767918,3.15310841859256,33.797194517045,3.44635472021996
3.33720344918464,2709.5276199493,1937.68761556809,0.620813964549555,35.5700200314738,3331.0918958795,6991.65231325207,5000,5264.44194847263,0.620813964549555,35.5700200314738,0.0552477776267702,3.16546448549123,33.8371907277597,3.4504331986723
3.34970344918464,2718.80671159451,1946.06308246316,0.621237179716759,35.5942684743805,3343.51184474309,6985.40231325207,5000,5246.93898614974,0.621237179716759,35.5942684743805,0.0554648749552087,3.17790324615432,33.8772458504555,3.45451768447487
3.36220344918464,2728.07757554217,1954.44765574329,0.621660895941625,35.6185456257766,3355.93100304766,6979.15231325207,5000,5229.43835485254,0.621660895941625,35.6185456257766,0.0556834296924643,3.19042551019166,33.9173599672277,3.45860818599906
3.37470344918464,2737.34018848578,1962.84134318319,0.622085113962091,35.6428515279426,3368.34936519486,6972.90231325207,5000,5211.9400629163,0.622085113962092,35.6428515279427,0.0559034561529558,3.20303209775902,33.9575331601855,3.46270471161768
3.38720344918464,2746.59452705186,1971.2441525374,0.622509834517123,35.6671862232184,3380.7669255576,6966.65231325207,5000,5194.44411871067,0.622509834517123,35.6671862232184,0.0561249688381677,3.21572383973027,33.9977655114513,3.46680726970487
3.39970344918464,2755.84056779972,1979.65609154001,0.622935058346712,35.6915497540023,3393.18367847986,6960.40231325207,5000,5176.95053063989,0.622935058346711,35.6915497540022,0.0563479824397125,3.2285015778728,34.0380571031594,3.47091586863602
3.41220344918464,2765.07828722135,1988.07716790451,0.623360786191879,35.7159421627515,3405.59961827666,6954.15231325207,5000,5159.45930714289,0.623360786191879,35.7159421627515,0.0565725118424541,3.24136616502649,34.078408017456,3.47503051678769
3.42470344918464,2774.30766174129,1996.50738932362,0.623787018794668,35.7403634919823,3418.01473923392,6947.90231325207,5000,5141.97045669332,0.62378701879467,35.7403634919823,0.0567985721276912,3.2543184652861,34.1188183364977,3.47915122253753
3.43720344918464,2783.52866771646,2004.94676346907,0.624213756898154,35.7648137842694,3430.4290356083,6941.65231325207,5000,5124.48398779981,0.624213756898154,35.7648137842694,0.0570261785764058,3.26735935418741,34.159288142451,3.48327799426419
3.44970344918464,2792.74128143589,2013.39529799127,0.624641001246434,35.7892930822467,3442.84250162703,6935.40231325207,5000,5106.99990900616,0.624641001246433,35.7892930822466,0.0572553466725761,3.28048971889701,34.1998175174913,3.48741084034725
3.46220344918464,2801.94547912062,2021.85300051918,0.625068752584638,35.8138014286068,3455.25513148782,6929.15231325207,5000,5089.51822889141,0.625068752584638,35.8138014286068,0.0574860921065543,3.29371045840588,34.2404065438025,3.4915497691671
3.47470344918464,2811.1412369236,2030.31987866014,0.625497011658919,35.8383388661013,3467.66691935874,6922.90231325207,5000,5072.03895606993,0.62549701165892,35.8383388661014,0.0577184307785127,3.30702248372677,34.2810553035757,3.49569478910491
3.48720344918464,2820.32853092945,2038.79593999961,0.625925779216459,35.8629054375405,3480.07785937809,6916.65231325207,5000,5054.56209919164,0.625925779216459,35.8629054375405,0.0579523788019594,3.32042671809569,34.3217638790084,3.49984590854251
3.49970344918464,2829.50733715427,2047.28119210089,0.626355056005468,35.8875011857936,3492.48794565419,6910.40231325207,5000,5037.08766694221,0.626355056005467,35.8875011857936,0.058187952507325,3.3339240971774,34.362532352304,3.5040031358623
3.51220344918464,2838.67763154551,2055.77564250491,0.626784842775184,35.9121261537889,3504.8971722653,6904.15231325207,5000,5019.61566804316,0.626784842775184,35.9121261537889,0.0584251684456218,3.34751556927504,34.4033608056706,3.50816647944717
3.52470344918464,2847.83938998182,2064.27929873015,0.62721514027587,35.9367803845132,3517.30553325951,6897.90231325207,5000,5002.14611125192,0.627215140275871,35.9367803845133,0.0586640433921758,3.361202095544,34.4442493213203,3.51233594768043
3.53720344918464,2856.9925882729,2072.79216827229,0.627645949258819,35.9614639210125,3529.71302265457,6891.65231325207,5000,4984.67900536203,0.627645949258819,35.9614639210126,0.0589045943504369,3.37498465021019,34.4851979814685,3.51651154894571
3.54970344918464,2866.13720215923,2081.31425860396,0.628077270476351,35.9861768063916,3542.11963443772,6885.40231325207,5000,4967.21435920342,0.62807727047635,35.9861768063915,0.0591468385558666,3.38886422079281,34.5262068683325,3.52069329162686
3.56220344918464,2875.27320731197,2089.84557717454,0.628509104681814,36.010919083814,3554.5253625656,6879.15231325207,5000,4949.75218164245,0.628509104681814,36.010919083814,0.0593907934799042,3.4028418083316,34.5672760641313,3.52488118410786
3.57470344918464,2884.40057933285,2098.38613141005,0.628941452629584,36.0356907965024,3566.9302009641,6872.90231325207,5000,4932.29248158198,0.628941452629586,36.0356907965024,0.0596364768340155,3.41691842761879,34.6084056510842,3.52907523477275
3.58720344918464,2893.51929375393,2106.9359287128,0.629374315075064,36.0604919877381,3579.33414352825,6866.65231325207,5000,4914.83526796161,0.629374315075064,36.0604919877381,0.0598839065738246,3.43109510743588,34.6495957114102,3.53327545200555
3.59970344918464,2902.62932603742,2115.49497646114,0.629807692774684,36.0853227008614,3591.73718412201,6860.40231325207,5000,4897.38054975789,0.629807692774683,36.0853227008613,0.0601331009033333,3.44537289079531,34.6908463273271,3.53748184419012
3.61220344918464,2911.73065157552,2124.06328200927,0.630241586485904,36.1101829792716,3604.13931657814,6854.15231325207,5000,4879.92833598443,0.630241586485904,36.1101829792716,0.0603840782792252,3.45975283518719,34.7321575810501,3.54169441971011
3.62470344918464,2920.82324569032,2132.64085268706,0.630675996967211,36.1350728664267,3616.54053469815,6847.90231325207,5000,4862.47863569197,0.630675996967212,36.1350728664268,0.0606368574152616,3.47423601283104,34.7735295547919,3.54591318694885
3.63720344918464,2929.90708363361,2141.22769579979,0.631110924978117,36.1599924058436,3628.94083225209,6841.65231325207,5000,4845.03145796856,0.631110924978117,36.1599924058436,0.0608914572867687,3.48882351093297,34.8149623307608,3.55013815428926
3.64970344918464,2938.98214058662,2149.82381862784,0.631546371279165,36.1849416410983,3641.34020297838,6835.40231325207,5000,4827.58681193984,0.631546371279164,36.1849416410982,0.0611478971352203,3.50351643194822,34.8564559911602,3.55436933011377
3.66220344918464,2948.0483916599,2158.42922842647,0.631982336631923,36.2099206158253,3653.73864058368,6829.15231325207,5000,4810.14470676912,0.631982336631923,36.2099206158253,0.0614061964729159,3.5183158938492,34.8980106181878,3.5586067228042
3.67470344918464,2957.10581189327,2167.04393242571,0.63241882179899,36.2349293737182,3666.13613874282,6822.90231325207,5000,4792.70515165745,0.632418821798991,36.2349293737183,0.0616663750877574,3.53322303039918,34.9396262940345,3.56285034074169
3.68720344918464,2966.1543762555,2175.66793783004,0.632855827543987,36.2599679585295,3678.53269109862,6816.65231325207,5000,4775.26815584383,0.632855827543987,36.2599679585295,0.0619284530481284,3.54823899143184,34.9813031008832,3.56710019230657
3.69970344918464,2975.19405964418,2184.30125181804,0.633293354631567,36.2850364140705,3690.92829126167,6810.40231325207,5000,4757.83372860544,0.633293354631565,36.2850364140704,0.0621924507078783,3.56336494313683,35.0230411209086,3.57135628587831
3.71220344918464,2984.22483688555,2192.94388154226,0.633731403827407,36.3101347842112,3703.32293281024,6804.15231325207,5000,4740.4018792578,0.633731403827407,36.3101347842112,0.0624583887114104,3.57860206835136,35.0648404362753,3.5756186298354
3.72470344918464,2993.24668273441,2201.59583412905,0.634169975898213,36.3352631128807,3715.71660929019,6797.90231325207,5000,4722.97261715475,0.634169975898215,36.3352631128809,0.0627262879988812,3.593951566858,35.1067011291377,3.57988723255522
3.73720344918464,3002.25957187388,2210.25711667821,0.634609071611717,36.3604214440668,3728.10931421478,6791.65231325207,5000,4705.54595168874,0.634609071611717,36.3604214440668,0.0629961698115104,3.60941465568899,35.1486232816384,3.58416210241402
3.74970344918464,3011.26347891521,2218.9277362627,0.635048691736678,36.3856098218161,3740.50104106447,6785.40231325207,5000,4688.12189229104,0.635048691736677,36.385609821816,0.0632680556970084,3.62499256943721,35.1906069759076,3.58844324778672
3.76220344918464,3020.25837839762,2227.60769992846,0.635488837042881,36.410828290234,3752.8917832868,6779.15231325207,5000,4670.70044843185,0.635488837042881,36.410828290234,0.0635419675151184,3.64068656057366,35.2326522940621,3.59273067704691
3.77470344918464,3029.24424478822,2236.2970146942,0.635929508301138,36.4360768934848,3765.28153429632,6772.90231325207,5000,4653.28162962039,0.63592950830114,36.4360768934849,0.06381792744328,3.65649789977206,35.274759318204,3.59702439856668
3.78720344918464,3038.22105248179,2244.99568755116,0.636370706283286,36.4613556757917,3777.67028747439,6766.65231325207,5000,4635.86544540507,0.636370706283287,36.4613556757917,0.0640959579824175,3.67242787624038,35.31692813042,3.60132442071655
3.79970344918464,3047.18877580052,2253.70372546268,0.636812431762191,36.4866646814363,3790.05803616897,6760.40231325207,5000,4618.45190537381,0.636812431762189,36.4866646814362,0.0643760819628558,3.6884777980599,35.3591588127804,3.60563075186535
3.81220344918464,3056.14738899395,2262.42113536409,0.63725468551174,36.5120039547593,3802.44477369451,6754.15231325207,5000,4601.04101915409,0.63725468551174,36.5120039547593,0.0646583225503646,3.70464899253145,35.4014514473379,3.60994340038014
3.82470344918464,3065.0968662388,2271.14792416252,0.63769746830685,36.5373735401601,3814.83049333188,6747.90231325207,5000,4583.63279641303,0.637697468306852,36.5373735401602,0.0649427032523367,3.72094280652942,35.4438061161268,3.61426237462608
3.83720344918464,3074.03718163879,2279.88409873656,0.638140780923461,36.5627734820968,3827.21518832814,6741.65231325207,5000,4566.22724685762,0.638140780923461,36.5627734820968,0.0652292479241037,3.73736060686363,35.4862229011619,3.61858768296635
3.84970344918464,3082.9683092244,2288.62966593592,0.638584624138538,36.5882038250862,3839.59885189636,6735.40231325207,5000,4548.824380235,0.638584624138537,36.5882038250862,0.0655179807753944,3.75390378064936,35.5287018844374,3.62291933376203
3.86220344918464,3091.89022295276,2297.38463258124,0.639028998730073,36.613664613704,3851.9814772155,6729.15231325207,5000,4531.42420633254,0.639028998730073,36.613664613704,0.0658089263769331,3.77057373568543,35.5712431479259,3.627257335372
3.87470344918464,3100.80289670752,2306.14900546395,0.639473905477079,36.6391558925844,3864.36305743032,6722.90231325207,5000,4514.0267349779,0.639473905477081,36.6391558925845,0.0661021096671893,3.78737190084087,35.6138467735774,3.63160169615285
3.88720344918464,3109.70630429866,2314.92279134589,0.639919345159596,36.6646777064202,3876.74358565117,6716.65231325207,5000,4496.63197603925,0.639919345159596,36.6646777064202,0.0663975559592773,3.8042997264503,35.6565128433182,3.63595242445873
3.89970344918464,3118.60041946224,2323.70599695899,0.640365318558687,36.6902300999632,3889.1230549538,6710.40231325207,5000,4479.2399394256,0.640365318558685,36.6902300999631,0.066695290948015,3.82135868471834,35.69924143905,3.64030952864128
3.91220344918464,3127.48521586029,2332.49862900505,0.640811826456438,36.7158131180237,3901.50145837922,6704.15231325207,5000,4461.85063508684,0.640811826456438,36.7158131180237,0.0669953407171394,3.83855027013304,35.7420326426486,3.64467301704952
3.92470344918464,3136.36066708071,2341.3006941556,0.64125886963596,36.7414268054704,3913.87878893363,6697.90231325207,5000,4444.46407301381,0.641258869635962,36.7414268054705,0.0672977317466862,3.85587599988869,35.784886535963,3.6490428980297
3.93720344918464,3145.22674663702,2350.11219905153,0.641706448881385,36.7670712072309,3926.2550395882,6691.65231325207,5000,4427.08026323856,0.641706448881386,36.7670712072309,0.067602490920541,3.87333741431847,35.8278032008141,3.65341917992527
3.94970344918464,3154.08342796818,2358.93315030274,0.642154564977869,36.7927463682913,3938.63020327888,6685.40231325207,5000,4409.69921583462,0.642154564977867,36.7927463682912,0.0679096455341626,3.89093607733696,35.8707827189941,3.65780187107667
3.96220344918464,3162.93068443843,2367.76355448795,0.64260321871159,36.8184523336963,3951.00427290626,6679.15231325207,5000,4392.32094091709,0.64260321871159,36.8184523336963,0.068219223302484,3.90867357689285,35.9138251722647,3.66219097982131
3.97470344918464,3171.7684893372,2376.6034181545,0.643052410869746,36.844189148549,3963.37724133549,6672.90231325207,5000,4374.94544864269,0.643052410869748,36.8441891485491,0.0685312523679935,3.92655152543196,35.9569306423566,3.66658651449339
3.98720344918464,3180.5968158789,2385.45274781802,0.643502142240559,36.8699568580112,3975.74910139606,6666.65231325207,5000,4357.57274921005,0.643502142240559,36.8699568580112,0.0688457613090074,3.94457156037118,36.0000992109683,3.67098848342383
3.99970344918464,3189.41563720267,2394.31154996206,0.643952413613271,36.8957555073032,3988.11984588158,6660.40231325207,5000,4340.20285285994,0.643952413613269,36.8957555073031,0.0691627791481352,3.96273534458356,36.0433309597646,3.67539689494013
4.01220344918464,3198.22492637228,2403.17983103788,0.644403225778144,36.9215851417036,4000.48946754972,6654.15231325207,5000,4322.8357698754,0.644403225778144,36.9215851417036,0.0694823353609402,3.98104456689447,36.0866259703759,3.67981175736627
4.02470344918464,3207.02465637601,2412.05759746428,0.644854579526461,36.9474458065495,4012.85795912202,6647.90231325207,5000,4305.47151058177,0.644854579526464,36.9474458065497,0.0698044598848035,3.9995009425895,36.1299843243969,3.68423307902259
4.03720344918464,3215.81480012644,2420.94485562722,0.645306475650525,36.9733375472367,4025.22531328374,6641.65231325207,5000,4288.11008534698,0.645306475650525,36.9733375472367,0.0701291831279992,4.01810621393441,36.1734061033853,3.68866086822568
4.04970344918464,3224.59533046022,2429.84161187947,0.645758914943656,36.999260409219,4037.59152268365,6635.40231325207,5000,4270.75150458182,0.645758914943654,36.9992604092189,0.0704565359789849,4.03686215070747,36.2168913888612,3.69309513328825
4.06220344918464,3233.36622013796,2438.74787254041,0.646211898200196,37.0252144380088,4049.95657993387,6629.15231325207,5000,4253.39577874002,0.646211898200196,37.0252144380088,0.0707865498159107,4.05577055074424,36.2604402623052,3.69753588251902
4.07470344918464,3242.12744184409,2447.66364389579,0.646665426215503,37.0511996791769,4062.32047760979,6622.90231325207,5000,4236.04291831834,0.646665426215506,37.051199679177,0.0711192565163538,4.07483324049535,36.3040528051577,3.70198312422262
4.08720344918464,3250.87896818669,2456.58893219742,0.647119499785954,37.0772161783521,4074.68320824987,6616.65231325207,5000,4218.69293385679,0.647119499785954,37.0772161783521,0.0714546884672896,4.09405207559781,36.347729098818,3.70643686669943
4.09970344918464,3259.62077169723,2465.52374366276,0.647574119708941,37.1032639812219,4087.04476435539,6610.40231325207,5000,4201.34583593899,0.647574119708939,37.1032639812217,0.0717928785753033,4.11342894146007,36.3914692246422,3.7108971182455
4.11220344918464,3268.35282483045,2474.46808447474,0.648029286782876,37.1293431335316,4099.40513839036,6604.15231325207,5000,4184.00163519215,0.648029286782876,37.1293431335316,0.0721338602770442,4.13296575386101,36.4352732639431,3.7153638871524
4.12470344918464,3277.07509996429,2483.42196078151,0.648485001807184,37.1554536810852,4111.76432278139,6597.90231325207,5000,4166.66034228727,0.648485001807187,37.1554536810854,0.0724776675499344,4.15266445956352,36.4791412979881,3.71983718170712
4.13720344918464,3285.7875693996,2492.38537869614,0.648941265582309,37.1815956697446,4124.1223099175,6591.65231325207,5000,4149.3219679393,0.648941265582309,37.1815956697446,0.0728243349231393,4.17252703694305,36.5230734079987,3.72431701019193
4.14970344918464,3294.49020536002,2501.35834429614,0.649398078909706,37.2077691454297,4136.47909214986,6585.40231325207,5000,4131.98652290747,0.649398078909703,37.2077691454296,0.0731738974888089,4.19255549663168,36.5670696751489,3.72880338088429
4.16220344918464,3303.18297999175,2510.34086362335,0.649855442591847,37.233974154119,4148.83466179172,6579.15231325207,5000,4114.65401799541,0.649855442591847,37.233974154119,0.0735263909135897,4.21275188217774,36.611130180564,3.73329630205666
4.17470344918464,3311.86586536352,2519.33294268365,0.650313357432217,37.2602107418486,4161.18901111824,6572.90231325207,5000,4097.32446405116,0.65031335743222,37.2602107418488,0.0738818514504214,4.23311827072164,36.6552550053195,3.73779578197646
4.18720344918464,3320.53883346633,2528.33458744663,0.650771824235315,37.286478954713,4173.54213236633,6566.65231325207,5000,4079.99787196749,0.650771824235315,37.286478954713,0.0742403159506273,4.25365677368871,36.6994442304399,3.74230182890588
4.19970344918464,3329.20185621326,2537.34580384519,0.65123084380665,37.3127788388644,4185.89401773439,6560.40231325207,5000,4062.67425268217,0.651230843806648,37.3127788388642,0.0746018218763078,4.27436953749918,36.7436979368972,3.74681445110178
4.21220344918464,3337.85490543933,2546.36659777528,0.651690416952747,37.3391104405133,4198.24465938219,6554.15231325207,5000,4045.35361717808,0.651690416952746,37.3391104405132,0.0749664073130368,4.29525874429568,36.7880162056101,3.75133365681554
4.22470344918464,3346.49795290138,2555.39697509575,0.652150544481137,37.3654738059278,4210.59404943077,6547.90231325207,5000,4028.03597648325,0.65215054448114,37.365473805928,0.0753341109828776,4.31632661268903,36.8323991174423,3.75585945429299
4.23720344918464,3355.13097027788,2564.43694162793,0.652611227200366,37.3918689814342,4222.9421799622,6541.65231325207,5000,4010.72134167118,0.652611227200366,37.3918689814342,0.0757049722577293,4.33757539852287,36.8768467532015,3.7603918517742
4.24970344918464,3363.75392916871,2573.48650315523,0.653072465919986,37.4182960134165,4235.28904301937,6535.40231325207,5000,3993.40972386111,0.653072465919984,37.4182960134164,0.0760790311730115,4.35900739565778,36.9213591936379,3.76493085749343
4.26220344918464,3372.366801095,2582.5456654229,0.653534261450562,37.4447549483165,4247.63463060588,6529.15231325207,5000,3976.10113421809,0.653534261450562,37.4447549483165,0.076456328441691,4.38062493677493,36.9659365194433,3.76947647967893
4.27470344918464,3380.96955749908,2591.61443413786,0.653996614603664,37.4712458326338,4259.97893468587,6522.90231325207,5000,3958.79558395311,0.653996614603667,37.471245832634,0.0768369054686668,4.40243039420028,37.0105788112495,3.77402872655285
4.28720344918464,3389.5621697442,2600.69281496827,0.654459526191871,37.4977687129258,4272.32194718383,6516.65231325207,5000,3941.49308432337,0.654459526191871,37.4977687129258,0.0772208043655254,4.42442618075001,37.0552861496269,3.7785876063311
4.29970344918464,3398.14460911439,2609.78081354313,0.654922997028768,37.5243236358073,4284.6636599844,6510.40231325207,5000,3924.1936466325,0.654922997028765,37.5243236358072,0.077608067965679,4.44661475059785,37.1000586150836,3.78315312722322
4.31220344918464,3406.71684681425,2618.87843545202,0.655387027928946,37.5509106479512,4297.00406493218,6504.15231325207,5000,3906.89728223078,0.655387027928946,37.5509106479512,0.0779987398398857,4.46899860016436,37.1448962880639,3.78772529743224
4.32470344918464,3415.27885396891,2627.98568624496,0.655851619708002,37.5775297960876,4309.34315383165,6497.90231325207,5000,3889.60400251512,0.655851619708005,37.5775297960878,0.0783928643121754,4.49158026902938,37.1897992489467,3.79230412515453
4.33720344918464,3423.83060162379,2637.10257143191,0.656316773182537,37.6041811270043,4321.68091844693,6491.65231325207,5000,3872.31381892939,0.656316773182538,37.6041811270043,0.0787904864761923,4.51436234086841,37.2347675780447,3.7968896185797
4.34970344918464,3432.37206074438,2646.22909648242,0.656782489170155,37.6308646875466,4334.01735050158,6485.40231325207,5000,3855.02674296471,0.656782489170152,37.6308646875464,0.0791916522119658,4.53734744441349,37.2798013556025,3.80148178589044
4.36220344918464,3440.90320221613,2655.36526682535,0.657248768489463,37.6575805246172,4346.35244167839,6479.15231325207,5000,3837.74278615954,0.657248768489463,37.6575805246172,0.0795964082031182,4.56053825443916,37.3249006617957,3.80608063526237
4.37470344918464,3449.42399684434,2664.51108784869,0.65771561196007,37.6843286851762,4358.68618361936,6472.90231325207,5000,3820.46196009978,0.657715611960073,37.6843286851764,0.0800048019545235,4.5839374927742,37.3700655767295,3.81068617486394
4.38720344918464,3457.93441535392,2673.66656489912,0.658183020402585,37.7111092162411,4371.01856792539,6466.65231325207,5000,3803.18427641903,0.658183020402585,37.7111092162411,0.0804168818104408,4.60754792934062,37.4152961804368,3.81529841285626
4.39970344918464,3466.43442838922,2682.83170328156,0.658650994638617,37.7379221648866,4383.34958615608,6460.40231325207,5000,3785.90974679893,0.658650994638614,37.7379221648864,0.0808326969731301,4.63137238322026,37.4605925528778,3.81991735739297
4.41220344918464,3474.92400651388,2692.006508259,0.659119535490776,37.7647675782447,4395.67922982959,6454.15231325207,5000,3768.63838296923,0.659119535490776,37.7647675782447,0.0812522975219599,4.65541372374958,37.5059547739375,3.8245430166201
4.42470344918464,3483.40312021073,2701.19098505218,0.659588643782667,37.7916455035047,4408.00749042253,6447.90231325207,5000,3751.37019670788,0.659588643782671,37.7916455035049,0.0816757344330284,4.67967487164386,37.5513829234252,3.82917539867592
4.43720344918464,3491.87173988158,2710.38513883925,0.660058320338895,37.8185559879128,4420.33435936969,6441.65231325207,5000,3734.10519984134,0.660058320338896,37.8185559879128,0.0821030595993176,4.70415880015196,37.5968770810728,3.83381451169082
4.44970344918464,3500.32983584699,2719.58897475529,0.66052856598506,37.8454990787725,4432.65982806385,6435.40231325207,5000,3716.84340424485,0.660528565985057,37.8454990787723,0.0825343258513955,4.72886853624245,37.642437326533,3.83846036378713
4.46220344918464,3508.77737834617,2728.80249789208,0.660999381547756,37.872474823444,4444.9838878556,6429.15231325207,5000,3699.58482184257,0.660999381547756,37.872474823444,0.0829695869786753,4.75380716182168,37.6880637393787,3.84311296307901
4.47470344918464,3517.21433753688,2738.02571329783,0.661470767854573,37.8994832693449,4457.30653005323,6422.90231325207,5000,3682.32946460765,0.661470767854577,37.8994832693451,0.0834088977512546,4.77897781498511,37.7337563991008,3.84777231767228
4.48720344918464,3525.64068349518,2747.25862597682,0.661942725734093,37.9265244639493,4469.62774592252,6416.65231325207,5000,3665.07734456251,0.661942725734094,37.9265244639494,0.0838523139423609,4.80438369130327,37.7795153851073,3.8524384356643
4.49970344918464,3534.05638621526,2756.5012408889,0.662415256015891,37.9535984547885,4481.94752668646,6410.40231325207,5000,3647.8284737792,0.662415256015888,37.9535984547883,0.0842998923514169,4.83002804514336,37.8253407767213,3.85711132514379
4.51220344918464,3542.4614156093,2765.75356294924,0.662888359530532,37.9807052894502,4494.26586352511,6404.15231325207,5000,3630.58286437942,0.662888359530531,37.9807052894502,0.0847516908277381,4.855914191027,37.8712326531803,3.86179099419071
4.52470344918464,3550.85574150736,2775.01559702811,0.66336203710957,38.0078450155791,4506.5827475755,6397.90231325207,5000,3613.34052853471,0.663362037109574,38.0078450155793,0.0852077682948908,4.88204550502587,37.9171910936341,3.8664774508761
4.53720344918464,3559.23933365719,2784.28734795044,0.663836289585552,38.0350176808765,4518.8981699314,6391.65231325207,5000,3596.10147846665,0.663836289585552,38.0350176808765,0.0856681847757364,4.90842542619659,37.9632161771435,3.87117070326192
4.54970344918464,3567.61216172398,2793.56882049537,0.664311117792008,38.0622233331001,4531.21212164302,6385.40231325207,5000,3578.86572644726,0.664311117792004,38.0622233330999,0.0861330014181813,4.93505745805612,38.0093079826791,3.87587075940092
4.56220344918464,3575.9741952903,2802.86001939596,0.664786522563456,38.0894620200645,4543.52459371691,6379.15231325207,5000,3561.63328479904,0.664786522563456,38.0894620200645,0.0866022805216466,4.96194517009837,38.0554665891192,3.88057762733647
4.57470344918464,3584.32540385593,2812.16094933898,0.665262504735401,38.1167337896404,4555.83557711582,6372.90231325207,5000,3544.40416589511,0.665262504735405,38.1167337896406,0.0870760855642885,4.98909219935376,38.1016920752492,3.88529131510242
4.58720344918463,3592.66575683771,2821.47161496446,0.66573906514433,38.1440386897551,4568.14506275846,6366.65231325207,5000,3527.17838215947,0.665739065144331,38.1440386897551,0.0875544812310006,5.01650225199372,38.1479845197591,3.89001183072293
4.59970344918464,3600.9952235693,2830.79202086521,0.666216204627716,38.1713767683921,4580.45304151925,6360.40231325207,5000,3509.95594606736,0.666216204627712,38.1713767683919,0.0880375334422198,5.04417910498104,38.1943440012427,3.89473918221234
4.61220344918464,3609.31377330104,2840.12217158655,0.666693924024009,38.1987480735913,4592.75950422816,6354.15231325207,5000,3492.73687014531,0.666693924024009,38.1987480735913,0.0885253093835539,5.0721266077675,38.2407705981958,3.89947337757499
4.62470344918464,3617.6213751999,2849.4620716261,0.667172224172645,38.2261526534486,4605.06444167061,6347.90231325207,5000,3475.52116697133,0.667172224172649,38.2261526534488,0.0890178775362639,5.10034868404034,38.2872643890147,3.90421442480508
4.63720344918464,3625.91799834923,2858.81172543329,0.667651105914035,38.2535905561161,4617.36784458719,6341.65231325207,5000,3458.30884917509,0.667651105914036,38.2535905561162,0.0895153077086413,5.12884933352003,38.3338254519946,3.90896233188649
4.64970344918463,3634.20361174858,2868.17113740888,0.668130570089571,38.2810618298021,4629.66970367344,6335.40231325207,5000,3441.09992943836,0.668130570089568,38.2810618298019,0.0900176710683006,5.15763263381052,38.3804538653282,3.91371710679266
4.66220344918464,3642.47818431356,2877.54031190472,0.66861061754162,38.3085665227705,4641.97000957965,6329.15231325207,5000,3423.89442049503,0.66861061754162,38.3085665227705,0.0905250401754129,5.18670274230338,38.427149707104,3.9184787574864
4.67470344918464,3650.74168487575,2886.91925322347,0.669091249113526,38.3361046833414,4654.26875291081,6322.90231325207,5000,3406.69233513127,0.66909124911353,38.3361046833417,0.0910374890169176,5.21606389813796,38.4739130553046,3.92324729191973
4.68720344918463,3658.99408218248,2896.30796561817,0.669572465649604,38.3636763598906,4666.56592422626,6316.65231325207,5000,3389.49368618581,0.669572465649605,38.3636763598907,0.0915550930417554,5.24572042422015,38.5207439878055,3.92802271803373
4.69970344918463,3667.23534489666,2905.7064532917,0.670054267995146,38.3912816008497,4678.86151403953,6310.40231325207,5000,3372.29848655025,0.670054267995142,38.3912816008494,0.092077929197153,5.27567672930128,38.5676425823731,3.93280504375838
4.71220344918463,3675.46544159662,2915.11472039656,0.670536656996413,38.4189204547058,4691.15551281811,6304.15231325207,5000,3355.10674916922,0.670536656996412,38.4189204547058,0.0926060759659834,5.30593731011873,38.6146089166634,3.93759427701238
4.72470344918464,3683.68434077603,2924.53277103456,0.671019633500635,38.4465929700017,4703.44791098336,6297.90231325207,5000,3337.91848704042,0.67101963350064,38.446592970002,0.09313961340525,5.33650675360093,38.6616430682203,3.942390425703
4.73720344918464,3691.8920108437,2933.9606092564,0.671503198356013,38.4742991953357,4715.73869891025,6291.65231325207,5000,3320.73371321499,0.671503198356013,38.4742991953357,0.093678623185742,5.36738973913939,38.7087451144738,3.94719349772591
4.74970344918463,3700.08842012336,2943.39823906114,0.671987352411713,38.5020391793615,4728.02786692709,6285.40231325207,5000,3303.5524407978,0.671987352411709,38.5020391793612,0.0942231886328956,5.39859104092995,38.7559151327385,3.95200350096501
4.76220344918463,3708.27353685358,2952.84566439591,0.672472096517869,38.5298129707881,4740.31540531537,6279.15231325207,5000,3286.37468294758,0.672472096517869,38.5298129707881,0.0947733947688946,5.4301155303849,38.8031532002122,3.95682044329228
4.77470344918463,3716.44732918761,2962.30288915568,0.672957431525578,38.5576206183797,4752.60130430967,6272.90231325207,5000,3269.20045287702,0.672957431525583,38.55762061838,0.0953293283560608,5.46196817861909,38.8504593939738,3.96164433256758
4.78720344918463,3724.60976519324,2971.76991718275,0.673443358286899,38.5854621709559,4764.88555409731,6266.65231325207,5000,3252.02976385307,0.6734433582869,38.5854621709559,0.0958910779415922,5.49415405901326,38.897833790982,3.96647517663851
4.79970344918463,3732.76081285256,2981.24675226626,0.673929877654853,38.613337677391,4777.1681448182,6260.40231325207,5000,3234.86262919732,0.673929877654849,38.6133376773908,0.0964587339036914,5.52667834985698,38.9452764680733,3.97131298334021
4.81220344918463,3740.90044006186,2990.73339814189,0.674416990483421,38.6412471866146,4789.44906656458,6254.15231325207,5000,3217.69906228605,0.674416990483421,38.6412471866146,0.0970323884991199,5.55954633707332,38.9927875019606,3.97615776049524
4.82470344918463,3749.02861463152,3000.22985849158,0.674904697627541,38.6691907476111,4801.72830938095,6247.90231325207,5000,3200.53907655041,0.674904697627546,38.6691907476114,0.0976121359122421,5.59276341702885,39.0403669692316,3.98100951591334
4.83720344918463,3757.14530428583,3009.73613694308,0.675392999943109,38.6971684094196,4814.00586326379,6241.65231325207,5000,3183.38268547666,0.67539299994311,38.6971684094197,0.0981980723056237,5.62633509943273,39.0880149463465,3.98586825739131
4.84970344918463,3765.25047666277,3019.2522370694,0.675881898286976,38.7251802211341,4826.28171816127,6235.40231325207,5000,3166.22990260658,0.675881898286971,38.7251802211338,0.0987902958722339,5.66026701032768,39.135731509637,3.99073399271281
4.86220344918463,3773.34409931393,3028.77816238849,0.676371393516944,38.753226231903,4838.55586397312,6229.15231325207,5000,3149.08074153752,0.676371393516943,38.753226231903,0.0993889068892981,5.69456489517549,39.1835167353043,3.99560672964818
4.87470344918463,3781.42613970434,3038.31391636305,0.676861486491768,38.7813064909295,4850.82829055047,6222.90231325207,5000,3131.93521592259,0.676861486491774,38.7813064909298,0.099994007773873,5.72923462204127,39.2313706994171,4.00048647595428
4.88720344918463,3789.49656521238,3047.85950239994,0.677352178071156,38.809421047471,4863.09898769561,6216.65231325207,5000,3114.79333947091,0.677352178071156,38.809421047471,0.100605703140219,5.76428218488062,39.2792934779102,4.00537323937432
4.89970344918463,3797.55534312948,3057.41492384969,0.677843469115759,38.8375699508393,4875.36794516167,6210.40231325207,5000,3097.65512594796,0.677843469115754,38.837569950839,0.101224099859034,5.79971370693344,39.3272851465828,4.01026702763766
4.91220344918463,3805.60244066007,3066.98018400621,0.678335360487178,38.8657532504006,4887.63515265252,6204.15231325207,5000,3080.52058917576,0.678335360487178,38.8657532504005,0.101849307118595,5.83553544422721,39.3753457810964,4.0151678484596
4.92470344918463,3813.63782492147,3076.55528610648,0.678827853047958,38.8939709955749,4899.90059982257,6197.90231325207,5000,3063.38974303292,0.678827853047964,38.8939709955752,0.102481436487903,5.87175378919486,39.4234754569732,4.0200757095413
4.93720344918463,3821.66146294369,3086.14023333007,0.679320947661589,38.9222232358365,4912.16427627655,6191.65231325207,5000,3046.26260145499,0.679320947661589,38.9222232358366,0.103120601981916,5.9083752744122,39.4716742495944,4.02499061856948
4.94970344918463,3829.67332166923,3095.73502879859,0.679814645192498,38.9505100207137,4924.42617156919,6185.40231325207,5000,3029.13917843479,0.679814645192493,38.9505100207134,0.103766920128935,5.9454065764591,39.5199422341983,4.02991258321632
4.96220344918463,3837.67336795299,3105.33967557537,0.680308946506056,38.9788313997883,4936.68627520508,6179.15231325207,5000,3012.01948802257,0.680308946506056,38.9788313997883,0.104420510040222,5.98285451990816,39.5682794858785,4.03484161113923
4.97470344918463,3845.66156856216,3114.95417666517,0.68080385246857,39.0071874226962,4948.94457663853,6172.90231325207,5000,2994.90354432608,0.680803852468577,39.0071874226966,0.105081493481941,6.02072608144667,39.6166860795822,4.0397777099807
4.98720344918463,3853.63789017602,3124.57853501372,0.681299363947283,39.0355781391267,4961.20106527328,6166.65231325207,5000,2977.79136151093,0.681299363947284,39.0355781391268,0.105749994949531,6.05902839413789,39.665162090108,4.04472088736807
4.99970344918463,3861.60229938578,3134.21275350706,0.681795481810371,39.0640035988227,4973.45573046224,6160.40231325207,5000,2960.68295380092,0.681795481810365,39.0640035988224,0.106426141744596,6.09776875182643,39.7137075921048,4.04967115091339
5.01220344918463,3869.55476269443,3143.85683497133,0.682292206926943,39.0924638515805,4985.70856150729,6154.15231325207,5000,2943.5783354782,0.682292206926943,39.0924638515805,0.107110064054393,6.13695461369264,39.7623226600689,4.0546285082132
5.02470344918463,3877.49524651669,3153.51078217244,0.68278954016704,39.1209589472496,4997.95954765917,6147.90231325207,5000,2926.47752088332,0.682789540167047,39.12095894725,0.107801895034035,6.17659360896252,39.8110073683433,4.05959296684835
5.03720344918463,3885.42371717877,3163.17459781551,0.683287482401629,39.1494889357329,5010.20867811717,6141.65231325207,5000,2909.38052441565,0.68328748240163,39.1494889357329,0.108501770891537,6.21669354178046,39.8597617911149,4.0645645343838
5.04970344918463,3893.34014091824,3172.84828454437,0.683786034502604,39.1780538669861,5022.45594202889,6135.40231325207,5000,2892.28736053366,0.683786034502598,39.1780538669857,0.109209830975803,6.2572623962506,39.9085860024131,4.06954321836846
5.06220344918463,3901.24448388389,3182.53184494116,0.684285197342783,39.2066537910181,5034.70132849,6129.15231325207,5000,2875.19804375508,0.684285197342783,39.2066537910181,0.109926217867663,6.29830834165268,39.9574800761077,4.07452902633496
5.07470344918463,3909.13671213562,3192.22528152611,0.684784971795907,39.2352887578906,5046.94482654418,6122.90231325207,5000,2858.11258865703,0.684784971795914,39.235288757891,0.110651077474084,6.33983973784008,40.0064440859072,4.07952196579946
5.08720344918463,3917.0167916443,3201.92859675697,0.685285358736637,39.2639588177179,5059.18642518276,6116.65231325207,5000,2841.03100987635,0.685285358736638,39.263958817718,0.111384559125718,6.38186514082899,40.0554781053568,4.08452204426147
5.09970344918463,3924.88468829155,3211.64179302842,0.685786359040554,39.2926640206671,5071.42611334446,6110.40231325207,5000,2823.95332210993,0.685786359040547,39.2926640206667,0.112126815677907,6.42439330858536,40.1045822078362,4.08952926920368
5.11220344918463,3932.74036786965,3221.36487267175,0.686287973584151,39.3214044169576,5083.66387991525,6104.15231325207,5000,2806.87954011487,0.686287973584151,39.3214044169576,0.112878003615263,6.46743320701699,40.1537564665582,4.09454364809167
5.12470344918463,3940.58379608144,3231.09783795458,0.686790203244839,39.3501800568613,5095.89971372814,6097.90231325207,5000,2789.80967870861,0.686790203244847,39.3501800568617,0.113638283159993,6.51099401618015,40.2030009545663,4.09956518837384
5.13720344918463,3948.41493854015,3240.8406910803,0.687293048900941,39.3789909907024,5108.13360356294,6091.65231325207,5000,2772.74375276924,0.687293048900942,39.3789909907025,0.114407818384146,6.55508513671082,40.2523157447329,4.10459389748109
5.14970344918463,3956.23376076922,3250.59343418744,0.687796511431687,39.4078372688571,5120.36553814594,6085.40231325207,5000,2755.6817772359,0.68779651143168,39.4078372688567,0.115186777325935,6.59971619648927,40.3017009097574,4.10962978282669
5.16220344918463,3964.04022820217,3260.35606934941,0.688300591717215,39.4367189417537,5132.59550614975,6079.15231325207,5000,2738.62376710887,0.688300591717215,39.4367189417537,0.115975332110271,6.6448970575466,40.3511565221641,4.11467285180608
5.17470344918463,3971.83430618255,3270.12859857413,0.688805290638573,39.4656360598722,5144.82349619316,6072.90231325207,5000,2721.56973744972,0.688805290638581,39.4656360598727,0.116773659073736,6.69063782322463,40.4006826543003,4.11972311179662
5.18720344918463,3979.61595996373,3279.91102380353,0.689310609077706,39.4945886737447,5157.0494968408,6066.65231325207,5000,2704.51970338168,0.689310609077707,39.4945886737448,0.117581938894172,6.73694884560119,40.4502793783343,4.12478057015742
5.19970344918463,3987.38515470873,3289.70334691287,0.689816547917464,39.5235768339546,5169.2734966029,6060.40231325207,5000,2687.47368008993,0.689816547917457,39.5235768339542,0.118400356725098,6.78384073319151,40.4999467662531,4.12984523422913
5.21220344918463,3995.14185549014,3299.50556971047,0.690323108041594,39.5526005911369,5181.49548393508,6054.15231325207,5000,2670.43168282184,0.690323108041594,39.5526005911369,0.119229102335127,6.83132435893619,40.549684889861,4.13491711133374
5.22470344918463,4002.88602729,3309.31769393737,0.690830290334741,39.5816599959779,5193.71544723819,6047.90231325207,5000,2653.39372688701,0.690830290334749,39.5816599959784,0.120068370252628,6.87941086848969,40.5994938207769,4.13999620877434
5.23720344918463,4010.61763499964,3319.13972126677,0.691338095682442,39.6107550992154,5205.93337485806,6041.65231325207,5000,2636.35982765765,0.691338095682443,39.6107550992155,0.120918359915876,6.92811168882355,40.6493736304326,4.14508253383496
5.24970344918463,4018.33664341953,3328.97165330338,0.691846524971127,39.6398859516379,5218.14925508512,6035.40231325207,5000,2619.33000056897,0.691846524971119,39.6398859516375,0.12177927582894,6.97743853715776,40.6993243900706,4.1501760937803
5.26220344918463,4026.04301725912,3338.81349158313,0.692355579088115,39.669052604085,5230.36307615432,6029.15231325207,5000,2602.30426111929,0.692355579088114,39.669052604085,0.12265132772351,7.02740343023303,40.7493461707423,4.1552768958556
5.27470344918463,4033.73672113683,3348.6652375728,0.692865258921611,39.6982551074473,5242.57482624486,6022.90231325207,5000,2585.28262487018,0.69286525892162,39.6982551074478,0.123534730726975,7.07801869394074,40.7994390433055,4.16038494728633
5.28720344918463,4041.41771957982,3358.52689266948,0.693375565360708,39.7274935126659,5254.78449348,6016.65231325207,5000,2568.26510744683,0.693375565360709,39.727493512666,0.124429705537044,7.12929697332825,40.8496030784226,4.16550025527806
5.29970344918463,4049.08597702386,3368.39845819991,0.693886499295376,39.7567678707324,5266.99206592668,6010.40231325207,5000,2551.25172453839,0.693886499295368,39.756767870732,0.125336478603205,7.18125124299538,40.8998383465584,4.1706228270162
5.31220344918463,4056.74145781318,3378.27993542015,0.694398061616469,39.786078232689,5279.19753159536,6004.15231325207,5000,2534.24249189814,0.694398061616468,39.7860782326889,0.126255282315284,7.23389481789847,40.9501449179781,4.1757526696658
5.32470344918463,4064.38412620047,3388.17132551524,0.694910253215714,39.8154246496278,5291.40087843986,5997.90231325207,5000,2517.23742534363,0.694910253215724,39.8154246496283,0.127186355199485,7.28724136458227,41.0005228627448,4.18088979037131
5.33720344918463,4072.01394634663,3398.07262959862,0.695423074985717,39.8448071726914,5303.60209435707,5991.65231325207,5000,2500.23654075699,0.695423074985719,39.8448071726915,0.128129942122258,7.34130491286092,41.0509722507178,4.1860341962564
5.34970344918463,4079.63088232065,3407.98384871149,0.695936527819953,39.8742258530721,5315.80116718662,5985.40231325207,5000,2483.23985408536,0.695936527819945,39.8742258530716,0.129086294502359,7.39609986796799,41.1014931515502,4.1911858944237
5.36220344918463,4087.23489809952,3417.90498382242,0.696450612612766,39.9036807420121,5327.99808471069,5979.15231325207,5000,2466.24738134102,0.696450612612766,39.9036807420121,0.130055670531446,7.45164102319582,41.1520856346869,4.19634489195463
5.37470344918463,4094.82595756812,3427.83603582708,0.696965330259368,39.9331718908033,5340.19283465387,5972.90231325207,5000,2449.25913860151,0.696965330259378,39.9331718908039,0.13103833540365,7.50794357304883,41.2027497693622,4.20151119590912
5.38720344918463,4102.40402451906,3437.77700554759,0.697480681655836,39.9626993507871,5352.38540468284,5966.65231325207,5000,2432.27514201001,0.697480681655837,39.9626993507872,0.132034561554569,7.56502312693707,41.2534856245977,4.20668481332541
5.39970344918463,4109.96906265257,3447.72789373185,0.697996667699106,39.9922631733541,5364.57578240607,5960.40231325207,5000,2415.29540777571,0.697996667699097,39.9922631733536,0.133044628910129,7.62289572343461,41.3042932692001,4.21186575121985
5.41220344918463,4117.52103557633,3457.68870105323,0.698513289286974,40.0218634099443,5376.76395537359,5954.15231325207,5000,2398.31995217396,0.698513289286974,40.0218634099443,0.134068825145742,7.68157784512839,41.3551727717593,4.21705401658663
5.42470344918463,4125.05990680545,3467.65942811021,0.699030547318092,40.0515001120467,5388.94991107688,5947.90231325207,5000,2381.34879154643,0.699030547318103,40.0515001120473,0.135107445956295,7.74108643408759,41.4061242006454,4.22224961639759
5.43720344918463,4132.58563976229,3477.64007542574,0.699548442691967,40.081173331199,5401.13363694851,5941.65231325207,5000,2364.38194230144,0.699548442691968,40.0811733311991,0.136160795337546,7.80143890798596,41.4571476240073,4.22745255760196
5.44970344918463,4140.09819777632,3487.6306434466,0.700066976308953,40.110883118988,5413.31512036186,5935.40231325207,5000,2347.41942091436,0.700066976308944,40.1108831189875,0.137229185879443,7.86265317690833,41.5082431097699,4.23266284712617
5.46220344918463,4147.597544084,3497.63113254303,0.700586149070253,40.1406295270487,5425.4943486309,5929.15231325207,5000,2330.46124392778,0.700586149070253,40.1406295270486,0.138312939071943,7.92474766087246,41.5594107256321,4.23788049187359
5.47470344918463,4155.08364182872,3507.64154300838,0.701105961877917,40.1704126070646,5437.67130901004,5922.90231325207,5000,2313.50742795165,0.701105961877928,40.1704126070652,0.139412385623987,7.98774130810479,41.6106505390644,4.24310549872428
5.48720344918463,4162.55645406066,3517.66187505846,0.701626415634833,40.2002324107677,5449.8459886938,5916.65231325207,5000,2296.55798966359,0.701626415634835,40.2002324107677,0.140527865796308,8.0516536141093,41.6619626173068,4.24833787453481
5.49970344918463,4170.01594373662,3527.6921288309,0.702147511244732,40.2300889899377,5462.0183748165,5910.40231325207,5000,2279.61294580936,0.702147511244722,40.2300889899371,0.141659729748782,8.11650464156905,41.713347027366,4.25357762613798
5.51220344918463,4177.46207371996,3537.73230438475,0.702669249612178,40.2599823964024,5474.18845445205,5904.15231325207,5000,2262.67231320299,0.702669249612178,40.2599823964023,0.142808337903003,8.18231504112024,41.7648038360138,4.2588247603426
5.52470344918463,4184.89480678048,3547.78240170013,0.70319163164257,40.2899126820373,5486.3562146138,5897.90231325207,5000,2245.73610872691,0.703191631642582,40.289912682038,0.143974061320913,8.24910607304602,41.8163331097842,4.26407928393327
5.53720344918463,4192.31410559431,3557.8424206776,0.703714658242137,40.3198798987656,5498.52164225422,5891.65231325207,5000,2228.80434933229,0.703714658242139,40.3198798987656,0.145157282100349,8.31689962993989,41.8679349149714,4.26934120367011
5.54970344918463,4199.71993274375,3567.91236113744,0.704238330317934,40.3498840985576,5510.68472426453,5885.40231325207,5000,2211.87705203954,0.704238330317924,40.349884098557,0.146358393788384,8.38571826038816,41.9196093176272,4.27461052628851
5.56220344918463,4207.11225071721,3577.99222281931,0.704762648777841,40.3799253334311,5522.84544747455,5879.15231325207,5000,2194.95423393836,0.704762648777841,40.3799253334311,0.147577801813336,8.45558519372225,41.9713563835588,4.27988725849896
5.57470344918463,4214.4910219091,3588.08200538187,0.70528761453056,40.4100036554507,5535.00379865251,5872.90231325207,5000,2178.03591218794,0.705287614530572,40.4100036554515,0.148815923936485,8.52652436590047,42.0231761783264,4.28517140698673
5.58720344918463,4221.8562086197,3598.1817084021,0.705813228485609,40.4401191167282,5547.15976450473,5866.65231325207,5000,2161.12210401732,0.70581322848561,40.4401191167283,0.150073190724601,8.5985604465815,42.0750687672408,4.29046297841167
5.59970344918463,4229.20777305505,3608.29133137465,0.706339491553321,40.4702717694218,5559.31333167528,5860.40231325207,5000,2144.21282672582,0.70633949155331,40.4702717694211,0.151350046044367,8.67171886745293,42.1270342153608,4.29576197940793
5.61220344918463,4236.54567732681,3618.41087371141,0.706866404644843,40.5004616657361,5571.46448674578,5854.15231325207,5000,2127.30809768315,0.706866404644842,40.5004616657361,0.152646947579843,8.74602585187971,42.1790725874912,4.30106841658377
5.62470344918463,4243.86988345227,3628.54033474114,0.707393968672127,40.5306888579225,5583.61321623523,5847.90231325207,5000,2110.40793432961,0.707393968672141,40.5306888579232,0.153964367374275,8.82150844594768,42.23118394818,4.30638229652124
5.63720344918463,4251.18035335415,3638.67971370885,0.707922184547934,40.560953398278,5595.75950659968,5841.65231325207,5000,2093.51235417643,0.707922184547936,40.5609533982781,0.15530279239765,8.89819455098175,42.2833683617162,4.311703625776
5.64970344918463,4258.47704886046,3648.82900977504,0.708451053185824,40.5912553391459,5607.90334423188,5835.40231325207,5000,2076.62137480621,0.708451053185812,40.5912553391453,0.156662725141382,8.97611295761922,42.3356258921271,4.31703241087702
5.66220344918463,4265.7599317045,3658.98822201529,0.708980575500157,40.6215947329152,5620.04471546109,5829.15231325207,5000,2059.73501387307,0.708980575500156,40.6215947329152,0.158044684241615,9.05529338152226,42.387956603176,4.32236865832634
5.67470344918463,4273.0289635247,3669.15734941995,0.709510752406087,40.6519716320203,5632.18360655293,5822.90231325207,5000,2042.85328910279,0.709510752406101,40.6519716320211,0.159449205132799,9.13576650082507,42.4403605583598,4.32771237459885
5.68720344918463,4280.28410586455,3679.33639089342,0.710041584819563,40.6823860889412,5644.32000370897,5816.65231325207,5000,2025.97621829319,0.710041584819565,40.6823860889413,0.160876840733322,9.21756399541768,42.4928378209064,4.33306356614199
5.69970344918463,4287.52532017245,3689.52534525339,0.71057307365732,40.712838156203,5656.45389306647,5810.40231325207,5000,2009.10381931459,0.710573073657307,40.7128381562023,0.162328162165012,9.30071858817038,42.5453884537719,4.33842223937552
5.71220344918463,4294.75256780164,3699.7242112305,0.711105219836878,40.7433278863757,5668.58526069812,5804.15231325207,5000,1992.23611010993,0.711105219836878,40.7433278863757,0.1638037595084,9.38526408820724,42.5980125196387,4.34378840069123
5.72470344918463,4301.96581001014,3709.93298746793,0.711638024276541,40.7738553320742,5680.71409261187,5797.90231325207,5000,1975.37310869494,0.711638024276556,40.7738553320751,0.165304242595908,9.47123543635224,42.6507100809125,4.34916205645276
5.73720344918463,4309.16500796062,3720.1516725207,0.712171487895391,40.8044205459581,5692.84037475062,5791.65231325207,5000,1958.5148331585,0.712171487895393,40.8044205459582,0.166830241845243,9.55866875287925,42.7034811997198,4.35454321299525
5.74970344918463,4316.35012272027,3730.38026485492,0.712705611613282,40.8350235807311,5704.96409299184,5785.40231325207,5000,1941.66130166313,0.712705611613269,40.8350235807303,0.16838240913535,9.64760138770061,42.7563259379057,4.35993187662511
5.76220344918463,4323.52111526075,3740.61876284741,0.713240396350842,40.8656644891413,5717.08523314736,5779.15231325207,5000,1924.81253244508,0.713240396350842,40.8656644891413,0.169961418727425,9.73807197313719,42.8092443570306,4.3653280536198
5.77470344918463,4330.67794645811,3750.8671647853,0.713775843029467,40.8963433239808,5729.20378096322,5772.90231325207,5000,1907.96854381453,0.713775843029483,40.8963433239817,0.17156796823376,9.83012047942903,42.8622365183685,4.3707317502275
5.78720344918463,4337.8205770927,3761.12546886532,0.714311952571315,40.9270601380854,5741.31972211931,5766.65231325207,5000,1891.12935415597,0.714311952571318,40.9270601380855,0.173202779637412,9.92378827315812,42.9153024829038,4.37614297266689
5.79970344918463,4344.94896784902,3771.39367319302,0.714848725899306,40.9578149843345,5753.433042229,5760.40231325207,5000,1874.29498192863,0.714848725899292,40.9578149843337,0.174866600365782,10.0191181787601,42.9684423113287,4.38156172712687
5.81220344918463,4352.06307931567,3781.6717757824,0.715386163937116,40.9886079156508,5765.54372683893,5754.15231325207,5000,1857.46544566665,0.715386163937116,40.9886079156508,0.176560204421386,10.1161545433125,43.0216560640409,4.38698801976627
5.82470344918463,4359.16287198529,3791.95977455548,0.715924267609175,41.0194389850002,5777.65176142886,5747.90231325207,5000,1840.64076397922,0.715924267609192,41.0194389850012,0.17828439357346,10.2149433048086,43.0749438011407,4.39242185671363
5.83720344918463,4366.24830625447,3802.2576673416,0.716463037840662,41.0503082453917,5789.7571314113,5741.65231325207,5000,1823.82095555102,0.716463037840665,41.0503082453919,0.180039998614332,10.3155320641424,43.1283055824285,4.39786324406688
5.84970344918463,4373.3193424236,3812.56545187664,0.717002475557501,41.0812157498768,5801.85982213113,5735.40231325207,5000,1807.00603914261,0.717002475557487,41.081215749876,0.181827880684638,10.4179701610381,43.1817414674019,4.4033121878931
5.86220344918463,4380.37594069684,3822.88312580258,0.717542581686359,41.1121615515495,5813.95981886544,5729.15231325207,5000,1790.19603359061,0.717542581686359,41.1121615515495,0.183648932671754,10.5223087541737,43.2352515152533,4.40876869422823
5.87470344918463,4387.41806118205,3833.21068666715,0.71808335715464,41.1431457035462,5826.05710682326,5722.90231325207,5000,1773.39095780789,0.718083357154658,41.1431457035472,0.185504080686254,10.6286009057767,43.288835784867,4.4142327690768
5.88720344918463,4394.4456638907,3843.54813192303,0.718624802890482,41.1741682590453,5838.15167114531,5716.65231325207,5000,1756.59083078392,0.718624802890485,41.1741682590455,0.187394285621632,10.7369016709886,43.3424943348166,4.41970441841165
5.89970344918463,4401.45870873776,3853.89545892711,0.719166919822755,41.2052292712671,5850.24349690355,5710.40231325207,5000,1739.79567158526,0.719166919822739,41.2052292712662,0.189320544802721,10.8472681923133,43.3962272233622,4.42518364817365
5.91220344918463,4408.45715554164,3864.25266494004,0.719709708881052,41.2363287934734,5862.33256910101,5704.15231325207,5000,1723.00549935572,0.719709708881052,41.2363287934734,0.191283893728677,10.9597597994822,43.4500345084477,4.43067046427145
5.92470344918463,4415.44096402413,3874.61974712583,0.720253170995691,41.2674668789675,5874.41887267157,5697.90231325207,5000,1706.2203333165,0.720253170995711,41.2674668789686,0.193285407916993,11.0744381151082,43.503916247698,4.43616487258116
5.93720344918463,4422.41009381034,3884.9967025511,0.720797307097709,41.2986435810938,5886.50239247964,5691.65231325207,5000,1689.44019276661,0.720797307097712,41.298643581094,0.195326204855522,11.1913671665292,43.5578724984165,4.44166687894607
5.94970344918463,4429.36450442855,3895.38352818429,0.721342118118854,41.3298589532377,5898.58311331975,5685.40231325207,5000,1672.66509708332,0.721342118118838,41.3298589532367,0.197407446069906,11.310613504262,43.6119033175817,4.4471764891764
5.96220344918463,4436.30415531022,3905.78022089519,0.721887604991586,41.361113048825,5910.66101991637,5679.15231325207,5000,1655.89506572235,0.721887604991586,41.361113048825,0.199530339314323,11.4322463275239,43.6660087618452,4.45269370904898
5.97470344918463,4443.22900578988,3916.18677745456,0.722433768649072,41.3924059213224,5922.73609692367,5672.90231325207,5000,1639.13011821799,0.722433768649094,41.3924059213236,0.201696140894333,11.5563376173213,43.7201888875283,4.458218544307
5.98720344918463,4450.13901510509,3926.60319453336,0.72298061002518,41.4237376242365,5934.80832892521,5666.65231325207,5000,1622.37027418356,0.722980610025184,41.4237376242367,0.203906158131287,11.6829622776499,43.7744437506193,4.46375100065968
5.99970344918463,4457.03414239633,3937.02946870191,0.723528130054476,41.455108211114,5946.87770043353,5660.40231325207,5000,1605.61555331183,0.723528130054458,41.455108211113,0.206161751978407,11.8121982853856,43.8287734067708,4.46929108378201
6.01220344918463,4463.91434670694,3947.46559642948,0.724076329672218,41.4865177355413,5958.94419588994,5654.15231325207,5000,1588.86597537522,0.724076329672218,41.4865177355413,0.208464339799401,11.9441268494867,43.8831779112969,4.47483879931443
6.02470344918463,4470.77958698312,3957.91157408385,0.724625209814355,41.5179662511443,5971.00779966431,5647.90231325207,5000,1572.12156022594,0.724625209814379,41.5179662511457,0.210815398321633,12.0788325801989,43.93765731917,4.4803941528626
6.03720344918463,4477.6298220738,3968.36739793054,0.725174771417522,41.5494538115882,5983.06849605473,5641.65231325207,5000,1555.38232779644,0.725174771417526,41.5494538115884,0.213216466776887,12.2164036690069,43.9922116850184,4.48595714999703
6.04970344918463,4484.46501073058,3978.83306413197,0.725725015419032,41.5809804705772,5995.12626928712,5635.40231325207,5000,1538.64829809984,0.725725015419013,41.5809804705761,0.215669150243671,12.3569320801352,44.0468410631227,4.49152779625282
6.06220344918463,4491.28511160771,3989.30856874701,0.726275942756876,41.612546281854,6007.18110351497,5629.15231325207,5000,1521.91949123013,0.726275942756876,41.612546281854,0.218175123206198,12.5005137544619,44.1015455074139,4.49710609712939
6.07470344918463,4498.090083262,3999.79390773057,0.726827554369716,41.6441512992001,6019.23298281921,5622.90231325207,5000,1505.19592736232,0.726827554369741,41.6441512992015,0.220736133346709,12.6472488268034,44.1563250714695,4.50269205809012
6.08720344918463,4504.8798841528,4010.28907693277,0.727379851196884,41.6757955764353,6031.28189120778,5616.65231325207,5000,1488.47762675287,0.727379851196888,41.6757955764355,0.223354005589311,12.7972418576089,44.2111798085109,4.5082856845621
6.09970344918463,4511.6544726419,4020.79407209815,0.727932834178371,41.707479167417,6043.32781261526,5610.40231325207,5000,1471.76460974017,0.72793283417835,41.7074791674159,0.226030646414926,12.9506020801891,44.266109771401,4.51388698193583
6.11220344918463,4518.41380699347,4031.30888886516,0.728486504254829,41.7392021260408,6055.37073090265,5604.15231325207,5000,1455.0568967447,0.728486504254829,41.7392021260408,0.228768048468605,13.1074436646953,44.3211150126402,4.51949595556487
6.12470344918463,4525.15784537408,4041.83352276575,0.729040862367563,41.7709645062393,6067.41062985717,5597.90231325207,5000,1438.3545082692,0.729040862367589,41.7709645062408,0.231568295482755,13.2678860002002,44.3761955843643,4.52511261076559
6.13720344918463,4531.88654585261,4052.36796922454,0.72959590945853,41.8027663619827,6079.44749319187,5591.65231325207,5000,1421.65746489912,0.729595909458535,41.802766361983,0.234433567541947,13.4320539963487,44.4313515383411,4.53073695281682
6.14970344918463,4538.59986640016,4062.91222355801,0.730151646470329,41.834607747278,6091.48130454527,5585.40231325207,5000,1404.96578730307,0.730151646470307,41.8346077472768,0.237366146717186,13.6000784061778,44.4865829259673,4.53636898695959
6.16220344918463,4545.29776489005,4073.46628097397,0.730708074346199,41.8664887161688,6103.51204748106,5579.15231325207,5000,1388.27949623303,0.730708074346199,41.8664887161688,0.24036842310007,13.7720961718489,44.5418897982658,4.54200871839678
6.17470344918463,4551.98019909779,4084.03013657118,0.731265194030016,41.8984093227351,6115.53970548799,5572.90231325207,5000,1371.59861252447,0.731265194030044,41.8984093227368,0.243442901270488,13.9482507952189,44.5972722058825,4.54765615229283
6.18720344918463,4558.64712670101,4094.60378533845,0.731823006466286,41.9303696210933,6127.56426197942,5566.65231325207,5000,1354.92315709685,0.731823006466291,41.9303696210936,0.246592207234796,14.1286927353692,44.6527301990831,4.55331129377342
6.19970344918463,4565.29850527939,4105.18722215386,0.732381512600141,41.9623696653954,6139.58570029293,5560.40231325207,5000,1338.25315095405,0.732381512600118,41.9623696653941,0.249819095874782,14.3135798353991,44.7082638277502,4.55897414792516
6.21220344918463,4571.93429231469,4115.78044178422,0.732940713377334,41.994409509829,6151.60400369013,5554.15231325207,5000,1321.58861518457,0.732940713377334,41.994409509829,0.253126458951591,14.5030777810176,44.7638731413803,4.56464471979527
6.22470344918463,4578.55444519065,4126.38343888461,0.733500609744234,42.0264892086171,6163.61915535641,5547.90231325207,5000,1304.9295709617,0.733500609744264,42.0264892086188,0.256517333713684,14.697360593743,44.8195581890804,4.5703230143913
6.23720344918463,4585.15892119301,4136.99620799761,0.734061202647823,42.0586088160177,6175.63113840055,5541.65231325207,5000,1288.27603954399,0.734061202647827,42.0586088160179,0.259994912162807,14.8966111618034,44.8753190195652,4.57600903668074
6.24970344918463,4591.74767750941,4147.61874355235,0.734622493035687,42.0907683863236,6187.63993585435,5535.40231325207,5000,1271.62804227569,0.73462249303566,42.090768386322,0.263562551037317,15.1010218121396,44.9311556811537,4.58170279159078
6.26220344918463,4598.32067122942,4158.25103986404,0.735184481856014,42.1229679738619,6199.64553067239,5529.15231325207,5000,1254.98560058694,0.735184481856014,42.1229679738618,0.267223782578239,15.3107949272546,44.9870682217662,4.58740428400792
6.27470344918463,4604.87785934446,4168.89309113354,0.735747170057591,42.155207632994,6211.64790573178,5522.90231325207,5000,1238.348735994,0.735747170057623,42.1552076329959,0.270982326150812,15.5261436110791,45.0430566889213,4.5931135187777
6.28720344918463,4611.41919874783,4179.54489144648,0.736310558589794,42.1874874181153,6223.64704383181,5516.65231325207,5000,1221.71747009963,0.736310558589799,42.1874874181156,0.274842100802101,15.7472924084696,45.0991211297323,4.59883050070435
6.29970344918463,4617.94464623461,4190.20643477235,0.736874648402586,42.2198073836547,6235.64292769353,5510.40231325207,5000,1205.09182459361,0.736874648402558,42.219807383653,0.278807238843665,15.9744780834379,45.1552615909043,4.60455523455047
6.31220344918463,4624.45415850169,4200.87771496405,0.737439440446511,42.2521675840741,6247.6355399595,5504.15231325207,5000,1188.47182125296,0.73743944044651,42.2521675840741,0.282882100557969,16.207950461767,45.2114781187312,4.6102877250367
6.32470344918463,4630.94769214773,4211.55872575736,0.73800493567269,42.2845680738689,6259.6248631936,5497.90231325207,5000,1171.85748194203,0.738004935672725,42.284568073871,0.287071290138784,16.4479733443278,45.2677707590918,4.61602797684141
6.33720344918463,4637.42520367315,4222.24946077015,0.738571135032813,42.317008907567,6271.61087988061,5491.65231325207,5000,1155.24882861307,0.738571135032819,42.3170089075673,0.291379672988268,16.6948254981299,45.3241395574473,4.62177599460033
6.34970344918463,4643.88664948009,4232.9499135014,0.739138039479139,42.3494901397287,6283.5935724258,5485.40231325207,5000,1138.64588330662,0.739138039479108,42.3494901397269,0.295812394507258,16.9488017329248,45.3805845588376,4.62753178290626
6.36220344918463,4650.3319858724,4243.66007733071,0.739705649964483,42.3820118249463,6295.57292315468,5479.15231325207,5000,1122.04866815176,0.739705649964482,42.3820118249462,0.30037490053097,17.2102140720865,45.4371058078783,4.63329534630871
6.37470344918463,4656.76116905564,4254.37994551785,0.740273967442218,42.414574017844,6307.54891431284,5472.90231325207,5000,1105.45720536628,0.740273967442256,42.4145740178462,0.305072959581021,17.4793930275576,45.4937033487571,4.63906668931358
6.38720344918463,4663.17415513705,4265.10951120189,0.740842992866267,42.4471767730777,6319.52152806547,5466.65231325207,5000,1088.87151725713,0.740842992866273,42.447176773078,0.30991268712518,17.7566889898312,45.5503772252307,4.64484581638283
6.39970344918463,4669.57090012555,4275.84876740019,0.741412727191095,42.479820145334,6331.49074649698,5460.40231325207,5000,1072.29162622093,0.741412727191062,42.4798201453321,0.314900572059219,18.0424737452485,45.6071274806216,4.65063273193411
6.41220344918463,4675.95135993172,4286.59770700798,0.741983171371707,42.5125041893309,6343.45655161076,5454.15231325207,5000,1055.71755474415,0.741983171371706,42.5125041893308,0.320043505651623,18.3371421344093,45.6639541578146,4.65642744034044
6.42470344918463,4682.31549036781,4297.35632279784,0.742554326363641,42.5452289598165,6355.41892532893,5447.90231325207,5000,1039.14932540333,0.742554326363682,42.5452289598189,0.325348813222924,18.6411138672637,45.7208572992533,4.66222994592988
6.43720344918463,4688.66324714773,4308.12460741878,0.743126193122964,42.5779945115696,6367.37784949198,5441.65231325207,5000,1022.58696086549,0.74312619312297,42.5779945115699,0.330824288866183,18.9548355124491,45.7778369469372,4.66804025298519
6.44970344918463,4694.99458588701,4318.90255339534,0.743698772606264,42.6108008993985,6379.33330585831,5435.40231325207,5000,1006.03048388867,0.743698772606228,42.6108008993964,0.336478233554547,19.2787826806927,45.8348931424179,4.67385836574344
6.46220344918463,4701.30946210288,4329.69015312705,0.744272065770645,42.6436481781412,6391.28527610397,5429.15231325207,5000,989.479917322136,0.744272065770645,42.6436481781412,0.342319497027274,19.613462424704,45.8920259267958,4.67968428839571
6.47470344918463,4707.6078312142,4340.4873988879,0.744846073573723,42.6765364026651,6403.23374182249,5422.90231325207,5000,972.935284106541,0.744846073573769,42.6765364026678,0.348357523899059,19.9594158810438,45.949235340717,4.68551802508675
6.48720344918463,4713.88964854148,4351.29428282551,0.74542079697362,42.7094656278666,6415.17868452443,5416.65231325207,5000,956.396607274408,0.745420796973628,42.7094656278671,0.354602404498282,20.3172211829424,46.0065214243693,4.69135957991458
6.49970344918463,4720.15486930691,4362.11079696011,0.745996236928956,42.7424359086706,6427.12008563692,5410.40231325207,5000,939.863909950638,0.745996236928916,42.7424359086683,0.361064931009573,20.6874966770308,46.0638842174793,4.69720895693018
6.51220344918463,4726.40344863435,4372.936933184,0.746572394398844,42.7754473000301,6439.05792650349,5404.15231325207,5000,923.337215352709,0.746572394398843,42.7754473000301,0.367756659577291,21.0709044816081,46.1213237593087,4.70306616013712
6.52470344918463,4732.63534154934,4383.77268326111,0.747149270342886,42.8084998569263,6450.99218838377,5397.90231325207,5000,906.816546790877,0.747149270342937,42.8084998569292,0.374689979122019,21.4681544295366,46.1788400886507,4.70893119349123
6.53720344918463,4738.85050297913,4394.61803882602,0.747726865721168,42.8415936343681,6462.92285245311,5391.65231325207,5000,890.301927668637,0.747726865721175,42.8415936343686,0.381878187732627,21.880008445184,46.236433243827,4.7148040609002
6.54970344918463,4745.04888775265,4405.472991383,0.748305181494248,42.8747286873915,6474.84989980213,5385.40231325207,5000,873.793381483244,0.748305181494204,42.874728687389,0.389335577624668,22.3072854121815,46.2941032626835,4.72068476622328
6.56220344918463,4751.2304506006,4416.33753230548,0.748884218623156,42.9079050710593,6486.77331143647,5379.15231325207,5000,857.290931825916,0.748884218623155,42.9079050710592,0.397077529806558,22.7508665973959,46.3518501825877,4.72657331327087
6.57470344918463,4757.3951461554,4427.21165283555,0.749463978069386,42.9411228404611,6498.69306827657,5372.90231325207,5000,840.794602382035,0.749463978069442,42.9411228404643,0.4051206197733,23.2117017067342,46.4096740404245,4.73246970580417
6.58720344918463,4763.54292895123,4438.09534408297,0.750044460794893,42.9743820507129,6510.60915115723,5366.65231325207,5000,824.304416931619,0.750044460794902,42.9743820507134,0.413482735756651,23.6908156603792,46.4675748725927,4.73837394753486
6.59970344918463,4769.67375342411,4448.98859702424,0.750625667762078,43.0076827569562,6522.52154082717,5360.40231325207,5000,807.820399349837,0.750625667762029,43.0076827569534,0.422183211306767,24.1893161891576,46.525552715002,4.74428604212468
6.61220344918463,4775.78757391185,4459.89140250202,0.751207599933792,43.0410250143583,6534.43021794879,5354.15231325207,5000,791.342573607233,0.751207599933791,43.0410250143583,0.431242974272807,24.7084023705006,46.5836076030685,4.75020599318509
6.62470344918463,4781.8843446541,4470.80375122461,0.751790258273323,43.0744088781115,6546.33516309792,5347.90231325207,5000,774.870963769915,0.751790258273385,43.0744088781151,0.440684714599361,25.2493742424706,46.6417395717121,4.75613380427691
6.63720344918463,4787.96401979241,4481.72563376502,0.752373643744397,43.1078344034333,6558.23635676339,5341.65231325207,5000,758.405594000035,0.752373643744407,43.1078344034339,0.4505330737714,25.8136436581574,46.6999486553521,4.76206947890993
6.64970344918463,4794.02655337025,4492.65704055991,0.752957757311162,43.1413016455653,6570.13377934661,5335.40231325207,5000,741.94648855632,0.752957757311109,43.1413016455622,0.460814859237367,26.4027465712163,46.7582348879038,4.76801302054257
6.66220344918463,4800.07189933303,4503.59796190909,0.753542599938188,43.1748106597732,6582.02741116127,5329.15231325207,5000,725.493671794281,0.753542599938188,43.1748106597732,0.471559287738073,27.0183569775868,46.8165983027751,4.77396443258147
6.67470344918463,4806.10001152816,4514.54838797498,0.75412817259046,43.2083615013467,6593.91723243314,5322.90231325207,5000,709.047168166421,0.75412817259053,43.2083615013507,0.482798262192848,27.6623027799007,46.8750389328626,4.77992371838116
6.68720344918463,4812.11084370506,4525.50830878162,0.754714476233374,43.2419542255988,6605.8032232996,5316.65231325207,5000,692.607002222716,0.754714476233387,43.2419542255995,0.494566687669877,28.3365838912487,46.9335568105479,4.78589088124363
6.69970344918463,4818.10434951526,4536.47771421364,0.755301511832723,43.2755888878654,6617.68536380922,5310.40231325207,5000,676.173198611145,0.755301511832664,43.275588887862,0.506902833031622,29.0433929559366,46.9921519676939,4.79186592441802
6.71220344918463,4824.08048251239,4547.45659401573,0.755889280354695,43.3092655435051,6629.56363392147,5304.15231325207,5000,659.745782077913,0.755889280354695,43.309265543505,0.519848746147424,29.7851391394151,47.0508244356414,4.79784885110017
6.72470344918463,4830.03919615225,4558.44493779208,0.75647778276587,43.3429842478987,6641.43801350652,5297.90231325207,5000,643.324777467652,0.756477782765948,43.3429842479031,0.533450732165319,30.5644755312364,47.1095742452049,4.80383966443229
6.73720344918463,4835.98044379286,4569.4427350054,0.757067020033208,43.376745056449,6653.30848234476,5291.65231325207,5000,626.910209723914,0.75706702003322,43.3767450564497,0.547759906307285,31.3843308178888,47.1684014266692,4.80983836750258
6.74970344918463,4841.90417869453,4580.44997497588,0.757656993124044,43.4105480245802,6665.17502012633,5285.40231325207,5000,610.502103889706,0.757656993123976,43.4105480245763,0.56283283509582,32.2479460223731,47.2273060097853,4.8158449633448
6.76220344918463,4847.8103540199,4591.46664688061,0.758247703006081,43.4443932077376,6677.03760645091,5279.15231325207,5000,594.100485107712,0.758247703006081,43.4443932077375,0.578732282966723,33.1589172819641,47.2862880237671,4.82185945493793
6.77470344918463,4853.698922834,4602.49273975303,0.758839150647386,43.4782806613873,6688.89622082743,5272.90231325207,5000,577.705378620502,0.758839150647475,43.4782806613924,0.595528085045451,34.1212458546123,47.3453474972871,4.82788184520577
6.78720344918463,4859.56983810429,4613.52824248196,0.759431337016379,43.5122104410158,6700.75084267366,5266.65231325207,5000,561.316809771028,0.759431337016394,43.5122104410166,0.613298171681591,35.1393968204449,47.4044844584731,4.83391213701653
6.79970344918463,4865.42305270078,4624.57314381051,0.760024263081829,43.5461826021293,6712.60145131569,5260.40231325207,5000,544.934804003163,0.76002426308175,43.5461826021248,0.632129776444775,36.2183682948338,47.4636989349038,4.83995033318247
6.81220344918463,4871.25851939607,4635.6274323355,0.760617929812844,43.5801972002539,6724.44802598773,5254.15231325207,5000,528.55938686193,0.760617929812844,43.5801972002538,0.652120867086833,37.3637734164872,47.5229909536055,4.84599643645949
6.82470344918463,4877.07619086538,4646.69109650693,0.761212338178871,43.6142542909345,6736.2905458318,5247.90231325207,5000,512.190583993715,0.761212338178975,43.6142542909404,0.673381849008595,38.5819379489082,47.5823605410477,4.85205044954676
6.83720344918463,4882.87601968667,4657.76412462694,0.761807489149682,43.648353929735,6748.12898989734,5241.65231325207,5000,495.828421146762,0.761807489149699,43.648353929736,0.696037603761016,39.8800170779054,47.6418077231399,4.85811237508628
6.84970344918463,4888.65795834072,4668.84650484874,0.762403383695367,43.6824961722377,6759.96333714069,5235.40231325207,5000,479.472924171726,0.762403383695276,43.6824961722324,0.7202299420608,41.2661359590357,47.7013325252268,4.86418221566252
6.86220344918463,4894.4219592112,4679.93822517602,0.763000022786332,43.7166810740425,6771.79356642481,5229.15231325207,5000,463.124119021895,0.763000022786332,43.7166810740425,0.746120573104234,42.7495598467548,47.7609349720854,4.87025997380201
6.87470344918463,4900.1679745847,4691.0392734624,0.763597407393289,43.7509086907672,6783.6196565191,5222.90231325207,5000,446.782031753417,0.763597407393411,43.7509086907742,0.773894721569561,44.3409013333878,47.8206150879203,4.87634565197293
6.88720344918463,4905.89595665086,4702.14963741038,0.76419553848725,43.7851790780467,6795.44158609887,5216.65231325207,5000,430.446688525797,0.76419553848727,43.7851790780478,0.803765563353285,46.0523744980982,47.8803728963601,4.88243925258474
6.89970344918463,4911.60585750251,4713.26930457026,0.764794417039515,43.8194922915324,6807.2593337449,5210.40231325207,5000,414.118115602446,0.764794417039406,43.8194922915261,0.835979704729154,47.8981088395733,47.9402084204533,4.88854077798773
6.91220344918463,4917.29762913566,4724.39826233952,0.76539404402167,43.853848386892,6819.07287794315,5204.15231325207,5000,397.796339350928,0.76539404402167,43.853848386892,0.870824002963975,49.8945400685237,48.0001216826645,4.89465023047264
6.92470344918463,4922.97122344964,4735.53649796228,0.76599442040558,43.8882474198094,6830.88219708452,5197.90231325207,5000,381.481386243166,0.765994420405729,43.8882474198179,0.908634127858814,52.0609006478604,48.0601127048701,4.90076761227026
6.93720344918463,4928.62659224716,4746.68399852824,0.76659554716338,43.9226894459837,6842.68726946438,5191.65231325207,5000,365.17328285596,0.766595547163404,43.9226894459851,0.949805405674782,54.419841103876,48.1201815083547,4.906892925551
6.94970344918463,4934.26368723448,4757.84075097153,0.767197425267465,43.9571745211291,6854.48807328206,5185.40231325207,5000,348.87205587154,0.767197425267334,43.9571745211216,0.994806688306813,56.9982246713668,48.1803281138067,4.9130261724245
6.96220344918463,4939.88246002149,4769.00674207017,0.767800055690484,43.9917027009743,6866.28458664064,5179.15231325207,5000,332.577732077806,0.767800055690485,43.9917027009744,1.04419828036647,59.8281544398172,48.2405525413145,4.91916735493919
6.97470344918463,4945.48286212175,4780.18195844545,0.768403439405337,44.0262740412623,6878.07678754661,5172.90231325207,5000,316.290338368554,0.768403439405521,44.0262740412728,1.09865538035059,62.9483164334289,48.3008548103621,4.92531647508192
6.98720344918463,4951.06484495261,4791.36638656088,0.769007577385162,44.0608885977498,6889.86465390947,5166.65231325207,5000,300.009901743986,0.769007577385193,44.0608885977516,1.15899912153764,66.4057581234767,48.3612349398256,4.93147353477749
6.99970344918463,4956.62835983543,4802.56001272103,0.769612470603328,44.0955464262068,6901.64816354121,5160.40231325207,5000,283.736449311271,0.769612470603163,44.0955464261974,1.22623825131006,70.2582764775687,48.4216929479686,4.93763853588826
7.01220344918463,4962.17335799559,4813.76282307095,0.770218120033429,44.1302475824161,6913.42729415601,5154.15231325207,5000,267.470008284799,0.77021812003343,44.1302475824162,1.30162596029118,74.5776740293477,48.4822288524383,4.94381148021376
7.02470344918463,4967.69979056261,4824.97480359558,0.770824526649277,44.164992122173,6925.20202337002,5147.90231325207,5000,251.210605986394,0.770824526649511,44.1649921221864,1.3867387001284,79.4542748048153,48.542842670261,4.9499923694902
7.03720344918463,4973.20760857028,4836.19594011865,0.771431691424893,44.1997801012848,6936.97232870086,5141.65231325207,5000,234.958269845842,0.771431691424933,44.1997801012871,1.4835876001197,85.0033080248011,48.6035344178388,4.9561812053901
7.04970344918463,4978.69676295682,4847.42621830153,0.772039615334497,44.2346115755702,6948.73818756713,5135.40231325207,5000,218.713027401459,0.772039615334277,44.2346115755576,1.59477937720213,91.3741275681842,48.6643041109446,4.96237798952186
7.06220344918463,4984.167204565,4858.66562364264,0.772648299352503,44.269486600859,6960.49957728811,5129.15231325207,5000,202.474906300326,0.772648299352503,44.2694866008591,1.72375444037476,98.7638543504089,48.7251517647181,4.96858272342932
7.07470344918463,4989.6188841422,4869.91414147682,0.77325774445351,44.3044052329917,6972.25647508355,5122.90231325207,5000,186.243934298541,0.773257744453832,44.3044052330101,1.87514914947675,107.438132222563,48.786077393662,4.97479540859132
7.08720344918463,4995.05175234059,4881.17175697423,0.773867951612299,44.3393675278189,6984.00885807312,5116.65231325207,5000,170.020139261726,0.773867951612356,44.3393675278222,2.05536494388205,117.763736643585,48.8470810116375,4.9810160464213
7.09970344918463,5000.46575971731,4892.43845513923,0.774478921803812,44.3743735412009,6995.75670327594,5110.40231325207,5000,153.803549165605,0.774478921803489,44.3743735411825,2.27349666161312,130.261763447514,48.9081626318597,4.98724463826686
7.11220344918463,5005.86085673456,4903.71422080968,0.775090656003157,44.4094233290072,7007.4999876103,5104.15231325207,5000,137.594192096259,0.775090656003154,44.409423329007,2.54291561426211,145.698332355136,48.9693222668943,4.99348118540932
7.12470344918463,5011.2369937597,4914.99903865638,0.775703155185595,44.4445169471161,7019.23868789337,5097.90231325207,5000,121.392096250355,0.775703155186101,44.4445169471451,2.8841179648877,165.247787005925,49.0305599286523,4.99972568906326
7.13720344918463,5016.59412106544,4926.29289318195,0.776316420326532,44.4796544514143,7030.97278084074,5091.65231325207,5000,105.197289935683,0.776316420326628,44.4796544514198,3.33019960677589,190.806382404385,49.0918756283863,5.00597815037615
7.14970344918463,5021.93218883005,4937.59576871966,0.776930452401508,44.5148358977961,7042.7022430659,5085.40231325207,5000,89.0098015717265,0.77693045240094,44.5148358977636,3.93829619947845,225.647750702527,49.1532693766862,5.01223857042784
7.16220344918463,5027.25114713742,4948.90764943273,0.777545252386193,44.5500613421632,7054.42705107993,5079.15231325207,5000,72.8296596899186,0.777545252386194,44.5500613421633,4.81625337619527,275.950991521623,49.2147411834747,5.01850695023017
7.17470344918463,5032.55094597725,4960.22851931378,0.778160821256376,44.5853308404244,7066.14718129126,5072.90231325207,5000,56.6568929338889,0.778160821257491,44.5853308404882,6.19492789909449,354.94322300596,49.2762910580029,5.02478329072649
7.18720344918463,5037.83153524514,4971.55836218368,0.778777159987961,44.6206444484946,7077.86261000516,5066.65231325207,5000,40.4915300599917,0.778777159988223,44.6206444485097,8.67353689818181,496.957057716809,49.3379190088463,5.03106759279125
7.19970344918463,5043.09286474293,4982.89716169034,0.779394269556949,44.6560022222948,7089.57331342321,5060.40231325207,5000,24.3335999378867,0.779394269554845,44.6560022221743,14.4419376915635,827.462077717496,49.3996250438999,5.03735985722953
7.21220344918463,5048.3348841787,4994.24490130805,0.780012150939439,44.6914042177512,7101.27926764305,5054.15231325207,5000,8.18313155080734,0.780012150939504,44.6914042177549,42.9718166602509,2462.10373264233,49.4614091703745,5.0436600847766
7.21378737970372,5048.99774273688,4995.6834611474,0.780090500579441,44.6958933214497,7102.76224085699,5053.36034799253,5000,6.13716809958695,0.78009050057994,44.6958933214783,57.3019789417273,3283.16155110849,49.4692436863884,5.04445898307663
7.21537131022282,5049.66029033057,4997.122164232,0.780168862629764,44.7003831362072,7104.2451373809,5052.56838273298,5000,4.09132498446671,0.780168862632432,44.70038313636,85.962305436543,4925.2772987284,49.4770794563993,5.04525800924875
7.21695524074191,5050.32252685714,4998.56101052761,0.780247237092396,44.7048736621376,7105.72795716579,5051.77641747343,5000,2.04560226480725,0.780247237102999,44.7048736627451,171.943288788678,9851.62476319036,49.4849164804193,5.04605716329422
7.21853917126101,5050.9844522139,4999.99999999998,0.780325623969323,44.7093648993547,7107.21070016265,5050.98445221388,5000,3.34417132959975e-11,2.35619449019234,135,45.2647141813534,2593.47708345752,49.4927547584606,5.04685644521428
