time_s,x_M_m,y_M_m,sigma_rad,sigma_deg,lambda_m,x_T_m,y_T_m,r_m,q_rad,q_deg,qdot_rad_s,qdot_deg_s,a_n_m_s2,n_g
0,0,0,0.523598775598299,30,0,8660.25403784439,5000,10000,0.523598775598299,30,0.025,1.43239448782706,100,10.1971621297793
9.19389128341528e-07,0.000796214319975085,0.000459694600772302,0.523598867537207,30.0000052677114,0,8660.25357814982,5000,9999.9986825037,0.523598798583026,30.0000013169279,0.0249999973935902,1.43239433849077,99.9999895743606,10.1971610666599
1.83877825668306e-06,0.00159242859768635,0.000919389274747674,0.523598959476105,30.0000105354223,0,8660.25311845526,5000,9999.99736500741,0.523598821567751,30.0000026338556,0.0249999947871802,1.43239418915449,99.9999791487209,10.1971600035405
2.75816738502458e-06,0.00238864283313379,0.0013790840219261,0.523599051414994,30.0000158031326,0,8660.25265876069,5000,9999.99604751113,0.523598844552473,30.0000039507831,0.0249999921807702,1.43239403981819,99.9999687230808,10.1971589404211
3.67755651336611e-06,0.00318485702631741,0.00183877884230758,0.523599143353873,30.0000210708423,0,8660.25219906613,5000,9999.99473001485,0.523598867537192,30.0000052677106,0.0249999895743601,1.43239389048189,99.9999582974403,10.1971578773017
8.27450215507375e-06,0.00716592735827802,0.00413725404226025,0.523599603048126,30.0000474093829,0,8660.24990059331,5000,9999.98814253352,0.523598982460756,30.0000118523457,0.0249999765423079,1.4323931438003,99.9999061692316,10.1971525617037
1.28714477967814e-05,0.0111469966336426,0.00643573107228735,0.523600062742139,30.0000737479097,0,8660.24760212049,5000,9999.98155505233,0.523599097384259,30.0000184369774,0.0249999635102534,1.43239239711858,99.9998540410134,10.1971472461048
1.7468393438489e-05,0.015128064852411,0.00873420993238745,0.523600522435912,30.0001000864228,0,8660.24530364767,5000,9999.97496757128,0.523599212307702,30.0000250216057,0.0249999504781963,1.43239165043671,99.9998019127852,10.1971419305048
2.20653390801967e-05,0.0191091320145828,0.0110326906225591,0.523600982129446,30.0001264249221,0,8660.24300517485,5000,9999.96838009035,0.523599327231086,30.0000316062305,0.0249999374461368,1.43239090375471,99.9997497845472,10.1971366149039
4.50500672887349e-05,0.0390144519764831,0.0225251215244402,0.523603280593521,30.0002581172129,0,8660.23151281074,5000,9999.9354426877,0.523599901847104,30.0000645293032,0.0249998722858026,1.43238717034256,99.9994891432104,10.1971100368842
6.8034795497273e-05,0.0589197455234257,0.0340175981778942,0.523605579051604,30.0003898091605,0,8660.22002044664,5000,9999.90250528835,0.523600476461625,30.0000974522901,0.0249998071254071,1.43238343692691,99.9992285016284,10.1970834588395
9.10195237058112e-05,0.0788250126553742,0.045510120582741,0.523607877503697,30.0005215007648,0,8660.20852808253,5000,9999.8695678923,0.523601051074648,30.0001303751912,0.0249997419649503,1.43237970350774,99.9989678598011,10.1970568807698
0.000114004251914349,0.0987302533722925,0.0570026887388008,0.523610175949799,30.0006531920259,0,8660.19703571843,5000,9999.83663049955,0.523601625686174,30.0001632980065,0.0249996768044322,1.43237597008506,99.9987072177287,10.1970303026751
0.00022892789295704,0.198256060730158,0.114466215780995,0.523621668090447,30.0013116431826,0,8660.13957389791,5000,9999.67194358536,0.523604498721336,30.0003279107956,0.0249993510009223,1.432357302919,99.9974040036891,10.1968974118266
0.000343851533999731,0.29778120770682,0.171930886576517,0.523633160081325,30.0019700857581,0,8660.08211207739,5000,9999.50725675373,0.523607371719055,30.0004925214395,0.02499902519588,1.43233863566513,99.9961007835199,10.196764520353
0.000458775175042422,0.397305694297741,0.229396701102873,0.523644651922431,30.0026285197523,0,8660.02465025686,5000,9999.34257000467,0.523610244679332,30.0006571299381,0.0249986993893054,1.43231996832347,99.9947975572217,10.1966316282545
0.000573698816085113,0.496829520498384,0.286863659337568,0.523656143613766,30.0032869451653,0,8659.96718843634,5000,9999.17788333818,0.523613117602165,30.0008217362913,0.0249983735811986,1.43230130089401,99.9934943247943,10.1964987355309
0.00114831702129857,0.994438745488691,0.574215605348801,0.523713599823836,30.0065789435091,0,8659.67987933374,5000,9998.35445124471,0.523627481654683,30.0016447358773,0.024996744517681,1.4322079624299,99.9869780707241,10.1958342625386
0.00172293522651202,1.49203146004192,0.861596140694293,0.523771052289504,30.0098707273145,0,8659.39257023113,5000,9997.53102121687,0.5236418447711,30.0024676818286,0.0249951154158608,1.4321146217712,99.980461663443,10.1951697739231
0.00229755343172548,1.98960766359169,1.14900526256225,0.523828501010681,30.0131622965764,0,8659.10526112852,5000,9996.70759325564,0.523656206951394,30.0032905741441,0.0249934862757413,1.43202127891813,99.9739451029654,10.1945052696859
0.00287217163693893,2.48716735557206,1.43644296814093,0.523885945987281,30.0164536512898,0,8658.81795202592,5000,9995.88416736201,0.523670568195544,30.0041134128224,0.0249918570973264,1.43192793387088,99.9674283893057,10.1938407498285
0.00574526266300621,4.97471812215193,2.87406015328756,0.524173114698523,30.0329072064522,0,8657.38140651288,5000,9991.76706894219,0.523742360373355,30.008226801613,0.0249837106309457,1.43146117572931,99.9348425237826,10.1905179162897
0.00861835368907348,7.46185601483222,4.31239150946801,0.524460189782108,30.049355397145,0,8655.94486099985,5000,9987.65002235964,0.523814129144251,30.0123388492862,0.0249755632077188,1.43099436276451,99.9022528308751,10.1871946924663
0.0114914447151408,9.94858096331818,5.75143668526776,0.524747171227044,30.0657982227383,0,8654.50831548682,5000,9983.53302773703,0.523885874505485,30.0164495556846,0.0249674148280964,1.43052749500227,99.8696593123855,10.1838710785422
0.014364535741208,12.4348928975653,7.19119532930229,0.52503405902234,30.0822356826026,0,8653.07176997378,5000,9979.4160851969,0.523957596454309,30.0205589206507,0.0249592654925283,1.43006057246838,99.8370619701131,10.1805470747006
0.026864535741208,23.2473182474206,13.4634706583742,0.526281135708414,30.1536879134439,0,8646.82176997378,5000,9961.50505109173,0.524269365625825,30.0384219783608,0.0249237989407796,1.4280284887393,99.6951957631183,10.166080747566
0.039364535741208,34.0519187595465,19.7492154496418,0.527526438615521,30.2250385142364,0,8640.57176997378,5000,9943.59501520246,0.524580691352603,30.056259628559,0.0248883143394956,1.42599537084802,99.5532573579823,10.1516070582699
0.051864535741208,44.8486888307874,26.0484007853766,0.528769966842149,30.2962874333276,0,8634.32176997378,5000,9925.68598752801,0.524891573409262,30.0740718583319,0.0248528117252156,1.4239612208881,99.4112469008624,10.1371260217161
0.064364535741208,55.6376229471861,32.3609977592482,0.530011719488502,30.3674346191629,0,8628.07176997378,5000,9907.77797801763,0.52520201157085,30.0918586547907,0.0248172911342125,1.42192604093781,99.2691645368501,10.1226376527
0.076864535741208,66.4187156839849,38.6869774762846,0.531251695656556,30.4384800202891,0,8621.82176997378,5000,9889.87099657091,0.525512005612861,30.1096200050722,0.0247817526024888,1.41988983305995,99.1270104099552,10.1081419659063
0.089364535741208,77.1919617057483,45.0263110526055,0.532489894450261,30.5094235853667,0,8615.57176997378,5000,9871.96505303783,0.525821555311288,30.1273558963416,0.0247461961657615,1.41785259930096,98.9847846630462,10.0936389759037
0.101864535741208,87.9573557658676,51.3789696161556,0.533726314975308,30.5802652631552,0,8609.32176997378,5000,9854.06015721876,0.526130660442552,30.1450663157888,0.0247106218594747,1.41581434169162,98.842487437899,10.0791286971493
0.114364535741208,98.7148927063546,57.7449243069997,0.534960956339043,30.6510050025094,0,8603.07176997378,5000,9836.15631886455,0.526439320783485,30.1627512506274,0.0246750297188038,1.41377506224733,98.7001188752151,10.0646111439906
0.126864535741208,109.464567457844,64.124146277278,0.536193817650528,30.7216427523825,0,8596.82176997378,5000,9818.2535476765,0.526747536111354,30.1804106880955,0.0246394197786509,1.41173476296786,98.5576791146036,10.0500863306637
0.139364535741208,120.206375039723,70.5166066909271,0.537424898020752,30.7921784618377,0,8590.57176997378,5000,9800.35185330641,0.52705530620391,30.1980446154593,0.0246037920736303,1.40969344583644,98.4151682945212,10.0355542712875
0.151864535741208,130.940310559626,76.9222767244157,0.538654196562384,30.8626120800349,0,8584.32176997378,5000,9782.45124535662,0.527362630839321,30.2156530200088,0.0245681466380805,1.40765111282054,98.272586552322,10.0210149798679
0.164364535741208,141.666369213224,83.3411275670383,0.539881712389694,30.9329435562252,0,8578.07176997378,5000,9764.55173338007,0.527669509796148,30.2332358890563,0.024532483506069,1.40560776587206,98.1299340242761,10.0064684703009
0.176864535741208,152.384546284231,89.7731304208661,0.541107444618611,31.0031728397553,0,8571.82176997378,5000,9746.65332688026,0.527975942853374,30.2507932099387,0.0244968027113878,1.40356340692715,97.9872108455513,9.99191475636953
0.189364535741208,163.094837144538,96.218256500456,0.542331392366937,31.0732998800789,0,8565.57176997378,5000,9728.75603531135,0.528281929790457,30.2683249700196,0.0244611042875378,1.40151803790528,97.8444171501511,9.97735385173848
0.201864535741208,173.7972372537,102.676477033588,0.543553554754101,31.1433246267431,0,8559.32176997378,5000,9710.85986807813,0.52858747038725,30.2858311566858,0.0244253882677416,1.39947166070995,97.7015530709666,9.96278576995881
0.214364535741208,184.491742158721,109.147763261557,0.544773930901072,31.2132470293829,0,8553.07176997378,5000,9692.96483453616,0.528892564423992,30.3033117573457,0.0243896546849487,1.39742427722904,97.558618739795,9.94821052447013
0.226864535741208,195.178347494063,115.632086439122,0.545992519930421,31.2830670377256,0,8546.82176997378,5000,9675.07094399167,0.529197211681327,30.3207667594313,0.0243539035718303,1.39537588933446,97.4156142873213,9.93362812859858
0.239364535741208,205.857048981784,122.1294178342,0.547209320966544,31.3527846016026,0,8540.57176997378,5000,9657.17820570166,0.529501411940358,30.3381961504005,0.0243181349607635,1.39332649888129,97.2725398430542,9.91903859555038
0.251864535741208,216.527842431019,128.639728728606,0.548424333135402,31.4223996709352,0,8534.32176997378,5000,9639.28662887397,0.529805164982575,30.3555999177338,0.0242823488838449,1.39127610770852,97.1293955353797,9.90444193841727
0.264364535741208,227.190723737761,135.162990418346,0.54963755556444,31.4919121957297,0,8528.07176997378,5000,9621.39622266726,0.530108470589834,30.3729780489324,0.0242465453728951,1.38922471763935,96.9861814915806,9.88983817017846
0.276864535741208,237.84568888487,141.699174213559,0.550848987382647,31.5613221260808,0,8521.82176997378,5000,9603.50699619105,0.530411328544384,30.3903305315201,0.0242107244594542,1.38717233048088,96.8428978378167,9.87522730369868
0.289364535741208,248.492733942222,148.248251438197,0.552058627720784,31.6306294121848,0,8515.57176997378,5000,9585.61895850576,0.530713738628918,30.4076573530461,0.024174886174765,1.3851189480232,96.69954469906,9.86060935172154
0.301864535741208,259.131855066174,154.810193430774,0.553266475711122,31.6998340043245,0,8509.32176997378,5000,9567.73211862276,0.531015700626505,30.4249585010812,0.0241390305497871,1.38306457204016,96.5561221991485,9.84598432687498
0.314364535741208,269.763048499349,161.384971544652,0.55447253048735,31.768935852864,0,8503.07176997378,5000,9549.84648550441,0.531317214320562,30.442233963216,0.0241031576152021,1.38100920428969,96.4126304608083,9.83135224167359
0.326864535741208,280.386310570639,167.972557147978,0.555676791184652,31.8379349082529,0,8496.82176997378,5000,9531.96206806407,0.531618279494885,30.4594837270631,0.0240672674014079,1.37895284651346,96.2690696056315,9.81671310851632
0.339364535741208,291.00163769537,174.572921623359,0.556879256939924,31.906831121039,0,8490.57176997378,5000,9514.07887516615,0.531918895933703,30.4767077802596,0.0240313599385025,1.37689550043596,96.12543975401,9.80206693967971
0.351864535741208,301.60902637475,181.186036368601,0.558079926891516,31.9756244418534,0,8484.32176997378,5000,9496.19691562611,0.532219063421604,30.4939061104634,0.0239954352562979,1.37483716776528,95.9817410251915,9.78741374732365
0.364364535741208,312.208473195655,187.811872797007,0.55927880017914,32.0443148214053,0,8478.07176997378,5000,9478.31619821061,0.532518781743509,30.5110787053513,0.0239594933843254,1.37277785019346,95.8379735373015,9.7727535434936
0.376864535741208,322.799974830634,194.4504023373,0.560475875943937,32.1129022104855,0,8471.82176997378,5000,9460.4367316374,0.532818050684706,30.5282255526212,0.0239235343518303,1.37071754939612,95.6941374073213,9.75808634011832
0.389364535741208,333.383528038077,201.101596433291,0.561671153328713,32.1813865599806,0,8465.57176997378,5000,9442.55852457545,0.5331168700309,30.545346639995,0.0238875581877548,1.36865626703152,95.5502327510192,9.74341214900289
0.401864535741208,343.959129661662,207.765426544618,0.562864631477666,32.2497678208567,0,8459.32176997378,5000,9424.68158564494,0.533415239568141,30.5624419552142,0.0238515649207522,1.36659400474139,95.4062596830088,9.72873098183465
0.414364535741208,354.526776630125,214.441864147042,0.564056309536297,32.3180459441546,0,8453.07176997378,5000,9406.80592341737,0.533713159082798,30.5795114860387,0.0238155545791928,1.36453076415121,95.2622183167712,9.71404285018546
0.426864535741208,365.086465957282,221.130880732369,0.565246186651475,32.3862208809935,0,8446.82176997378,5000,9388.93154641552,0.53401062836159,30.5965552202482,0.0237795271911582,1.36246654686995,95.1181087646329,9.69934776550942
0.439364535741208,375.638194742192,227.832447808102,0.566434261971681,32.454292582585,0,8440.57176997378,5000,9371.05846311349,0.534307647191643,30.6135731456461,0.0237434827844235,1.360401354489,94.9739311376942,9.68464573913561
0.451864535741208,386.181960168599,234.546536898184,0.567620534646733,32.5222610002171,0,8434.32176997378,5000,9353.18668193681,0.534604215360408,30.6305652500543,0.0237074213864725,1.35833518858306,94.82968554589,9.66993678227428
0.464364535741208,396.717759504706,241.273119543292,0.568805003827682,32.5901260852488,0,8428.07176997378,5000,9335.31621126242,0.534900332655645,30.6475315213122,0.0236713430245031,1.35626805071047,94.6853720980126,9.65522090601914
0.476864535741208,407.245590103184,248.012167300758,0.569987668666895,32.6578877891142,0,8421.82176997378,5000,9317.44705941874,0.535195998865445,30.6644719472784,0.0236352477254221,1.35419994241287,94.5409909016885,9.64049812134506
0.489364535741208,417.765449401356,254.763651744202,0.571168528318294,32.7255460633367,0,8415.57176997378,5000,9299.57923468563,0.535491213778296,30.6813865158341,0.0235991355158263,1.35213086521413,94.3965420633052,9.62576843910053
0.501864535741208,428.277334920626,261.527544464283,0.572347581937076,32.7931008595125,0,8409.32176997378,5000,9281.71274529457,0.535785977182993,30.6982752148782,0.0235630064220184,1.35006082062131,94.2520256880735,9.61103187001407
0.514364535741208,438.781244266242,268.303817068993,0.573524828679615,32.8605521293055,0,8403.07176997378,5000,9263.84759942858,0.536080288868628,30.7151380323264,0.0235268604700129,1.34798981012491,94.1074418800515,9.59628842469666
0.526864535741208,449.277175127322,275.092441183565,0.574700267703533,32.927899824451,0,8396.82176997378,5000,9245.98380522234,0.536374148624605,30.7319749561126,0.02349069768553,1.3459178351986,93.96279074212,9.58153811363922
0.539364535741208,459.765125277031,281.893388450105,0.575873898167959,32.9951438967706,0,8390.57176997378,5000,9228.12137076214,0.536667556240712,30.7487859741925,0.0234545180939769,1.3438448972981,93.8180723759076,9.56678094720497
0.551864535741208,470.245092572011,288.706630528334,0.577045719233234,33.0622842981554,0,8384.32176997378,5000,9210.260304086,0.536960511507033,30.7655710745389,0.0234183217204638,1.34177099786212,93.6732868818554,9.55201693563606
0.564364535741208,480.717074952135,295.532139095891,0.578215730060811,33.1293209805602,0,8378.07176997378,5000,9192.4006131837,0.537253014213927,30.78233024514,0.02338210858981,1.3396961383127,93.5284343592401,9.53724608905591
0.576864535741208,491.181070440537,302.369885848231,0.579383929813335,33.196253896008,0,8371.82176997378,5000,9174.54230599682,0.537545064152056,30.7990634740019,0.0233458787265378,1.33762032005487,93.3835149061512,9.52246841746685
0.589364535741208,501.637077143799,309.219842498243,0.580550317654898,33.263082996605,0,8365.57176997378,5000,9156.6853904187,0.537836661112447,30.8157707491511,0.0233096321548527,1.3355435444755,93.238528619411,9.50768393074199
0.601864535741208,512.085093251368,316.081980777003,0.581714892750748,33.3298082345232,0,8359.32176997378,5000,9138.82987429459,0.538127804886411,30.8324520586308,0.0232733688986608,1.3334658129443,93.0934755946433,9.49289263863228
0.614364535741208,522.52511703531,322.956272434063,0.582877654267177,33.3964295619948,0,8353.07176997378,5000,9120.97576542169,0.538418495265519,30.8491073904987,0.0232370889815743,1.33138712681416,92.9483559262972,9.47809455076884
0.626864535741208,532.95714685034,329.842689237359,0.584038601371609,33.4629469313167,0,8346.82176997378,5000,9103.12307154911,0.538708732041624,30.865736732829,0.0232007924269056,1.32930748742077,92.8031697076224,9.46328967666047
0.639364535741208,543.381181134019,336.741202972803,0.585197733232862,33.5293602948656,0,8340.57176997378,5000,9085.27180037795,0.538998515006938,30.8823400737163,0.023164479257647,1.32722689608151,92.657917030588,9.44847802568543
0.651864535741208,553.797218406159,343.651785445048,0.586355049020844,33.5956696050809,0,8334.32176997378,5000,9067.42195956136,0.539287843953936,30.8989174012702,0.023128149496488,1.32514535409638,92.5125979859521,9.43365960709846
0.664364535741208,564.205257268579,350.574408477771,0.587510547906448,33.6618748144581,0,8328.07176997378,5000,9049.5735567046,0.539576718675336,30.9154687036145,0.0230918031658219,1.32306286274843,92.3672126632875,9.41883443003345
0.676864535741208,574.605296405129,357.509043913581,0.588664229061633,33.7279758755539,0,8321.82176997378,5000,9031.72659936502,0.53986513896413,30.9319939688883,0.023055440287739,1.32097942330333,92.2217611509561,9.4040025035008
0.689364535741208,584.997334581906,364.455663613593,0.589816091659697,33.7939727410019,0,8315.57176997378,5000,9013.88109505215,0.540153104613646,30.9484931852504,0.023019060884006,1.31889503700823,92.0762435360241,9.3891638363788
0.701864535741208,595.38137064664,371.414239458198,0.590966134874966,33.8598653634945,0,8309.32176997378,5000,8996.03705122771,0.540440615417466,30.9649663408737,0.0229826649760839,1.31680970509274,91.9306599043357,9.3743184374211
0.714364535741208,605.757403528451,378.384743347348,0.592114357882687,33.9256536957767,0,8303.07176997378,5000,8978.19447530572,0.540727671169396,30.9814134239442,0.0229462525851344,1.31472342876936,91.7850103405378,9.35946631525932
0.726864535741208,616.125432237877,385.367147200455,0.593260759859107,33.9913376906511,0,8296.82176997378,5000,8960.35337465251,0.541014271663499,30.9978344226626,0.0229098237320136,1.31263620923303,91.6392949280544,9.34460747840031
0.739364535741208,626.485455867095,392.361422955955,0.59440533998176,34.0569173009937,0,8290.57176997378,5000,8942.51375658667,0.541300416694162,31.0142293252483,0.0228733784372499,1.31054804765996,91.4935137489996,9.32974193521739
0.751864535741208,636.837473589302,399.367542572078,0.595548097429144,34.1223924797359,0,8284.32176997378,5000,8924.67562837925,0.54158610605601,31.030598119934,0.0228369167210631,1.30845894520865,91.3476668842523,9.31486969395791
0.764364535741208,647.181484658465,406.385478027138,0.596689031380609,34.1877631798581,0,8278.07176997378,5000,8906.83899725372,0.541871339543877,31.0469407949645,0.022800438603371,1.30636890302031,91.201754413484,9.29999076274609
0.776864535741208,657.517488409351,413.415201319419,0.597828141016446,34.2530293543942,0,8271.82176997378,5000,8889.00387038605,0.542156116952834,31.0632573385984,0.0227639441037825,1.30427792221845,91.0557764151299,9.28510514958012
0.789364535741208,667.84548425776,420.456684466736,0.598965425518174,34.3181909564488,0,8265.57176997378,5000,8871.17025490468,0.542440438078266,31.0795477391121,0.0227274332415751,1.30218600390758,90.9097329663002,9.27021286232304
0.801864535741208,678.165471699897,427.509899507196,0.600100884068212,34.3832479391781,0,8259.32176997378,5000,8853.33815789064,0.542724302715777,31.0958119847945,0.0226909060357145,1.30009314917437,90.7636241428581,9.25531390871073
0.814364535741208,688.477450312113,434.5748184995,0.601234515849766,34.448200255783,0,8253.07176997378,5000,8835.50758637762,0.543007710661166,31.1120500639458,0.0226543625048617,1.29799935908799,90.6174500194468,9.2404082963547
0.826864535741208,698.781419750944,441.651413522816,0.602366320046918,34.513047859515,0,8246.82176997378,5000,8817.67854735194,0.543290661710451,31.1282619648786,0.0226178026673653,1.29590463469977,90.4712106694611,9.22549603273913
0.839364535741208,709.077379753351,448.739656676327,0.60349629584492,34.5777907036924,0,8240.57176997378,5000,8799.8510477526,0.543573155659952,31.144447675923,0.0225812265412388,1.29380897704178,90.3249061649553,9.2105771252115
0.851864535741208,719.365330136081,455.839520080003,0.604624442429862,34.6424287416817,0,8234.32176997378,5000,8782.02509447137,0.54385519230619,31.1606071854204,0.0225446341441808,1.29171238712809,90.1785365767234,9.19565158099079
0.864364535741208,729.645270795406,462.950975874889,0.605750758988552,34.7069619268904,0,8228.07176997378,5000,8764.20069435286,0.544136771445862,31.1767404817226,0.0225080254935819,1.28961486595511,90.0321019743278,9.18071940717042
0.876864535741208,739.917201707164,470.073996222989,0.606875244708609,34.7713902127723,0,8221.82176997378,5000,8746.3778541945,0.544417892875874,31.192847553193,0.0224714006065174,1.28751641450116,89.8856024260696,9.16578061071513
0.889364535741208,750.181122927011,477.208553306789,0.607997898778767,34.8357135528455,0,8215.57176997378,5000,8728.55658074659,0.544698556393414,31.2089283882113,0.0224347594997232,1.28541703372517,89.7390379988927,9.15083519845133
0.901864535741208,760.437034589769,484.354619330034,0.609118720388529,34.899931900672,0,8209.32176997378,5000,8710.73688071239,0.544978761795857,31.224982975168,0.0223981021896171,1.28331672456779,89.5924087584686,9.13588317707562
0.914364535741208,770.684936909161,491.512166518024,0.610237708728051,34.9640452098509,0,8203.07176997378,5000,8692.91876074816,0.545258508880737,31.2410113024628,0.0223614286923061,1.28121548795188,89.4457147692244,9.12092455315775
0.926864535741208,780.92483017786,498.681167117482,0.611354862988232,35.0280534340244,0,8196.82176997378,5000,8675.10222746322,0.54553779744578,31.257013358506,0.022324739023578,1.27911332478203,89.2989560943121,9.10595933313743
0.939364535741208,791.156714767746,505.861593396069,0.612470182361031,35.0919565268949,0,8190.57176997378,5000,8657.2872874199,0.54581662728898,31.2729891317236,0.0222880331988777,1.27701023594316,89.152132795511,9.09098752331438
0.951864535741208,801.380591129245,513.053417643166,0.613583666039109,35.1557544422055,0,8184.32176997378,5000,8639.47394713371,0.546094998208501,31.2889386105514,0.0222513112333284,1.27490622230176,89.0052449333137,9.07600912985716
0.964364535741208,811.596459791064,520.256612170166,0.614695313215709,35.2194471337323,0,8178.07176997378,5000,8621.66221307334,0.546372910002652,31.3048617834331,0.022214573141739,1.27280128470632,88.858292566956,9.06102415880612
0.976864535741208,821.804321360236,527.47114931034,0.615805123084753,35.2830345552905,0,8171.82176997378,5000,8603.85209166074,0.54665036246991,31.3207586388225,0.0221778189385964,1.27069542398688,88.7112757543855,9.04603261607027
0.989364535741208,832.004176522395,534.697001418337,0.616913094841164,35.3465166607526,0,8165.57176997378,5000,8586.04358927106,0.546927355409013,31.336629165188,0.0221410486380399,1.26858864095356,88.5641945521595,9.03103450741686
1.00186453574121,842.196026041101,541.93414087097,0.6180192276805,35.4098934040273,0,8159.32176997378,5000,8568.23671223282,0.547203888618849,31.3524733510068,0.0221042622538837,1.26648093639787,88.4170490155346,9.01602983848048
1.01436453574121,852.379870757569,549.182540067508,0.619123520798832,35.4731647390531,0,8153.07176997378,5000,8550.43146682793,0.547479961898432,31.3682911847633,0.0220674597996246,1.2643723110931,88.2698391984985,9.00101861476636
1.02686453574121,862.555711590724,556.442171429538,0.620225973392843,35.5363306198032,0,8146.82176997378,5000,8532.62785929173,0.547755575046933,31.3840826549507,0.022030641288434,1.26226276579392,88.1225651537359,8.98600084164683
1.03936453574121,872.723549537479,563.713007400447,0.621326584660156,35.5993910003048,0,8140.57176997378,5000,8514.82589581297,0.548030727863761,31.3998477500761,0.021993806733131,1.26015230123482,87.9752269325238,8.9709765243507
1.05186453574121,882.883385672056,570.995020446216,0.622425353798965,35.6623458346178,0,8134.32176997378,5000,8497.02558253396,0.548305420148466,31.4155864586544,0.0219569561462061,1.25804091813144,87.8278245848245,8.9559456679727
1.06436453574121,893.035221145708,578.288183055714,0.623522280007904,35.7251950768272,0,8128.07176997378,5000,8479.22692555063,0.548579651700701,31.4312987692068,0.0219200895398295,1.2559286171811,87.6803581593182,8.94090827747683
1.07686453574121,903.179057186775,585.592467740548,0.624617362486151,35.7879386810495,0,8121.82176997378,5000,8461.4299309125,0.54885342232026,31.4469846702622,0.0218832069258418,1.25381539906219,87.5328277033673,8.92586435769272
1.08936453574121,913.31489510098,592.907847034538,0.625710600433766,35.8505766014514,0,8115.57176997378,5000,8443.63460462272,0.549126731807163,31.4626441503627,0.0218463083157272,1.25170126443272,87.3852332629088,8.91081391330463
1.10186453574121,923.442736270733,600.23429349451,0.62680199305131,35.9131087922284,0,8109.32176997378,5000,8425.84095263819,0.549399579961552,31.4782771980571,0.0218093937206375,1.24958621393165,87.23757488255,8.89575694886124
1.11436453574121,933.562582154851,607.571779700592,0.627891539539715,35.9755352075973,0,8103.07176997378,5000,8408.04898086962,0.549671966583653,31.4938838018994,0.0217724631514007,1.24747024817936,87.0898526056027,8.88069346877911
1.12686453574121,943.674434288622,614.920278256061,0.628979239100386,36.037855801802,0,8096.82176997378,5000,8390.25869518155,0.549943891473818,31.5094639504504,0.0217355166185114,1.24535336777717,86.9420664740457,8.86562347733892
1.13936453574121,953.778294284105,622.2797617868,0.63006509093555,36.1000705291335,0,8090.57176997378,5000,8372.47010139231,0.550215354432609,31.5250176322832,0.0216985541321036,1.24323557330569,86.7942165284144,8.8505469786741
1.15186453574121,963.874163829428,629.650202942099,0.63114909424787,36.1621793439076,0,8084.32176997378,5000,8354.68320527421,0.550486355260692,31.5405448359769,0.0216615757019747,1.24111686532629,86.6463028078989,8.83546397678095
1.16436453574121,973.962044688502,637.031574394946,0.632231248240302,36.2241822004571,0,8078.07176997378,5000,8336.89801255356,0.5507568937588,31.5560455501143,0.0216245813375949,1.23899724438155,86.4983253503797,8.82037447552219
1.17686453574121,984.041938701089,644.423848841878,0.633311552116207,36.2860790531382,0,8071.82176997378,5000,8319.11452891072,0.551026969727774,31.5715197632844,0.0215875710480974,1.23687671099479,86.3502841923895,8.80527847862312
1.18936453574121,994.113847783118,651.826999002412,0.634390005079712,36.3478698563503,0,8065.57176997378,5000,8301.33275998002,0.55129658296865,31.5869674640875,0.0215505448422494,1.23475526566831,86.2021793689974,8.79017598965982
1.20186453574121,1004.17777392596,659.240997619858,0.635466606335303,36.4095545645142,0,8059.32176997378,5000,8283.55271134999,0.55156573328255,31.6023886411285,0.0215135027284782,1.23263290888498,86.0540109139126,8.77506701206963
1.21436453574121,1014.23371919616,666.665817461612,0.63654135508769,36.471133132063,0,8053.07176997378,5000,8265.77438856339,0.551834420470647,31.6177832830158,0.02147644471488,1.23050964110867,85.9057788595202,8.75995154915493
1.22686453574121,1024.28168573549,674.101431318993,0.637614250541919,36.532605513449,0,8046.82176997378,5000,8247.99779711719,0.552102644334202,31.6331513783621,0.0214393708092102,1.22838546278372,85.7574832368408,8.74482960407894
1.23936453574121,1034.32167576126,681.54781200667,0.638685291903736,36.5939716631651,0,8040.57176997378,5000,8230.22294246257,0.552370404674656,31.6484929157911,0.0214022810188531,1.22626037433323,85.6091240754123,8.7297011798537
1.25186453574121,1044.35369156565,689.004932363471,0.63975447837918,36.6552315357205,0,8034.32176997378,5000,8212.44983000512,0.552637701293519,31.6638078839301,0.0213651753508491,1.22413437616059,85.4607014033965,8.7145662793509
1.26436453574121,1054.37773551535,696.472765252682,0.640821809174437,36.716385085633,0,8028.07176997378,5000,8194.67846510484,0.552904533992334,31.6790962714083,0.0213280538119039,1.22200746865,85.3122152476157,8.69942490530565
1.27686453574121,1064.39381005167,703.951283561878,0.641887283495957,36.7774322674357,0,8021.82176997378,5000,8176.90885307618,0.553170902572711,31.6943580668588,0.0212909164083781,1.2198796521659,85.1636656335125,8.68427706031239
1.28936453574121,1074.40191769088,711.44046020233,0.64295090055083,36.8383730356981,0,8015.57176997378,5000,8159.14099918801,0.553436806836429,31.7095932589244,0.0212537631462563,1.21775092705117,85.0150525850251,8.66912274681212
1.30186453574121,1084.40206102345,718.940268109825,0.644012659546369,36.8992073450025,0,8009.32176997378,5000,8141.37490866379,0.553702246585317,31.7248018362506,0.0212165940311749,1.21562129362878,84.8663761246996,8.65396196710391
1.31436453574121,1094.39424271379,726.450680244966,0.645072559689955,36.9599351499353,0,8003.07176997378,5000,8123.61058668163,0.553967221621213,31.7399837874839,0.0211794090684317,1.21349075220224,84.717636273727,8.63879472334864
1.32686453574121,1104.3784655003,733.97166959299,0.646130600189163,37.0205564050938,0,7996.82176997378,5000,8105.84803837431,0.554231731746013,31.7551391012733,0.0211422082629754,1.21135930305511,84.5688330519017,8.62362101756479
1.33936453574121,1114.35473219571,741.503209163171,0.647186780252146,37.0810710651086,0,7990.57176997378,5000,8088.0872688292,0.554495776761758,31.770267766277,0.0211049916193732,1.20922694644906,84.4199664774929,8.60844085161527
1.35186453574121,1124.32304568637,749.045271989635,0.648241099087205,37.1414790846186,0,7984.32176997378,5000,8070.32828308853,0.554759356470525,31.7853697711546,0.02106775914184,1.20709368262559,84.2710365673599,8.59325422721927
1.36436453574121,1134.28340893192,756.597831131667,0.649293555902634,37.2017804182625,0,7978.07176997378,5000,8052.57108614935,0.555022470674383,31.8004451045657,0.0210305108342479,1.20495951180656,84.1220433369915,8.57806114595621
1.37686453574121,1144.23582496538,764.160859673521,0.650344149906849,37.2619750206858,0,7971.82176997378,5000,8034.81568296361,0.555285119175434,31.8154937551713,0.0209932467001156,1.20282443419357,83.9729868004625,8.56286160926132
1.38936453574121,1154.18029689353,771.734330723808,0.651392880308781,37.3220628465635,0,7965.57176997378,5000,8017.06207843808,0.555547301775917,31.8305157116407,0.020955966742575,1.20068844996606,83.8238669703,8.547655618412
1.40186453574121,1164.11682789612,779.318217416319,0.652439746317433,37.382043850575,0,7959.32176997378,5000,7999.31027743457,0.555809018278082,31.8455109626438,0.020918670964401,1.19855155928304,83.674683857604,8.53244317454013
1.41436453574121,1174.04542122559,786.912492910326,0.653484747141727,37.4419179873947,0,7953.07176997378,5000,7981.56028476997,0.556070268484156,31.8604794968487,0.0208813593680218,1.19641376228362,83.5254374720874,8.51722427863617
1.42686453574121,1183.96608020713,794.517130390399,0.654527881990628,37.5016852116998,0,7946.82176997378,5000,7963.81210521625,0.556331052196379,31.8754213029248,0.0208440319555077,1.19427505908641,83.3761278220309,8.50199893154451
1.43936453574121,1193.87880823911,802.132103065762,0.655569150073558,37.5613454781933,0,7940.57176997378,5000,7946.06574350045,0.556591369217111,31.8903363695482,0.0208066887285363,1.19213544978755,83.2267549141451,8.48676713394942
1.45186453574121,1203.78360879223,809.757384171135,0.656608550599933,37.6208987415783,0,7934.32176997378,5000,7928.32120430482,0.556851219348707,31.9052246853946,0.0207693296884237,1.18999493446244,83.0773187536949,8.4715288863878
1.46436453574121,1213.68048540929,817.392946967032,0.65764608277901,37.6803449565485,0,7928.07176997378,5000,7910.57849226697,0.557110602393477,31.9200862391371,0.0207319548361353,1.18785351316639,82.9278193445411,8.45628418925332
1.47686453574121,1223.56944170522,825.038764739569,0.658681745820016,37.7396840777958,0,7921.82176997378,5000,7892.83761197977,0.557369518153726,31.9349210194488,0.0206945641722735,1.18571118593391,82.7782566890939,8.44103304279177
1.48936453574121,1233.45048136751,832.694810799809,0.659715538932565,37.7989160600345,0,7915.57176997378,5000,7875.09856799138,0.557627966431863,31.9497290150085,0.0206571576970424,1.18356795277671,82.6286307881694,8.42577544708636
1.50186453574121,1243.32360815542,840.361058484607,0.660747461326198,37.8580408579747,0,7909.32176997378,5000,7857.36136480543,0.557885947030273,31.9645102144937,0.0206197354102798,1.18142381368549,82.4789416411192,8.41051140207096
1.51436453574121,1253.18882589964,848.037481156911,0.66177751221021,37.9170584263123,0,7903.07176997378,5000,7839.62600688107,0.558143459751277,31.9792646065781,0.0205822973114684,1.1792787686306,82.3291892458736,8.39524090753454
1.52686453574121,1263.04613850242,855.724052205564,0.662805690793791,37.9759687197373,0,7896.82176997378,5000,7821.89249863297,0.55840050439717,31.9939921799342,0.0205448433997232,1.17713281756134,82.1793735988927,8.37996396311612
1.53936453574121,1272.89554993794,863.42074504463,0.663831996286458,38.0347716929582,0,7890.57176997378,5000,7804.16084443132,0.558657080770336,32.0086929232394,0.0205073736737544,1.17498596040382,82.0294946950175,8.36468056828963
1.55186453574121,1282.73706425157,871.127533114249,0.664856427897572,38.0934673006748,0,7884.32176997378,5000,7786.43104860196,0.558913188673117,32.0233668251687,0.0204698881319013,1.17283819706288,81.8795525276053,8.3493907223777
1.56436453574121,1292.57068555948,878.84438988094,0.665878984836171,38.1520554975683,0,7878.07176997378,5000,7768.70311542652,0.559168827907768,32.0380138743921,0.0204323867721436,1.17068952742276,81.7295470885744,8.33409442455624
1.57686453574121,1302.3964180488,886.57128883739,0.66689966631111,38.2105362383095,0,7871.82176997378,5000,7750.97704914236,0.559423998276499,32.0526340595773,0.0203948695920879,1.16853995134634,81.5794783683518,8.31879167384905
1.58936453574121,1312.214265978,894.308203501775,0.667918471531503,38.268909477584,0,7865.57176997378,5000,7733.25285394255,0.559678699581597,32.0672273693958,0.0203573365889303,1.16638946867295,81.4293463557211,8.30348246911239
1.60186453574121,1322.02423367612,902.055107418611,0.668935399706235,38.327175170064,0,7859.32176997378,5000,7715.53053397609,0.559932931625283,32.081793792516,0.0203197877594903,1.16423807922038,81.2791510379611,8.28816680904907
1.61436453574121,1331.8263255424,909.811974159065,0.669950450043781,38.3853332703988,0,7853.07176997378,5000,7697.81009334795,0.56018669420967,32.0963333175997,0.0202822231002232,1.16208578278553,81.1288924008927,8.27284469221321
1.62686453574121,1341.62054604643,917.578777320736,0.670963621752356,38.4433837332222,0,7846.82176997378,5000,7680.09153611908,0.560439987136811,32.1108459333054,0.0202446426072063,1.15993257914365,80.9785704288253,8.25751611700482
1.63936453574121,1351.40689972856,925.355490526958,0.67197491404037,38.5013265131795,0,7840.57176997378,5000,7662.37486630637,0.560692810208814,32.1253316282947,0.0202070462760995,1.15777846804605,80.8281851043982,8.24218108165359
1.65186453574121,1361.18539119908,933.14208742766,0.672984326115923,38.5591615648982,0,7834.32176997378,5000,7644.66008788283,0.560945163227705,32.1397903912245,0.0201694341021811,1.15562344922221,80.6777364087245,8.22683958423361
1.66436453574121,1370.95602513791,940.938541699678,0.673991857186621,38.6168888429775,0,7828.07176997378,5000,7626.94720477771,0.56119704599538,32.1542222107444,0.0201318060803601,1.15346752238044,80.5272243214403,8.21149162266832
1.67686453574121,1380.71880629467,948.744827046532,0.674997506459731,38.6745083019971,0,7821.82176997378,5000,7609.23622087644,0.561448458313655,32.1686270754992,0.0200941622051621,1.15131068720708,80.3766488206484,8.19613719472485
1.68936453574121,1390.4737394892,956.560917197705,0.676001273142648,38.7320198965441,0,7815.57176997378,5000,7591.52714002063,0.561699399984384,32.1830049741359,0.0200565024706885,1.14915294336416,80.2260098827541,8.18077629799719
1.70186453574121,1400.22082961066,964.38678590952,0.677003156442377,38.7894235811832,0,7809.32176997378,5000,7573.81996600825,0.561949870809318,32.1973558952958,0.0200188268706537,1.14699429049154,80.0753074826147,8.1654089299215
1.71436453574121,1409.9600816172,972.222406965445,0.678003155565345,38.8467193104461,0,7803.07176997378,5000,7556.1147025937,0.562199870590061,32.2116798276116,0.0199811353983975,1.14483472820763,79.92454159359,8.15003508778125
1.72686453574121,1419.69150053614,980.067754175872,0.679001269717557,38.9039070388401,0,7796.82176997378,5000,7538.41135348784,0.562449399128112,32.2259767597099,0.0199434280468712,1.14267425610855,79.7737121874846,8.1346547687013
1.73936453574121,1429.41509146437,987.922801377372,0.679997498105081,38.9609867208763,0,7790.57176997378,5000,7520.7099223579,0.562698456224992,32.2402466802189,0.0199057048085941,1.14051287376571,79.6228192343763,8.11926796963043
1.75186453574121,1439.13085956753,995.787522433582,0.68099183993351,39.0179583110386,0,7784.32176997378,5000,7503.01041282769,0.562947041682101,32.2544895777596,0.0198679656756932,1.138350580728,79.4718627027727,8.10387468735733
1.76436453574121,1448.83881007966,1003.66189123551,0.681984294407776,39.0748217637729,0,7778.07176997378,5000,7485.31282847774,0.563195155300669,32.2687054409433,0.0198302106399157,1.13618737652259,79.3208425596628,8.08847491851579
1.77686453574121,1458.53894830334,1011.54588170132,0.682974860732304,39.1315770334962,0,7771.82176997378,5000,7467.61717284522,0.563442796881798,32.2828942583739,0.0197924396926143,1.13402326065401,79.1697587704574,8.07306865957869
1.78936453574121,1468.23127961016,1019.43946777555,0.683963538111516,39.1882240746251,0,7765.57176997378,5000,7449.9234494239,0.563689966226601,32.2970560186561,0.0197546528247025,1.13185823260164,79.01861129881,8.05765590683975
1.80186453574121,1477.91580943987,1027.34262343001,0.684950325749276,39.2447628415444,0,7759.32176997378,5000,7432.23166166441,0.563936663136043,32.3111907103861,0.0197168500266953,1.12969229182204,78.867400106781,8.04223665643018
1.81436453574121,1487.59254330001,1035.25532266412,0.685935222848698,39.301193288596,0,7753.07176997378,5000,7414.54181297427,0.5641828874109,32.3252983221491,0.0196790312887226,1.1275254377497,78.7161251548903,8.02681090432413
1.82686453574121,1497.26148676606,1043.17753950463,0.686918228612306,39.3575153700878,0,7746.82176997378,5000,7396.85390671791,0.564428638851799,32.3393788425218,0.0196411966005137,1.12535766979614,78.5647864020549,8.01137864633233
1.83936453574121,1506.92264548195,1051.10924800487,0.687899342242551,39.4137290403235,0,7740.57176997378,5000,7379.16794621659,0.564673917259359,32.3534322600807,0.0196033459513511,1.12318898734729,78.4133838054045,7.99593987808319
1.85186453574121,1516.57602515915,1059.05042224567,0.688878562941243,39.4698342535705,0,7734.32176997378,5000,7361.48393474865,0.564918722434035,32.3674585633926,0.0195654793301125,1.1210193897659,78.26191732045,7.9804945950401
1.86436453574121,1526.22163157636,1067.0010363356,0.689855889909353,39.5258309640475,0,7728.07176997378,5000,7343.80187554957,0.565163054176063,32.3814577410119,0.019527596725285,1.11884887639232,78.11038690114,7.96504279250712
1.87686453574121,1535.8594705796,1074.96106441083,0.690831322347174,39.5817191259348,0,7721.82176997378,5000,7326.12177181195,0.565406912285516,32.3954297814836,0.0194896981249487,1.11667744654359,77.9587924997948,7.94958446562228
1.88936453574121,1545.48954808278,1082.93048063425,0.691804859454861,39.6374986934046,0,7715.57176997378,5000,7308.44362668548,0.565650296562437,32.409374673351,0.0194517835167287,1.1145050995107,77.8071340669149,7.93411960933804
1.90186453574121,1555.11187006676,1090.90925919642,0.69277650043184,39.6931696205875,0,7709.32176997378,5000,7290.76744327714,0.565893206806684,32.4232924051469,0.0194138528878393,1.11233183456106,77.6554115513572,7.91864821843924
1.91436453574121,1564.72644257902,1098.89737431586,0.693746244476604,39.7487318615604,0,7703.07176997378,5000,7273.09322465131,0.566135642817876,32.4371829653902,0.0193759062250979,1.11015765093937,77.5036249003916,7.90317028754891
1.92686453574121,1574.3332717338,1106.89480023885,0.694714090786887,39.8041853703569,0,7696.82176997378,5000,7255.42097382971,0.566377604395444,32.4510463425891,0.0193379435149087,1.10798254786665,77.3517740596348,7.88768581112152
1.93936453574121,1583.93236371264,1114.90151123855,0.695680038560209,39.8595301009983,0,7690.57176997378,5000,7237.7506937914,0.566619091338774,32.4648825252494,0.0192999647432123,1.10580652453736,77.1998589728493,7.87219478342241
1.95186453574121,1593.52372476346,1122.91748161596,0.696644086993279,39.9147660074594,0,7684.32176997378,5000,7220.08238747294,0.566860103447043,32.4786915018648,0.0192619698955318,1.10362958012202,77.0478795821272,7.85669719854662
1.96436453574121,1603.10736120021,1130.94268570025,0.697606235281777,39.9698930436561,0,7678.07176997378,5000,7202.41605776853,0.56710064051917,32.4924732609141,0.0192239589569875,1.1014517137681,76.8958358279501,7.84119305042498
1.97686453574121,1612.68327940299,1138.97709784846,0.698566482620535,40.0249111634557,0,7671.82176997378,5000,7184.75170753,0.567340702353856,32.5062277908638,0.0191859319122796,1.09927292459898,76.7437276491184,7.82568233281685
1.98936453574121,1622.25148581866,1147.02069244469,0.699524828204105,40.0798203207092,0,7665.57176997378,5000,7167.08933956667,0.567580288749748,32.5199550801771,0.0191478887456358,1.09709321171098,76.5915549825433,7.81016503928898
2.00186453574121,1631.81198695987,1155.07344390105,0.700481271226134,40.1346204692162,0,7659.32176997378,5000,7149.42895664565,0.567819399505257,32.533655117304,0.0191098294408595,1.0949125741761,76.4393177634382,7.79464116323497
2.01436453574121,1641.36478940471,1163.13532665794,0.701435810879147,40.1893115627117,0,7653.07176997378,5000,7131.77056149195,0.568058034418512,32.547327890678,0.0190717539813451,1.0927310110429,76.2870159253804,7.77911069788158
2.02686453574121,1650.90989979687,1171.20631518381,0.702388446354733,40.2438935548772,0,7646.82176997378,5000,7114.11415678837,0.568296193287406,32.5609733887192,0.0190336623500594,1.09054852133546,76.1346494002376,7.76357363628126
2.03936453574121,1660.4473248462,1179.28638397431,0.703339176844125,40.2983663993738,0,7640.57176997378,5000,7096.45974517552,0.568533875909753,32.5745915998433,0.018995554529488,1.08836510405028,75.9822181179519,7.74802997129008
2.05186453574121,1669.97707132778,1187.37550755321,0.704288001537565,40.3527300498057,0,7634.32176997378,5000,7078.807329252,0.568771082083115,32.5881825124514,0.0189574305016846,1.0861807581591,75.8297220067382,7.73247969558802
2.06436453574121,1679.49914608154,1195.47366047276,0.705234919624075,40.4069844597073,0,7628.07176997378,5000,7061.15691157453,0.569007811604744,32.6017461149269,0.0189192902482874,1.08399548260988,75.6771609931495,7.71692280168554
2.07686453574121,1689.01355601245,1203.58081731337,0.706179930291648,40.4611295825541,0,7621.82176997378,5000,7043.50849465791,0.569244064271634,32.6152823956384,0.0188811337504998,1.08180927632566,75.5245350019994,7.70135928191578
2.08936453574121,1698.52030809106,1211.69695268278,0.707123032727851,40.515165371797,0,7615.57176997378,5000,7025.86208097493,0.569479839880684,32.6287913429491,0.0188429609890344,1.07962213820133,75.3718439561375,7.68578912841159
2.10186453574121,1708.01940935261,1219.82204121698,0.708064226119165,40.569091780825,0,7609.32176997378,5000,7008.21767295665,0.569715138228515,32.6422729452062,0.0188047719441641,1.07743406710662,75.2190877766563,7.67021233312664
2.11436453574121,1717.5108668966,1227.95605758056,0.709003509650756,40.6229087629512,0,7603.07176997378,5000,6990.57527299248,0.569949959111414,32.6557271907379,0.0187665665957397,1.07524506188708,75.0662663829589,7.65462888784232
2.12686453574121,1726.99468788695,1236.09897646642,0.709940882506664,40.6766162714249,0,7596.82176997378,5000,6972.93488343016,0.570184302325389,32.6691540678561,0.0187283449231695,1.07305512136288,74.9133796926781,7.63903878415954
2.13936453574121,1736.47087955269,1244.25077259488,0.710876343870432,40.7302142594664,0,7590.57176997378,5000,6955.29650657563,0.570418167666329,32.6825535648664,0.0186901069053607,1.07086424432548,74.7604276214427,7.6234420134748
2.15186453574121,1745.93944918691,1252.41142071462,0.711809892924424,40.7837026802286,0,7584.32176997378,5000,6937.66014469338,0.57065155492983,32.6959256700571,0.0186518525207733,1.06867242954075,74.607410083093,7.60783856700229
2.16436453574121,1755.40040414641,1260.58089560307,0.712741528849585,40.837081486783,0,7578.07176997378,5000,6920.02580000644,0.570884463911122,32.7092703716958,0.0186135817474379,1.06647967574993,74.4543269897515,7.59222843578098
2.17686453574121,1764.85375185185,1268.75917206604,0.713671250825642,40.8903506321317,0,7571.82176997378,5000,6902.39347469646,0.571116894405133,32.7225876580328,0.0185752945629345,1.06428598166845,74.301178251738,7.57661161066603
2.18936453574121,1774.29949978843,1276.94622493688,0.71459905803175,40.9435100692435,0,7565.57176997378,5000,6884.76317090352,0.571348846206659,32.7358775173107,0.0185369909443317,1.06209134598243,74.1479637773266,7.56098808230401
2.20186453574121,1783.73765550488,1285.1420290774,0.715524949645788,40.9965597510144,0,7559.32176997378,5000,6867.13489072646,0.571580319110171,32.7491399377536,0.0184986708682425,1.0598957673519,73.99468347297,7.54535784115575
2.21436453574121,1793.16822661304,1293.34655937825,0.716448924844114,41.0494996302532,0,7553.07176997378,5000,6849.50863622294,0.571811312909754,32.7623749075634,0.0184603343108433,1.05769924441187,73.8413372433732,7.52972087750386
2.22686453574121,1802.59122078806,1301.5597907586,0.717370982801772,41.1023296596935,0,7546.82176997378,5000,6831.88440940946,0.572041827399166,32.7755824149233,0.0184219812478515,1.05550177577104,73.6879249914059,7.51407718144381
2.23936453574121,1812.00664576909,1309.78169816519,0.718291122693158,41.1550497920316,0,7540.57176997378,5000,6814.2622122612,0.572271862372011,32.7887624480077,0.0183836116544616,1.05330336000816,73.5344466178465,7.49842674285781
2.25186453574121,1821.41450935823,1318.01225657334,0.719209343691295,41.2076599798851,0,7534.32176997378,5000,6796.64204671233,0.572501417621547,32.8019149949712,0.018345225505405,1.05110399567546,73.3809020216199,7.48276955143907
2.26436453574121,1830.81481942016,1326.2514409873,0.720125644967578,41.2601601757786,0,7528.07176997378,5000,6779.02391465611,0.57273049294062,32.8150400439447,0.0183068227749678,1.04890368129963,73.2272910998711,7.46710559669929
2.27686453574121,1840.20758388229,1334.49922643989,0.721040025691992,41.3125503321556,0,7521.82176997378,5000,6761.40781794486,0.572959088121721,32.8281375830388,0.0182684034369685,1.04670241538058,73.073613747874,7.4514348679594
2.28936453574121,1849.5928107355,1342.75558799163,0.721952485033795,41.3648304014182,0,7515.57176997378,5000,6743.79375838981,0.57318720295717,32.8412076003544,0.0182299674646919,1.04450019638765,72.9198698587677,7.4357573543226
2.30186453574121,1858.97050803308,1351.02050073164,0.722863022160775,41.4170003358841,0,7509.32176997378,5000,6726.18173776145,0.573414837238917,32.854250083971,0.0181915148309499,1.04229702276307,72.7660593237996,7.42007304469922
2.31436453574121,1868.3406838903,1359.29393977806,0.723771636238982,41.4690600877715,0,7503.07176997378,5000,6708.5717577896,0.573641990758471,32.867265021943,0.0181530455081015,1.04009289292314,72.6121820324061,7.40438192781491
2.32686453574121,1877.70334648465,1367.57588027773,0.724678326432957,41.5210096092122,0,7496.82176997378,5000,6690.96382016337,0.573868663306962,32.880252402303,0.0181145594680291,1.03788780525681,72.4582378721162,7.38868399220083
2.33936453574121,1887.05850405653,1375.86629740513,0.725583091906437,41.5728488522918,0,7490.57176997378,5000,6673.35792653103,0.57409485467533,32.8932122130728,0.0180760566820688,1.03568175812179,72.3042267282751,7.37297922616542
2.35186453574121,1896.40616490822,1384.16516636352,0.726485931821585,41.6245777690057,0,7484.32176997378,5000,6655.75407850036,0.57432056465412,32.9061444422514,0.018037537121075,1.03347474984815,72.1501484842999,7.35726761782055
2.36436453574121,1905.74633740342,1392.47246238518,0.727386845338719,41.6761963112437,0,7478.07176997378,5000,6638.15227763869,0.574545793033405,32.919049077811,0.0179990007554407,1.03126677873953,71.9960030217626,7.34154915508992
2.37686453574121,1915.0790299675,1400.78816073115,0.728285831616542,41.7277044308032,0,7471.82176997378,5000,6620.5525254729,0.574770539602858,32.9319261077007,0.0179604475550723,1.0290578430717,71.8417902202893,7.32582382569881
2.38936453574121,1924.40425108822,1409.11223669018,0.729182889812878,41.7791020794309,0,7465.57176997378,5000,6602.9548234893,0.57499480415194,32.9447755198575,0.0179218774893179,1.02684794108843,71.6875099572717,7.31009161714466
2.40186453574121,1933.72200931466,1417.44466557981,0.73007801908387,41.8303892087773,0,7459.32176997378,5000,6585.35917313389,0.575218586469691,32.9575973021943,0.0178832905270339,1.02463707100533,71.5331621081357,7.29435251672444
2.41436453574121,1943.0323132568,1425.78542274669,0.730971218583705,41.8815657703811,0,7453.07176997378,5000,6567.76557581253,0.575441886344652,32.9703914425954,0.0178446866366064,1.02242523101105,71.3787465464256,7.27860651154325
2.42686453574121,1952.33517158571,1434.13448356625,0.731862487464852,41.9326317156821,0,7446.82176997378,5000,6550.17403289084,0.575664703564936,32.9831579289205,0.0178060657859251,1.0202124192658,71.2242631437004,7.26285358850376
2.43936453574121,1961.63059303437,1442.49182344168,0.732751824878816,41.9835869960653,0,7440.57176997378,5000,6532.58454569411,0.575887037918425,32.9958967490161,0.0177674279423079,1.01799863389705,71.0697117692317,7.24709373427539
2.45186453574121,1970.91858639651,1450.85741780498,0.733639229975319,42.0344315628134,0,7434.32176997378,5000,6514.99711550759,0.576108889192553,33.0086078907033,0.0177287730725712,1.01578387300351,70.9150922902849,7.23132693532296
2.46436453574121,1980.19916052624,1459.23124211729,0.734524701902011,42.0851653670902,0,7428.07176997378,5000,6497.4117435766,0.576330257174229,33.0212913417727,0.0176901011430517,1.01356813465641,70.7604045722066,7.21555317791566
2.47686453574121,1989.4723243382,1467.61327186858,0.735408239804717,42.135788359955,0,7421.82176997378,5000,6479.8284311065,0.576551141649902,33.0339470899887,0.017651412119579,1.01135141689795,70.6056484783159,7.19977244811591
2.48936453574121,1998.73808680846,1476.0034825766,0.736289842828215,42.1863004924075,0,7415.57176997378,5000,6462.24717926254,0.576771542405775,33.0465751231017,0.0176127059673976,1.00913371773676,70.4508238695904,7.18398473174738
2.50186453574121,2007.99645697327,1484.40184978789,0.737169510115395,42.2367017153386,0,7409.32176997378,5000,6444.66798917018,0.576991459227572,33.0591754288346,0.0175739826512394,1.00691503515215,70.2959306049575,7.16819001442465
2.51436453574121,2017.24744392874,1492.80834907822,0.738047240806954,42.286991979514,0,7403.07176997378,5000,6427.09086191521,0.577210891900465,33.0717479948786,0.017535242135347,1.00469536709536,70.1409685413882,7.15238828156284
2.52686453574121,2026.49105683099,1501.22295605216,0.738923034041655,42.3371712355885,0,7396.82176997378,5000,6409.51579854369,0.577429840209137,33.084292808897,0.0174964843834455,1.00247471148798,69.985937533782,7.13657951836581
2.53936453574121,2035.72730489703,1509.64564634207,0.739796888957132,42.3872394341521,0,7390.57176997378,5000,6391.94280006181,0.577648303938004,33.0968098585378,0.0174577093586596,1.00025306621723,69.8308374346383,7.12076370979267
2.55186453574121,2044.95619740357,1518.07639560913,0.740668804689021,42.4371965256804,0,7384.32176997378,5000,6374.37186743622,0.577866282870979,33.10929913142,0.0174189170235907,0.998030429140327,69.6756680943626,7.10494084058905
2.56436453574121,2054.1777436866,1526.51517954373,0.741538780370642,42.4870424605163,0,7378.07176997378,5000,6356.80300159415,0.578083776791387,33.1217606151292,0.0173801073403408,0.995806798085868,69.5204293613631,7.08911089529687
2.57686453574121,2063.39195314163,1534.96197386511,0.74240681513327,42.5367771888855,0,7371.82176997378,5000,6339.23620342336,0.57830078548204,33.1341942972213,0.0173412802704826,0.993582170852137,69.3651210819305,7.07327385824216
2.58936453574121,2072.59883522453,1543.41675432024,0.743272908106968,42.5864006609443,0,7365.57176997378,5000,6321.67147377196,0.578517308725463,33.1466001652359,0.0173024357749738,0.991356545202165,69.2097430998951,7.05742971350003
2.60186453574121,2081.79839945039,1551.87949668494,0.744137058419685,42.6359128267279,0,7359.32176997378,5000,6304.10881344876,0.578733346303644,33.1589782066819,0.0172635738142365,0.989129918868318,69.0542952569461,7.04157844492728
2.61436453574121,2090.99065539301,1560.35017676422,0.744999265196933,42.6853136361318,0,7353.07176997378,5000,6286.54822322342,0.57894889799796,33.1713284090331,0.0172246943481833,0.986902289553748,68.8987773927334,7.02572003617274
2.62686453574121,2100.17561268521,1568.82877039195,0.745859527562062,42.7346030389277,0,7346.82176997378,5000,6268.98970382637,0.579163963589238,33.1836507597318,0.0171857973361853,0.984673654930589,68.7431893447411,7.00985447066441
2.63936453574121,2109.35328101969,1577.31525342968,0.746717844637126,42.7837809848129,0,7340.57176997378,5000,6251.43325594861,0.579378542858002,33.195945246203,0.0171468827369823,0.982444012634813,68.587530947929,6.99398173157286
2.65186453574121,2118.52367014783,1585.80960176782,0.747574215541949,42.832847423357,0,7334.32176997378,5000,6233.87888024212,0.57959263558421,33.2082118558392,0.0171079505087669,0.980213360271033,68.4318020350676,6.97810180184544
2.66436453574121,2127.68678987922,1594.31179132595,0.748428639393788,42.8818023039827,0,7328.07176997378,5000,6216.32657731996,0.579806241547173,33.2204505759958,0.0170690006092107,0.977981695414003,68.2760024368427,6.9622146642169
2.67686453574121,2136.84265008194,1602.82179805248,0.749281115307624,42.930645575982,0,7321.82176997378,5000,6198.77634775621,0.580019360525629,33.2326613939954,0.0170300329954311,0.975749015606739,68.1201319817245,6.94632030119608
2.68936453574121,2145.99126068348,1611.33959792348,0.750131642397053,42.9793771885678,0,7315.57176997378,5000,6181.22819208575,0.580231992297984,33.2448442971417,0.016991047623898,0.973515318355143,67.9641904955921,6.93041869502757
2.70186453574121,2155.13263166948,1619.8651669438,0.750980219773321,43.0279970908183,0,7309.32176997378,5000,6163.6821108047,0.580444136642053,33.2569992727045,0.0169520444505208,0.971280601133012,67.8081778020833,6.91450982772744
2.71436453574121,2164.26677308331,1628.3984811475,0.751826846544982,43.0765052316573,0,7303.07176997378,5000,6146.1381043705,0.580655793334972,33.2691263079144,0.0169130234306762,0.96904486138362,67.6520937227049,6.89859368109445
2.72686453574121,2173.39369502628,1636.93951659741,0.752671521818185,43.1249015598709,0,7296.82176997378,5000,6128.59617320184,0.580866962153269,33.2812253899677,0.0168739845191741,0.966808096517763,67.4959380766964,6.88267023669616
2.73936453574121,2182.51340765867,1645.48824938395,0.753514244697613,43.1731860241612,0,7290.57176997378,5000,6111.05631767852,0.581077642873124,33.2932965060401,0.0168349276701584,0.964570303908087,67.3397106806338,6.86673947582852
2.75186453574121,2191.6259211984,1654.0446556263,0.754355014285474,43.2213585730886,0,7284.32176997378,5000,6093.51853814173,0.581287835270092,33.3053396432721,0.0167958528371998,0.96233148089438,67.1834113487994,6.8508013795536
2.76436453574121,2200.73124592057,1662.60871147281,0.755193829681148,43.2694191550513,0,7278.07176997378,5000,6075.9828348943,0.581497539119013,33.3173547887629,0.0167567599733238,0.960091624785205,67.0270398932953,6.83485592871116
2.77686453574121,2209.82939215779,1671.18039310053,0.756030689981489,43.3173677183029,0,7271.82176997378,5000,6058.44920820053,0.581706754194095,33.3293419295757,0.0167176490309752,0.957850732855851,66.8705961239009,6.81890310390408
2.78936453574121,2218.92037030111,1679.75967671406,0.756865594281794,43.3652042110077,0,7265.57176997378,5000,6040.91765828604,0.581915480269169,33.3413010527517,0.0166785199619145,0.955608802342394,66.7140798476579,6.80294288545608
2.80186453574121,2228.00419079875,1688.34653854671,0.75769854167476,43.4129285811811,0,7259.32176997378,5000,6023.38818533816,0.582123717117413,33.3532321452952,0.0166393727173145,0.953365830447249,66.557490869258,6.78697525345128
2.81436453574121,2237.08086415562,1696.94095486087,0.758529531250118,43.4605407766685,0,7253.07176997378,5000,6005.86078950602,0.582331464511256,33.3651351941673,0.0166002072477904,0.951121814340872,66.4008289911618,6.77100018774625
2.82686453574121,2246.15040093361,1705.54290194762,0.759358562094947,43.5080407451633,0,7246.82176997378,5000,5988.33547090056,0.58253872222246,33.3770101862908,0.016561023503362,0.948876751159604,66.244094013448,6.75501766795471
2.83936453574121,2255.21281175263,1714.15235612548,0.760185633294676,43.5554284342646,0,7240.57176997378,5000,5970.8122295942,0.582745490022389,33.3888571085659,0.0165218214333453,0.946630637999469,66.0872857333811,6.73902767340337
2.85186453574121,2264.26810728925,1722.7692937416,0.761010743932006,43.602703791415,0,7234.32176997378,5000,5953.29106562134,0.582951767681725,33.4006759478537,0.0164826009864538,0.944383471921971,65.9304039458152,6.72303018317318
2.86436453574121,2273.31629827622,1731.39369117217,0.76183389308653,43.649866763879,0,7228.07176997378,5000,5935.77197897847,0.583157554970359,33.4124666909699,0.01644336211083,0.942135249955887,65.77344844332,6.70702517611213
2.87686453574121,2282.35739550281,1740.02552482201,0.762655079835059,43.6969172987617,0,7221.82176997378,5000,5918.25496962406,0.583362851657488,33.4242293246904,0.0164041047540055,0.939885969095004,65.6164190160219,6.69101263081908
2.88936453574121,2291.39140981584,1748.66477112325,0.763474303252659,43.7438553430685,0,7215.57176997378,5000,5900.74003747837,0.583567657511885,33.4359638357669,0.016364828862788,0.937635626291625,65.4593154511519,6.67499252559762
2.90186453574121,2300.41835211831,1757.3114065366,0.76429156241154,43.7906808436408,0,7209.32176997378,5000,5883.22718242384,0.583771972301608,33.4476702109101,0.0163255343833667,0.935384218462621,65.3021375334666,6.65896483849904
2.91436453574121,2309.43823336893,1765.96540755172,0.765106856380653,43.8373937471335,0,7203.07176997378,5000,5865.71640430526,0.58397579579389,33.4593484367835,0.016286221261346,0.933131742491352,65.1448850453839,6.64292954733613
2.92686453574121,2318.45106458241,1774.6267506868,0.765920184226036,43.8839940000344,0,7196.82176997378,5000,5848.20770292967,0.584179127755232,33.4709985000085,0.0162468894417033,0.930878195225258,64.9875577668133,6.62688662966592
2.93936453574121,2327.4568568306,1783.29541248727,0.766731545011889,43.9304815487261,0,7190.57176997378,5000,5830.70107806609,0.584381967951692,33.4826203871813,0.0162075388686703,0.928623573469045,64.8301554746812,6.61083606274122
2.95186453574121,2336.45562124105,1791.971369527,0.767540937799413,43.9768563394196,0,7184.32176997378,5000,5813.19652944601,0.584584316148576,33.4942140848548,0.0161681694858441,0.926367873991068,64.6726779433763,6.59477782355609
2.96436453574121,2345.44736899653,1800.65459840876,0.768348361646408,44.0231183181306,0,7178.07176997378,5000,5795.6940567635,0.584786172110329,33.5057795795328,0.0161287812362219,0.924111093525308,64.5151249448875,6.57871188885986
2.97686453574121,2354.43211133534,1809.34507576375,0.769153815607616,44.0692674307,0,7171.82176997378,5000,5778.19365967511,0.584987535600627,33.5173168576749,0.0160893740621573,0.921853228768873,64.3574962486294,6.56263823513936
2.98936453574121,2363.40985955248,1818.04277825026,0.76995729873585,44.1153036228577,0,7165.57176997378,5000,5760.69533779965,0.585188406382682,33.5288259057142,0.0160499479052353,0.919594276374817,64.199791620941,6.54655683856781
3.00186453574121,2372.38062499818,1826.74768255493,0.770758810080781,44.1612268401541,0,7159.32176997378,5000,5743.19909071859,0.585388784218918,33.5403067100385,0.0160105027063888,0.917334232958863,64.0420108255554,6.53046767505268
3.01436453574121,2381.34441907743,1835.45976539321,0.771558348688524,44.2070370279356,0,7153.07176997378,5000,5725.70491797626,0.585588668870858,33.5517592569841,0.0159710384059359,0.915073095101474,63.8841536237437,6.51437072025041
3.02686453574121,2390.30125325028,1844.17900350885,0.772355913601997,44.2527341313653,0,7146.82176997378,5000,5708.21281907972,0.585788060099223,33.5631835328413,0.0159315549435328,0.912810859345211,63.7262197741311,6.49826594954762
3.03936453574121,2399.25113903303,1852.90537367256,0.773151503862084,44.29831809549,0,7140.57176997378,5000,5690.72279349851,0.585986957664241,33.5745795238723,0.015892052258043,0.910547522187215,63.5682090321721,6.48215333800759
3.05186453574121,2408.19408799679,1861.63885268329,0.773945118506393,44.3437888651686,0,7134.32176997378,5000,5673.23484066509,0.586185361325321,33.5859472162921,0.0158525302876603,0.908283080086244,63.4101211506412,6.46603286042035
3.06436453574121,2417.13011176693,1870.37941736868,0.774736756568806,44.3891463850468,0,7128.07176997378,5000,5655.74895997501,0.586383270840929,33.5972865962619,0.0158129889699468,0.906017529464874,63.2519558797872,6.44990449131836
3.07686453574121,2426.05922202343,1879.12704458454,0.775526417079867,44.4343905995788,0,7121.82176997378,5000,5638.2651507868,0.58658068596869,33.6085976498947,0.0157734282417844,0.903750866706704,63.0937129671375,6.43376820495659
3.08936453574121,2434.98143050211,1887.88171121351,0.776314099067987,44.4795214530966,0,7115.57176997378,5000,5620.7834124217,0.586777606465717,33.6198803632739,0.0157338480392368,0.901483088148453,62.9353921569471,6.41762397525629
3.10186453574121,2443.89674899315,1896.64339416631,0.777099801558148,44.5245388897357,0,7109.32176997378,5000,5603.30374416413,0.58697403208826,33.6311347224338,0.0156942482976787,0.899214190087367,62.7769931907149,6.4014717758577
3.11436453574121,2452.80518934051,1905.41207038224,0.777883523571444,44.569442853409,0,7103.07176997378,5000,5585.82614526183,0.587169962591588,33.6423607133525,0.0156546289518363,0.896944168783527,62.6185158073451,6.38531158013645
3.12686453574121,2461.70676344232,1914.18771682865,0.778665264125481,44.6142332878295,0,7096.82176997378,5000,5568.35061492578,0.587365397730094,33.6535583219574,0.0156149899357356,0.894673020456905,62.4599597429423,6.3691433611827
3.13936453574121,2470.60148325216,1922.97031049952,0.779445022235626,44.658910136582,0,7090.57176997378,5000,5550.8771523299,0.587560337257626,33.6647275341452,0.0155753311825577,0.892400741279062,62.3013247302308,6.35296709174191
3.1518645357412,2479.48936077751,1931.75982841679,0.780222796913666,44.7034733430458,0,7084.32176997378,5000,5533.40575661151,0.587754780927139,33.6758683357614,0.0155356526247746,0.890127327380926,62.1426104990985,6.33678274427032
3.16436453574121,2488.37040807916,1940.55624763082,0.780998587167334,44.7479228503684,0,7078.07176997378,5000,5515.93642687152,0.587948728490561,33.6869807125923,0.0154959541941917,0.887852774855231,61.9838167767668,6.32059029095224
3.17686453574121,2497.24463727166,1949.35954521991,0.78177239200071,44.7922586014877,0,7071.82176997378,5000,5498.46916217432,0.588142179698901,33.6980646503719,0.0154562358218935,0.885577079753417,61.8249432875741,6.30438970367803
3.18936453574121,2506.1120605246,1958.16969828878,0.78254421041554,44.8364805392078,0,7065.57176997378,5000,5481.00396154746,0.588335134302605,33.7091201348017,0.0154164974380913,0.883300238076877,61.6659897523652,6.28818095398175
3.2018645357412,2514.97269006102,1966.98668396995,0.783314041409826,44.8805886061188,0,7059.32176997378,5000,5463.54082398215,0.588527592051179,33.7201471515296,0.0153767389722658,0.881022245785164,61.5069558890634,6.27196401309962
3.2143645357412,2523.82653815684,1975.81047942424,0.784081883977341,44.9245827445679,0,7053.07176997378,5000,5446.07974843343,0.588719552693063,33.7311456861422,0.0153369603532125,0.878743098798548,61.3478414128499,6.25573885198819
3.22686453574121,2532.6736171413,1984.64106184021,0.784847737108047,44.9684628966843,0,7046.82176997378,5000,5428.62073382006,0.588911015975736,33.7421157241711,0.0152971615089839,0.876462792994749,61.1886460359354,6.2395054413011
3.2393645357412,2541.5139393983,1993.47840843266,0.785611599789462,45.0122290044569,0,7040.57176997378,5000,5411.16377902417,0.589101981646085,33.7530572511139,0.015257342366729,0.874181324199713,61.0293694669159,6.22326375132343
3.2518645357412,2550.34751736475,2002.32249644404,0.7863734710052,45.0558810096512,0,7034.32176997378,5000,5393.70888289183,0.589292449450022,33.7639702524127,0.0152175028528446,0.871898688196285,60.8700114113784,6.2070137520334
3.2643645357412,2559.17436353001,2011.17330314491,0.787133349734461,45.0994188537796,0,7028.07176997378,5000,5376.25604423316,0.589482419132343,33.7748547134451,0.0151776428930216,0.869614880726865,60.7105715720863,6.19075541312133
3.2768645357412,2567.99449043635,2020.03080583342,0.78789123495247,45.1428424781269,0,7021.82176997378,5000,5358.80526182223,0.589671890436842,33.7857106195317,0.0151377624121851,0.867329897489982,60.5510496487404,6.1744887039652
3.2893645357412,2576.80791068028,2028.89498183372,0.788647125631899,45.1861518238314,0,7015.57176997378,5000,5341.35653439677,0.589860863106694,33.7965379559576,0.015097861334325,0.865043734130574,60.3914453372998,6.15821359356149
3.3018645357412,2585.61463691094,2037.76580849745,0.789401020741347,45.2293468317984,0,7009.32176997378,5000,5323.9098606586,0.590049336884059,33.8073367079495,0.0150579395826551,0.862756386249122,60.2317583306204,6.1419300505902
3.3143645357412,2594.41468182949,2046.64326320418,0.790152919244809,45.2724274426689,0,7003.07176997378,5000,5306.4652392739,0.59023731150993,33.8181068606675,0.0150179970796625,0.860467849404454,60.0719883186498,6.12563804343479
3.3268645357412,2603.20805818954,2055.52732336088,0.790902820102137,45.3153935968471,0,6996.82176997378,5000,5289.02266887304,0.590424786724258,33.8288483992118,0.014978033747044,0.858178119110141,59.9121349881761,6.10933754015654
3.3393645357412,2611.99477879863,2064.41796640031,0.791650722270515,45.3582452345838,0,6990.57176997378,5000,5271.58214805022,0.590611762266348,33.8395613086457,0.0149380495055277,0.855887190824225,59.7521980221109,6.09302850842142
3.3518645357412,2620.77485651649,2073.31516978251,0.792396624702882,45.400982295887,0,6984.32176997378,5000,5254.14367536403,0.590798237874443,33.8502455739716,0.0148980442750406,0.853595059958862,59.5921771001622,6.07671091556875
3.3643645357412,2629.54830425444,2082.21891099526,0.793140526347377,45.4436047204894,0,6978.07176997378,5000,5236.70724933764,0.590984213285572,33.8609011801226,0.0148580179747604,0.851301721883284,59.4320718990415,6.06038472863225
3.3768645357412,2638.31513497588,2091.12916755355,0.793882426147818,45.4861124478762,0,6971.82176997378,5000,5219.27286845865,0.591169688235678,33.871528111969,0.0148179705230494,0.84900717191999,59.2718820921975,6.04404991431299
3.3893645357412,2647.07536169773,2100.04591699792,0.794622323045241,45.5285054173734,0,6965.57176997378,5000,5201.84053117871,0.591354662460029,33.8821263543431,0.014777901837265,0.84671140533391,59.1116073490601,6.02770643890218
3.4018645357412,2655.82899748875,2108.96913689596,0.79536021597626,45.5707835680533,0,6959.32176997378,5000,5184.41023591411,0.591539135692787,33.8926958920132,0.0147378118339373,0.844414417342568,58.9512473357493,6.01135426835354
3.4143645357412,2664.57605546885,2117.89880484284,0.796096103872482,45.6129468387016,0,6953.07176997378,5000,5166.98198104595,0.591723107666849,33.9032367096756,0.0146977004288241,0.842116203119242,58.7908017152965,5.99499336830584
3.4268645357412,2673.31654880962,2126.83489846069,0.796829985661011,45.6549951678458,0,6946.82176997378,5000,5149.55576492,0.591906578113977,33.9137487919615,0.0146575675368399,0.839816757788892,58.6302701473596,5.97862370405384
3.4393645357412,2682.05049073583,2135.77739539695,0.797561860266054,45.6969284938476,0,6940.57176997378,5000,5132.13158584632,0.592089546765232,33.9242321234616,0.0146174130718568,0.837516076416754,58.4696522874271,5.96224524046715
3.4518645357412,2690.77789452372,2144.7262733259,0.798291726607206,45.7387467548042,0,6934.32176997378,5000,5114.70944209983,0.592272013350524,33.934686688701,0.0145772369468917,0.835214154019064,58.3089477875668,5.94585794206654
3.4643645357412,2699.49877350024,2153.68150994917,0.799019583598847,45.7804498885144,0,6928.07176997378,5000,5097.2893319205,0.59245397759844,33.9451124721288,0.0145370390741643,0.832910985566379,58.1481562966571,5.92946177304759
3.4768645357412,2708.21314104364,2162.64308299513,0.799745430150664,45.8220378325076,0,6921.82176997378,5000,5079.87125351322,0.59263543923639,33.9555094581269,0.0144968193650226,0.830606565979314,57.9872774600902,5.91305669725036
3.4893645357412,2716.92101058506,2171.6109702172,0.800469265169326,45.8635105241408,0,6915.57176997378,5000,5062.45520504737,0.592816397991051,33.9658776310349,0.0144565777297316,0.828300890116436,57.8263109189263,5.89664267807317
3.5018645357412,2725.62239560664,2180.58514939538,0.8011910875567,45.9048679004953,0,6909.32176997378,5000,5045.04118465745,0.592996853587897,33.9762169751237,0.0144163140776718,0.82599395278563,57.6652563106873,5.88021967855357
3.5143645357412,2734.31730964093,2189.56559833682,0.801910896209215,45.9461098983414,0,6903.07176997378,5000,5027.62919044324,0.593176805751033,33.9865274745856,0.0143760283174005,0.823685748747607,57.504113269602,5.86378766139324
3.5268645357412,2743.00576627135,2198.55229487517,0.802628690018412,45.987236454169,0,6896.82176997378,5000,5010.21922046966,0.593356254203327,33.9968091135423,0.0143357203565725,0.821376272711384,57.34288142629,5.84734658892588
3.5393645357412,2751.68777913388,2207.54521686882,0.803344467872692,46.0282475042882,0,6890.57176997378,5000,4992.81127276638,0.593535198666892,34.0070618760718,0.0142953901017172,0.819065519321488,57.1815604068688,5.83089642302609
3.5518645357412,2760.36336191516,2216.54434220254,0.804058228655453,46.0691429847223,0,6884.32176997379,5000,4975.40534532837,0.593713638862585,34.0172857461805,0.0142550374584481,0.816753483169969,57.0201498337922,5.81443712519487
3.5643645357412,2769.03252835183,2225.54964878794,0.804769971244427,46.1099228311703,0,6878.07176997378,5000,4958.00143611615,0.593891574509836,34.0274807077929,0.0142146623315278,0.814440158800134,56.8586493261113,5.79796865658622
3.5768645357412,2777.69529223104,2234.56111456295,0.805479694512255,46.1505869790391,0,6871.82176997378,5000,4940.59954305564,0.594069005326788,34.0376467447598,0.0141742646247846,0.81212554070174,56.6970584991383,5.78149097797294
3.5893645357412,2786.35166739218,2243.5787174899,0.806187397328312,46.1911353635487,0,6865.57176997378,5000,4923.19966403765,0.594245931030797,34.0477838408869,0.0141338442408753,0.809809623297437,56.535376963501,5.76500404965009
3.6018645357412,2795.00166772498,2252.60243555723,0.806893078556761,46.2315679196204,0,6859.32176997379,5000,4905.8017969186,0.594422351337912,34.057891979905,0.0140934010815082,0.807492400955528,56.3736043260327,5.74850783152582
3.6143645357412,2803.64530716874,2261.63224678002,0.807596737055864,46.2718845818375,0,6853.07176997379,5000,4888.40593952066,0.594598265962695,34.0679711454597,0.0140529350475115,0.805173867993886,56.211740190046,5.73200228314929
3.6268645357412,2812.28259971292,2270.66812919934,0.808298371678579,46.3120852844793,0,6846.82176997378,5000,4871.01208963162,0.594773674618369,34.0780213211199,0.0140124460387446,0.802854018674873,56.0497841549783,5.71548736367448
3.6393645357412,2820.91355939896,2279.7100608804,0.808997981274468,46.3521699616306,0,6840.57176997379,5000,4853.62024500443,0.594948577017335,34.0880424904073,0.0139719339538471,0.800532847190975,55.8877358153886,5.6989630317579
3.6518645357412,2829.53820031825,2288.75801991421,0.809695564687666,46.3921385470652,0,6834.32176997379,5000,4836.23040335781,0.595122972870638,34.0980346367662,0.0139313986904755,0.798210347678328,55.725594761902,5.68242924565493
3.6643645357412,2838.1565366114,2297.81198441815,0.810391120756161,46.4319909742046,0,6828.07176997379,5000,4818.84256237651,0.59529686188777,34.1079977435515,0.0138908401453746,0.795886514220857,55.5633605814985,5.66588596324928
3.6768645357412,2846.76858246883,2306.87193253536,0.811084648312415,46.471727176154,0,6821.82176997379,5000,4801.45671971113,0.595470243776828,34.1179317940385,0.0138502582142845,0.793561340844903,55.4010328571381,5.64933314201466
3.6893645357412,2855.37435213265,2315.93784243272,0.811776146185364,46.5113470858163,0,6815.57176997379,5000,4784.07287297762,0.595643118245059,34.1278367714537,0.0138096527916742,0.791234821503984,55.2386111666966,5.63277073890642
3.7018645357412,2863.97385989459,2325.00969230267,0.812465613198291,46.5508506357705,0,6809.32176997379,5000,4766.69101975793,0.595815484998295,34.1377126589425,0.0137690237709916,0.788906950093124,55.0760950839664,5.61619871046345
3.7143645357412,2872.56712009524,2334.08746036375,0.813153048168076,46.5902377582289,0,6803.07176997379,5000,4749.3111576003,0.595987343740749,34.1475594395575,0.0137283710447412,0.786577720453273,54.9134841789646,5.59961701283972
3.7268645357412,2881.15414712465,2343.17112485992,0.81383844990584,46.6295083850737,0,6796.82176997379,5000,4731.93328401903,0.596158694175185,34.1573770962685,0.0136876945043835,0.784247126365584,54.7507780175339,5.58302560176348
3.7393645357412,2889.73495542431,2352.26066405858,0.814521817219048,46.6686624479777,0,6790.57176997379,5000,4714.55739649397,0.59632953600348,34.1671656119941,0.0136469940400532,0.781915161535239,54.587976160213,5.56642443242218
3.7518645357412,2898.30955948498,2361.35605625236,0.815203148909275,46.7076998782763,0,6784.32176997379,5000,4697.18349247123,0.59649986892604,34.1769249695689,0.0136062695408247,0.779581819606659,54.4250781632988,5.54981345957068
3.7643645357412,2906.87797384594,2370.45727975969,0.815882443771423,46.7466206069222,0,6778.07176997379,5000,4679.8115693634,0.596669692641586,34.1866551517309,0.0135655208947938,0.777247094168218,54.2620835791753,5.53319263756484
3.7768645357412,2915.44021309562,2379.56431292414,0.8165597005944,46.7854245645253,0,6771.82176997379,5000,4662.44162454939,0.596839006847325,34.1963561411314,0.0135247479889719,0.774910978746138,54.0989919558876,5.51656192031811
3.7893645357412,2923.99629187362,2388.67713411236,0.817234918163316,46.8241116814772,0,6765.57176997379,5000,4645.07365537385,0.597007811239547,34.206027920369,0.0134839507089855,0.772573466787301,53.9358028359418,5.49992126117908
3.8018645357412,2932.54622486848,2397.79572171588,0.81790809525715,46.8626818878188,0,6759.32176997379,5000,4627.7076591479,0.597176105513009,34.2156704719545,0.0134431289393589,0.770234551675446,53.7725157574357,5.48327061304683
3.8143645357412,2941.09002681695,2406.92005415176,0.818579230647924,46.901135113192,0,6753.07176997379,5000,4610.34363314942,0.597343889360711,34.2252837782984,0.0134022825636014,0.767894226736136,53.6091302544057,5.46660992840631
3.8268645357412,2949.62771250458,2416.05010986187,0.819248323101421,46.9394712868814,0,6746.82176997379,5000,4592.98157462278,0.597511162474081,34.2348678217204,0.0133614114640939,0.765552485230297,53.4456458563758,5.4499391592823
3.8393645357412,2958.15929676787,2425.18586731075,0.819915371379481,46.9776903379458,0,6740.57176997379,5000,4575.62148077832,0.597677924543588,34.2444225844861,0.0133205155217702,0.763209320335938,53.2820620870809,5.4332582571093
3.8518645357412,2966.68479449197,2434.32730498753,0.82058037423756,47.0157921950778,0,6734.32176997379,5000,4558.26334879308,0.597844175258111,34.2539480487693,0.0132795946164171,0.760864725165352,53.1183784656686,5.41656717285399
3.8643645357412,2975.20422060988,2443.47440140654,0.821243330423863,47.0537767865551,0,6728.07176997379,5000,4540.90717581105,0.598009914304696,34.2634441966391,0.0132386486267671,0.758518692770416,52.9545945070683,5.39986585705295
3.8768645357412,2983.71759010311,2452.62713510658,0.821904238680097,47.0916440402826,0,6721.82176997379,5000,4523.552958943,0.59817514136875,34.2729110100707,0.0131976774303783,0.756171216135736,52.7907097215131,5.38315425976384
3.8893645357412,2992.22491800391,2461.78548464872,0.822563097743878,47.1293938839312,0,6715.57176997379,5000,4506.20069526579,0.598339856134687,34.2823484709824,0.0131566809032945,0.753822288159143,52.626723613178,5.3664323304266
3.9018645357412,3000.72621939287,2470.94942861829,0.823219906346175,47.1670262447907,0,6709.32176997379,5000,4488.85038182325,0.598504058285265,34.2917565611975,0.0131156589203652,0.751471901670036,52.4626356814608,5.34970001799399
3.9143645357412,3009.22150939809,2480.11894562546,0.823874663210398,47.2045410497179,0,6703.07176997379,5000,4471.50201562639,0.598667747501331,34.3011352624299,0.0130746113553441,0.749120049435037,52.2984454213763,5.33295727097187
3.9268645357412,3017.71080319595,2489.29401430456,0.824527367053187,47.2419382251817,0,6696.82176997379,5000,4454.15559365317,0.598830923462023,34.3104845562955,0.0130335380807611,0.746766724150649,52.1341523230443,5.31620403736692
3.9393645357412,3026.1941160133,2498.47461331175,0.825178016586944,47.2792176974081,0,6690.57176997379,5000,4436.81111284792,0.598993585845453,34.3198044243516,0.0129924389675601,0.744411918422504,51.9697558702405,5.29944026453891
3.9518645357412,3034.67146312507,2507.66072132708,0.825826610517141,47.3163793922262,0,6684.32176997379,5000,4419.46857012207,0.599155734328007,34.3290948480564,0.0129513138854402,0.742055624784902,51.8052555417607,5.28266589933981
3.9643645357412,3043.14285985342,2516.85231705513,0.826473147541376,47.3534232350138,0,6678.07176997379,5000,4402.12796235449,0.599317368584075,34.3383558087539,0.0129101627029604,0.739697835706836,51.6406508118415,5.26588088815666
3.9768645357412,3051.60832156846,2526.04937922425,0.827117626350188,47.3903491507444,0,6671.82176997379,5000,4384.78928639125,0.599478488286273,34.3475872876862,0.0128689852874035,0.737338543584172,51.4759411496141,5.24908517685592
3.9893645357412,3060.06786369062,2535.2518865842,0.827760045629727,47.4271570641398,0,6665.57176997379,5000,4367.45253904492,0.599639093106149,34.3567892660346,0.0128277815043896,0.734977740717504,51.3111260175586,5.23227871062581
4.0018645357412,3068.52150168812,2544.45981790823,0.828400404058922,47.4638468995083,0,6659.32176997379,5000,4350.11771709544,0.599799182713452,34.3659617248769,0.0127865512182397,0.732615419332996,51.1462048729588,5.21546143412468
4.0143645357412,3076.96925107613,2553.6731519938,0.82903870030849,47.5004185806876,0,6653.07176997379,5000,4332.78481729039,0.599958756775854,34.3751046451723,0.012745294292088,0.730251571588822,50.9811771683521,5.19863329152688
4.0268645357412,3085.41112741747,2562.89186766174,0.829674933041795,47.536872031094,0,6646.82176997379,5000,4315.45383634475,0.600117814959175,34.3842180077736,0.0127040105877366,0.727886189566819,50.8160423509463,5.1817942264633
4.0393645357412,3093.84714632516,2572.11594375384,0.830309100917648,47.5732071738832,0,6640.57176997379,5000,4298.12477094021,0.600276356928129,34.3933017934704,0.012662699965242,0.725519265248822,50.6507998609681,5.16494418185293
4.0518645357412,3102.27732345971,2581.34535913499,0.830941202587343,47.6094239317799,0,6634.32176997379,5000,4280.79761772602,0.600434382345557,34.4023559829448,0.0126213622833043,0.723150790538935,50.4854491332171,5.1480831000614
4.0643645357412,3110.7016745283,2590.58009269392,0.831571236693601,47.6455222270177,0,6628.07176997379,5000,4263.47237331931,0.600591890872132,34.4113805567549,0.0125799973993869,0.72078075727042,50.3199895975476,5.13121092295
4.0768645357412,3119.12021528554,2599.82012334234,0.832199201871482,47.6815019813915,0,6621.82176997379,5000,4246.14903430482,0.600748882166597,34.420375495348,0.0125386051695612,0.71840915719677,50.1544206782446,5.11432759181215
4.0893645357412,3127.53296153604,2609.06543001244,0.832825096751331,47.7173631164257,0,6615.57176997379,5000,4228.82759723418,0.60090535588655,34.429340779106,0.0124971854480644,0.7160359819664,49.9887417922577,5.09743304719325
4.1018645357412,3135.93992913168,2618.31599165911,0.833448919955656,47.7531055531959,0,6609.32176997379,5000,4211.50805862679,0.601061311687635,34.4382763882988,0.0124557380877159,0.713661223146472,49.8229523508636,5.08052722906024
4.1143645357412,3144.34113397074,2627.57178726071,0.834070670098021,47.788729212265,0,6603.07176997379,5000,4194.19041497013,0.601216749223238,34.4471823030667,0.0124142629400451,0.711284872230251,49.6570517601802,5.06361007685399
4.1268645357412,3152.73659199869,2636.83279581813,0.834690345784002,47.8242340137387,0,6596.82176997379,5000,4176.87466271954,0.601371668144727,34.4560585034348,0.0123727598551251,0.708906920627566,49.4910394205005,5.04668152942142
4.1393645357412,3161.12631921084,2646.09899635229,0.835307945614295,47.8596198774424,0,6590.57176997379,5000,4159.56079829738,0.60152606810229,34.4649049693602,0.0123312286811005,0.706527359637732,49.324914724402,5.02974152482265
4.1518645357412,3169.51033164959,2655.37036790639,0.835923468181421,47.8948867227338,0,6584.32176997379,5000,4142.24881809401,0.601679948744076,34.4737216806833,0.0122896692646311,0.704146180475007,49.1586770585243,5.01279000051234
4.1643645357412,3177.88864540343,2664.64688954664,0.836536912068569,47.9300344684354,0,6578.07176997379,5000,4124.93871846809,0.601833309715875,34.4825086171094,0.0122480814510309,0.701763374276538,48.9923258041235,4.99582689339616
4.1768645357412,3186.26127660783,2673.92854036145,0.837148275850596,47.9650630328928,0,6571.82176997379,5000,4107.63049574634,0.601986150661376,34.4912657582234,0.0122064650840888,0.699378932092091,48.8258603363553,4.97885213975774
4.1893645357412,3194.628241448,2683.21529945867,0.837757558097305,47.9999723341615,0,6565.57176997379,5000,4090.32414622267,0.602138471223043,34.4999930835399,0.0121648200055626,0.696992844855049,48.6592800222505,4.96186567505219
4.2018645357412,3202.98955615601,2692.50714596802,0.83836475736998,48.0347622898091,0,6559.32176997379,5000,4073.01966615919,0.602290271041215,34.5086905724521,0.0121231460556551,0.694605103409708,48.4925842226204,4.94486743410037
4.2143645357412,3211.34523700978,2701.80405904184,0.83896987222015,48.0694328168446,0,6553.07176997379,5000,4055.71705178655,0.602441549753771,34.5173582042117,0.0120814430731624,0.692215698519769,48.3257722926496,4.92785735114944
4.2268645357412,3219.69530033398,2711.10601785418,0.839572901190664,48.1039838317791,0,6546.82176997379,5000,4038.41629930362,0.602592306996394,34.525995957945,0.0120397108952828,0.689824620857378,48.1588435811312,4.91083535979475
4.2393645357412,3228.03976250295,2720.41300159804,0.84017384281913,48.138415250824,0,6540.57176997379,5000,4021.11740487666,0.602742542403499,34.5346038127055,0.0119979493570722,0.687431860971935,47.9917974282886,4.89380139275784
4.2518645357412,3236.37863993767,2729.72498948782,0.840772695634274,48.1727269896812,0,6534.32176997379,5000,4003.82036464031,0.602892255607289,34.5431817474201,0.0119561582919565,0.685037409319453,47.8246331678262,4.87675538209543
4.2643645357412,3244.71194910475,2739.04196076011,0.84136945815463,48.2069189634692,0,6528.07176997379,5000,3986.52517469796,0.603041446237392,34.5517297408679,0.0119143375318905,0.68264125627164,47.657350127562,4.85969725926407
4.2768645357412,3253.03970651736,2748.36389467277,0.841964128889673,48.2409910867871,0,6521.82176997379,5000,3969.23183112144,0.603190113921146,34.560247771697,0.0118724869071518,0.680243392104126,47.4899476286072,4.84262695503635
4.2893645357412,3261.36192873823,2757.69077050202,0.842556706343457,48.2749432739235,0,6515.57176997379,5000,3951.94032995011,0.60333825828458,34.5687358184804,0.011830606245757,0.677843806962986,47.3224249830279,4.82554439926253
4.3018645357412,3269.67863237659,2767.02256754503,0.843147189010762,48.3087754386358,0,6509.32176997379,5000,3934.65066719191,0.603485878951411,34.5771938596587,0.0117886953740114,0.67544249089625,47.1547814960456,4.80844952109493
4.3143645357412,3277.98983408704,2776.35926512074,0.843735575375721,48.342487494071,0,6503.07176997379,5000,3917.36283882376,0.603632975542665,34.5856218735183,0.0117467541166801,0.673039433863693,46.9870164667202,4.79134224905755
4.3268645357412,3286.29555057059,2785.70084256885,0.844321863913005,48.3760793528342,0,6496.82176997379,5000,3900.07684079118,0.60377954767698,34.5940198382088,0.0117047822967666,0.670634625724171,46.8191291870666,4.77422251095599
4.3393645357412,3294.59579857775,2795.04727924686,0.84490605309168,48.4095509272095,0,6490.57176997379,5000,3882.79266900739,0.603925594971636,34.6023877318019,0.0116627797348847,0.668228056199597,46.6511189395387,4.75709023362093
4.3518645357412,3302.89059490535,2804.39855453273,0.845488141371128,48.4429021289259,0,6484.32176997379,5000,3865.51031935439,0.604071117041502,34.6107255322312,0.0116207462498496,0.665819714908863,46.4829849993986,4.73994534314966
4.3643645357412,3311.17995639539,2813.75464782573,0.846068127199597,48.4761328690746,0,6478.07176997379,5000,3848.22978768335,0.604216113498635,34.6190332172693,0.0115786816588626,0.66340959137836,46.3147266354503,4.72278776498093
4.3768645357412,3319.46389993612,2823.11553854539,0.846646009015452,48.5092430581805,0,6471.82176997379,5000,3830.95106981425,0.604360583952592,34.6273107645454,0.0115365857772724,0.66099767502836,46.1463431090896,4.70561742379809
4.3893645357412,3327.74244246526,2832.48120612847,0.847221785251263,48.5422326064363,0,6465.57176997379,5000,3813.6741615349,0.604504528011531,34.6355581516086,0.0114944584178988,0.65858395513422,45.977833671595,4.6884342432528
4.4018645357412,3336.01560096669,2841.85163003165,0.847795454329483,48.5751014234555,0,6459.32176997379,5000,3796.39905860209,0.604647945281091,34.6437753558636,0.0114522993916692,0.656168420862884,45.8091975666767,4.67123814622493
4.4143645357412,3344.2833924693,2851.22678973246,0.848367014660914,48.6078494181836,0,6453.07176997379,5000,3779.12575674196,0.604790835363965,34.6519623545466,0.0114101085078178,0.653751061284276,45.6404340312713,4.6540290549037
4.4268645357412,3352.54583404802,2860.60666472819,0.848936464646037,48.6404764989749,0,6446.82176997379,5000,3761.85425164967,0.604933197860238,34.660119124744,0.0113678855736291,0.6513318653566,45.4715422945162,4.63680689068298
4.4393645357412,3360.80294282731,2869.99123453272,0.849503802679331,48.67298257384,0,6440.57176997379,5000,3744.58453898836,0.605075032368548,34.6682456434595,0.0113256303937069,0.648910821884497,45.3025215748278,4.61957157386343
4.4518645357412,3369.05473597763,2879.38047867934,0.850069027144712,48.7053675501838,0,6434.32176997379,5000,3727.31661439029,0.605216338484898,34.6763418875457,0.0112833427706624,0.646487919558402,45.1333710826494,4.60232302393268
4.4643645357412,3377.30123071425,2888.77437672168,0.850632136413891,48.7376313347124,0,6428.07176997379,5000,3710.05047345731,0.60535711580221,34.6844078336788,0.011241022505328,0.644063146966869,44.964090021312,4.58506115965309
4.4768645357412,3385.5424442984,2898.17290823263,0.851193128847792,48.7697738335138,0,6421.82176997379,5000,3692.78611176048,0.605497363910678,34.6924434583788,0.0111986693964818,0.641636492580722,44.7946775859271,4.56778589894888
4.4893645357412,3393.77839404082,2907.57605280099,0.851752002801136,48.8017949523202,0,6415.57176997379,5000,3675.52352483891,0.605637082398999,34.7004487380795,0.0111562832400568,0.639207944707792,44.6251329602273,4.55049715858395
4.5018645357412,3402.00909729815,2916.98379003446,0.852308756617593,48.833694596231,0,6409.32176997379,5000,3658.26270820108,0.605776270853118,34.7084236490575,0.0111138638298848,0.636777491535502,44.4554553195394,4.53319485446502
4.5143645357412,3410.23457147169,2926.39609956054,0.852863388628054,48.8654726696132,0,6403.07176997379,5000,3641.00365732521,0.605914928855751,34.7163681674041,0.011071410957928,0.634345121144166,44.285643831712,4.51587890173627
4.5268645357412,3418.45483400857,2935.81296102547,0.853415897152122,48.8971290761873,0,6396.82176997379,5000,3623.74636765893,0.606053055986761,34.7242822690472,0.0110289244139801,0.631910821489854,44.1156976559204,4.49854921465744
4.5393645357412,3426.66990240548,2945.23435409072,0.853966280502988,48.9286637193062,0,6390.57176997379,5000,3606.49083461803,0.606190651824461,34.732165929826,0.010986403984812,0.629474580355438,43.9456159392481,4.48120570625525
4.5518645357412,3434.87979420494,2954.66025843607,0.854514536982284,48.9600765016606,0,6384.32176997379,5000,3589.23705358786,0.60632771594429,34.7400191254149,0.010943849454976,0.62703638539667,43.7753978199039,4.46384828865147
4.5643645357412,3443.08452699394,2964.09065376063,0.855060664878244,48.9913673251735,0,6378.07176997379,5000,3571.98501992369,0.6064642479183,34.7478418312942,0.0109012606070561,0.624596224156539,43.6050424282246,4.44647687316511
4.5768645357412,3451.28411840524,2973.52551978162,0.85560466246729,49.0225360910911,0,6371.82176997379,5000,3554.73472895037,0.606600247315554,34.7556340227732,0.0108586372213465,0.62215408404682,43.4345488853861,4.42909137018106
4.5893645357412,3459.47858612123,2982.96483623084,0.856146528019215,49.0535827002799,0,6365.57176997379,5000,3537.48617596105,0.606735713703518,34.7633956750694,0.0108159790749235,0.619709952294929,43.263916299694,4.4116916887718
4.6018645357412,3467.66794787006,2992.40858285779,0.856686259791711,49.084507052913,0,6359.32176997379,5000,3520.23935621857,0.606870646646647,34.771126763228,0.0107732859425177,0.617263815993884,43.0931437700708,4.394277737053
4.6143645357412,3475.85222142421,3001.85673943077,0.857223856028415,49.1153090483583,0,6353.07176997379,5000,3502.99426495592,0.607005045705843,34.7788272620904,0.0107305575967872,0.614815662117949,42.9222303871487,4.37684942229495
4.6268645357412,3484.03142460187,3011.3092857356,0.857759314960596,49.1459885852748,0,6346.82176997379,5000,3485.75089737579,0.607138910438881,34.7864971463191,0.0106877938079666,0.612365477502541,42.7511752318664,4.35940665077946
4.6393645357412,3492.20557527096,3020.76620157194,0.858292634812669,49.1765455619292,0,6340.57176997379,5000,3468.50924864932,0.607272240401881,34.7941363904817,0.0106449943428612,0.609913248786586,42.579977371445,4.34194932738957
4.6518645357412,3500.37469134509,3030.22746675657,0.858823813796379,49.2069798758618,0,6334.32176997379,5000,3451.26931391747,0.607405035147814,34.8017449689651,0.0106021589657937,0.607458962466762,42.4086358631746,4.32447735599564
4.6643645357412,3508.53879078213,3039.69306112448,0.859352850108709,49.2372914237675,0,6328.07176997379,5000,3434.03108829156,0.607537294225918,34.8093228559428,0.0105592874388999,0.605002604914466,42.2371497555994,4.30699063957615
4.6768645357412,3516.69789158556,3049.16296452759,0.859879741933683,49.2674801015984,0,6321.82176997379,5000,3416.79456685277,0.607669017182153,34.8168700254001,0.010516379521749,0.602544162354027,42.0655180869961,4.28948908006262
4.6893645357412,3524.85201180877,3058.6371568309,0.860404487448245,49.2975458049012,0,6315.57176997379,5000,3399.5597446508,0.607800203560775,34.8243864512247,0.01047343497025,0.600083620800052,41.8937398810001,4.27197257789359
4.7018645357412,3533.0011695508,3068.1156179159,0.860927084816055,49.3274884284614,0,6309.32176997379,5000,3382.32661670536,0.607930852902732,34.831872107115,0.010430453537679,0.597620966116307,41.7218141507161,4.25444103243372
4.7143645357412,3541.14538295484,3077.59832768171,0.861447532185266,49.3573078661759,0,6303.07176997379,5000,3365.09517800667,0.608060964745058,34.839326966545,0.0103874349750042,0.59515618403432,41.5497399000168,4.23689434210631
4.7268645357412,3549.28467020965,3087.08526604376,0.861965827690436,49.3870040111628,0,6296.82176997379,5000,3347.86542351499,0.608190538621342,34.8467510027912,0.0103443790304711,0.592689260129627,41.3775161218846,4.21933240422413
4.7393645357412,3557.41904955412,3096.57641292976,0.862481969458814,49.4165767561212,0,6290.57176997379,5000,3330.63734815917,0.608319574063417,34.8541441890297,0.0103012854484109,0.590220179753473,41.2051417936435,4.20175511450327
4.7518645357412,3565.54853927274,3106.07174828326,0.862995955603711,49.446025992952,0,6284.32176997379,5000,3313.41094683823,0.608448070599646,34.8615064982377,0.010258153970361,0.587748928097054,41.032615881444,4.18416236752041
4.7643645357412,3573.67315769409,3115.57125206484,0.863507784222132,49.4753516126215,0,6278.07176997379,5000,3296.18621442188,0.608576027754275,34.8688379031564,0.0102149843354183,0.585275490211716,40.8599373416731,4.16655405685664
4.7768645357412,3581.79292319232,3125.07490425077,0.864017453396812,49.5045535052787,0,6271.82176997379,5000,3278.96314575,0.608703445047937,34.8761383763202,0.0101717762797883,0.582799850983149,40.687105119153,4.14893007491376
4.7893645357412,3589.9078541919,3134.58268482871,0.864524961202939,49.5336315606396,0,6265.57176997379,5000,3261.74173563115,0.608830321999448,34.8834078901593,0.0101285295354836,0.580321995056813,40.5141181419345,4.13129031238339
4.8018645357412,3598.01796916296,3144.09457380154,0.86503030570107,49.5625856675827,0,6259.32176997379,5000,3244.52197884419,0.608956658123986,34.8906464168953,0.0100852438315479,0.577841906908042,40.3409753261916,4.11363465874602
4.8143645357412,3606.12328661961,3153.61055118856,0.865533484934593,49.5914157140022,0,6253.07176997379,5000,3227.30387013885,0.609082452932392,34.8978539285017,0.0100419188944407,0.575359570864131,40.1676755777629,4.09596300242824
4.8268645357412,3614.22382512157,3163.13059702402,0.866034496931913,49.6201215869341,0,6246.82176997379,5000,3210.08740423519,0.609207705931713,34.9050303967341,0.00999855444754696,0.572874971076199,39.9942177901878,4.07827523060248
4.8393645357412,3622.31960327915,3172.65469135279,0.866533339713637,49.6487031729674,0,6240.57176997379,5000,3192.87257582199,0.609332416627122,34.9121757932412,0.0099551502097527,0.570388091437606,39.8206008390108,4.06057122860618
4.8518645357412,3630.41063974833,3182.18281423417,0.867030011285008,49.6771603578111,0,6234.32176997379,5000,3175.65937955846,0.60945658451997,34.9192900894524,0.00991170589678299,0.567898915660596,39.646823587132,4.04285088048742
4.8643645357412,3638.49695322905,3191.71494574331,0.867524509633169,49.7054930261369,0,6228.07176997379,5000,3158.44781007486,0.609580209107037,34.9263732565354,0.009868221221625,0.565407427300546,39.4728848865,4.02511406917755
4.8768645357412,3646.57856246691,3201.2510659696,0.868016832729515,49.7337010617144,0,6221.82176997379,5000,3141.23786197191,0.609703289881115,34.9334252654293,0.00982469589399045,0.562913609725162,39.2987835759618,4.0073606762719
4.8893645357412,3654.65548625837,3210.7911550121,0.868506978537395,49.7617843478519,0,6215.57176997379,5000,3124.0295298191,0.609825826333061,34.9404460869623,0.00978112961875529,0.560417446025082,39.1245184750211,3.98959058139336
4.9018645357412,3662.72774344565,3220.33519298365,0.868994945003998,49.7897427669322,0,6209.32176997379,5000,3106.82280815649,0.609947817949717,34.9474356917327,0.00973752209742561,0.557918919097865,38.9500883897024,3.97180366279029
4.9143645357412,3670.7953529149,3229.88316001222,0.869480730057423,49.8175762002439,0,6203.07176997379,5000,3089.61769149532,0.610069264213102,34.9543940500623,0.00969387302860227,0.555418011674611,38.7754921144091,3.95399979752607
4.9268645357412,3678.85833359802,3239.43503623934,0.869964331609194,49.8452845281264,0,6196.82176997379,5000,3072.41417431746,0.610190164601036,34.9613211320324,0.00965018210739147,0.552914706286194,38.6007284295659,3.93617886123864
4.9393645357412,3686.91670447809,3248.99080181524,0.870445747562538,49.8728676304433,0,6190.57176997379,5000,3055.21225107355,0.610310518589347,34.9682169076101,0.0096064490236922,0.550408985165133,38.4257960947688,3.91834072744197
4.9518645357412,3694.97048458405,3258.5504369032,0.870924975803672,49.9003253860837,0,6184.32176997379,5000,3038.01191618492,0.610430325649635,34.9750813465206,0.00956267346380443,0.547900830337742,38.2506938552177,3.90048526818207
4.9643645357412,3703.01969298879,3268.11392168093,0.871402014198651,49.9276576727817,0,6178.07176997379,5000,3020.81316404428,0.610549585248411,34.9819144181968,0.00951885511094198,0.545390223653508,38.0754204437679,3.88261235424614
4.9768645357412,3711.064348811,3277.68123633896,0.871876860596071,49.9548643672709,0,6171.82176997379,5000,3003.61598901501,0.610668296847757,34.9887160918186,0.00947499364458445,0.542877146747967,37.8999745783378,3.86472185489824
4.9893645357412,3719.10447122102,3287.25236107554,0.872349512835976,49.9819453457949,0,6165.57176997379,5000,2986.42038542935,0.610786459907706,34.995486336448,0.00943108873859207,0.540361580934685,37.7243549543683,3.84681363711036
5.0018645357412,3727.14007943512,3296.82727610117,0.872819968740486,50.0089004835703,0,6159.32176997379,5000,2969.22634759031,0.610904073883839,35.0022251208922,0.0093871400629766,0.537843507306729,37.5485602519064,3.82888756628476
5.0143645357412,3735.17119271354,3306.40596164011,0.873288226110401,50.0357296545923,0,6153.07176997379,5000,2952.03386977243,0.611021138226351,35.0089324136496,0.00934314728446553,0.535322906768991,37.3725891378621,3.81094350648408
5.0268645357412,3743.19783036249,3315.98839792865,0.873754282728113,50.0624327318014,0,6146.82176997379,5000,2934.84294622105,0.611137652380769,35.0156081829513,0.00929911006579057,0.532799759997421,37.1964402631623,3.79298132014116
5.0393645357412,3751.22001174023,3325.57456520974,0.874218136367203,50.089009587633,0,6140.57176997379,5000,2917.65357115034,0.611253615790513,35.0222523969075,0.00925502806360705,0.530274047319819,37.0201122544282,3.77500086721033
5.0518645357412,3759.23775625115,3335.16444373781,0.874679784782344,50.1154600934395,0,6134.32176997379,5000,2900.46573874536,0.611369027894303,35.0288650233595,0.00921090093044686,0.527745748827728,36.8436037217874,3.75700200596406
5.0643645357412,3767.25108334363,3344.75801378031,0.875139225705641,50.14178411928,0,6128.07176997379,5000,2883.27944316284,0.611483888125163,35.0354460298216,0.00916672831534346,0.525214844412247,36.6669132613738,3.73898459324783
5.0768645357412,3775.26001251218,3354.35525561589,0.87559645684976,50.1679815341,0,6121.82176997379,5000,2866.09467853042,0.611598195911183,35.0419953835261,0.00912250986304649,0.522681313719031,36.490039452186,3.72094848415983
5.0893645357412,3783.26456330388,3363.95614952882,0.876051475918303,50.1940522063254,0,6115.57176997379,5000,2848.91143894452,0.611711950678287,35.0485130515806,0.00907824521172086,0.520145136016454,36.3129808468834,3.7028935311124
5.1018645357412,3791.26475531211,3373.56067581397,0.876504280594901,50.2199960032383,0,6109.32176997379,5000,2831.7297184726,0.611825151847442,35.0549990008092,0.00903393399510653,0.517606290319363,36.1357359804261,3.68481958471304
5.1143645357412,3799.26060817434,3383.1688147785,0.876954868539262,50.2458127907496,0,6103.07176997379,5000,2814.54951115387,0.61193779883357,35.0614531976892,0.00898957584321048,0.515064755428719,35.9583033728419,3.66672649404658
5.1268645357412,3807.25214157434,3392.78054673995,0.877403237390543,50.2715024335932,0,6096.82176997379,5000,2797.37081099856,0.612049891046381,35.0678756083995,0.00894517038144006,0.512520509881944,35.7806815257602,3.64861410632176
5.1393645357412,3815.23937524902,3402.3958520203,0.877849384778584,50.2970647959687,0,6090.57176997379,5000,2780.19361198566,0.612161427893358,35.0742661989915,0.00890071722805054,0.509973531806677,35.6028689122021,3.63048226583004
5.1518645357412,3823.22232898183,3412.01471095128,0.878293308312108,50.3224997408662,0,6084.32176997379,5000,2763.01790806525,0.612272408776744,35.0806249352161,0.00885621599653919,0.507423799057942,35.4248639861567,3.61233081492219
5.1643645357412,3831.2010226004,3421.63710387616,0.878735005574438,50.3478071298201,0,6078.07176997379,5000,2745.8436931593,0.612382833092366,35.0869517824569,0.00881166629641579,0.504871289262298,35.2466651856631,3.59415959432254
5.1768645357412,3839.17547597887,3431.26301114765,0.879174474127148,50.3729868231192,0,6071.82176997379,5000,2728.6709611609,0.612492700230534,35.0932467057811,0.00876706773224144,0.502315979762764,35.0682709289658,3.57596844273689
5.1893645357412,3847.1457090452,3440.89241312177,0.879611711522242,50.3980386805034,0,6065.57176997379,5000,2711.49970593182,0.612602009579272,35.0995096701251,0.00872241990079036,0.499757847456206,34.8896796031615,3.55775719569491
5.2018645357412,3855.11174177411,3450.52529016337,0.880046715289368,50.422962560432,0,6059.32176997379,5000,2694.32992130499,0.612710760521059,35.1057406401076,0.00867772239371198,0.497196868945859,34.7108895748479,3.5395256866359
5.2143645357412,3863.07359418463,3460.161622648,0.880479482931162,50.4477583198166,0,6053.07176997379,5000,2677.16160108535,0.61281895243155,35.1119395799562,0.00863297479838917,0.494633020590502,34.5318991935567,3.52127374725892
5.2268645357412,3871.03128634261,3469.80139095978,0.880910011927214,50.4724258142484,0,6046.82176997379,5000,2659.99473904905,0.612926584680553,35.1181064535636,0.00858817669687046,0.492066278443281,34.3527067874818,3.50300120708721
5.2393645357412,3878.98483836838,3479.44457548488,0.881338299747297,50.496964898756,0,6040.57176997379,5000,2642.82932894079,0.613033656635536,35.1242412246883,0.00854332766270602,0.489496618070421,34.1733106508241,3.48470789217766
5.2518645357412,3886.93427042935,3489.09115661733,0.881764343837482,50.5213754270101,0,6034.32176997379,5000,2625.66536447653,0.613140167658087,35.1303438567521,0.00849842726391465,0.486924014721221,33.9937090556586,3.46639362633097
5.2643645357412,3894.87960273741,3498.74111476107,0.88218814161507,50.5456572510329,0,6028.07176997379,5000,2608.50283934434,0.61324611710253,35.1364143127604,0.00845347506394304,0.48434844338302,33.8139002557722,3.44805823148294
5.2768645357412,3902.82085555155,3508.39443032763,0.882609690472903,50.5698102214453,0,6021.82176997379,5000,2591.34174720355,0.613351504316979,35.142452555363,0.00840847062047707,0.481769878713085,33.6338824819083,3.42970152721962
5.2893645357412,3910.75804918605,3518.05108372927,0.88302898779377,50.5938341882921,0,6015.57176997379,5000,2574.18208168193,0.613456328647154,35.1484585470723,0.00836341348190324,0.479188294835868,33.453653927613,3.41132332933397
5.3018645357412,3918.69120400261,3527.71105538513,0.883446030935297,50.6177290001765,0,6009.32176997379,5000,2557.02383637856,0.61356058943254,35.1544322500436,0.00831830319062423,0.476603665532975,33.2732127624969,3.39292345117822
5.3143645357412,3926.6203404076,3537.37432572342,0.883860817224409,50.6414945039425,0,6003.07176997379,5000,2539.86700486472,0.613664286004868,35.160373625988,0.00827313928413848,0.474015964305018,33.0925571365539,3.37450170410425
5.3268645357412,3934.54547885484,3547.04087517893,0.884273343962034,50.6651305449447,0,5996.82176997379,5000,2522.711580683,0.613767417689265,35.166282636238,0.00822792129370754,0.471425164295262,32.9116851748302,3.35605789691996
5.3393645357412,3942.46663985431,3556.71068418578,0.88468360843883,50.6886369679493,0,5990.57176997379,5000,2505.55755734432,0.613869983808419,35.1721592419866,0.00818264874038999,0.468831238062386,32.73059496156,3.33759183427164
5.3518645357412,3950.38384396381,3566.38373318397,0.885091607918691,50.7120136161888,0,5984.32176997379,5000,2488.40492833086,0.613971983678389,35.1780034040467,0.00813732113875814,0.466234157793431,32.5492845550326,3.31910331815988
5.3643645357412,3958.29711178602,3576.06000262164,0.885497339632699,50.7352603310161,0,5978.07176997379,5000,2471.25368709717,0.614073416606944,35.1838150827566,0.00809193799811274,0.4636338953734,32.3677519924509,3.30059214843509
5.3768645357412,3966.20646397148,3585.73947295252,0.88590080078425,50.7583769521975,0,5971.82176997379,5000,2454.10382706913,0.614174281894823,35.1895942380514,0.00804649882099151,0.461030422299806,32.185995283966,3.28205812218913
5.3893645357412,3974.11192122786,3595.42212462817,0.886301988566278,50.7813633188999,0,5965.57176997379,5000,2436.95534164071,0.614274578840282,35.1953408297243,0.00800100309870255,0.45842370942675,32.0040123948102,3.26350103193345
5.4018645357412,3982.0135043111,3605.10793810496,0.886700900143204,50.8042192686567,0,5959.32176997379,5000,2419.80822417724,0.614374306734517,35.2010548171637,0.00795545031550722,0.455813727204583,31.8218012620289,3.24492066730524
5.4143645357412,3989.91123402225,3614.79689384648,0.887097532644308,50.8269446369876,0,5953.07176997379,5000,2402.66246801645,0.614473464859851,35.2067361592497,0.0079098399499931,0.453200445758575,31.6393597999724,3.2263168156274
5.4268645357412,3997.80513121067,3624.48897232084,0.887491883169336,50.8495392577205,0,5946.82176997379,5000,2385.51806646742,0.614572052491099,35.2123848144325,0.0078641714733961,0.450583834792775,31.4566858935844,3.20768926122421
5.4393645357412,4005.69521678397,3634.1841539924,0.887883948807408,50.8720029640741,0,5940.57176997379,5000,2368.37501280713,0.614670068900565,35.2180007410179,0.00781844434455534,0.447963863300948,31.2737773782214,3.18903778336347
5.4518645357412,4013.58151169848,3643.88241932923,0.888273726617217,50.894335587524,0,5934.32176997379,5000,2351.23330028388,0.61476751335302,35.2235838968805,0.00777265801463653,0.445340499837207,31.0906320585461,3.17036215818308
5.4643645357412,4021.46403695596,3653.58374880566,0.888661213619735,50.9165369573845,0,5928.07176997379,5000,2334.09292211848,0.614864385103712,35.2291342393492,0.00772681192868754,0.442713712605136,30.9072477147502,3.15166215932558
5.4768645357412,4029.34281360697,3663.28812289939,0.889046406804375,50.9386069011615,0,5921.82176997379,5000,2316.95387150307,0.614960683399864,35.234651725293,0.00768090552374692,0.440083469349419,30.7236220949877,3.13293755716658
5.4893645357412,4037.21786276151,3672.99552208273,0.889429303149797,50.9605452457452,0,5915.57176997379,5000,2299.81614159744,0.615056407486163,35.2401363114357,0.00763493822312312,0.437449737028067,30.5397528924925,3.11418811648141
5.5018645357412,4045.08920557887,3682.70592683052,0.88980989960213,50.9823518161616,0,5909.32176997379,5000,2282.67972553267,0.615151556599248,35.2455879540399,0.00758890944174726,0.4348124821191,30.355637766989,3.09541359862838
5.5143645357412,4052.95686326408,3692.41931762287,0.890188193066924,51.0040264351116,0,5903.07176997379,5000,2265.54461641242,0.615246129965515,35.2510066087813,0.00754281858794424,0.432171670722032,30.171274351777,3.07661376227121
5.5268645357412,4060.82085707155,3702.1356749421,0.89056418041593,51.02556892336,0,5896.82176997379,5000,2248.41080731166,0.615340126802759,35.256392230843,0.00749666506129117,0.429527268435166,29.9866602451647,3.05778836250551
5.5393645357412,4068.68120831644,3711.85497926333,0.890937858510081,51.0469791010513,0,5890.57176997379,5000,2231.27829127269,0.615433546326235,35.2617447752623,0.00745044824610557,0.426879239982496,29.8017929844223,3.03893714820273
5.5518645357412,4076.53793836385,3721.57721106302,0.891309224175453,51.0682567863332,0,5884.32176997379,5000,2214.1470613091,0.615526387742579,35.2670641965828,0.0074041675175344,0.424227549562577,29.6166700701376,3.02005986449375
5.5643645357412,4084.39106862495,3731.30235082185,0.891678274194364,51.089401794846,0,5878.07176997379,5000,2197.01711040707,0.61561865024738,35.2723504487152,0.00735782224358136,0.42157216096469,29.4312889743254,3.00115625359582
5.5768645357412,4092.24062056093,3741.03037902147,0.892045005312853,51.1104139401516,0,5871.82176997379,5000,2179.88843152405,0.615710333026997,35.2776034850413,0.00731141178266954,0.418913037429186,29.2456471306781,2.98222605381839
5.5893645357412,4100.08661569522,3750.76127613447,0.892409414266152,51.1312930351924,0,5865.57176997379,5000,2162.76101758451,0.615801435265255,35.2828232587977,0.00726493547619976,0.416250141221111,29.0597419047991,2.96326899652777
5.6018645357412,4107.92907560183,3760.49502263345,0.892771497752055,51.152038890766,0,5859.32176997379,5000,2145.6348614841,0.61589195613673,35.2880097226911,0.00721839265550761,0.413583434028817,28.8735706220304,2.94428480898477
5.6143645357412,4115.76802190131,3770.2315989942,0.893131252421051,51.1726513149596,0,5853.07176997379,5000,2128.50995609112,0.615981894804059,35.293162828744,0.00717178264419006,0.410912877097264,28.6871305767602,2.92527321529373
5.6268645357412,4123.60347626488,3779.97098569217,0.893488674884601,51.1931301136242,0,5846.82176997379,5000,2111.38629424508,0.616071250419942,35.2982825284099,0.00712510475532644,0.408238431068798,28.5004190213057,2.906233935269
5.6393645357412,4131.43546042765,3789.7131631917,0.893843761743449,51.2134750919968,0,5840.57176997379,5000,2094.26386875208,0.616160022134582,35.3033687729989,0.00707835828293017,0.405560055493367,28.3134331317207,2.8871666809482
5.6518645357412,4139.26399617611,3799.45811195583,0.894196509558055,51.2336860530061,0,5834.32176997379,5000,2077.14267238931,0.61624820908823,35.3084215132511,0.00703154250993485,0.402877709286093,28.1261700397394,2.86807115984963
5.6643645357412,4147.08910534366,3809.20581244964,0.894546914837577,51.2537627966418,0,5828.07176997379,5000,2060.02269790668,0.616335810408198,35.313440699165,0.00698465671087967,0.400191350881132,27.9386268435187,2.84894707606763
5.6768645357412,4154.91080981521,3818.95624513654,0.89489497404909,51.2737051204822,0,5821.82176997379,5000,2042.90393802518,0.616422825211074,35.318426280125,0.00693770014872111,0.397500938049003,27.7508005948844,2.82979412897212
5.6893645357412,4162.72913154136,3828.70939046665,0.895240683649167,51.2935128215038,0,5815.57176997379,5000,2025.7863854319,0.616509252611015,35.3233782053759,0.00689067206497463,0.394806427331742,27.5626882598985,2.81061200918749
5.7018645357412,4170.54409252493,3838.46522888735,0.895584040050908,51.3131856941923,0,5809.32176997379,5000,2008.67003278498,0.616595091711445,35.3282964235477,0.00684357168891849,0.392107774570246,27.374286755674,2.79140040234677
5.7143645357412,4178.35571481616,3848.22374084691,0.895925039611629,51.3327235298375,0,5803.07176997379,5000,1991.55487271519,0.61668034160172,35.3331808824644,0.00679639824071263,0.389404935082971,27.1855929628505,2.77215899036373
5.7268645357412,4186.16402051764,3857.98490679052,0.896263678643129,51.3521261171208,0,5796.82176997379,5000,1974.44089782435,0.616765001359596,35.3380315292853,0.00674915092772415,0.386697863455398,26.9966037108966,2.75288744993414
5.7393645357412,4193.96903179968,3867.74870714769,0.896599953447082,51.3713932441439,0,5790.57176997379,5000,1957.32810067979,0.616849070060498,35.3428483110362,0.00670182893309694,0.383986512885118,26.8073157323878,2.73358544787341
5.7518645357412,4201.77077088576,3877.51512234374,0.896933860278123,51.3905246963132,0,5784.32176997379,5000,1940.21647381974,0.61693254676825,35.347631174078,0.00665443142641698,0.381270835792913,26.6177257056679,2.71425264546689
5.7643645357412,4209.56926004732,3887.28413280365,0.897265395330023,51.4095202555476,0,5778.07176997379,5000,1923.10600975509,0.617015430531328,35.3523800638926,0.00660695756735009,0.378550784031182,26.4278302694004,2.69488869995364
5.7768645357412,4217.36452160907,3897.0557189478,0.897594554747182,51.4283797009379,0,5771.82176997379,5000,1905.9967009676,0.617097720385624,35.3570949252404,0.00655940650139067,0.375826308640359,26.2376260055627,2.67549326279236
5.7893645357412,4225.15657796574,3906.82986117841,0.897921334664456,51.4471028110272,0,5765.57176997379,5000,1888.88853990393,0.617179415364847,35.3617757027573,0.00651177734653067,0.373097359085106,26.0471093861227,2.65606597422389
5.8018645357412,4232.94545156625,3916.60653989184,0.898245731165652,51.4656893614346,0,5759.32176997379,5000,1871.78151898145,0.617260514490134,35.3664223403585,0.00646406920569044,0.370363883966544,25.8562768227617,2.63660646834156
5.8143645357412,4240.73116490806,3926.38573548293,0.898567740267932,51.4841391239601,0,5753.07176997379,5000,1854.67563059018,0.617341016765817,35.3710347809963,0.00641628117098398,0.36762583126664,25.6651246839359,2.61711437483095
5.8268645357412,4248.51374054297,3936.16742834032,0.898887357934747,51.5024518673264,0,5746.82176997379,5000,1837.57086709082,0.617420921182532,35.3756129668385,0.0063684123187749,0.364883148064924,25.4736492750996,2.59758931695325
5.8393645357412,4256.29320109533,3945.95159883168,0.899204580120834,51.5206273597571,0,5740.57176997379,5000,1820.46722080827,0.61750022672895,35.3801568399402,0.00632046169403842,0.362135779642508,25.2818467761537,2.57803090516677
5.8518645357412,4264.06956924482,3955.7382273172,0.899519402725363,51.5386653662919,0,5734.32176997379,5000,1803.36468403787,0.617578932380064,35.3846663415729,0.0062724283249301,0.359383670316807,25.0897132997204,2.55843874306928
5.8643645357412,4271.8428677203,3965.52729415425,0.899831821574251,51.5565656477735,0,5728.07176997379,5000,1786.26324904764,0.61765703709241,35.3891414119505,0.00622431122782627,0.356626763730336,24.8972449113051,2.538812429454
5.8768645357412,4279.61311930612,3975.31877969226,0.900141832434765,51.5743279616842,0,5721.82176997379,5000,1769.16290807603,0.617734539807558,35.3935819904292,0.00617610940153418,0.353865002518977,24.7044376061367,2.51915155594793
5.8893645357412,4287.38034686204,3985.11266425675,0.900449431066647,51.591952065075,0,5715.57176997379,5000,1752.06365332484,0.617811439465413,35.3979880162703,0.00612782180883412,0.351098327254417,24.5112872353365,2.49945569948316
5.9018645357412,4295.14457330441,3994.90892816395,0.900754613168936,51.6094377115191,0,5709.32176997379,5000,1734.9654769661,0.61788773499096,35.4023594278799,0.00607944739366409,0.34832667742876,24.3177895746563,2.47972442930627
5.9143645357412,4302.90582159946,4004.7075517259,0.901057374359816,51.6267846499569,0,5703.07176997379,5000,1717.86837114443,0.617963425288818,35.4066961624972,0.00603098508711132,0.345549991797818,24.1239403484453,2.45995730942221
5.9268645357412,4310.66411477019,4014.50851524497,0.901357710193195,51.6439926256461,0,5696.82176997379,5000,1700.77232797462,0.618038509247191,35.4109981564211,0.0059824338005958,0.342768207990548,23.9297352023832,2.44015389581388
5.93936453574119,4318.41947591819,4024.31179899627,0.901655616217086,51.6610613835065,0,5690.57176997379,5000,1683.67733953389,0.618112985753036,35.415265345879,0.00593379240393077,0.33998126125202,23.7351696157231,2.42031372749339
5.9518645357412,4326.17192820308,4034.11738324374,0.901951087912944,51.6779906646448,0,5684.32176997379,5000,1666.58339786934,0.618186853676967,35.4194976661616,0.00588505974573026,0.337189085612678,23.5402389829211,2.40043633482597
5.9643645357412,4333.92149483509,4043.92524824577,0.90224412067257,51.6947802050304,0,5678.07176997379,5000,1649.49049500061,0.618260111867025,35.4236950512667,0.00583623466058901,0.334391614299717,23.3449386423561,2.38052124245854
5.9768645357412,4341.6681990826,4053.73537424911,0.90253470981703,51.7114297365803,0,5671.82176997379,5000,1632.39862291722,0.618332759153181,35.4278574341565,0.00578731596099981,0.331588779273987,23.1492638439993,2.36056796602298
5.9893645357412,4349.41206429626,4063.5477414697,0.902822850663717,51.7279389910008,0,5665.57176997379,5000,1615.30777357,0.618404794364712,35.4319847477536,0.00573830241108164,0.328780509724722,22.9532096443266,2.34057600142011
6.00186453574119,4357.15311388626,4073.36233011024,0.903108538456747,51.7443076957998,0,5659.32176997379,5000,1598.21793887928,0.618476216312924,35.4360769239507,0.00568919275099573,0.325966733468478,22.7567710039829,2.32054483477874
6.0143645357412,4364.89137131422,4083.17912036643,0.903391768340327,51.7605355727609,0,5653.07176997379,5000,1581.12911073789,0.618547023783986,35.4401338932006,0.00563998570561596,0.323147377445908,22.5599428224638,2.30047394599214
6.0268645357412,4372.62686010147,4092.99809242033,0.90367253538047,51.7766223391875,0,5646.82176997379,5000,1564.04128100817,0.618617215544081,35.4441555848106,0.00559067997487971,0.320322367168913,22.3627198995188,2.28036280478235
6.03936453574119,4380.3596038557,4102.81922641916,0.903950834642516,51.7925677123443,0,5640.57176997379,5000,1546.95444151247,0.618686790359436,35.4481419280908,0.00554127420206911,0.317491624903283,22.1650968082764,2.26021085776248
6.05186453574119,4388.08962624589,4112.64250249474,0.904226661110767,51.8083714048531,0,5634.32176997379,5000,1529.86858404224,0.618755746976438,35.4520928512145,0.00549176700325895,0.314655071355946,21.9670680130358,2.24001754044815
6.06436453574119,4395.81695099329,4122.4679007704,0.904500009657582,51.8240331229216,0,5628.07176997379,5000,1512.78370036135,0.618824084113327,35.4560082807423,0.00544215697788026,0.31181262628021,21.768627911521,2.21978228156619
6.0768645357412,4403.54160188057,4132.29540135365,0.90477087506844,51.8395525677799,0,5621.82176997379,5000,1495.69978220272,0.618891800466123,35.4598881419615,0.00539244269711241,0.308964207810683,21.5697707884496,2.19950449831998
6.0893645357412,4411.26360278147,4142.12498431269,0.90503925213219,51.8549294408509,0,5615.57176997379,5000,1478.61682125783,0.618958894731888,35.4637323602194,0.00534262266524357,0.306109730249392,21.3704906609743,2.17918358062889
6.10186453574119,4418.98297763294,4151.95662969801,0.905305135547621,51.8701634383976,0,5609.32176997379,5000,1461.53480918678,0.619025365585662,35.4675408596013,0.00529269535550179,0.303249106118745,21.1707814220072,2.15881890574326
6.11436453574119,4426.69975042506,4161.79031755005,0.905568519887325,51.8852542494525,0,5603.07176997379,5000,1444.45373762194,0.619091211670794,35.4713135623768,0.00524265922305476,0.300382246906373,20.970636892219,2.13840984354688
6.12686453574119,4434.41394521126,4171.62602789114,0.905829399626839,51.9002015574871,0,5596.82176997379,5000,1427.37359816432,0.619156431605786,35.4750503893919,0.00519251269091807,0.297509062257724,20.7700507636723,2.11795575080912
6.13936453574119,4442.12558614144,4181.46374069925,0.906087769250498,51.9150050464772,0,5590.57176997379,5000,1410.29438237169,0.619221024011508,35.4787512616284,0.0051422541024325,0.294629457253215,20.56901640973,2.09745595180107
6.15186453574119,4449.83469743079,4191.30343593216,0.906343623142014,51.929664394633,0,5584.32176997379,5000,1393.21608176991,0.619284987484277,35.4824160986611,0.00509188176527855,0.291743334930084,20.3675270611142,2.07690975624849
6.16436453574119,4457.54130334861,4201.14509353603,0.906596955541871,51.9441792719588,0,5578.07176997379,5000,1376.138687857,0.619348320584469,35.4860448180056,0.00504139396764248,0.288850597208627,20.1655758705699,2.05631646592566
6.17686453574119,4465.24542822963,4210.98869343636,0.906847760581465,51.9585493422081,0,5571.82176997379,5000,1359.06219209907,0.619411021844524,35.4896373355769,0.0049907889609625,0.285951143903633,19.96315584385,2.03567536761789
6.18936453574119,4472.94709651127,4220.83421550871,0.907096032408305,51.972774270058,0,5565.57176997379,5000,1341.98658591694,0.61947308980102,35.4931935675271,0.00494006490083247,0.283044869338414,19.7602596033299,2.01498570901683
6.20186453574119,4480.64633269863,4230.68163960568,0.907341765056796,51.9868537137052,0,5559.32176997379,5000,1324.91186069887,0.619534522962994,35.4967134284304,0.00488921990165744,0.280131665476338,19.5568796066297,1.99424672101378
6.21436453574119,4488.34316135184,4240.53094556667,0.907584952397571,52.0007873219625,0,5553.07176997379,5000,1307.83800780521,0.619595319798442,35.5001968305092,0.00483825205699429,0.277211423086262,19.3530082279772,1.97345762599636
6.22686453574119,4496.03760709883,4250.38211320771,0.907825588177795,52.0145747365692,0,5546.82176997379,5000,1290.76501856371,0.619655478743714,35.5036436841733,0.00478715941820262,0.274284030519313,19.1486376728105,1.95261762914048
6.23936453574119,4503.72969467742,4260.23512228846,0.908063666170659,52.0282156007553,0,5540.57176997379,5000,1273.69288425447,0.61971499824169,35.5070539002061,0.00473593992008372,0.271349369448322,18.9437596803349,1.93172588807951
6.25186453574119,4511.41944889578,4270.08995254269,0.908299180021363,52.0417095504175,0,5534.32176997379,5000,1256.62159612427,0.619773876704167,35.5104273876102,0.0046845914495504,0.268407318802311,18.7383657982016,1.91078154091373
6.26436453574119,4519.10689461804,4279.94658368932,0.908532123186265,52.0550562106328,0,5528.07176997379,5000,1239.55114539188,0.619832112495674,35.5137640526802,0.00463311187155269,0.265457756251927,18.5324474862107,1.88978371678511
6.27686453574119,4526.79205677874,4289.80499542103,0.908762488980904,52.0682551984098,0,5521.82176997379,5000,1222.48152324276,0.619889703944633,35.5170637996416,0.00458149900236913,0.262500556679148,18.3259960094765,1.8687315249832
6.28936453574119,4534.47496043077,4299.6651673667,0.908990270760339,52.0813061330214,0,5515.57176997379,5000,1205.41272081184,0.619946649389225,35.5203265332792,0.00452975051478621,0.259535586744462,18.1190020591448,1.84762401626904
6.30186453574119,4542.15563070035,4309.5270791261,0.909215461733716,52.0942086253803,0,5509.32176997379,5000,1188.34472919991,0.620002947132298,35.5235521563534,0.00447786402551052,0.256562709895214,17.9114561020421,1.82646021852948
6.31436453574119,4549.83409277056,4319.3907102826,0.909438054890362,52.1069622738047,0,5503.07176997379,5000,1171.27753947962,0.620058595421771,35.5267405684773,0.00442583712870262,0.253581788286959,17.7033485148105,1.8052391504551
6.32686453574119,4557.51037189776,4329.25604039012,0.909658043057568,52.1195666673284,0,5496.82176997379,5000,1154.21114268954,0.620113592463991,35.5298916668822,0.00437366736214206,0.250592680844856,17.4946694485682,1.78395980773947
6.33936453574119,4565.18449346668,4339.1230489302,0.909875419120714,52.1320213983138,0,5490.57176997379,5000,1137.14552981426,0.620167936479482,35.5330053496116,0.00432135208451047,0.247595236232511,17.2854083380419,1.76262111302452
6.35186453574119,4572.85648293875,4348.99171535179,0.91009017579742,52.1443260495113,0,5484.32176997379,5000,1120.08069180326,0.620221625648286,35.5360815123897,0.00426888858830471,0.24458929932142,17.0755543532188,1.74122196195631
6.36436453574119,4580.52636583301,4358.86201908585,0.910302305546673,52.1564801888527,0,5478.07176997379,5000,1103.01661957783,0.620274658085942,35.5391200472447,0.00421627414391628,0.241574713716537,16.8650965756651,1.71976124116443
6.37686453574119,4588.19416774503,4368.73393953051,0.910511800639125,52.1684833734789,0,5471.82176997379,5000,1085.95330402426,0.620327031859643,35.5421208434349,0.00416350595620059,0.238551319267874,16.6540238248024,1.69823781054716
6.38936453574119,4595.8599144107,4378.60745600138,0.910718653429341,52.1803351653388,0,5465.57176997379,5000,1068.89073597073,0.620378745056874,35.5450837913814,0.00411058100294494,0.235518942815398,16.4423240117798,1.67665043738481
6.40186453574119,4603.52363164639,4388.48254777762,0.910922856077161,52.1920351152242,0,5459.32176997379,5000,1051.82890620917,0.620429795718311,35.548008778823,0.00405749618315188,0.232477406685043,16.2299847326075,1.65499785682241
6.41436453574119,4611.18534532666,4398.35919411901,0.911124400434362,52.2035827562766,0,5453.07176997379,5000,1034.76780550337,0.620480181807985,35.5508956891075,0.00400424837608752,0.229426532071929,16.0169935043501,1.6332787959548
6.42686453574119,4618.84508140617,4408.23737424879,0.911323278131266,52.2149776089484,0,5446.82176997379,5000,1017.70742458104,0.620529901233049,35.5537444023235,0.00395083438464176,0.226366135795139,15.803337538567,1.61149195072395
6.43936453574119,4626.5028659944,4418.11706729559,0.911519480918537,52.2262192005878,0,5440.57176997379,5000,1000.64775410676,0.620578951929517,35.5565548002133,0.00389725071863777,0.223296017882271,15.5890028745511,1.58963589753393
6.45186453574119,4634.15872528557,4427.99825234734,0.911713000318315,52.2373070454489,0,5434.32176997379,5000,983.588784707521,0.620627331778732,35.5593267613868,0.00384349379324111,0.220215972937443,15.3739751729645,1.5677091741792
6.46436453574119,4641.81268553232,4437.88090847143,0.911903827480591,52.2482406364638,0,5428.07176997379,5000,966.530506982388,0.6206750385697,35.5620601591634,0.00378956000972479,0.217125794768786,15.1582400388992,1.54571031278767
6.47686453574119,4649.46477307139,4447.76501469469,0.912091953291387,52.2590194514399,0,5421.82176997379,5000,949.472911493135,0.620722070023614,35.5647548629771,0.00373544568037429,0.214025272085821,14.9417827214972,1.52363780919041
6.48936453574119,4657.11501441208,4457.6505499347,0.91227736880934,52.2696429780748,0,5415.57176997379,5000,932.415988732134,0.620768423902734,35.5674107446147,0.00368114673132596,0.210914171473356,14.7245869253038,1.50149000171351
6.50186453574119,4664.7634361533,4467.53749306363,0.912460064821487,52.2801106885047,0,5409.32176997379,5000,915.359729152698,0.620814097904725,35.5700276721622,0.00362665897383604,0.207792252934051,14.5066358953441,1.479265181825
6.51436453574119,4672.41006495202,4477.42582293237,0.912640031657842,52.2904220286802,0,5403.07176997379,5000,898.304123180576,0.620859089614223,35.5726055072295,0.0035719782174548,0.204659276372823,14.2879128698192,1.45696164029706
6.52686453574119,4680.05492755368,4487.31551834687,0.912817259328673,52.3005764262318,0,5396.82176997379,5000,881.249161202905,0.62090339653373,35.5751441067205,0.00351710016853331,0.201514995781709,14.0684006741332,1.43457762580833
6.53936453574119,4687.69805089853,4497.20655798581,0.912991738093437,52.3105733230674,0,5390.57176997379,5000,864.194833529551,0.620947016224556,35.5776433309085,0.00346202001224579,0.198359135291513,13.8480800489832,1.41211117445643
6.55186453574119,4695.33946202187,4507.0989204772,0.913163457883989,52.3204121423248,0,5384.32176997379,5000,847.141130429572,0.620989946170659,35.5801030356349,0.00340673279279496,0.195191410955967,13.6269311711798,1.38956026483864
6.56436453574119,4702.97918801581,4516.99258442774,0.913332408059955,52.3300922743557,0,5378.07176997379,5000,830.088042145224,0.621032183715038,35.5825230686648,0.00335123357653907,0.192011540098221,13.4049343061563,1.36692288458916
6.57686453574119,4710.61725606566,4526.88752839448,0.913498577586124,52.3396130868889,0,5371.82176997379,5000,813.035558878679,0.621073726099307,35.5849032719544,0.0032955173118293,0.188819233280117,13.1820692473172,1.34419697320871
6.58936453574119,4718.25369357988,4536.78373078448,0.913661955791453,52.3489739685186,0,5365.57176997379,5000,795.983670744731,0.621114570650325,35.5872434923438,0.00323957822337206,0.185614159601708,12.9583128934882,1.32138017503309
6.60186453574119,4725.88852806823,4546.68116994827,0.913822531602776,52.3581742847994,0,5359.32176997379,5000,778.932367815371,0.621154714600845,35.5895435712816,0.00318341036079099,0.182395978131543,12.733641443164,1.2984700629842
6.61436453574119,4733.52178709436,4556.5798242162,0.913980293213765,52.3672133592782,0,5353.07176997379,5000,761.881640137122,0.621194155003893,35.5918033399186,0.00312700784170381,0.179164351833941,12.5080313668153,1.2754642377178
6.62686453574119,4741.15349832024,4566.47967186407,0.91413522831889,52.3760904869003,0,5346.82176997379,5000,744.831477714851,0.621232888784438,35.5940226220684,0.00307036465339844,0.175918936205878,12.2814586135938,1.2523602467299
6.63936453574119,4748.78368966793,4576.38069098819,0.914287325154741,52.3848049936718,0,5340.57176997379,5000,727.781870452774,0.621270912993238,35.5962012487519,0.00301347374373914,0.17265932718974,12.0538949749566,1.22915521354964
6.65186453574119,4756.41238916792,4586.28285962188,0.914436571453858,52.3933561767192,0,5334.32176997379,5000,710.732808210002,0.621308224564424,35.5983390443079,0.00295632784036355,0.169385108109857,11.8253113614542,1.20584617187869
6.66436453574119,4764.03962489899,4596.18615578144,0.914582953982877,52.4017432778264,0,5328.07176997379,5000,693.684280822516,0.621344820196753,35.6004358195889,0.00289891982744133,0.166095871259181,11.5956793097653,1.18243021926604
6.67686453574119,4771.66542504342,4606.09055742351,0.914726458858505,52.4099655015395,0,5321.82176997379,5000,676.636278083034,0.62138069642258,35.6024913759137,0.00284124245740696,0.162791201382797,11.3649698296278,1.15890439952765
6.68936453574119,4779.28981809336,4615.99604228607,0.914867073025321,52.4180220998378,0,5315.57176997379,5000,659.588789665682,0.621415849964487,35.6045055254999,0.00278328692691163,0.159470594085973,11.1331477076465,1.13526512189652
6.70186453574119,4786.91283265731,4625.90258803685,0.915004782779703,52.4259122875617,0,5309.32176997379,5000,642.541805196875,0.621450277397274,35.606478072098,0.00272504415190291,0.156133528890843,10.9001766076116,1.11150868111043
6.71436453574119,4794.53449738196,4635.81017233318,0.915139573101191,52.4336352041021,0,5303.07176997379,5000,625.495314283908,0.621483974977202,35.6084088012077,0.00266650538019121,0.152779504333883,10.6660215207648,1.08763150726954
6.72686453574119,4802.15484102216,4645.71877276801,0.915271428090868,52.4411899385183,0,5296.82176997379,5000,608.44930648941,0.621516938736396,35.6102974854865,0.00260766175988702,0.149408013239183,10.4306470395481,1.06362998980774
6.73936453574119,4809.77389271208,4655.62836666129,0.915400333158085,52.4485756548277,0,5290.57176997379,5000,591.403771232261,0.621549165004241,35.6121439146234,0.00254850198863082,0.146018408029244,10.1940079545233,1.03949951864534
6.75186453574119,4817.39168171099,4665.53893125485,0.915526272851603,52.4557914677395,0,5284.32176997379,5000,574.358697880738,0.621580649917761,35.6139478672864,0.00248901440163188,0.142610020360787,9.95605760652751,1.01523533587183
6.76436453574119,4825.00823729807,4675.45044379293,0.915649229846125,52.4628363845872,0,5278.07176997379,5000,557.314075791031,0.621611389164799,35.6157090964071,0.00242918802814433,0.139182221656377,9.71675211257731,0.990832966668262
6.77686453574119,4832.62358886351,4685.36288145202,0.915769185569174,52.4697093412464,0,5271.82176997379,5000,540.269894273922,0.621641378116855,35.617427336792,0.00236901192572122,0.135734384959985,9.47604770288486,0.966287947758395
6.78936453574119,4840.23776627839,4695.27622105663,0.915886123612452,52.4764093975907,0,5265.57176997379,5000,523.226142459537,0.621670612630632,35.6191023510475,0.00230847103443693,0.132265647401435,9.23388413774772,0.941594136402106
6.80186453574119,4847.85079954793,4705.19043934501,0.916000026377532,52.4829355453046,0,5259.32176997379,5000,506.182809424406,0.621699088304093,35.6207338869556,0.00224754982147268,0.128775119015766,8.9901992858907,0.916745196972534
6.81436453574119,4855.4627186638,4715.10551308222,0.916110873447523,52.4892866145865,0,5253.07176997379,5000,489.13988424558,0.621726800067405,35.6223216540362,0.00218623424402804,0.125261995209781,8.74493697611216,0.891735401601175
6.82686453574119,4863.07355372642,4725.02141896599,0.916218642512442,52.4954613271685,0,5246.82176997379,5000,472.097355955863,0.62175374237533,35.6238653345707,0.00212451069806377,0.121725496529446,8.49804279225508,0.866559201384273
6.83936453574119,4870.68333547485,4734.93813322012,0.916323315070998,52.5014586230046,0,5240.57176997379,5000,455.055213349889,0.621779910522536,35.6253646589633,0.00206235805166094,0.118164412204995,8.24943220664376,0.841207976897693
6.85186453574119,4878.29209479028,4744.85563197473,0.916424870885,52.5072773425319,0,5234.32176997379,5000,438.013445166116,0.621805299441125,35.6268193368448,0.00199975455306609,0.114577495952757,7.99901821226434,0.815672855895167
6.86436453574119,4885.8998624764,4754.77389143438,0.916523285155605,52.5129160648814,0,5228.07176997379,5000,420.972040167328,0.621829902998431,35.6282290168395,0.00193668184926861,0.110963696222683,7.74672739707444,0.789946352431712
6.87686453574119,4893.50666942982,4764.69288774711,0.916618529924369,52.5183731881523,0,5221.82176997379,5000,403.930987078225,0.621853714281626,35.6295933028713,0.00187312334435555,0.107322062139003,7.49249337742219,0.764021697258717
6.88936453574119,4901.1125474517,4774.61259638221,0.916710584539637,52.5236475290919,0,5215.57176997379,5000,386.890274288156,0.621876727955043,35.6309118892292,0.00180904700855126,0.103650758530754,7.23618803420505,0.737885825863578
6.90186453574119,4908.71752848804,4784.53299271184,0.916799425619705,52.5287377480271,0,5209.32176997379,5000,369.849890129683,0.621898938148563,35.6321844395801,0.00174442000584898,0.099947904033333,6.97768002339593,0.711525344882904
6.91436453574119,4916.32164427643,4794.45405228139,0.916885021619455,52.533642037556,0,5203.07176997379,5000,352.809823008079,0.621920337122225,35.6334105104569,0.00167921807397103,0.0962121085206271,6.71687229588413,0.684930358061533
6.92686453574119,4923.9249265928,4804.37575062014,0.916967334914349,52.5383582419513,0,5196.82176997379,5000,335.770061310927,0.621940915678068,35.6345895748551,0.00161342343287672,0.092442353271345,6.45369373150689,0.65809361316116
6.93936453574119,4931.52740862134,4814.29806219171,0.917046343782209,52.5428851166237,0,5190.57176997379,5000,318.730592906066,0.621960667950465,35.6357212966993,0.00154698102088388,0.0886354834834857,6.18792408353551,0.630992651265775
6.95186453574119,4939.12912367502,4824.22096137349,0.917122021717722,52.5472211429309,0,5184.32176997379,5000,301.691405610854,0.621979587237658,35.6368052920068,0.00147983473345061,0.0847882846035872,5.91933893380245,0.603604588090984
6.96436453574119,4946.73010455917,4834.14442294356,0.917194325294016,52.5513638326962,0,5178.07176997379,5000,284.652487425518,0.621997663058437,35.6378409602487,0.00141195381336534,0.0808989943732361,5.64781525346134,0.575916878185858
6.97686453574119,4954.33038393409,4844.06842180264,0.91726319637508,52.5553098549717,0,5171.82176997379,5000,267.613826400267,0.622014881582386,35.6388275090004,0.00134333520014905,0.0769674374399021,5.37334080059619,0.547928273222373
6.98936453574119,4961.92999700823,4853.9929309122,0.917328619061829,52.5590582988069,0,5165.57176997379,5000,250.575409647808,0.622031237440931,35.6397646306653,0.00127385977425061,0.072986788756048,5.09543909700246,0.519590185945502
7.00186453574119,4969.52897903382,4863.91792321096,0.917390567476658,52.5626076815241,0,5159.32176997379,5000,233.537224262003,0.622046723896361,35.6406519392011,0.00120340654975066,0.0689501163391132,4.81362619900266,0.490853267833833
7.01436453574119,4977.12736393691,4873.84337266291,0.917448971588693,52.5659539906499,0,5153.07176997379,5000,216.499257820299,0.622061324681275,35.6414885025542,0.00113195157397414,0.0648560478019088,4.52780629589656,0.461707748914926
7.02686453574119,4984.72518473381,4883.76925393799,0.917503707708361,52.5690901392938,0,5146.82176997379,5000,199.461498231093,0.622075012445526,35.6422727536768,0.00105964434161009,0.0607131485591769,4.23857736644035,0.432214606052052
7.03936453574119,4992.32248049102,4893.69553708629,0.917554812593585,52.5720182335296,0,5140.57176997379,5000,182.423931180963,0.6220877895384,35.6430048271729,0.000986070688721226,0.0564976887652846,3.9442827548849,0.402204907372539
7.05186453574119,4999.91928990784,4903.62219244778,0.917602293948134,52.5747387147509,0,5134.32176997379,5000,165.386542488954,0.62209965657007,35.643684758003,0.000910799541465215,0.0521849697084074,3.64319816586086,0.371502823681977
7.06436453574119,5007.51564727374,4913.54919374477,0.917645986380232,52.5772421067067,0,5128.07176997379,5000,148.349319589438,0.622110578590981,35.6443105437049,0.000833991327850016,0.0477841832363173,3.33596531140006,0.340173791396661
7.07181001880049,5012.04013050368,4919.4622529771,0.917670124906894,52.5786251424081,0,5124.34902844414,5000,138.201364870705,0.622116613856591,35.6446563389526,0.000787661904698036,0.0451297028224331,3.15064761879214,0.321276645826265
7.07925550185978,5016.56447513349,4925.37541825929,0.917692876545201,52.5799287152601,0,5120.6262869145,5000,128.053460988458,0.622122301921045,35.6449822410394,0.000740655234455783,0.0424364190085889,2.96262093782313,0.302103260320612
7.08670098491907,5021.0886897422,4931.28868302241,0.917714234295149,52.581152424192,0,5116.90354538485,5000,117.905604797294,0.62212764080626,35.6452881366296,0.000692830340399289,0.0396962544234914,2.77132136159716,0.282596132379269
7.09414646797837,5025.61278235446,4937.20204112254,0.917734158213915,52.5822939806487,0,5113.1808038552,5000,107.757793354957,0.622132621587428,35.6455735143691,0.000644197731740613,0.0369098112006379,2.57679092696245,0.262759548567804
7.10159195103766,5030.13676044225,4943.11548683928,0.9177525527536,52.5833479101387,0,5109.45806232556,5000,97.6100239216976,0.622137224804264,35.645837259266,0.000595170134323703,0.0341007367889825,2.38068053729481,0.242761854180052
7.10903743409696,5034.66063419511,4949.02901237426,0.917769487228855,52.5843181840991,0,5105.73532079591,5000,87.462292760624,0.6221414593811,35.6460798826468,0.000544990955197963,0.0312256816056466,2.17996382079185,0.222294445176676
7.11648291715625,5039.18441352334,4954.94261014342,0.917785004673725,52.585207268199,0,5102.01257926626,5000,77.3145962371102,0.622145334572198,35.6463019147415,0.000492837385252178,0.0282375021612128,1.97134954100871,0.201021708841318
7.12392840021554,5043.70810597079,4960.85627437355,0.917798961975816,52.5860069627022,0,5098.28983773661,5000,67.1669315844865,0.622148822785002,35.6465017746132,0.000439292852344663,0.0251696264096128,1.75717140937865,0.179181617512469
7.1278407624598,5046.08512874658,4963.96373974803,0.91780560826788,52.5863877671869,0,5096.33365661449,5000,61.8346715511599,0.622150484840035,35.6465970033519,0.000410987658903512,0.0235478582871335,1.64395063561405,0.167636311647101
7.13175312470405,5048.46213157045,4967.07122038442,0.917811809694698,52.5867430827705,0,5094.37747549236,5000,56.5024188370647,0.622152035308798,35.6466858386683,0.000382180210750262,0.0218973130894103,1.52872084300105,0.155886142872545
7.13566548694831,5050.83911593053,4970.17871514421,0.917817567512063,52.5870729814047,0,5092.42129437023,5000,51.1701728963371,0.622153474335729,35.646768288838,0.00035269385664705,0.0202078694460681,1.4107754265882,0.143859057536284
7.13957784919256,5053.21608313922,4973.28622302337,0.917822860784601,52.5873762635809,0,5090.4651132481,5000,45.8379332475757,0.622154797514332,35.6468441013875,0.000322597548248255,0.0184834779958929,1.29039019299302,0.13158318008627
7.14349021143682,5055.59303422835,4976.39374323249,0.917827604515093,52.5876480593173,0,5088.50893212598,5000,40.5056995122948,0.622155989775533,35.6469124129224,0.000293150696400795,0.0167962976650865,1.17260278560318,0.119572207186264
7.14740257368107,5057.96997132355,4979.50127414557,0.917831898681489,52.5878940969283,0,5086.55275100385,5000,35.1734709107263,0.622157064363644,35.6469739822859,0.000262442774568725,0.0150368633464912,1.0497710982749,0.107046860882656
7.15131493592533,5060.34689638944,4982.60881425978,0.91783581528396,52.5881185017199,0,5084.59656988172,5000,29.8412467221681,0.622158037490713,35.6470297383599,0.00022823013738443,0.0130766236298188,0.912920549537721,0.0930919885524334
7.15522729816958,5062.72381024844,4985.71636294599,0.91783920247758,52.5883125736187,0,5082.6403887596,5000,24.5090266449265,0.622158883350727,35.6470782025688,0.000192716877817621,0.0110418637398881,0.770867511270486,0.078606609930046
7.15671424345634,5063.62718516156,4986.89743028199,0.917840308762333,52.588375959066,0,5081.89691611622,5000,22.4824465388199,0.622159160028779,35.6470940550535,0.000179789834885748,0.0103011987383073,0.719159339542994,0.073333843824649
7.1582011887431,5064.53055881443,4988.07849858192,0.917841337872785,52.5884349227516,0,5081.15344347284,5000,20.455866895045,0.622159417330705,35.6471087973679,0.000166619435701986,0.00954659045057519,0.666477742807944,0.0679618159930195
7.15968813402986,5065.4339313063,4989.25956776989,0.917842290329626,52.5884894945087,0,5080.40997082946,5000,18.429287677194,0.622159655349632,35.6471224348478,0.000153105257418214,0.00877228507132771,0.612421029672857,0.0624495653126049
7.16117507931662,5066.33730272255,4990.44063778056,0.917843161884157,52.588539430905,0,5079.66649818608,5000,16.4027088539437,0.622159873208308,35.6471349172305,0.000139294768112173,0.007981002321081,0.557179072448692,0.0568164533707935
7.16266202460338,5067.24067312278,4991.62170856837,0.91784393160795,52.5885835328297,0,5078.9230255427,5000,14.376130403432,0.622160067372916,35.647146042043,0.000126120235506713,0.00722615720573064,0.504480942026852,0.0514427395723159
7.16414896989014,5068.14404266226,4992.80278001454,0.917844626364074,52.5886233394234,0,5078.17955289932,5000,12.349552268693,0.622160241321512,35.6471560085634,0.000112197758227206,0.00642845801724809,0.448791032908823,0.0457639492496237
7.1656359151769,5069.04741148095,4993.98385201202,0.917845265692511,52.5886599702446,0,5077.43608025593,5000,10.3229743983848,0.622160399476445,35.6471650701736,9.58599840461539e-05,0.00549237251003602,0.383439936184615,0.0390999919630675
7.16712286046366,5069.95077961402,4995.16492453391,0.917845810037886,52.5886911589372,0,5076.69260761256,5000,8.29639677960233,0.622160535369692,35.6471728562831,7.88352610735534e-05,0.00451692773632659,0.315341044294213,0.03215583754842
7.16730357868838,5070.06057182771,4995.30846806933,0.917845866341038,52.5886943848702,0,5076.60224850019,5000,8.0500935114937,0.622160549445513,35.6471736627682,7.69398494735316e-05,0.00440832865120521,0.307759397894126,0.0313827247728966
7.16748429691311,5070.17036403343,4995.45201161085,0.917845921270104,52.5886975320738,0,5076.51188938783,5000,7.80379024631268,0.622160563177748,35.6471744495674,7.50332236301695e-05,0.00429908703726999,0.300132894520678,0.030605037859073
7.16766501513783,5070.28015623136,4995.59555515832,0.91784597481724,52.5887006000987,0,5076.42153027547,5000,7.55748698398719,0.622160576564526,35.6471752165732,7.31149419691313e-05,0.00418917759417515,0.292459767876525,0.0298225966947454
7.16784573336255,5070.3899484217,4995.73909871159,0.917846026973428,52.5887035884281,0,5076.33117116311,5000,7.31118372444589,0.622160589603645,35.6471759636597,7.11845964161864e-05,0.00407857694098956,0.284738385664746,0.0290352348319503
7.16802645158728,5070.49974060465,4995.88264227052,0.917846077728884,52.5887064965015,0,5076.24081205075,5000,7.06488046761491,0.622160602292541,35.6471766906799,6.92417553667605e-05,0.00396726034859269,0.276967021467042,0.0282427762250148
7.168207169812,5070.60953278042,4996.02618583494,0.917846127075337,52.588709323845,0,5076.15045293839,5000,6.81857721341882,0.6221606146291,35.6471773975127,6.72858023395329e-05,0.00385519249520672,0.269143209358132,0.02744496941954
7.16838788803672,5070.71932494921,4996.1697294047,0.917846175003789,52.5887120699431,0,5076.06009382602,5000,6.57227396178375,0.622160626611231,35.6471780840382,6.53161391124513e-05,0.00374233910523282,0.261264556449805,0.0266415704088354
7.16856860626145,5070.82911711122,4996.31327297964,0.917846221503405,52.5887147341748,0,5075.96973471366,5000,6.32597071263628,0.622160638236112,35.6471787500949,6.33321950707761e-05,0.00362866748485471,0.253328780283104,0.0258323464468605
7.16910113297076,5071.15264425888,4996.73625629003,0.917846348524462,52.5887220119453,0,5075.70347135901,5000,5.60018305948079,0.622160670142179,35.6471805781779,5.76077843862588e-05,0.00330068291243227,0.230431137545035,0.0234974366929619
7.16963365968007,5071.47617135549,4997.15923963944,0.91784646361194,52.588728605972,0,5075.43720800435,5000,4.87439542504803,0.622160698939485,35.6471822281419,5.16514085055944e-05,0.00295940771327668,0.206605634022378,0.0210679114705203
7.17016618638938,5071.79969840802,4997.58222302259,0.917846568480504,52.5887346144982,0,5075.1709446497,5000,4.14860780678905,0.622160725013653,35.6471837220817,4.50726339436255e-05,0.00258247169650784,0.180290535774502,0.0183845182375737
7.17069871309869,5072.12322541959,4998.00520643705,0.917846659465072,52.5887398275299,0,5074.90468129504,5000,3.42282020355613,0.622160747736462,35.6471850240028,3.82496949152826e-05,0.0021915460863087,0.15299877966113,0.0156015336186292
7.1709969502613,5072.30441401965,4998.24209479972,0.917846702195301,52.5887422757917,0,5074.75556271374,5000,3.01634888792528,0.622160758487023,35.6471856399645,3.47101968868953e-05,0.00198874778768723,0.138840787547581,0.0141578202084893
7.17129518742391,5072.48560261011,4998.47898316974,0.91784674082887,52.5887444893322,0,5074.60644413243,5000,2.60987757581578,0.622160768156176,35.6471861939662,3.10050212589711e-05,0.00177645686185244,0.124020085035884,0.0126465291445993
7.17159342458652,5072.66679119238,4998.71587154602,0.917846776138705,52.5887465124367,0,5074.45732555113,5000,2.2034062667091,0.622160776918668,35.64718669602,2.68150043870223e-05,0.00153638657900117,0.107260017548089,0.0109374778898084
7.17189166174913,5072.84797976698,4998.95275992816,0.917846806522846,52.5887482533197,0,5074.30820696982,5000,1.79693496041476,0.622160784505574,35.6471871307177,2.24599660699956e-05,0.00128686126381778,0.0898398642799825,0.00916111661780348
7.17205486811295,5072.94713282773,4999.08239398131,0.917846820139241,52.5887490334817,0,5074.22660378791,5000,1.5744988864658,0.622160787940483,35.6471873275235,2.03335191928084e-05,0.00116502483239618,0.0813340767712334,0.00829376767512182
7.17221807447677,5073.0462858868,4999.21202803574,0.917846832428903,52.5887497376275,0,5074.145000606,5000,1.35206281312853,0.622160791017266,35.6471875038102,1.80850840364988e-05,0.0010361989874308,0.0723403361459953,0.00737666136203447
7.17238128084059,5073.14543894448,4999.34166209124,0.917846843743109,52.5887503858837,0,5074.06339742409,5000,1.12962674030494,0.622160793816453,35.6471876641917,1.54422869903953e-05,0.000884777870579427,0.0617691479615811,0.00629870016382568
7.1725444872044,5073.24459200082,4999.47129614775,0.9178468533708,52.5887509375097,0,5073.98179424219,5000,0.90719066796991,0.622160796219096,35.647187801853,1.26861324608794e-05,0.000726861848352301,0.0507445298435175,0.00517450198013771
7.17258665366935,5073.27020946905,4999.50478877512,0.917846855455159,52.5887510569348,0,5073.96071100971,5000,0.849721445473483,0.622160796739854,35.6471878316903,1.2032867706104e-05,0.000689432534999021,0.0481314708244158,0.0049080441154131
7.1726288201343,5073.29582693721,4999.53828140254,0.917846857428916,52.5887511700227,0,5073.93962777723,5000,0.792252223002804,0.622160797233744,35.6471878599881,1.13721540780586e-05,0.000651576432645245,0.0454886163122343,0.00463854795595176
7.17267098659926,5073.32144440531,4999.57177403001,0.917846859291091,52.5887512767175,0,5073.91854454476,5000,0.734783000553438,0.62216079769879,35.6471878866333,1.06998528506605e-05,0.000613056409753869,0.042799411402642,0.00436432537131865
7.17271315306421,5073.34706187335,4999.60526665752,0.917846861039174,52.5887513768752,0,5073.89746131228,5000,0.677313778128358,0.622160798136069,35.6471879116876,1.00187297195209e-05,0.000574030929010835,0.0400749188780836,0.00408650445137571
7.17275531952916,5073.37267934133,4999.63875928508,0.917846862667854,52.5887514701917,0,5073.87637807981,5000,0.619844555723657,0.622160798544183,35.6471879350708,9.33144981980698e-06,0.000534652691413053,0.0373257992792279,0.00380617226873886
7.17279748599411,5073.39829680926,4999.67225191268,0.917846864180479,52.5887515568588,0,5073.85529484733,5000,0.562375333336702,0.622160798921531,35.6471879566912,8.62655104208e-06,0.000494264966465366,0.03450620416832,0.00351865358387625
7.17283965245906,5073.42391427714,4999.70574454031,0.917846865578585,52.5887516369643,0,5073.83421161486,5000,0.504906110969724,0.622160799269954,35.6471879766543,7.90007749589864e-06,0.000452641098341272,0.0316003099835946,0.00322233484253997
7.17288181892401,5073.44953174497,4999.73923716798,0.917846866853309,52.5887517100006,0,5073.81312838238,5000,0.44743688861808,0.622160799588249,35.6471879948913,7.15900414117769e-06,0.00041018072280616,0.0286360165647108,0.00292006103661401
7.17296389255968,5073.49939408629,4999.80442787737,0.917846895326028,52.5887533413673,0,5073.77209156455,5000,0.335577665819421,0.622160795882884,35.6471877825895,-8.66683426405466e-05,-0.00496573025069703,-0.346673370562186,-0.0353508456569967
7.17304596619535,5073.54925642533,4999.86961858849,0.917846942728645,52.5887560573372,0,5073.73105474671,5000,0.223718443855224,0.622160776261841,35.6471866583866,-0.000452225537713439,-0.0259106146990143,-1.80890215085376,-0.184456685091622
7.17312803983102,5073.59911876347,4999.93480930032,0.917846964771814,52.5887573203177,0,5073.69001792888,5000,0.111859222224296,0.622160707587745,35.6471827236508,-0.00192969834100678,-0.110563570673085,-7.71879336402714,-0.787097873792492
7.17321011346669,5073.64898110339,5000.00000001077,0.917846924743758,52.588755026879,0,5073.64898111104,5000,1.32103847142032e-08,-0.95346004446698,-54.6292364823138,-18004.3950163191,-1031575.84712146,-72017580.0652763,-7343749.40119983
