time_s,x_M_m,y_M_m,sigma_rad,sigma_deg,lambda_m,x_T_m,y_T_m,r_m,q_rad,q_deg,qdot_rad_s,qdot_deg_s,a_n_m_s2,n_g
0,0,0,0.523598775598299,30,0,8660.25403784439,5000,10000,0.523598775598299,30,0.0249999999999998,1.43239448782704,24.9999999999998,2.5492905324448
2.00950914520766e-07,0.000174028596383933,0.000100475458134663,0.523598780622072,30.000000287841,0.000200950914520766,8660.25393736893,5000,9999.99971203479,0.523598780622072,30.000000287841,0.0250000009374486,1.4323945415389,25.0000004350712,2.54929057680974
1.2057054871246e-06,0.00104417156316062,0.000602852775036386,0.523598805740938,30.000001727046,0.0012057054871246,8660.25343499164,5000,9999.99827220873,0.523598805740938,30.000001727046,0.0250000056246934,1.43239481009825,25.0000026104289,2.54929079863449
6.22947835014376e-06,0.00539488601846944,0.00311474001525527,0.5235989313353,30.0000089230729,0.00622947835014373,8660.25092310521,5000,9999.99107307852,0.5235989313353,30.0000089230729,0.025000029060939,1.43239615289621,25.0000134872209,2.5492919077586
3.13483426652396e-05,0.0271484488306269,0.0156741926091238,0.523599559307929,30.0000449032542,0.0313483426652364,8660.23836367305,5000,9999.95507742985,0.523599559307929,30.0000449032542,0.0250001462426969,1.43240286691637,25.0000678712754,2.54929745338881
0.000156942664240719,0.135916026279088,0.0784718653999679,0.523602699191569,30.0002248053349,0.156942664240316,8660.17556651227,5000,9999.77509924565,0.523602699191569,30.0002248053349,0.0250007321647319,1.43243643777611,25.0003397939141,2.54932518178115
0.000784914272118113,0.679747997880815,0.392470475160421,0.523618399122059,30.0011243450907,0.784914272067736,8659.86158070833,5000,9998.87520980356,0.523618399122059,30.0011243450906,0.0250036621060918,1.43260431105025,25.0016994662623,2.54946382977493
0.00392477231150509,3.39875992331084,1.96271970270716,0.523696911583749,30.0056227777847,3.92477230520432,8658.29165168863,5000,9994.37579957705,0.523696911583749,30.0056227777847,0.0250183200970779,1.43344415206989,25.0084993071213,2.55015722057189
0.0139247723115051,12.0567803849205,6.96658616756993,0.52394710492077,30.0199578000582,13.9247720297454,8653.29165168863,5000,9980.04623098924,0.523947104920769,30.0199578000582,0.0250650958985146,1.43612420807556,25.0301722684395,2.55236724757583
0.0239247723115051,20.712293296019,11.9747888543831,0.524197515112602,30.0343052471973,23.9247708805617,8648.29165168863,5000,9965.71728940705,0.524197515112602,30.0343052471973,0.0251120124844612,1.43881233043946,25.0518702750192,2.55457982848569
0.0339247723115051,29.3652932196406,16.9873321432486,0.524448142409863,30.0486651335611,33.9247682264819,8643.29165168863,5000,9951.38897627601,0.524448142409863,30.0486651335611,0.0251590704566598,1.44150855363888,25.0735933594073,2.55679496662034
0.0439247723115051,38.0157747059321,22.0042204169506,0.524698987063492,30.0630374735275,43.924763433056,8638.29165168863,5000,9937.06129304621,0.524698987063492,30.0630374735275,0.0252062704202315,1.44421291234471,25.0953415541883,2.55901266530245
0.0539247723115051,46.6637322921222,27.0254580609442,0.524950049324756,30.0774222814929,53.9247558625414,8633.29165168863,5000,9922.73424117232,0.524950049324756,30.0774222814929,0.0252536129836997,1.44692544142277,25.117114891984,2.56123292785855
0.0639247723115051,55.3091605024892,32.0510494633458,0.52520132944525,30.0918195718728,63.9247448738902,8628.29165168863,5000,9908.40782211362,0.52520132944525,30.0918195718728,0.0253010987590144,1.44964617593521,25.1389134054539,2.56345575761896
0.0739247723115051,63.9520538483306,37.0809990149222,0.525452827676893,30.1062293591009,73.9247298227355,8623.29165168863,5000,9894.08203733402,0.525452827676893,30.1062293591009,0.025348728361576,1.45237515114187,25.1607371272949,2.56568115791784
0.0839247723115051,72.5924068279306,42.1153111090799,0.525704544271933,30.1206516576301,83.9247100613781,8618.29165168863,5000,9879.75688830205,0.525704544271933,30.1206516576301,0.0253965024102595,1.4551124025017,25.1825860902414,2.56790913209316
0.0939247723115051,81.230213926529,47.1539901418547,0.525956479482944,30.1350864819318,93.9246849387731,8613.29165168863,5000,9865.4323764909,0.525956479482944,30.1350864819318,0.0254444215274393,1.45785796567409,25.2044603270653,2.57013968348675
0.103924772311505,89.8654696162896,52.1970405119006,0.52620863356283,30.1495338464962,103.924653800517,8608.29165168863,5000,9851.10850337843,0.52620863356283,30.1495338464962,0.0254924863390133,1.46061187652037,25.226359870576,2.57237281544421
0.113924772311505,98.498168356268,57.2444666204794,0.526461006764821,30.1639937658325,113.924615988832,8603.29165168863,5000,9836.78527044718,0.526461006764821,30.1639937658325,0.025540697474428,1.46337417110517,25.2482847536203,2.574608531315
0.123924772311505,107.12830459238,62.2962728714494,0.526713599342477,30.1784662544686,123.924570842557,8598.29165168863,5000,9822.46267918438,0.526713599342477,30.1784662544686,0.0255890555667038,1.46614488569787,25.2702350090826,2.5768468344524
0.133924772311505,115.755872757371,67.3524636712545,0.526966411549687,30.1929513269511,133.924517697128,8593.29165168863,5000,9808.140731082,0.526966411549687,30.1929513269511,0.0256375612524599,1.46892405677409,25.2922106698848,2.57908772821348
0.143924772311505,124.38086727078,72.4130434289131,0.527219443640669,30.2074489978457,143.924455884568,8588.29165168863,5000,9793.81942763672,0.527219443640669,30.2074489978457,0.0256862151719401,1.47171172101707,25.3142117689861,2.58133121595918
0.153924772311505,133.003282538914,77.478016556007,0.527472695869971,30.221959281737,153.924384733476,8583.29165168863,5000,9779.49877034996,0.527472695869971,30.221959281737,0.0257350179690382,1.47450791531923,25.3362383393834,2.58357730105422
0.163924772311505,141.623112954809,82.5473874666704,0.527726168492471,30.2364821932284,163.924303569005,8578.29165168863,5000,9765.17876072794,0.527726168492471,30.2364821932284,0.0257839702913243,1.47731267678358,25.3582904141109,2.58582598686717
0.173924772311505,150.240352898204,87.621160577578,0.527979861763378,30.2510177469422,173.924211712856,8573.29165168863,5000,9750.85940028162,0.527979861763378,30.2510177469422,0.0258330727900705,1.48012604272529,25.3803680262404,2.58807727677039
0.183924772311505,158.854996735503,92.699340307934,0.528233775938231,30.2655659575198,183.924108483262,8568.29165168863,5000,9736.54069052677,0.528233775938231,30.2655659575198,0.0258823261202779,1.48294805067313,25.402471208881,2.5903311741401
0.193924772311505,167.467038819748,97.7819310794607,0.528487911272901,30.2801268396216,193.923993194971,8563.29165168863,5000,9722.22263298398,0.528487911272901,30.2801268396216,0.0259317309407023,1.48577873837105,25.4245999951793,2.59258768235629
0.203924772311505,176.076473490583,102.868937316387,0.528742268023591,30.2947004079267,203.923865159237,8558.29165168863,5000,9707.90522917867,0.528742268023591,30.2947004079267,0.025981287913882,1.48861814377969,25.4467544183196,2.59484680480282
0.213924772311505,184.683295074222,107.960363445435,0.528996846446835,30.3092866771337,213.923723683799,8553.29165168863,5000,9693.58848064108,0.528996846446835,30.3092866771337,0.0260309977061642,1.49146630507794,25.4689345115232,2.59710854486733
0.223924772311505,193.287497883419,113.056213895812,0.529251646799499,30.3238856619598,223.923568072877,8548.29165168863,5000,9679.27238890634,0.529251646799499,30.3238856619598,0.0260808609877325,1.49432326066447,25.4911403080493,2.59937290594131
0.233924772311505,201.889076217433,118.156493099196,0.529506669338784,30.3384973771416,233.923397627148,8543.29165168863,5000,9664.95695551445,0.529506669338784,30.3384973771416,0.0261308784326344,1.49718904915938,25.5133718411942,2.60163989142002
0.243924772311505,210.488024361994,123.261205489722,0.529761914322223,30.3531218374345,243.923211643736,8538.29165168863,5000,9650.64218201029,0.529761914322223,30.3531218374345,0.0261810507188092,1.50006370940572,25.5356291442917,2.60390950470259
0.253924772311505,219.084336589275,128.370355503976,0.530017382007681,30.3677590576132,253.923009416201,8533.29165168863,5000,9636.32806994366,0.530017382007681,30.3677590576132,0.0262313785281158,1.50294728047112,25.557912250713,2.60618174919193
0.263924772311505,227.678007157855,133.483947580975,0.530273072653359,30.3824090524716,263.922790234517,8528.29165168863,5000,9622.0146208693,0.53027307265336,30.3824090524716,0.0262818625463608,1.50583980164942,25.580221193867,2.60845662829478
0.273924772311505,236.269030312687,138.601986162164,0.530528986517792,30.3970718368225,273.922553385066,8523.29165168863,5000,9607.70183634687,0.530528986517792,30.3970718368225,0.0263325034633275,1.50874131246229,25.6025560071996,2.61073414542169
0.283924772311505,244.857400285067,143.724475691395,0.530785123859849,30.411747425498,283.922298150617,8518.29165168863,5000,9593.38971794102,0.530785123859849,30.411747425498,0.0263833019728041,1.51165185266086,25.6249167241943,2.61301430398702
0.293924772311505,253.443111292597,148.851420614919,0.531041484938733,30.4264358333495,293.922023810315,8513.29165168863,5000,9579.07826722135,0.531041484938734,30.4264358333495,0.0264342587726132,1.51457146222741,25.647303378372,2.61529710740895
0.303924772311505,262.026157539157,153.982825381375,0.531298070013986,30.4411370752475,303.921729639666,8508.29165168863,5000,9564.76748576247,0.531298070013986,30.4411370752475,0.0264853745646403,1.51750018137703,25.6697160032909,2.61758255910947
0.313924772311505,270.606533214867,159.118694441775,0.53155487934548,30.4558511660817,313.921414910522,8503.29165168863,5000,9550.457375144,0.531554879345481,30.4558511660817,0.0265366500548642,1.52043805055933,25.6921546325466,2.61987066251437
0.323924772311505,279.184232496059,164.25903224949,0.53181191319343,30.4705781207612,323.921078891066,8498.29165168863,5000,9536.1479369506,0.53181191319343,30.4705781207612,0.0265880859533859,1.52338511046008,25.714619299772,2.62216142105327
0.333924772311505,287.759249545236,169.403843260242,0.532069171818381,30.4853179542143,333.920720845799,8493.29165168863,5000,9521.83917277194,0.532069171818381,30.4853179542143,0.0266396829744592,1.52634140200303,25.7371100386376,2.62445483815958
0.343924772311505,296.331578511048,174.553131932087,0.53232665548122,30.5000706813885,343.920340035523,8488.29165168863,5000,9507.53108420278,0.53232665548122,30.5000706813885,0.0266914418365206,1.52930696635154,25.759626882851,2.62675091727052
0.353924772311505,304.90121352825,179.706902725405,0.532584364443169,30.5148363172509,353.919935717328,8483.29165168863,5000,9493.22367284298,0.532584364443169,30.5148363172509,0.0267433632622199,1.53228184491042,25.7821698661571,2.62904966182714
0.363924772311505,313.468148717675,184.865160102885,0.532842298965786,30.5296148767876,363.919507144576,8478.29165168863,5000,9478.91694029745,0.532842298965786,30.5296148767876,0.0267954479784513,1.53526607932761,25.8047390223383,2.63135107527426
0.373924772311505,322.032378186195,190.027908529513,0.533100459310971,30.5444063750043,373.919053566888,8473.29165168863,5000,9464.61088817625,0.533100459310971,30.5444063750043,0.0268476967163841,1.53825971149605,25.8273343852143,2.63365516106053
0.383924772311505,330.593896026693,195.195152472559,0.533358845740959,30.5592108269261,383.918574230126,8468.29165168863,5000,9450.30551809456,0.533358845740959,30.5592108269261,0.0269001102114941,1.54126278355538,25.8499559886419,2.6359619226384
0.393924772311505,339.152696318023,200.366896401563,0.533617458518325,30.5740282475973,393.918068376382,8463.29165168863,5000,9436.00083167272,0.533617458518326,30.5740282475973,0.0269526892035954,1.54427533789384,25.8726038665153,2.63827136346411
0.403924772311505,347.708773124981,205.543144788324,0.533876297905984,30.5888586520819,403.917535243957,8458.29165168863,5000,9421.69683053621,0.533876297905984,30.5888586520819,0.027005434436872,1.54729741715002,25.8952780527661,2.64058348699771
0.413924772311505,356.262120498271,210.723902106881,0.534135364167189,30.6037020554632,413.916974067354,8453.29165168863,5000,9407.39351631573,0.534135364167189,30.6037020554632,0.0270583466599105,1.55032906421478,25.9179785813631,2.64289829670306
0.423924772311505,364.812732474465,215.909172833508,0.534394657565532,30.6185584728439,423.916384077255,8448.29165168863,5000,9393.09089064715,0.534394657565533,30.6185584728439,0.0271114266257317,1.55337032223303,25.9407054863121,2.64521579604779
0.433924772311505,373.360603075977,221.098961446692,0.534654178364949,30.6334279193463,433.915764500511,8443.29165168863,5000,9378.78895517158,0.53465417836495,30.6334279193463,0.0271646750918244,1.55642123460569,25.9634588016565,2.64753598850336
0.443924772311505,381.905726311025,226.293272427127,0.534913926829714,30.6483104101123,443.915114560125,8438.29165168863,5000,9364.48771153537,0.534913926829714,30.6483104101123,0.0272180928201774,1.55948184499149,25.9862385614768,2.64985887754501
0.453924772311505,390.448096173596,231.492110257692,0.535173903224441,30.6632059603032,453.914433475237,8433.29165168863,5000,9350.18716139011,0.535173903224441,30.6632059603032,0.0272716805773138,1.56255219730898,26.0090447998905,2.65218446665177
0.463924772311505,398.987706643413,236.695479423445,0.535434107814087,30.6781145850999,463.913720461105,8428.29165168863,5000,9335.88730639267,0.535434107814088,30.6781145850999,0.0273254391343237,1.56563233573836,26.0318775510527,2.65451275930646
0.473924772311505,407.5245516859,241.903384411605,0.535694540863952,30.6930362997028,473.912974729097,8423.29165168863,5000,9321.58814820522,0.535694540863952,30.6930362997029,0.0273793692668989,1.5687223047235,26.0547368491553,2.65684375899571
0.483924772311505,416.058625252149,247.115829711537,0.535955202639674,30.7079711193321,483.91219548667,8418.29165168863,5000,9307.28968849522,0.535955202639675,30.7079711193322,0.0274334717553667,1.57182214897386,26.0776227284276,2.65917746920994
0.493924772311505,424.589921278885,252.332819814742,0.536216093407238,30.7229190592275,493.911381937355,8413.29165168863,5000,9292.99192893548,0.536216093407239,30.7229190592275,0.0274877473847245,1.57493191346648,26.100535223136,2.66151389344332
0.503924772311505,433.118433688428,257.554359214838,0.53647721343297,30.7378801346482,503.910533280743,8408.29165168863,5000,9278.69487120414,0.53647721343297,30.7378801346482,0.0275421969446748,1.57805164344798,26.1234743675839,2.66385303519386
0.513924772311505,441.644156388666,262.78045240755,0.536738562983537,30.7528543608734,513.909648712468,8403.29165168863,5000,9264.3985169847,0.536738562983537,30.7528543608734,0.0275968212296601,1.58118138443655,26.146440196112,2.66619489796332
0.523924772311505,450.167083273011,268.011103890692,0.537000142325953,30.7678417532016,523.908727424192,8398.29165168863,5000,9250.10286796605,0.537000142325954,30.7678417532017,0.0276516210388986,1.58432118222404,26.1694327430981,2.66853948525726
0.533924772311505,458.687208220371,273.246318164154,0.537261951727575,30.7828423269514,533.907768603589,8393.29165168863,5000,9235.80792584249,0.537261951727576,30.7828423269514,0.0277065971764198,1.58747108287794,26.192452042957,2.67088680058501
0.543924772311505,467.204525095113,278.48609972989,0.537523991456104,30.7978560974609,543.90677143433,8388.29165168863,5000,9221.51369231372,0.537523991456104,30.7978560974609,0.0277617504511008,1.59063113274349,26.2154981301405,2.67323684745968
0.553924772311505,475.719027747028,283.730453091898,0.537786261779584,30.8128830800878,553.905735096064,8383.29165168863,5000,9207.22016908489,0.537786261779584,30.8128830800878,0.0278170816767027,1.59380137844576,26.2385710391377,2.67558962939818
0.563924772311505,484.230710011296,288.979382756209,0.538048762966407,30.82792329021,563.904658764408,8378.29165168863,5000,9192.92735786658,0.538048762966408,30.82792329021,0.0278725916719072,1.59698186689177,26.2616708044744,2.67794514992117
0.573924772311505,492.73956570845,294.232893230871,0.53831149528531,30.8429767432248,573.903541610923,8373.29165168863,5000,9178.63526037487,0.53831149528531,30.8429767432248,0.0279282812603537,1.60017264527257,26.2847974607138,2.6803034125531
0.583924772311505,501.245588644342,299.490989025936,0.538574459005373,30.8580434545495,583.902382803107,8368.29165168863,5000,9164.34387833134,0.538574459005374,30.8580434545495,0.0279841512706771,1.60337376106546,26.3079510424558,2.68266442082218
0.593924772311505,509.748772610109,304.753674653439,0.538837654396026,30.8731234396212,593.90118150437,8363.29165168863,5000,9150.05321346304,0.538837654396026,30.8731234396212,0.0280402025365452,1.60658526203607,26.3311315843374,2.68502817826041
0.603924772311505,518.249111382135,310.020954627392,0.539101081727043,30.8882167138968,603.899936874025,8358.29165168863,5000,9135.7632675026,0.539101081727043,30.8882167138968,0.0280964358966968,1.60980719624059,26.3543391210326,2.68739468840354
0.613924772311505,526.746598722015,315.292833463759,0.539364741268545,30.9033232928533,613.898648067266,8353.29165168863,5000,9121.47404218815,0.539364741268546,30.9033232928533,0.0281528521949805,1.613039612028,26.3775736872521,2.6897639547911
0.623924772311505,535.241228376525,320.569315680448,0.539628633291002,30.9184431919872,623.897314235157,8348.29165168863,5000,9107.18553926343,0.539628633291002,30.9184431919872,0.0282094522803931,1.61628255804222,26.4008353177439,2.69213598096637
0.633924772311505,543.732994077581,325.850405797292,0.53989275806523,30.9335764268153,633.895934524611,8343.29165168863,5000,9092.89776047773,0.539892758065231,30.9335764268153,0.028266237007119,1.61953608322442,26.4241240472926,2.69451077047642
0.643924772311505,552.221889542204,331.136108336034,0.540157115862394,30.9487230128742,643.894508078377,8338.29165168863,5000,9078.61070758597,0.540157115862395,30.9487230128742,0.0283232072345699,1.62280023681525,26.4474399107197,2.69688832687205
0.653924772311505,560.707908472487,336.426427820312,0.540421706954007,30.9638829657204,653.893034035022,8333.29165168863,5000,9064.32438234868,0.540421706954007,30.9638829657204,0.0283803638274241,1.62607506835715,26.4707829428839,2.69926865370783
0.663924772311505,569.191044555559,341.721368775642,0.54068653161193,30.9790563009304,663.891511528914,8328.29165168863,5000,9050.03878653204,0.540686531611931,30.9790563009304,0.0284377076556675,1.62936062769662,26.4941531786802,2.70165175454209
0.673924772311505,577.671291463544,347.020935729403,0.540951590108376,30.9942430341008,673.889939690206,8323.29165168863,5000,9035.7539219079,0.540951590108376,30.9942430341008,0.0284952395946335,1.63265696498657,26.5175506530408,2.70403763293691
0.683924772311506,586.148642853533,352.325133210821,0.541216882715903,31.0094431808481,683.888317644819,8318.29165168863,5000,9021.46979025377,0.541216882715904,31.0094431808482,0.0285529605250445,1.63596413068869,26.5409754009345,2.70642629245813
0.693924772311506,594.623092367542,357.633965750954,0.541482409707423,31.024656756809,693.886644514428,8313.29165168863,5000,9007.18639335287,0.541482409707423,31.024656756809,0.0286108713330531,1.63928217557578,26.5644274573671,2.70881773667533
0.703924772311506,603.094633632478,362.947437882672,0.541748171356196,31.0398837776401,703.88491941644,8308.29165168863,5000,8992.90373299416,0.541748171356196,31.0398837776402,0.0286689729102839,1.64261115073416,26.5879068573808,2.71121196916183
0.713924772311506,611.563260260103,368.265554140645,0.542014167935833,31.0551242590182,713.883141463981,8303.29165168863,5000,8978.62181097232,0.542014167935833,31.0551242590183,0.0287272661538754,1.64595110756608,26.6114136360549,2.71360899349471
0.723924772311506,620.028965846997,373.588319061325,0.542280399720296,31.0703782166402,723.881309765878,8298.29165168863,5000,8964.34062908778,0.542280399720297,31.0703782166403,0.0287857519665229,1.64930209779217,26.634947828505,2.71600881325478
0.733924772311506,628.491743974525,378.915737182928,0.542546866983899,31.0856456662231,733.879423426643,8293.29165168863,5000,8950.06018914676,0.5425468669839,31.0856456662231,0.028844431256521,1.65266417345389,26.6585094698836,2.7184114320266
0.743924772311506,636.951588208795,384.24781304542,0.542813570001307,31.100926623504,743.877481546453,8288.29165168863,5000,8935.7804929613,0.542813570001308,31.100926623504,0.0289033049378075,1.656037386916,26.6820985953799,2.72081685339845
0.753924772311506,645.408492100624,389.584551190498,0.543080509047538,31.1162211042402,753.875483221137,8283.29165168863,5000,8921.50154234922,0.543080509047539,31.1162211042403,0.0289623739300063,1.65942179086908,26.7057152402197,2.72322508096237
0.763924772311506,653.862449185505,394.925956161576,0.54334768439796,31.1315291242094,763.873427542156,8278.29165168863,5000,8907.22333913419,0.543347684397961,31.1315291242094,0.0290216391584723,1.66281743833207,26.7293594396651,2.72563611831412
0.773924772311506,662.313452983566,400.272032503763,0.543615096328298,31.1468506992091,773.871313596587,8273.29165168863,5000,8892.94588514576,0.543615096328298,31.1468506992092,0.0290811015543357,1.66622438265477,26.7530312290152,2.72804996905316
0.783924772311506,670.761496999533,405.622784763853,0.543882745114625,31.1621858450575,783.869140467105,8268.29165168863,5000,8878.66918221933,0.543882745114626,31.1621858450575,0.0291407620545466,1.6696426775205,26.7767306436054,2.73046663678273
0.793924772311506,679.206574722698,410.978217490302,0.544150631033372,31.1775345775927,793.866907231965,8263.29165168863,5000,8864.39323219621,0.544150631033372,31.1775345775927,0.0292006216019208,1.6730723769486,26.8004577188076,2.73288612510975
0.803924772311506,687.648679626876,416.338335233212,0.544418754361321,31.1928969126732,803.864612964987,8258.29165168863,5000,8850.11803692362,0.544418754361322,31.1928969126732,0.0292606811451855,1.67651353529715,26.8242124900302,2.73530843764488
0.813924772311506,696.087805170375,421.703142544316,0.544687115375611,31.2082728661778,813.862256735537,8253.29165168863,5000,8835.84359825472,0.544687115375611,31.2082728661778,0.0293209416390253,1.67996620726555,26.8479949927182,2.7377335780025
0.823924772311506,704.523944795951,427.07264397696,0.544955714353732,31.2236624540057,823.859837608509,8248.29165168863,5000,8821.56991804864,0.544955714353733,31.2236624540057,0.0293814040441292,1.68343044789721,26.8718052623528,2.74016154980068
0.833924772311506,712.957091930778,432.446844086081,0.545224551573533,31.2390656920763,833.857354644308,8243.29165168863,5000,8807.29699817048,0.545224551573533,31.2390656920763,0.0294420693272374,1.68690631258228,26.8956433344519,2.74259235666124
0.843924772311506,721.387239986409,437.825747428195,0.545493627313214,31.2544825963294,843.854806898833,8238.29165168863,5000,8793.02484049133,0.545493627313215,31.2544825963295,0.0295029384611891,1.69039385706032,26.9195092445694,2.74502600220967
0.853924772311506,729.814382358734,443.209358561378,0.545762941851336,31.2699131827253,853.852193423457,8233.29165168863,5000,8778.75344688829,0.545762941851337,31.2699131827254,0.0295640124249702,1.69389313742312,26.9434030282959,2.7474624900752
0.863924772311506,738.238512427951,448.597682045243,0.546032495466811,31.2853574672445,863.849513265012,8228.29165168863,5000,8764.48281924454,0.546032495466812,31.2853574672446,0.0296252922037622,1.6974042101174,26.967324721258,2.74990182389073
0.873924772311506,746.659623558521,453.990722440931,0.546302288438911,31.3008154658881,873.846765465771,8223.29165168863,5000,8750.21295944928,0.546302288438911,31.3008154658882,0.0296867787889904,1.70092713194765,26.9912743591189,2.7523440072929
0.883924772311506,755.077709099135,459.388484311084,0.546572321047262,31.3162871946776,883.843949063427,8218.29165168863,5000,8735.9438693978,0.546572321047263,31.3162871946776,0.0297484731783741,1.70446196007896,27.0152519775777,2.754789043922
0.893924772311506,763.492762382677,464.790972219831,0.54684259357185,31.3317726696548,893.841063091077,8213.29165168863,5000,8721.67555099151,0.546842593571851,31.3317726696548,0.0298103763759756,1.7080087520399,27.0392576123699,2.75723693742204
0.903924772311506,771.904776726182,470.198190732771,0.547113106293017,31.3472719068823,903.838106577206,8208.29165168863,5000,8707.4080061379,0.547113106293017,31.3472719068823,0.0298724893922513,1.71156756572532,27.0632912992672,2.75968769144073
0.913924772311506,780.313745430803,475.610144416952,0.547383859491462,31.3627849224428,913.835078545666,8203.29165168863,5000,8693.14123675065,0.547383859491462,31.3627849224429,0.0299348132441018,1.71513845939936,27.0873530740775,2.76214130962943
0.923924772311506,788.71966178177,481.026837840853,0.547654853448244,31.37831173244,923.831978015656,8198.29165168863,5000,8678.87524474958,0.547654853448245,31.37831173244,0.0299973489549237,1.7187214916983,27.1114429726446,2.76459779564322
0.933924772311506,797.122519048355,486.448275574364,0.54792608844478,31.3938523529978,933.828804001712,8193.29165168863,5000,8664.61003206067,0.547926088444781,31.3938523529978,0.0300600975546611,1.7223167216336,27.1355610308486,2.76705715314084
0.943924772311506,805.522310483831,491.874462188771,0.548197564762846,31.4094068002607,943.825555513678,8188.29165168863,5000,8650.34560061616,0.548197564762847,31.4094068002607,0.0301230600798576,1.72592420859486,27.1597072846056,2.76951938578471
0.953924772311506,813.919029325437,497.305402256733,0.548469282684577,31.424975090394,953.822231556694,8183.29165168863,5000,8636.08195235447,0.548469282684578,31.424975090394,0.0301862375737099,1.7295440123528,27.1838817698677,2.77198449724092
0.963924772311506,822.312668794338,502.741100352265,0.548741242492468,31.4405572395833,963.818831131179,8178.29165168863,5000,8621.81908922029,0.548741242492469,31.4405572395833,0.03024963108612,1.73317619306241,27.2080845226228,2.77445249117923
0.973924772311506,830.703222095588,508.181561050718,0.549013444469375,31.4561532640352,973.815353232807,8173.29165168863,5000,8607.55701316456,0.549013444469376,31.4561532640352,0.0303132416737499,1.73682081126595,27.2323155788951,2.77692337127307
0.983924772311506,839.09068241809,513.626788928762,0.549285888898512,31.4717631799766,983.811796852491,8168.29165168863,5000,8593.29572614453,0.549285888898512,31.4717631799766,0.0303770704000751,1.74047792789608,27.2565749747444,2.77939714119953
0.993924772311506,847.475042934562,519.076788564362,0.549558576063455,31.4873870036552,993.808160976367,8163.29165168863,5000,8579.03523012376,0.549558576063456,31.4873870036552,0.0304411183354401,1.74414760427902,27.2808627462665,2.78187380463935
1.00392477231151,855.856296801491,524.531564536763,0.549831506248143,31.5030247513396,1003.80444458577,8158.29165168863,5000,8564.77552707212,0.549831506248144,31.5030247513396,0.0305053865571134,1.74782990213771,27.3051789295931,2.78435336527694
1.01392477231151,864.234437159105,529.991121426468,0.550104679736874,31.5186764393187,1013.80064665722,8153.29165168863,5000,8550.51661896585,0.550104679736874,31.5186764393187,0.0305698761493433,1.75152488359501,27.3295235608916,2.78683582680034
1.02392477231151,872.609457131324,535.455463815219,0.550378096814308,31.5343420839025,1023.7967661624,8148.29165168863,5000,8536.25850778757,0.550378096814309,31.5343420839025,0.0306345882034146,1.75523261117691,27.3538966763651,2.78932119290125
1.03392477231151,880.981349825728,540.924596285976,0.550651757765469,31.5500217014215,1033.79280206815,8143.29165168863,5000,8522.00119552629,0.55065175776547,31.5500217014216,0.0306995238177053,1.75895314781586,27.3782983122525,2.79180946727502
1.04392477231151,889.350108333517,546.3985234229,0.550925662875742,31.5657153082272,1043.7887533364,8138.29165168863,5000,8507.74468417743,0.550925662875743,31.5657153082273,0.0307646840977444,1.762686556854,27.4027285048286,2.79430065362061
1.05392477231151,897.71572572947,551.877249811327,0.551199812430876,31.5814229206918,1053.78461892424,8133.29165168863,5000,8493.48897574288,0.551199812430876,31.5814229206918,0.0308300701562698,1.76643290204649,27.4271872904033,2.79679475564064
1.06392477231151,906.078195071911,557.360780037755,0.551474206716981,31.5971445552081,1063.7803977838,8128.29165168863,5000,8479.23407223096,0.551474206716982,31.5971445552082,0.0308956831132869,1.77019224756494,27.4516747053227,2.79929177704136
1.07392477231151,914.437509402664,562.84911868982,0.551748846020535,31.6128802281902,1073.77608886232,8123.29165168863,5000,8464.97997565649,0.551748846020535,31.6128802281902,0.0309615240961278,1.77396465800073,27.476190785968,2.80179172153264
1.08392477231151,922.793661747018,568.342270356272,0.552023730628375,31.6286299560725,1083.77169110205,8118.29165168863,5000,8450.72668804079,0.552023730628375,31.6286299560725,0.0310275942395117,1.77775019836844,27.5007355687562,2.80429459282795
1.09392477231151,931.146645113689,573.840239626963,0.552298860827705,31.6443937553107,1093.7672034403,8113.29165168863,5000,8436.47421141171,0.552298860827706,31.6443937553108,0.0310938946856042,1.78154893410938,27.5253090901397,2.80680039464442
1.10392477231151,939.496452494775,579.343031092817,0.552574236906094,31.6601716423813,1103.76262480937,8108.29165168863,5000,8422.22254780367,0.552574236906095,31.6601716423813,0.0311604265840794,1.78536093109501,27.5499113866063,2.80930913070277
1.11392477231151,947.843076865725,584.850649345815,0.552849859151476,31.6759636337816,1113.75795413658,8103.29165168863,5000,8407.97169925763,0.552849859151476,31.6759636337816,0.0312271910921807,1.78918625563048,27.5745424946792,2.81182080472732
1.12392477231151,956.186511185293,590.363098978975,0.553125727852148,31.6917697460299,1123.7531903442,8098.29165168863,5000,8393.72166782117,0.553125727852149,31.6917697460299,0.0312941893747833,1.79302497445823,27.599202450917,2.81433542044602
1.13392477231151,964.5267483955,595.880384586323,0.553401843296777,31.7075899956655,1133.74833234944,8093.29165168863,5000,8379.47245554847,0.553401843296777,31.7075899956655,0.0313614226044571,1.79687715476157,27.6238912919135,2.8168529815904
1.14392477231151,972.863781421599,601.402510762881,0.553678205774391,31.7234243992486,1143.74337906448,8088.29165168863,5000,8365.22406450036,0.553678205774392,31.7234243992486,0.0314288919615297,1.80074286416829,27.6486090542979,2.81937349189559
1.15392477231151,981.19760317203,606.92948210464,0.55395481557439,31.7392729733604,1153.73832939638,8083.29165168863,5000,8350.97649674434,0.55395481557439,31.7392729733604,0.0314965986341511,1.80462217075437,27.6733557747345,2.82189695510032
1.16392477231151,989.528206538382,612.461303208542,0.554231672986535,31.7551357346033,1163.7331822471,8078.29165168863,5000,8336.72975435458,0.554231672986536,31.7551357346033,0.0315645438183578,1.80851514304765,27.6981314899229,2.82442337494689
1.17392477231151,997.855584395355,617.997978672454,0.55450877830096,31.7710126996004,1173.7279365135,8073.29165168863,5000,8322.48383941196,0.55450877830096,31.7710126996005,0.0316327287181385,1.81242185003161,27.7229362365978,2.82695275518121
1.18392477231151,1006.17972960072,623.53951309515,0.554786131808161,31.7869038849962,1183.72259108725,8068.29165168863,5000,8308.2387540041,0.554786131808162,31.7869038849963,0.0317011545454998,1.8163423611491,27.7477700515288,2.82948509955273
1.19392477231151,1014.50063499528,629.085911076288,0.555063733799007,31.8028093074561,1193.71714485489,8063.29165168863,5000,8293.99450022538,0.555063733799008,31.8028093074562,0.031769822520533,1.82027674630622,27.7726329715207,2.83202041181451
1.20392477231151,1022.81829340281,634.637177216388,0.555341584564731,31.8187289836666,1203.71159669774,8058.29165168863,5000,8279.75108017692,0.555341584564732,31.8187289836666,0.0318387338714815,1.82422507587611,27.7975250334134,2.83455869572314
1.21392477231151,1031.13269763007,640.193316116809,0.555619684396938,31.8346629303353,1213.70594549195,8053.29165168863,5000,8265.50849596668,0.555619684396938,31.8346629303354,0.0319078898348085,1.82818742070291,27.8224462740814,2.83709995503881
1.22392477231151,1039.44384046671,645.754332379728,0.555898033587599,31.8506111641911,1223.70019010841,8048.29165168863,5000,8251.26674970942,0.555898033587599,31.8506111641911,0.031977291655266,1.83216385210565,27.8473967304344,2.83964419352525
1.23392477231151,1047.75171468524,651.320230608117,0.556176632429055,31.8665737019838,1233.69432941279,8043.29165168863,5000,8237.02584352676,0.556176632429056,31.8665737019838,0.0320469405859636,1.83615444188222,27.8723764394167,2.84219141494973
1.24392477231151,1056.05631304101,656.89101540572,0.556455481214019,31.8825505604846,1243.68836226546,8038.29165168863,5000,8222.78577954717,0.55645548121402,31.8825505604846,0.0321168378884392,1.84015926231342,27.8973854380077,2.84474162308309
1.25392477231151,1064.35762827218,662.466691377032,0.556734580235571,31.8985417564857,1253.68228752153,8033.29165168863,5000,8208.54655990603,0.556734580235571,31.8985417564857,0.0321869848327295,1.84417838616699,27.9224237632213,2.8472948216997
1.26392477231151,1072.65565309963,668.047263127274,0.557013929787162,31.9145473068008,1263.67610403079,8028.29165168863,5000,8194.30818674563,0.557013929787163,31.9145473068008,0.032257382697441,1.8482118867017,27.9474914521061,2.84985101457747
1.27392477231151,1080.95038022695,673.63273526237,0.557293530162616,31.9305672282645,1273.66981063769,8023.29165168863,5000,8180.07066221518,0.557293530162616,31.9305672282645,0.0323280327698228,1.85225983767147,27.9725885417454,2.85241020549784
1.28392477231151,1089.24180234042,679.223112388929,0.557573381656123,31.946601537733,1283.66340618136,8018.29165168863,5000,8165.83398847089,0.557573381656124,31.946601537733,0.0323989363458394,1.8563223133296,27.9977150692571,2.85497239824579
1.29392477231151,1097.52991210894,684.818399114213,0.557853484562251,31.9626502520834,1293.65688949551,8013.29165168863,5000,8151.59816767593,0.557853484562251,31.9626502520834,0.032470094730244,1.86039938843296,28.0228710717936,2.85753759660981
1.30392477231151,1105.81470218398,690.418600046121,0.558133839175933,31.9787133882144,1303.65025940852,8008.29165168863,5000,8137.36320200048,0.558133839175934,31.9787133882145,0.0325415092366533,1.86449113824622,28.0480565865417,2.8601058043819
1.31392477231151,1114.09616519958,696.023719793163,0.55841444579248,31.994790963046,1313.6435147433,8003.29165168863,5000,8123.12909362176,0.55841444579248,31.994790963046,0.0326131811876224,1.86859763854622,28.0732716507229,2.86267702535758
1.32392477231151,1122.37429377227,701.633762964436,0.55869530470757,32.0108829935193,1323.63665431735,7998.29165168863,5000,8108.89584472404,0.558695304707571,32.0108829935193,0.0326851119147206,1.87271896562625,28.0985163015928,2.86525126333588
1.33392477231151,1130.64908050105,707.248734169601,0.558976416217258,32.026989496597,1333.62967694273,7993.29165168863,5000,8094.66345749869,0.558976416217259,32.026989496597,0.0327573027586086,1.87685519630052,28.1237905764414,2.86782852211931
1.34392477231151,1138.92051796734,712.868638018857,0.55925778061797,32.043110489263,1343.62258142599,7988.29165168863,5000,8080.43193414417,0.55925778061797,32.043110489263,0.0328297550691155,1.88100640790854,28.1490945125929,2.87040880551391
1.35392477231151,1147.18859873495,718.49347912292,0.559539398206505,32.0592459885227,1353.61536656822,7983.29165168863,5000,8066.20127686606,0.559539398206506,32.0592459885227,0.0329024702053173,1.88517267831962,28.174428147406,2.87299211732916
1.36392477231151,1155.45331535002,724.123262092999,0.559821269280038,32.075396011403,1363.60803116496,7978.29165168863,5000,8051.97148787712,0.559821269280039,32.075396011403,0.0329754495356157,1.88935408593741,28.1997915182731,2.87557846137806
1.37392477231151,1163.71466034101,729.757991540767,0.560103394136116,32.0915605749519,1373.60057400622,7973.29165168863,5000,8037.74256939726,0.560103394136117,32.091560574952,0.0330486944378185,1.89355070970448,28.2251846626211,2.87816784147707
1.38392477231151,1171.97262621862,735.397672078343,0.56038577307266,32.1077396962393,1383.59299387646,7968.29165168863,5000,8023.51452365361,0.560385773072661,32.1077396962394,0.0331222062992196,1.89776262910691,28.2506076179107,2.88076026144613
1.39392477231151,1180.22720547578,741.042308318261,0.560668406387969,32.1239333923563,1393.58528955454,7963.29165168863,5000,8009.28735288053,0.56066840638797,32.1239333923563,0.0331959865166813,1.90198992417902,28.2760604216366,2.88335572510864
1.40392477231151,1188.47839058757,746.69190487345,0.560951294380713,32.1401416804155,1403.57745981373,7958.29165168863,5000,7995.06105931961,0.560951294380714,32.1401416804155,0.033270036496716,1.90623267550804,28.3015431113276,2.88595423629145
1.41392477231151,1196.72617401125,752.346466357209,0.56123443734994,32.156364577551,1413.56950342167,7953.29165168863,5000,7980.83564521973,0.561234437349941,32.156364577551,0.0333443576555698,1.91049096423889,28.3270557245461,2.88855579882489
1.42392477231151,1204.97054818613,758.005997383178,0.561517835595074,32.1726021009186,1423.56141914033,7948.29165168863,5000,7966.61111283708,0.561517835595075,32.1726021009186,0.0334189514193067,1.914764872079,28.3525982988884,2.89116041654269
1.43392477231151,1213.21150553359,763.670502565317,0.561801489415914,32.1888542676955,1433.55320572605,7943.29165168863,5000,7952.38746443516,0.561801489415915,32.1888542676955,0.0334938192238931,1.91905448130322,28.3781708719847,2.89376809328208
1.44392477231151,1221.44903845702,769.339986517878,0.562085399112635,32.2051210950804,1443.54486192945,7938.29165168863,5000,7938.16470228482,0.562085399112636,32.2051210950805,0.0335689625152841,1.92335987475864,28.4037734814986,2.89637883288366
1.45392477231151,1229.68313934179,775.014453855381,0.562369564985791,32.2214026002939,1453.53638649544,7933.29165168863,5000,7923.94282866428,0.562369564985792,32.2214026002939,0.0336443827495101,1.92768113586968,28.4294061651275,2.89899263919152
1.46392477231151,1237.91380055516,780.693909192589,0.562653987336311,32.2376988005779,1463.5277781632,7928.29165168863,5000,7909.72184585918,0.562653987336311,32.2376988005779,0.0337200813927642,1.93201834864301,28.4550689606023,2.90160951605312
1.47392477231151,1246.1410144463,786.37835714448,0.562938666465502,32.254009713196,1473.51903566615,7923.29165168863,5000,7895.50175616257,0.562938666465503,32.254009713196,0.0337960599214912,1.93637159767268,28.4807619056875,2.90422946731937
1.48392477231151,1254.36477334622,792.067802326222,0.563223602675049,32.2703353554335,1483.51015773193,7918.29165168863,5000,7881.28256187495,0.56322360267505,32.2703353554335,0.0338723198224768,1.94074096814524,28.5064850381808,2.90685249684457
1.49392477231151,1262.58506956773,797.76224935315,0.563508796267016,32.2866757445974,1493.50114308237,7913.29165168863,5000,7867.0642653043,0.563508796267017,32.2866757445974,0.033948862592938,1.9451265458449,28.5322383959134,2.90947860848642
1.50392477231151,1270.80189540538,803.461702840733,0.563794247543845,32.3030308980163,1503.49199043348,7908.29165168863,5000,7852.8468687661,0.563794247543845,32.3030308980163,0.0340256897406147,1.94952841715881,28.5580220167498,2.91210780610604
1.51392477231151,1279.01524313546,809.166167404556,0.564079956808355,32.3194008330405,1513.48269849544,7903.29165168863,5000,7838.63037458335,0.564079956808355,32.3194008330405,0.0341028027838619,1.95394666908228,28.5838359385877,2.91474009356791
1.52392477231151,1287.22510501592,814.875647660286,0.564365924363746,32.3357855670421,1523.47326597254,7898.29165168863,5000,7824.41478508661,0.564365924363747,32.3357855670421,0.0341802032517428,1.95838138922419,28.609680199358,2.9173754747399
1.53392477231151,1295.43147328634,820.590148223652,0.564652150513598,32.3521851174149,1533.46369156316,7893.29165168863,5000,7810.20010261401,0.564652150513599,32.3521851174149,0.0342578926841236,1.96283266581238,28.6355548370246,2.92001395349326
1.54392477231151,1303.63434016788,826.309673710412,0.56493863556187,32.3685995015744,1543.45397395982,7888.29165168863,5000,7795.98632951129,0.56493863556187,32.3685995015745,0.0343358726317683,1.96730058769908,28.6614598895846,2.9226555337026
1.55392477231151,1311.83369786326,832.03422873633,0.565225379812899,32.3850287369581,1553.44411184904,7883.29165168863,5000,7781.77346813182,0.5652253798129,32.3850287369581,0.0344141446564354,1.97178524436644,28.6873953950679,2.92530021924591
1.56392477231151,1320.02953855669,837.763817917149,0.565512383571407,32.401472841025,1563.43410391142,7878.29165168863,5000,7767.5615208366,0.565512383571408,32.401472841025,0.0344927103309748,1.97628672593215,28.7133613915374,2.92794801400451
1.57392477231151,1328.22185441386,843.498445868561,0.565799647142494,32.4179318312561,1573.42394882157,7873.29165168863,5000,7753.35048999435,0.565799647142495,32.4179318312562,0.0345715712394267,1.98080512315501,28.7393579170886,2.93059892186309
1.58392477231151,1336.41063758184,849.238117206182,0.56608717083164,32.4344057251542,1583.41364524807,7868.29165168863,5000,7739.14037798145,0.566087170831641,32.4344057251543,0.0346507289771204,1.98534052744066,28.7653850098502,2.93325294670965
1.59392477231151,1344.5958801891,854.982836545525,0.566374954944709,32.450894540244,1593.4031918535,7863.29165168863,5000,7724.93118718206,0.566374954944709,32.450894540244,0.0347301851507752,1.98989303084734,28.791442707983,2.93591009243554
1.60392477231151,1352.77757434544,860.732608501968,0.566662999787945,32.4673982940719,1603.39258729437,7858.29165168863,5000,7710.72291998807,0.566662999787946,32.4673982940719,0.0348099413786019,1.99446272609169,28.817531049681,2.93857036293546
1.61392477231151,1360.95571214194,866.487437690733,0.566951305667975,32.4839170042064,1613.38183022112,7853.29165168863,5000,7696.51557879916,0.566951305667976,32.4839170042065,0.0348899992904051,1.99904970655465,28.8436500731702,2.94123376210737
1.62392477231151,1369.13028565093,872.247328726851,0.567239872891808,32.5004506882379,1623.37091927807,7848.29165168863,5000,7682.30916602281,0.567239872891809,32.5004506882379,0.0349703605276876,2.00365406628738,28.8697998167095,2.94390029385259
1.63392477231151,1377.30128692594,878.012286225138,0.567528701766837,32.5169993637785,1633.35985310345,7843.29165168863,5000,7668.10368407437,0.567528701766838,32.5169993637786,0.0350510267437544,2.0082759000173,28.89598031859,2.94656996207573
1.64392477231151,1385.46870800164,883.782314800167,0.567817792600836,32.5335630484626,1643.34863032933,7838.29165168863,5000,7653.89913537702,0.567817792600837,32.5335630484626,0.0351319996038193,2.01291530315413,28.9221916171349,2.94924277068468
1.65392477231151,1393.63254089385,889.557419066237,0.568107145701963,32.5501417599462,1653.33724958159,7833.29165168863,5000,7639.69552236185,0.568107145701964,32.5501417599463,0.0352132807851119,2.01757237179603,28.9484337507001,2.95191872359064
1.66392477231151,1401.79277759943,895.337603637345,0.568396761378761,32.5667355159075,1663.32570947995,7828.29165168863,5000,7625.49284746786,0.568396761378762,32.5667355159076,0.0352948719769855,2.02224720273583,28.9747067576733,2.95459782470806
1.67392477231151,1409.94941009628,901.122873127158,0.568686639940156,32.5833443340468,1673.31400863788,7823.29165168863,5000,7611.29111314199,0.568686639940157,32.5833443340469,0.0353767748810272,2.02693989346728,29.0010106764744,2.9572800779547
1.68392477231151,1418.10243034328,906.913232148985,0.568976781695458,32.5999682320861,1683.30214566263,7818.29165168863,5000,7597.09032183917,0.568976781695459,32.5999682320862,0.035458991211168,2.0316505421914,29.0273455455554,2.95996548725155
1.69392477231151,1426.25183028025,912.708685315747,0.569267186954363,32.6166072277698,1693.29011915518,7813.29165168863,5000,7582.8904760223,0.569267186954364,32.6166072277698,0.0355415226937948,2.03637924782288,29.0537114034001,2.96265405652288
1.70392477231151,1434.39760182791,918.509237239944,0.56955785602695,32.633261338864,1703.2779277102,7808.29165168863,5000,7568.69157816234,0.569557856026951,32.6332613388641,0.0356243710678634,2.04112610999653,29.0801082885243,2.9653457896962
1.71392477231151,1442.53973688784,924.314892533634,0.569848789223686,32.6499305831572,1713.26556991609,7803.29165168863,5000,7554.49363073827,0.569848789223687,32.6499305831573,0.0357075380850132,2.0458912290739,29.1065362394753,2.96804069070226
1.72392477231151,1450.6782273424,930.125655808393,0.570139986855421,32.6666149784599,1723.25304435486,7798.29165168863,5000,7540.29663623717,0.570139986855422,32.6666149784599,0.0357910255096819,2.05067470614984,29.1329952948324,2.97073876347503
1.73392477231151,1458.81306505475,935.941531675295,0.570431449233393,32.6833145426045,1733.24034960219,7793.29165168863,5000,7526.10059715421,0.570431449233394,32.6833145426045,0.0358748351192232,2.05547664305919,29.1594854932063,2.97344001195172
1.74392477231151,1466.94424186875,941.762524744875,0.570723176669224,32.7000292934458,1743.22748422738,7788.29165168863,5000,7511.90551599271,0.570723176669225,32.7000292934459,0.0359589687040242,2.0602971423836,29.1860068732395,2.97614444007275
1.75392477231151,1475.07174960893,947.588639627103,0.571015169474925,32.7167592488606,1753.21444679328,7783.29165168863,5000,7497.71139526414,0.571015169474926,32.7167592488607,0.0360434280676252,2.0651363074583,29.2125594736056,2.97885205178176
1.76392477231151,1483.19558008046,953.419880931352,0.571307427962893,32.7335044267481,1763.20123585635,7778.29165168863,5000,7483.51823748818,0.571307427962894,32.7335044267481,0.0361282150268402,2.06999424237907,29.2391433330098,2.98156285102556
1.77392477231151,1491.31572506911,959.256253266366,0.571599952445911,32.7502648450293,1773.18784996656,7773.29165168863,5000,7469.32604519271,0.571599952445912,32.7502648450293,0.036213331411879,2.0748710520092,29.2657584901886,2.98427684175417
1.78392477231151,1499.43217634118,965.097761240235,0.571892743237152,32.7670405216477,1783.17428766741,7768.29165168863,5000,7455.13482091384,0.571892743237153,32.7670405216477,0.0362987790664703,2.07976684198657,29.2924049839095,2.9869940279208
1.79392477231151,1507.54492564347,970.944409460356,0.572185800650174,32.7838314745688,1793.16054749587,7763.29165168863,5000,7440.94456719599,0.572185800650175,32.7838314745689,0.036384559847987,2.08468171873081,29.3190828529713,2.9897144134818
1.80392477231151,1515.65396470322,976.79620253341,0.572479124998925,32.8006377217807,1803.1466279824,7758.29165168863,5000,7426.75528659186,0.572479124998926,32.8006377217808,0.0364706756275717,2.0896157894505,29.3457921362038,2.99243800239672
1.81392477231151,1523.75928522812,982.653145065327,0.572772716597741,32.8174592812934,1813.13252765088,7753.29165168863,5000,7412.56698166247,0.572772716597743,32.8174592812934,0.0365571282902647,2.09456916215047,29.3725328724677,2.99516479862825
1.82392477231151,1531.86087890617,988.515241661253,0.573066575761348,32.8342961711393,1823.11824501863,7748.29165168863,5000,7398.37965497722,0.573066575761349,32.8342961711393,0.0366439197351325,2.09954194563924,29.3993051006545,2.99789480614221
1.83392477231151,1539.95873740574,994.382496925523,0.573360702804857,32.851148409373,1833.10377859633,7743.29165168863,5000,7384.19330911387,0.573360702804859,32.8511484093731,0.0367310518753986,2.10453424953642,29.4261088596867,3.00062802890759
1.84392477231151,1548.05285237545,1000.25491546163,0.573655098043774,32.8680160140717,1843.08912688804,7738.29165168863,5000,7370.00794665862,0.573655098043775,32.8680160140718,0.0368185266385749,2.10954618428034,29.4529441885171,3.00336447089649
1.85392477231151,1556.14321544414,1006.13250187218,0.57394976179399,32.8848990033346,1853.07428839116,7733.29165168863,5000,7355.8235702061,0.573949761793991,32.8848990033347,0.0369063459665955,2.11457786113559,29.4798111261294,3.00610413608413
1.86392477231151,1564.22981822086,1012.01526075887,0.574244694371789,32.9017973952834,1863.0592615964,7728.29165168863,5000,7341.6401823594,0.57424469437179,32.9017973952834,0.0369945118159511,2.11962939220085,29.5067097115378,3.00884702844884
1.87392477231151,1572.31265229479,1017.90319672249,0.574539896093844,32.9187112080621,1873.04404498777,7723.29165168863,5000,7327.45778573013,0.574539896093845,32.9187112080622,0.0370830261578254,2.12470089041663,29.5336399837866,3.01159315197204
1.88392477231151,1580.3917092352,1023.7963143628,0.574835367277218,32.9356404598372,1883.02863704252,7718.29165168863,5000,7313.27638293841,0.574835367277219,32.9356404598373,0.0371718909782329,2.12979246957317,29.5606019819508,3.01434251063827
1.89392477231151,1588.46698059141,1029.6946182786,0.575131108239366,32.9525851687974,1893.01303623116,7713.29165168863,5000,7299.09597661293,0.575131108239367,32.9525851687975,0.0372611082781586,2.13490424431846,29.5875957451354,3.01709510843513
1.90392477231151,1596.53845789276,1035.59811306764,0.575427119298135,32.969545353154,1902.9972410174,7708.29165168863,5000,7284.91656939096,0.575427119298136,32.9695453531541,0.0373506800736986,2.14003633016631,29.6146213124755,3.0198509493533
1.91392477231151,1604.60613264852,1041.50680332659,0.57572340077176,32.9865210311407,1912.98124985814,7703.29165168863,5000,7270.73816391838,0.575723400771761,32.9865210311408,0.0374406083962027,2.14518884350449,29.6416787231365,3.02261003738652
1.92392477231151,1612.66999634791,1047.42069365101,0.576019952978872,33.0035122210135,1922.96506120343,7698.29165168863,5000,7256.56076284973,0.576019952978873,33.0035122210136,0.0375308952924191,2.15036190160302,29.6687680163133,3.02537237653157
1.93392477231151,1620.73004045997,1053.33978863536,0.576316776238492,33.020518941051,1932.94867349647,7693.29165168863,5000,7242.38436884821,0.576316776238493,33.0205189410511,0.0376215428246393,2.15555562262252,29.6958892312311,3.0281379707883
1.94392477231151,1628.78625643362,1059.26409287288,0.576613870870033,33.0375412095544,1942.93208517355,7688.29165168863,5000,7228.20898458572,0.576613870870035,33.0375412095544,0.0377125530708465,2.16077012562264,29.7230424071445,3.03090682415957
1.95392477231151,1636.8386356975,1065.19361095564,0.576911237193303,33.054579044847,1952.91529466405,7683.29165168863,5000,7214.0346127429,0.576911237193304,33.0545790448471,0.0378039281248642,2.16600553057063,29.750227583338,3.03367894065129
1.96392477231151,1644.88716966003,1071.12834747445,0.577208875528499,33.0716324652751,1962.8983003904,7678.29165168863,5000,7199.86125600915,0.5772088755285,33.0716324652751,0.0378956700965071,2.17126195834998,29.7774447991255,3.03645432427235
1.97392477231151,1652.93184970928,1077.06830701888,0.577506786196215,33.0887014892071,1972.88110076807,7673.29165168863,5000,7185.68891708266,0.577506786196216,33.0887014892072,0.0379877811117342,2.17653953076915,29.8046940938504,3.03923297903467
1.98392477231151,1660.97266721297,1083.01349417716,0.577804969517437,33.1057861350343,1982.86369420552,7668.29165168863,5000,7171.51759867045,0.577804969517438,33.1057861350344,0.0380802633128022,2.18183837057043,29.8319755068854,3.04201490895315
1.99392477231151,1669.00961351842,1088.96391353619,0.578103425813545,33.1228864211704,1992.84607910419,7663.29165168863,5000,7157.34730348837,0.578103425813546,33.1228864211705,0.0381731188584226,2.18715860143886,29.8592890776326,3.04480011804568
2.00392477231151,1677.04267995248,1094.91956968151,0.578402155406313,33.1400023660517,2002.82825385846,7658.29165168863,5000,7143.17803426116,0.578402155406315,33.1400023660518,0.038266349923919,2.19250034801132,29.8866348455232,3.04758861033311
2.01392477231151,1685.07185782153,1100.88046719723,0.578701158617911,33.1571339881371,2012.81021685565,7653.29165168863,5000,7129.00979372249,0.578701158617912,33.1571339881372,0.0383599587013871,2.19786373588562,29.9140128500173,3.05038038983927
2.02392477231151,1693.09713841138,1106.84661066603,0.579000435770901,33.1742813059081,2022.79196647596,7648.29165168863,5000,7114.84258461493,0.579000435770902,33.1742813059082,0.0384539473998561,2.20324889162982,29.941423130604,3.05317546059093
2.03392477231151,1701.11851298725,1112.81800466911,0.579299987188241,33.1914443378689,2032.77350109246,7643.29165168863,5000,7100.67640969006,0.579299987188243,33.191444337869,0.0385483182454522,2.20865594279156,29.9688657268015,3.05597382661781
2.04392477231151,1709.13597279372,1118.79465378615,0.579599813193287,33.2086231025463,2042.75481907105,7638.29165168863,5000,7086.51127170844,0.579599813193289,33.2086231025464,0.0386430734815642,2.21408501790754,29.9963406781564,3.05877549195254
2.05392477231151,1717.14950905471,1124.77656259528,0.579899914109787,33.2258176184897,2052.73591877048,7633.29165168863,5000,7072.34717343966,0.579899914109788,33.2258176184898,0.0387382153690102,2.2195362465131,30.0238480242441,3.0615804606307
2.06392477231151,1725.15911297339,1130.76373567304,0.580200290261886,33.2430279042714,2062.71679854225,7628.29165168863,5000,7058.18411766239,0.580200290261888,33.2430279042715,0.0388337461862072,2.22500975915193,30.0513878046684,3.06438873669076
2.0739247723115,1733.16477573213,1136.75617759437,0.580500941974127,33.2602539784862,2072.69745673062,7623.29165168863,5000,7044.02210716437,0.580500941974128,33.2602539784863,0.0389296682293426,2.23050568738586,30.0789600590618,3.06720032417409
2.0839247723115,1741.16648849252,1142.75389293253,0.580801869571446,33.2774958597516,2082.67789167261,7618.29165168863,5000,7029.86114474248,0.580801869571448,33.2774958597517,0.0390259838125467,2.23602416380479,30.1065648270848,3.07001522712494
2.0939247723115,1749.16424239526,1148.75688625911,0.58110307337918,33.294753566708,2092.65810169791,7613.29165168863,5000,7015.70123320274,0.581103073379181,33.2947535667081,0.0391226952680682,2.24156532203674,30.1342021484262,3.07283344959045
2.1039247723115,1757.15802856012,1154.76516214394,0.581404553723058,33.3120271180184,2102.63808512891,7608.29165168863,5000,7001.54237536037,0.58140455372306,33.3120271180185,0.0392198049464515,2.24712929675798,30.161872062803,3.07565499562063
2.1139247723115,1765.14783808591,1160.7787251551,0.581706310929212,33.3293165323686,2112.61784028065,7603.29165168863,5000,6987.3845740398,0.581706310929213,33.3293165323687,0.0393173152167163,2.25271622370333,30.1895746099601,3.07847986926832
2.1239247723115,1773.13366205045,1166.79757985888,0.582008345324166,33.3466218284673,2122.59736546077,7598.29165168863,5000,6973.22783207471,0.582008345324168,33.3466218284674,0.0394152284665386,2.25832623967656,30.2173098296702,3.08130807458921
2.1339247723115,1781.11549151047,1172.82173081972,0.582310657234846,33.3639430250458,2132.57665896951,7593.29165168863,5000,6959.07215230803,0.582310657234848,33.3639430250459,0.0395135471024346,2.26395948256088,30.2450777617339,3.08413961564183
2.1439247723115,1789.09331750162,1178.85118260016,0.582613246988575,33.3812801408583,2142.55571909968,7588.29165168863,5000,6944.91753759205,0.582613246988576,33.3812801408584,0.0396122735499464,2.26961609132963,30.2728784459794,3.08697449648752
2.1539247723115,1797.06713103838,1184.88593976087,0.582916114913072,33.398633194682,2152.53454413664,7583.29165168863,5000,6930.76399078836,0.582916114913074,33.398633194682,0.0397114102538299,2.275296206057,30.3007119222622,3.08981272119044
2.1639247723115,1805.03692311403,1190.92600686054,0.58321926133646,33.4160022053165,2162.51313235822,7578.29165168863,5000,6916.61151476793,0.583219261336461,33.4160022053166,0.0398109596782454,2.28099996792896,30.3285782304657,3.09265429381753
2.1739247723115,1813.00268470062,1196.97138845588,0.583522686587255,33.4333871915848,2172.49148203477,7573.29165168864,5000,6902.46011241116,0.583522686587256,33.4333871915849,0.0399109243069493,2.28672751925428,30.3564774105,3.09549921843851
2.1839247723115,1820.96440674888,1203.02208910156,0.583826390994375,33.4507881723323,2182.46959142907,7568.29165168864,5000,6888.30978660785,0.583826390994377,33.4507881723324,0.0400113066434898,2.29247900347572,30.384409502303,3.0983474991259
2.1939247723115,1828.92208018821,1209.07811335021,0.58413037488714,33.4682051664277,2192.44745879633,7563.29165168864,5000,6874.16054025729,0.584130374887141,33.4682051664278,0.0401121092114033,2.29825456518124,30.4123745458392,3.10119913995495
2.2039247723115,1836.87569592663,1215.13946575232,0.584434638595265,33.4856381927622,2202.42508238414,7558.29165168864,5000,6860.01237626826,0.584434638595266,33.4856381927623,0.0402133345544142,2.30405435011553,30.4403725811003,3.10405414500367
2.2139247723115,1844.82524485071,1221.20615085628,0.584739182448868,33.5030872702503,2212.40246043248,7553.29165168864,5000,6845.86529755907,0.584739182448869,33.5030872702504,0.0403149852366366,2.3098785051915,30.4684036481046,3.10691251835281
2.2239247723115,1852.77071782552,1227.27817320826,0.585044006778466,33.5205524178292,2222.37959117364,7548.29165168864,5000,6831.71930705761,0.585044006778468,33.5205524178293,0.0404170638427787,2.31572717850202,30.4964677868974,3.10977426408584
2.2339247723115,1860.71210569464,1233.35553735225,0.585349111914978,33.5380336544591,2232.35647283224,7543.29165168864,5000,6817.57440770135,0.58534911191498,33.5380336544592,0.0405195729783493,2.32160051933175,30.5245650375503,3.11263938628893
2.2439247723115,1868.64939928001,1239.43824782995,0.585654498189724,33.5555309991233,2242.33310362518,7538.29165168864,5000,6803.43060243738,0.585654498189725,33.5555309991234,0.0406225152698674,2.32749867816914,30.5526954401616,3.11550788905096
2.2539247723115,1876.582589382,1245.52630918076,0.585960165934422,33.5730444708278,2252.30948176158,7533.29165168864,5000,6789.28789422247,0.585960165934423,33.5730444708279,0.0407258933650735,2.33342180671855,30.5808590348557,3.1183797764635
2.2639247723115,1884.51166677927,1251.61972594178,0.586266115481195,33.5905740886018,2262.28560544281,7528.29165168864,5000,6775.14628602308,0.586266115481196,33.5905740886019,0.0408297099331444,2.33937005791255,30.6090558617836,3.12125505262078
2.2739247723115,1892.43662222875,1257.71850264769,0.586572347162566,33.6081198714975,2272.26147286242,7523.29165168864,5000,6761.00578081539,0.586572347162567,33.6081198714976,0.0409339676649096,2.3453435859243,30.6372859611218,3.1241337216197
2.2839247723115,1900.35744646561,1263.82264383078,0.586878861311459,33.6256818385902,2282.23708220613,7518.29165168864,5000,6746.86638158534,0.586878861311461,33.6256818385903,0.0410386692730713,2.3513425461802,30.6655493730734,3.12701578755981
2.2939247723115,1908.27413020321,1269.93215402088,0.587185658261203,33.643260008978,2292.21243165177,7513.29165168864,5000,6732.72809132866,0.587185658261205,33.6432600089781,0.0411438174924266,2.35736709537257,30.6938461378669,3.12990125454328
2.3039247723115,1916.18666413301,1276.0470377453,0.587492738345527,33.6608544017823,2302.18751936929,7508.29165168864,5000,6718.5909130509,0.587492738345529,33.6608544017824,0.041249415080092,2.36341739147257,30.7221762957566,3.13279012667492
2.3139247723115,1924.09503892457,1282.16729952883,0.587800101898563,33.6784650361474,2312.16234352072,7503.29165168864,5000,6704.45484976748,0.587800101898564,33.6784650361475,0.0413554648157317,2.3694935937432,30.7505398870226,3.13568240806214
2.3239247723115,1931.9992452255,1288.2929438937,0.588107749254846,33.6960919312408,2322.13690226011,7498.29165168864,5000,6690.31990450371,0.588107749254848,33.6960919312409,0.0414619695017878,2.37559586275257,30.7789369519701,3.13857810281494
2.3339247723115,1939.89927366136,1294.42397535948,0.588415680749316,33.713735106253,2332.11119373354,7493.29165168864,5000,6676.18608029481,0.588415680749317,33.7137351062531,0.0415689319637133,2.38172436038724,30.80736753093,3.14147721504591
2.3439247723115,1947.79511483566,1300.5603984431,0.588723896717313,33.7313945803978,2342.08521607907,7488.29165168864,5000,6662.05338018597,0.588723896717314,33.7313945803979,0.0416763550502091,2.38787924986572,30.835831664258,3.14437974887021
2.3539247723115,1955.68675932982,1306.7022176588,0.589032397494583,33.7490703729119,2352.05896742671,7483.29165168864,5000,6647.92180723236,0.589032397494585,33.749070372912,0.0417842416334624,2.39406069575221,30.8643293923352,3.14728570840555
2.3639247723115,1963.57419770307,1312.84943751805,0.589341183417277,33.7667625030553,2362.03244589839,7478.29165168864,5000,6633.79136449919,0.589341183417278,33.7667625030554,0.041892594609389,2.40026886397049,30.8928607555675,3.15019509777218
2.3739247723115,1971.45742049244,1319.00206252955,0.589650254821947,33.7844709901111,2372.00564960793,7473.29165168864,5000,6619.66205506172,0.589650254821948,33.7844709901111,0.0420014168978784,2.40650392181789,30.9214257943855,3.15310792109288
2.3839247723115,1979.33641821271,1325.16009719918,0.589959612045551,33.8021958533855,2381.97857666102,7468.29165168864,5000,6605.53388200529,0.589959612045553,33.8021958533856,0.042110711443042,2.41276603797956,30.9500245492445,3.15602418249295
2.3939247723115,1987.21118135634,1331.32354602993,0.590269255425453,33.819937112208,2391.95122515518,7463.29165168864,5000,6591.40684842539,0.590269255425455,33.8199371122081,0.042220481213464,2.41905538254287,30.9786570606243,3.15894388610018
2.4039247723115,1995.08170039344,1337.49241352189,0.59057918529942,33.8376947859314,2401.92359317972,7458.29165168864,5000,6577.28095742766,0.590579185299422,33.8376947859315,0.042330729202456,2.42537212701192,31.0073233690293,3.16186703604486
2.4139247723115,2002.94796577172,1343.66670417219,0.590889402005626,33.8554688939314,2411.89567881574,7453.29165168864,5000,6563.15621212793,0.590889402005627,33.8554688939315,0.0424414584283145,2.43171644432236,31.0360235149878,3.16479363645973
2.4239247723115,2010.80996791642,1349.84642247497,0.591199905882647,33.8732594556072,2421.86748013604,7448.29165168864,5000,6549.03261565226,0.591199905882649,33.8732594556073,0.0425526719345814,2.4380885088563,31.0647575390524,3.16772369148001
2.4339247723115,2018.6676972303,1356.03157292132,0.591510697269469,33.8910664903811,2431.83899520518,7443.29165168864,5000,6534.91017113698,0.591510697269471,33.8910664903812,0.0426643727903081,2.44448849645744,31.0935254817997,3.17065720524335
2.4439247723115,2026.52114409354,1362.22215999925,0.591821776505481,33.9088900176987,2441.81022207935,7438.29165168864,5000,6520.7888817287,0.591821776505482,33.9088900176988,0.042776564090323,2.45091658444638,31.1223273838299,3.17359418188983
2.4539247723115,2034.37029886373,1368.41818819364,0.592133143930479,33.9267300570289,2451.78115880641,7433.29165168864,5000,6506.66875058439,0.59213314393048,33.926730057029,0.0428892489555017,2.45737295163612,31.1511632857672,3.17653462556196
2.4639247723115,2042.21515187583,1374.6196619862,0.592444799884665,33.9445866278639,2461.75180342582,7428.29165168864,5000,6492.54978087137,0.592444799884666,33.944586627864,0.0430024305330418,2.4638577783478,31.180033228259,3.17947854040462
2.4739247723115,2050.05569344206,1380.82658585542,0.592756744708648,33.9624597497191,2471.72215396864,7423.29165168864,5000,6478.43197576735,0.592756744708649,33.9624597497192,0.0431161119967398,2.47037124642657,31.2089372519763,3.1824259305651
2.4839247723115,2057.89191385192,1387.03896427655,0.593068978743444,33.9803494421333,2481.69220845746,7418.29165168864,5000,6464.31533846051,0.593068978743446,33.9803494421334,0.0432302965472725,2.47691353925769,31.2378753976133,3.18537680019306
2.4939247723115,2065.72380337209,1393.2568017215,0.593381502330476,33.9982557246685,2491.66196490641,7413.29165168864,5000,6450.19987214948,0.593381502330477,33.9982557246686,0.0433449874124817,2.48348484178288,31.2668477058873,3.1883311534405
2.5039247723115,2073.55135224641,1399.48010265886,0.593694315811573,34.0161786169102,2501.63142132109,7408.29165168864,5000,6436.08558004339,0.593694315811575,34.0161786169102,0.0434601878476623,2.4900853405168,31.2958542175385,3.19128899446177
2.5139247723115,2081.37455069582,1405.70887155382,0.594007419528974,34.0341181384671,2511.60057569856,7403.29165168864,5000,6421.97246536193,0.594007419528975,34.0341181384672,0.0435759011358544,2.49671522356379,31.32489497333,3.19425032741354
2.5239247723115,2089.19338891831,1411.94311286813,0.594320813825323,34.0520743089713,2521.56942602731,7398.29165168864,5000,6407.86053133535,0.594320813825324,34.0520743089714,0.0436921305881387,2.5033746806348,31.3539700140475,3.1972151564548
2.5339247723115,2097.00785708887,1418.18283106004,0.594634499043674,34.0700471480785,2531.53797028722,7393.29165168864,5000,6393.74978120454,0.594634499043675,34.0700471480786,0.0438088795439365,2.51006390306457,31.3830793804991,3.20018348574682
2.54392477231149,2104.81794535945,1424.4280305843,0.594948475527488,34.0880366754674,2541.50620644952,7388.29165168864,5000,6379.64021822102,0.594948475527489,34.0880366754675,0.0439261513713124,2.51678308382899,31.4122231135153,3.20315531945316
2.55392477231149,2112.62364385889,1430.67871589205,0.595262743620635,34.1060429108404,2551.47413247678,7383.29165168864,5000,6365.531845647,0.595262743620637,34.1060429108405,0.0440439494672819,2.52353241756272,31.4414012539491,3.20613066173964
2.56392477231149,2120.42494269287,1436.93489143085,0.595577303667395,34.1240658739231,2561.44174632285,7378.29165168864,5000,6351.42466675539,0.595577303667396,34.1240658739232,0.0441622772581227,2.53031210057701,31.470613842675,3.20910951677433
2.57392477231149,2128.2218319439,1443.19656164455,0.595892156012453,34.1421055844648,2571.40904593285,7373.29165168864,5000,6337.31868482991,0.595892156012454,34.1421055844648,0.0442811381996893,2.53712233087773,31.4998609205898,3.21209188872753
2.58392477231149,2136.01430167122,1449.46373097331,0.596207301000907,34.1601620622379,2581.37602924314,7368.29165168864,5000,6323.21390316501,0.596207301000908,34.1601620622379,0.044400535777733,2.54396330818371,31.5291425286119,3.21507778177174
2.59392477231149,2143.80234191078,1455.73640385353,0.596522738978262,34.1782353270385,2591.34269418125,7363.29165168864,5000,6309.11032506601,0.596522738978263,34.1782353270385,0.0445204735082249,2.55083523394527,31.5584587076812,3.2180672000817
2.60392477231149,2151.58594267517,1462.01458471778,0.596838470290434,34.196325398686,2601.3090386659,7358.29165168864,5000,6295.00795384908,0.596838470290435,34.1963253986861,0.0446409549376834,2.55773831136295,31.5878094987592,3.2210601478343
2.61392477231149,2159.36509395359,1468.2982779948,0.597154495283747,34.2144322970235,2611.27506060692,7353.29165168864,5000,6280.9067928413,0.597154495283748,34.2144322970236,0.0447619836435067,2.56467274540656,31.6171949428285,3.2240566292086
2.62392477231149,2167.13978571178,1474.58748810941,0.597470814304937,34.2325560419174,2621.24075790526,7348.29165168864,5000,6266.80684538068,0.597470814304938,34.2325560419175,0.0448835632343083,2.57163874283442,31.6466150808929,3.22705664838583
2.63392477231149,2174.91000789199,1480.8822194825,0.597787427701148,34.2506966532576,2631.20612845291,7343.29165168864,5000,6252.70811481622,0.59778742770115,34.2506966532577,0.0450056973502582,2.57863651221291,31.6760699539769,3.23006020954933
2.64392477231149,2182.67575041291,1487.18247653093,0.598104335819937,34.2688541509576,2641.17117013291,7338.29165168864,5000,6238.61060450791,0.598104335819938,34.2688541509577,0.0451283896634277,2.58566626393622,31.7055596031261,3.23306731688458
2.65392477231149,2190.43700316962,1493.48826366754,0.598421539009268,34.2870285549544,2651.13588081928,7333.29165168864,5000,6224.51431782681,0.598421539009269,34.2870285549545,0.0452516438781391,2.59272821024638,31.7350840694066,3.23607797457915
2.66392477231149,2198.19375603357,1499.79958530106,0.598739037617519,34.3052198852085,2661.10025837702,7328.29165168864,5000,6210.41925815505,0.59873903761752,34.3052198852085,0.04537546373132,2.59982256525358,31.7646433939049,3.2390921868227
2.67392477231149,2205.94599885249,1506.1164458361,0.599056831993477,34.3234281617039,2671.06430066205,7323.29165168864,5000,6196.3254288859,0.599056831993479,34.323428161704,0.0454998529928623,2.6069495449567,31.7942376177276,3.24210995780696
2.68392477231149,2213.69372145035,1512.43884967304,0.599374922486342,34.3416534044482,2681.0280055212,7318.29165168864,5000,6182.23283342378,0.599374922486343,34.3416534044483,0.0456248154659854,2.61410936726417,31.8238667820018,3.2451312917257
2.69392477231149,2221.43691362733,1518.76680120804,0.599693309445723,34.3598956334728,2690.99137079215,7313.29165168864,5000,6168.1414751843,0.599693309445724,34.3598956334728,0.0457503549876056,2.6213022520151,31.8535309278743,3.24815619277473
2.70392477231149,2229.17556515974,1525.10030483298,0.600011993221642,34.3781548688322,2700.95439430341,7308.29165168864,5000,6154.05135759432,0.600011993221643,34.3781548688323,0.0458764754287086,2.62852842100063,31.8832300965117,3.25118466515188
2.71392477231149,2236.90966579998,1531.43936493538,0.600330974164533,34.396431130605,2710.91707387428,7303.29165168864,5000,6139.96248409198,0.600330974164534,34.3964311306051,0.0460031806947282,2.63578809798563,31.9129643291001,3.25421671305697
2.72392477231149,2244.63920527652,1537.78398589838,0.600650252625241,34.414724438893,2720.87940731483,7298.29165168864,5000,6125.87485812671,0.600650252625242,34.4147244388931,0.0461304747259301,2.64308150873071,31.9427336668453,3.25725234069181
2.73392477231149,2252.36417329379,1544.13417210066,0.600969828955024,34.4330348138219,2730.84139242586,7293.29165168864,5000,6111.7884831593,0.600969828955025,34.4330348138219,0.0462583614977995,2.65040888101438,31.9725381509722,3.26029155226017
2.74392477231149,2260.08455953216,1550.48992791645,0.601289703505553,34.4513622755408,2740.80302699885,7288.29165168864,5000,6097.70336266193,0.601289703505554,34.4513622755408,0.0463868450214361,2.65777044465572,32.0023778227248,3.26333435196778
2.75392477231149,2267.80035364791,1556.8512577154,0.601609876628908,34.4697068442226,2750.76430881593,7283.29165168864,5000,6083.61950011819,0.601609876628909,34.4697068442226,0.0465159293439521,2.6651664315372,32.0322527233659,3.26638074402226
2.76392477231149,2275.51154527313,1563.21816586258,0.601930348677587,34.4880685400638,2760.72523564988,7278.29165168864,5000,6069.53689902316,0.601930348677588,34.4880685400639,0.0466456185488772,2.67259707562781,32.0621628941772,3.26943073263319
2.77392477231149,2283.21812401572,1569.59065671842,0.602251120004497,34.5064473832845,2770.68580526404,7273.29165168864,5000,6055.45556288341,0.602251120004498,34.5064473832846,0.0467759167565683,2.68006261300663,32.092108376459,3.272484322012
2.78392477231149,2290.9200794593,1575.96873463866,0.602572190962959,34.5248433941286,2780.64601541231,7268.29165168864,5000,6041.37549521703,0.60257219096296,34.5248433941287,0.0469068281246251,2.68756328188657,32.1220892115297,3.27554151637202
2.79392477231149,2298.61740116317,1582.35240397428,0.602893561906708,34.5432565928636,2790.60586383912,7263.29165168864,5000,6027.29669955371,0.602893561906709,34.5432565928636,0.0470383568483107,2.6950993226385,32.1521054407262,3.27860231992843
2.80392477231149,2306.31007866226,1588.74166907146,0.603215233189892,34.5616869997806,2800.56534827936,7258.29165168864,5000,6013.21917943477,0.603215233189893,34.5616869997806,0.0471705071609792,2.70267097781573,32.1821571054032,3.28166673689825
2.81392477231149,2313.99810146709,1595.13653427156,0.603537205167072,34.5801346351945,2810.52446645838,7253.29165168864,5000,5999.14293841317,0.603537205167073,34.5801346351945,0.0473032833345073,2.71027849217879,32.2122442469334,3.2847347715003
2.82392477231149,2321.6814590637,1601.53700391099,0.603859478193224,34.5985995194439,2820.48321609194,7248.29165168864,5000,5985.06798005355,0.603859478193226,34.598599519444,0.047436689679734,2.71792211272055,32.242366906707,3.28780642795522
2.83392477231149,2329.3601409136,1607.94308232125,0.604182052623738,34.6170816728912,2830.44159488618,7243.29165168864,5000,5970.99430793232,0.604182052623739,34.6170816728913,0.047570730546904,2.72560208869166,32.2725251261319,3.29088171048542
2.84392477231149,2337.03413645375,1614.3547738288,0.604504928814417,34.6355811159224,2840.39960053756,7238.29165168864,5000,5956.92192563763,0.604504928814418,34.6355811159224,0.047705410326119,2.73331867162644,32.302718946633,3.29396062331509
2.85392477231149,2344.70343509644,1620.77208275506,0.604828107121479,34.6540978689472,2850.35723073288,7233.29165168864,5000,5942.85083676948,0.60482810712148,34.6540978689473,0.0478407334477942,2.74107211536896,32.3329484096524,3.29704317067015
2.86392477231149,2352.36802622931,1627.19501341632,0.605151587901557,34.6726319523993,2860.31448314917,7228.29165168864,5000,5928.7810449397,0.605151587901558,34.6726319523993,0.0479767043831217,2.74886267609967,32.3632135566492,3.30012935677823
2.87392477231149,2360.02789921526,1633.6235701237,0.605475371511697,34.6911833867358,2870.27135545372,7223.29165168864,5000,5914.712553772,0.605475371511698,34.6911833867359,0.0481133276445396,2.75669061236223,32.3935144290992,3.30321918586869
2.88392477231149,2367.68304339242,1640.05775718312,0.605799458309362,34.7097521924379,2880.227845304,7218.29165168864,5000,5900.64536690206,0.605799458309363,34.709752192438,0.0482506077862084,2.76455618509081,32.4238510684946,3.30631266217256
2.89392477231149,2375.33344807405,1646.49757889519,0.606123848652429,34.7283383900104,2890.18395034764,7213.29165168864,5000,5886.57948797751,0.60612384865243,34.7283383900105,0.0483885494044933,2.77245965763774,32.454223516344,3.30940978992255
2.90392477231149,2382.97910254856,1652.94303955522,0.606448542899189,34.746941999982,2900.13966822241,7208.29165168864,5000,5872.51492065798,0.60644854289919,34.746941999982,0.0485271571384537,2.78040129580154,32.4846318141722,3.312510573353
2.91392477231149,2390.61999607939,1659.39414345313,0.606773541408351,34.765563042905,2910.09499655615,7203.29165168864,5000,5858.45166861518,0.606773541408351,34.765563042905,0.0486664356703393,2.78838136785537,32.5150760035199,3.31561501669988
2.92392477231149,2398.256117905,1665.85089487336,0.607098844539036,34.7842015393557,2920.04993296676,7198.29165168864,5000,5844.3897355329,0.607098844539037,34.7842015393557,0.0488063897260932,2.7964001445758,32.5455561259435,3.31872312420077
2.93392477231149,2405.88745723882,1672.31329809492,0.607424452650785,34.8028575099341,2930.00447506214,7193.29165168864,5000,5830.32912510707,0.607424452650786,34.8028575099341,0.0489470240758619,2.80445789927211,32.5760722230151,3.32183490009484
2.94392477231149,2413.51400326915,1678.78135739121,0.607750366103551,34.8215309752641,2939.95862044018,7188.29165168864,5000,5816.26984104577,0.607750366103552,34.8215309752642,0.0490883435345126,2.81255490781588,32.606624336322,3.32495034862283
2.95392477231149,2421.13574515917,1685.25507703005,0.608076585257704,34.8402219559934,2949.91236668871,7183.29165168864,5000,5802.21188706933,0.608076585257705,34.8402219559935,0.049230352962158,2.82069144867102,32.6372125074668,3.328069474027
2.96392477231149,2428.75267204684,1691.73446127359,0.608403110474032,34.8589304727936,2959.86571138545,7178.29165168864,5000,5788.15526691032,0.608403110474033,34.8589304727936,0.0493730572646879,2.82886780292435,32.667836778067,3.33119228055115
2.97392477231149,2436.36477304488,1698.21951437827,0.608729942113736,34.87765654636,2969.818652098,7173.29165168864,5000,5774.09998431359,0.608729942113737,34.87765654636,0.049516461394309,2.83708425431638,32.6984971897547,3.33431877244061
2.98392477231149,2443.97203724069,1704.71024059474,0.609057080538436,34.8964001974118,2979.77118638377,7168.29165168864,5000,5760.04604303636,0.609057080538437,34.8964001974119,0.0496605703500918,2.84534108927277,32.7291937841768,3.33744895394215
2.99392477231149,2451.57445369631,1711.20664416783,0.609384526110167,34.9151614466923,2989.72331178998,7163.29165168864,5000,5745.99344684821,0.609384526110168,34.9151614466924,0.0498053891785254,2.85363859693605,32.7599266029944,3.34058282930403
3.00392477231149,2459.17201144838,1717.70872933646,0.609712279191383,34.9339403149683,2999.67502585359,7158.29165168864,5000,5731.94219953113,0.609712279191384,34.9339403149684,0.0499509229740808,2.86197706919789,32.7906956878829,3.34372040277596
3.01392477231148,2466.76469950807,1724.21650033363,0.610040340144951,34.9527368230308,3009.62632610128,7153.29165168864,5000,5717.8923048796,0.610040340144952,34.9527368230309,0.0500971768797811,2.87035680073182,32.8215010805313,3.34686167860904
3.02392477231148,2474.35250686103,1730.7299613863,0.610368709334158,34.9715509916946,3019.5772100494,7148.29165168864,5000,5703.84376670058,0.610368709334159,34.9715509916946,0.0502441560877808,2.87877808902638,32.8523428226428,3.35000666105579
3.03392477231148,2481.93542246733,1737.24911671541,0.610697387122708,34.9903828417981,3029.52767520394,7143.29165168864,5000,5689.79658881358,0.610697387122709,34.9903828417982,0.0503918658399533,2.88724123441879,32.8832209559337,3.35315535437012
3.04392477231148,2489.51343526144,1743.77397053573,0.61102637387472,35.0092323942041,3039.47771906049,7138.29165168864,5000,5675.75077505071,0.611026373874721,35.0092323942042,0.0505403114284862,2.89574654012906,32.9141355221338,3.35630776280726
3.05392477231148,2497.08653415213,1750.30452705589,0.611355669954732,35.0280996697991,3049.42733910422,7133.29165168864,5000,5661.70632925668,0.611355669954733,35.0280996697991,0.0506894981964857,2.90429431229463,32.945086562986,3.35946389062382
3.06392477231148,2504.65470802246,1756.84079047826,0.611685275727701,35.0469846894933,3059.3765328098,7128.29165168864,5000,5647.66325528891,0.611685275727702,35.0469846894934,0.05083943153859,2.9128848600055,32.9760741202461,3.36262374207768
3.07392477231148,2512.21794572968,1763.38276499891,0.612015191558998,35.0658874742212,3069.3252976414,7123.29165168864,5000,5633.62155701749,0.612015191558999,35.0658874742212,0.0509901169015911,2.92151849533986,33.0070982356824,3.36578732142805
3.08392477231148,2519.77623610524,1769.93045480757,0.612345417814414,35.084808044941,3079.27363105263,7118.29165168865,5000,5619.58123832531,0.612345417814415,35.084808044941,0.0511415597850652,2.93019553340021,33.0381589510759,3.36895463293539
3.09392477231148,2527.32956795468,1776.48386408753,0.612675954860159,35.1037464226348,3089.2215304865,7113.29165168865,5000,5605.54230310802,0.61267595486016,35.1037464226349,0.0512937657420136,2.93891629235011,33.0692563082195,3.3721256808614
3.10392477231148,2534.87793005761,1783.04299701562,0.613006803062857,35.122702628309,3099.16899337541,7108.29165168865,5000,5591.50475527414,0.613006803062858,35.122702628309,0.0514467403795118,2.9476810934513,33.1003903489185,3.37530046946903
3.11392477231148,2542.42131116761,1789.60785776212,0.613337962789555,35.1416766829934,3109.11601714107,7103.29165168865,5000,5577.46859874506,0.613337962789556,35.1416766829935,0.0516004893593684,2.95649026110152,33.1315611149896,3.3784790030224
3.12392477231148,2549.95970001227,1796.17845049072,0.613669434407714,35.1606686077423,3119.0625991945,7098.29165168865,5000,5563.43383745509,0.613669434407715,35.1606686077424,0.0517550183987939,2.96534412287282,33.1627686482615,3.38166128578684
3.13392477231148,2557.49308529304,1802.75477935846,0.614001218285217,35.1796784236337,3129.00873693594,7093.29165168865,5000,5549.40047535151,0.614001218285218,35.1796784236338,0.051910333271079,2.97424300955036,33.1940129905739,3.38484732202881
3.14392477231148,2565.02145568521,1809.33684851564,0.614333314790362,35.1987061517696,3138.95442775488,7088.29165168865,5000,5535.36851639465,0.614333314790363,35.1987061517696,0.0520664398062831,2.98318725517197,33.2252941837777,3.38803711601594
3.15392477231148,2572.54479983789,1815.92466210578,0.614665724291868,35.2177518132759,3148.89966902995,7083.29165168865,5000,5521.33796455784,0.614665724291869,35.217751813276,0.0522233438919327,2.99217719706805,33.2566122697348,3.39123067201693
3.16392477231148,2580.0631063739,1822.51822426558,0.614998447158872,35.2368154293028,3158.84445812894,7078.29165168865,5000,5507.30882382755,0.614998447158873,35.2368154293028,0.0523810514737308,3.00121317590229,33.2879672903177,3.39442799430159
3.17392477231148,2587.57636388977,1829.11753912481,0.61533148376093,35.255897021024,3168.7887924087,7073.29165168865,5000,5493.28109820337,0.615331483760931,35.2558970210241,0.0525395685562758,3.01029553571285,33.3193592874094,3.3976290871408
3.18392477231148,2595.08456095564,1835.72261080629,0.615664834468015,35.2749966096377,3178.73266921517,7068.29165168865,5000,5479.2547916981,0.615664834468016,35.2749966096378,0.052698901203792,3.01942462395417,33.3507883029029,3.40083395480647
3.19392477231148,2602.58768611525,1842.3334434258,0.615998499650522,35.2941142163658,3188.67608588327,7063.29165168865,5000,5465.22990833775,0.615998499650523,35.2941142163659,0.0528590555408704,3.02860079153948,33.3822543787015,3.40404260157154
3.20392477231148,2610.08572788583,1848.95004109202,0.616332479679263,35.3132498624543,3198.61903973691,7058.29165168865,5000,5451.20645216162,0.616332479679264,35.3132498624544,0.0530200377532212,3.03782439288386,33.413757556718,3.40725503170991
3.21392477231148,2617.57867475812,1855.57240790649,0.61666677492547,35.3324035691733,3208.56152808893,7053.29165168865,5000,5437.18442722231,0.616666774925471,35.3324035691734,0.0531818540884368,3.04709578594799,33.4452978788749,3.4104712494965
3.22392477231148,2625.06651519626,1862.20054796352,0.617001385760794,35.3515753578167,3218.50354824105,7048.29165168865,5000,5423.16383758582,0.617001385760795,35.3515753578168,0.0533445108567665,3.05641533228252,33.4768753871038,3.41369125920715
3.23392477231148,2632.54923763774,1868.83446535014,0.617336312557306,35.3707652497027,3228.44509748386,7043.29165168865,5000,5409.14468733151,0.617336312557307,35.3707652497027,0.0535080144319038,3.06578339707318,33.5084901233453,3.4169150651186
3.24392477231148,2640.02683049337,1875.47416414605,0.617671555687494,35.3899732661732,3238.38617309675,7038.29165168865,5000,5395.12698055224,0.617671555687495,35.3899732661733,0.0536723712517837,3.0752003491865,33.5401421295492,3.42014267150854
3.25392477231148,2647.49928214723,1882.1196484235,0.61800711552427,35.4091994285946,3248.32677234786,7033.29165168865,5000,5381.11072135433,0.618007115524271,35.4091994285946,0.0538375878193942,3.08466656121622,33.5718314476733,3.42337408265548
3.26392477231148,2654.96658095658,1888.77092224729,0.618342992440961,35.4284437583568,3258.2668924941,7028.29165168865,5000,5367.09591385766,0.618342992440962,35.4284437583569,0.0540036707035986,3.09418240953049,33.6035581196842,3.42660930283881
3.27392477231148,2662.42871525183,1895.42798967468,0.618679186811316,35.4477062768742,3268.20653078102,7023.29165168865,5000,5353.0825621957,0.618679186811317,35.4477062768743,0.0541706265399705,3.10374827431967,33.6353221875562,3.42984833633873
3.28392477231148,2669.8856733365,1902.09085475531,0.619015699009505,35.4669870055851,3278.14568444285,7018.29165168865,5000,5339.07067051555,0.619015699009506,35.4669870055852,0.0543384620316423,3.11336453964497,33.6671236932718,3.43309118743626
3.29392477231148,2677.33744348713,1908.75952153115,0.619352529410114,35.4862859659517,3288.0843507024,7013.29165168865,5000,5325.06024297798,0.619352529410116,35.4862859659518,0.054507183950166,3.12303159348773,33.6989626788207,3.43633786041316
3.30392477231148,2684.78401395326,1915.43399403645,0.619689678388154,35.5056031794606,3298.02252677107,7008.29165168865,5000,5311.0512837575,0.619689678388155,35.5056031794606,0.0546767991363877,3.13274982779956,33.7308391862003,3.43958835955197
3.31392477231148,2692.22537295736,1922.11427629763,0.620027146319051,35.524938667622,3307.96020984874,7003.29165168865,5000,5297.04379704236,0.620027146319052,35.5249386676221,0.0548473145013344,3.14251963855314,33.7627532574148,3.44284268913592
3.32392477231148,2699.66150869476,1928.80037233326,0.620364933578655,35.5442924519706,3317.89739712381,6998.29165168865,5000,5283.03778703465,0.620364933578656,35.5442924519706,0.0550187370271163,3.15234142579392,33.7947049344754,3.44610085344898
3.33392477231148,2707.09240933364,1935.49228615395,0.620703040543234,35.5636645540649,3327.83408577309,6993.29165168865,5000,5269.03325795032,0.620703040543235,35.563664554065,0.0551910737678414,3.1622155936925,33.8266942593999,3.44936285677575
3.34392477231148,2714.51806301493,1942.19002176233,0.621041467589476,35.5830549954877,3337.7702729618,6988.29165168865,5000,5255.03021401922,0.621041467589477,35.5830549954877,0.055364331850545,3.17214255059795,33.8587212742123,3.4526287034015
3.35392477231148,2721.93845785229,1948.89358315293,0.621380215094491,35.6024637978456,3347.70595584349,6983.29165168865,5000,5241.02865948515,0.621380215094492,35.6024637978457,0.0555385184761338,3.18212270909181,33.8907860209428,3.45589839761211
3.36392477231148,2729.35358193203,1955.60297431217,0.621719283435808,35.6218909827696,3357.64113156004,6978.29165168865,5000,5227.02859860591,0.621719283435809,35.6218909827696,0.0557136409203437,3.19215648604306,33.9228885416275,3.45917194369407
3.37392477231148,2736.76342331306,1962.31819921824,0.622058672991377,35.6413365719145,3367.57579724159,6973.29165168865,5000,5213.03003565334,0.622058672991378,35.6413365719146,0.0558897065347145,3.20224430266388,33.9550288783077,3.46244934593441
3.38392477231148,2744.16797002686,1969.03926184107,0.622398384139567,35.6608005869594,3377.5099500065,6968.29165168865,5000,5199.0329749134,0.622398384139569,35.6608005869594,0.0560667227475774,3.21238658456631,33.9872070730305,3.46573060862073
3.39392477231148,2751.56721007739,1975.76616614221,0.622738417259171,35.6802830496073,3387.44358696132,6963.29165168865,5000,5185.03742068616,0.622738417259172,35.6802830496074,0.0562446970650598,3.22258376181977,34.0194231678477,3.46901573604113
3.40392477231148,2758.96113144108,1982.49891607485,0.623078772729398,35.6997839815855,3397.37670520073,6958.29165168865,5000,5171.04337728588,0.623078772729399,35.6997839815856,0.0564236370721052,3.23283626900951,34.051677204816,3.47230473248418
3.41392477231148,2766.34972206672,1989.23751558364,0.623419450929881,35.7193034046453,3407.30930180751,6953.29165168865,5000,5157.05084904106,0.623419450929882,35.7193034046454,0.0566035504335096,3.243144545296,34.0839692259967,3.47559760223896
3.42392477231148,2773.73296987545,1995.98196860472,0.623760452240672,35.7388413405621,3417.24137385249,6948.29165168865,5000,5143.05984029449,0.623760452240674,35.7388413405621,0.0567844448949734,3.25350903447517,34.1162992734551,3.47889434959492
3.43392477231148,2781.11086276068,2002.73227906557,0.624101777042245,35.7583978111353,3427.17291839449,6943.29165168865,5000,5129.07035540326,0.624101777042246,35.7583978111354,0.0569663282841712,3.26393018503974,34.1486673892607,3.48219497884198
3.44392477231148,2788.48338858806,2009.48845088502,0.624443425715492,35.7779728381887,3437.10393248034,6938.29165168865,5000,5115.08239873885,0.624443425715494,35.7779728381887,0.0571492085118376,3.27440845024141,34.1810736154868,3.48549949427039
3.45392477231148,2795.8505351954,2016.25048797309,0.62478539864173,35.7975664435698,3447.03441314474,6933.29165168865,5000,5101.09597468718,0.624785398641731,35.7975664435698,0.0573330935728706,3.28494428815411,34.2135179942098,3.48880790017078
3.46392477231148,2803.21229039263,2023.01839423099,0.625127696202692,35.8171786491505,3456.96435741031,6928.29165168865,5000,5087.1110876486,0.625127696202693,35.8171786491506,0.057517991547453,3.2955381617382,34.2460005675097,3.4921202008341
3.47392477231148,2810.56864196175,2029.79217355102,0.625470318780535,35.8368094768269,3466.89376228746,6923.29165168865,5000,5073.12774203802,0.625470318780537,35.8368094768269,0.0577039106021917,3.30619053890579,34.278521377469,3.49543640055157
3.48392477231147,2817.91957765675,2036.5718298165,0.625813266757837,35.8564589485188,3476.82262477443,6918.29165168865,5000,5059.1459422849,0.625813266757838,35.8564589485189,0.0578908589912741,3.31690189258698,34.3110804661732,3.49875650361471
3.49392477231147,2825.26508520359,2043.35736690169,0.626156540517595,35.8761270861705,3486.75094185717,6913.29165168865,5000,5045.1656928333,0.626156540517596,35.8761270861706,0.0580788450576455,3.32767270079733,34.3436778757099,3.50208051431528
3.50392477231147,2832.60515230011,2050.14878867174,0.626500140443228,35.8958139117503,3496.67871050935,6908.29165168865,5000,5031.18699814197,0.626500140443229,35.8958139117504,0.0582678772342031,3.33850344670625,34.3763136481688,3.50540843694522
3.51392477231147,2839.93976661602,2056.9460989826,0.626844066918575,35.9155194472505,3506.6059276923,6903.29165168865,5000,5017.20986268434,0.626844066918576,35.9155194472506,0.0584579640450108,3.34939461870663,34.4089878256415,3.50874027579668
3.52392477231147,2847.26891579279,2063.74930168094,0.627188320327897,35.9352437146877,3516.53259035494,6898.29165168865,5000,5003.23429094864,0.627188320327899,35.9352437146877,0.058649114106533,3.36034671048552,34.441700450221,3.51207603516196
3.53392477231147,2854.59258744364,2070.55840060412,0.627532901055877,35.9549867361024,3526.45869543377,6893.29165168865,5000,4989.26028743787,0.627532901055878,35.9549867361025,0.0588413361288894,3.37136022109601,34.4744515640016,3.51541571933347
3.54392477231147,2861.91076915346,2077.37339958005,0.627877809487615,35.9747485335595,3536.38423985281,6888.29165168865,5000,4975.28785666991,0.627877809487616,35.9747485335596,0.0590346389171293,3.38243565503027,34.5072412090786,3.51875933260375
3.55392477231147,2869.22344847879,2084.19430242716,0.628223046008636,35.9945291291478,3546.30922052355,6883.29165168865,5000,4961.31700317755,0.628223046008638,35.9945291291479,0.059229031372527,3.39357352229374,34.5400694275477,3.52210687926536
3.56392477231147,2876.5306129477,2091.02111295433,0.628568611004884,36.0143285449803,3556.23363434491,6878.29165168865,5000,4947.34773150853,0.628568611004886,36.0143285449803,0.0594245224938989,3.40477433848063,34.5729362615053,3.52545836361094
3.57392477231147,2883.83225005979,2097.85383496078,0.628914504862725,36.034146803194,3566.1574782032,6873.29165168865,5000,4933.38004622558,0.628914504862726,36.0341468031941,0.059621121378942,3.41603862485058,34.6058417530476,3.52881378993312
3.58392477231147,2891.12834728615,2104.69247223604,0.629260727968944,36.0539839259503,3576.08074897206,6868.29165168865,5000,4919.41395190652,0.629260727968945,36.0539839259504,0.0598188372255944,3.42736690840662,34.6387859442709,3.5321731625245
3.59392477231147,2898.41889206923,2111.53702855983,0.62960728071075,36.0738399354344,3586.00344351244,6863.29165168865,5000,4905.44945314424,0.629607280710751,36.0738399354345,0.0600176793334185,3.43875972197442,34.6717688772707,3.53553648567765
3.60392477231147,2905.70387182285,2118.38750770201,0.629954163475769,36.0937148538559,3595.92555867251,6858.29165168865,5000,4891.48655454682,0.62995416347577,36.093714853856,0.060217657105007,3.45021760428288,34.7047905941418,3.53890376368503
3.61392477231147,2912.98327393213,2125.24391342251,0.630301376652052,36.1136087034482,3605.84709128767,6853.29165168865,5000,4877.52526073751,0.630301376652054,36.1136087034483,0.0604187800474126,3.46174110004597,34.7378511369779,3.54227500083902
3.62392477231147,2920.25708575342,2132.10624947124,0.630648920628069,36.1335215064692,3615.76803818046,6848.29165168865,5000,4863.56557635485,0.63064892062807,36.1335215064693,0.0606210577736011,3.47333076004607,34.7709505478715,3.54565020143183
3.63392477231147,2927.52529461427,2138.974519588,0.63099679579271,36.1534532852006,3625.68839616052,6843.29165168865,5000,4849.60750605266,0.630996795792712,36.1534532852006,0.0608245000039292,3.4849871412186,34.804088868913,3.54902936975552
3.64392477231147,2934.78788781334,2145.84872750244,0.631345002535288,36.1734040619483,3635.60816202458,6838.29165168865,5000,4835.65105450012,0.631345002535289,36.1734040619483,0.0610291165676472,3.49671080673811,34.8372661421912,3.55241251010194
3.65392477231147,2942.04485262037,2152.72887693395,0.631693541245535,36.1933738590424,3645.52733255634,6833.29165168865,5000,4821.69622638184,0.631693541245536,36.1933738590424,0.0612349174044264,3.50850232610582,34.8704824097924,3.5557996267627
3.66392477231147,2949.29617627615,2159.6149715916,0.632042412313605,36.213362698837,3655.44590452651,6828.29165168865,5000,4807.74302639786,0.632042412313606,36.2133626988371,0.061441912565913,3.52036227523863,34.9037377138003,3.55919072402914
3.67392477231147,2956.54184599238,2166.50701517404,0.632391616130073,36.2333706037104,3665.36387469271,6823.29165168865,5000,4793.79145926375,0.632391616130074,36.2333706037105,0.0616501122173077,3.53229123655965,34.9370320962958,3.56258580619231
3.68392477231147,2963.78184895173,2173.40501136945,0.632741153085933,36.2533975960651,3675.28123979942,6818.29165168865,5000,4779.84152971062,0.632741153085934,36.2533975960652,0.0618595266389728,3.54428979909023,34.9703655993565,3.56598487754294
3.69392477231147,2971.01617230768,2180.30896385546,0.633091023572602,36.2734436983274,3685.19799657796,6813.29165168865,5000,4765.89324248521,0.633091023572603,36.2734436983275,0.0620701662280656,3.55635855854362,35.0037382650565,3.5693879423714
3.70392477231147,2978.24480318452,2187.21887629904,0.633441227981917,36.293508932948,3695.11414174643,6808.29165168865,5000,4751.94660234991,0.633441227981918,36.2935089329481,0.0622820415002011,3.56849811742016,35.037150135466,3.57279500496764
3.71392477231147,2985.46772867731,2194.13475235644,0.633791766706134,36.3135933224016,3705.02967200965,6803.29165168865,5000,4738.00161408283,0.633791766706135,36.3135933224016,0.0624951630911417,3.58070908510418,35.0706012526511,3.57620606962123
3.72392477231147,2992.68493585177,2201.05659567312,0.634142640137932,36.3336968891869,3714.94458405913,6798.29165168865,5000,4724.05828247786,0.634142640137934,36.3336968891869,0.0627095417585172,3.59299207796243,35.1040916586735,3.57962114062126
3.73392477231147,2999.89641174427,2207.98440988366,0.63449384867041,36.3538196558269,3724.85887457302,6793.29165168865,5000,4710.11661234469,0.634493848670411,36.3538196558269,0.0629251883835736,3.6053477194444,35.13762139559,3.58304022225633
3.74392477231147,3007.10214336175,2214.91819861165,0.634845392697087,36.3739616448685,3734.77254021606,6788.29165168865,5000,4696.17660850888,0.634845392697089,36.3739616448685,0.0631421139729518,3.61777664018416,35.1711905054524,3.58646331881452
3.75392477231147,3014.30211768169,2221.85796546968,0.635197272611903,36.3941228788828,3744.68557763951,6783.29165168865,5000,4682.23827581193,0.635197272611904,36.3941228788829,0.0633603296604989,3.63027947810415,35.204799030307,3.58989043458337
3.76392477231147,3021.49632165202,2228.80371405919,0.635549488809217,36.4143033804651,3754.59798348115,6778.29165168865,5000,4668.3016191113,0.635549488809218,36.4143033804651,0.0635798467091083,3.64285687852064,35.2384470121943,3.59332157384982
3.77392477231147,3028.6847421911,2235.75544797042,0.63590204168381,36.4345031722345,3764.50975436518,6773.29165168865,5000,4654.36664328048,0.635902041683811,36.4345031722345,0.0638006765125941,3.65550949425108,35.272134493149,3.5967567409002
3.78392477231147,3035.86736618764,2242.71317078232,0.636254931630884,36.4547222768344,3774.4208869022,6768.29165168865,5000,4640.43335320905,0.636254931630885,36.4547222768344,0.0640228305975975,3.66823798572337,35.305861515199,3.60019594002019
3.79392477231147,3043.04418050066,2249.67688606248,0.636608159046058,36.4749607169322,3784.33137768916,6763.29165168865,5000,4626.50175380272,0.636608159046059,36.4749607169322,0.0642463206255258,3.68104302108692,35.3396281203659,3.60363917549478
3.80392477231147,3050.21517195943,2256.64659736702,0.636961724325375,36.4952185152194,3794.2412233093,6758.29165168865,5000,4612.57184998337,0.636961724325376,36.4952185152194,0.0644711583945266,3.6939252763258,35.3734343506639,3.60708645160824
3.81392477231147,3057.3803273634,2263.62230824053,0.637315627865295,36.5154956944116,3804.1504203321,6753.29165168865,5000,4598.64364668915,0.637315627865296,36.5154956944116,0.0646973558414964,3.7068854353738,35.4072802481,3.61053777264407
3.82392477231147,3064.53963348218,2270.60402221599,0.637669870062701,36.5357922772483,3814.05896531327,6748.29165168865,5000,4584.71714887449,0.637669870062701,36.5357922772484,0.0649249250441247,3.71992419023156,35.4411658546734,3.61399314288503
3.83392477231147,3071.69307705544,2277.59174281467,0.638024451314892,36.5561082864934,3823.96685479462,6743.29165168865,5000,4570.79236151015,0.638024451314893,36.5561082864935,0.065153878222974,3.73304224108573,35.4750912123754,3.617452566613
3.84392477231147,3078.84064479289,2284.58547354604,0.638379372019592,36.5764437449345,3833.87408530409,6738.29165168865,5000,4556.86928958331,0.638379372019593,36.5764437449345,0.0653842277435974,3.74624029643032,35.5090563631887,3.62091604810906
3.85392477231147,3085.98232337423,2291.58521790772,0.63873463257494,36.5967986753834,3843.78065335567,6733.29165168865,5000,4542.94793809762,0.638734632574941,36.5967986753835,0.0656159861186936,3.75951907319014,35.5430613490874,3.62438359165336
3.86392477231147,3093.11809944904,2298.59097938534,0.639090233379497,36.617173100676,3853.68655544933,6728.29165168865,5000,4529.0283120732,0.639090233379498,36.617173100676,0.0658491660103002,3.77287929684652,35.5771062120366,3.62785520152515
3.87392477231147,3100.2479596368,2305.60276145252,0.639446174832244,36.6375670436721,3863.59178807099,6723.29165168865,5000,4515.11041654676,0.639446174832245,36.6375670436722,0.0660837802320272,3.78632170156522,35.6111909939917,3.63133088200269
3.88392477231147,3107.37189052677,2312.62056757072,0.63980245733258,36.6579805272558,3873.49634769249,6718.29165168865,5000,4501.19425657161,0.639802457332581,36.6579805272558,0.0663198417513297,3.7998470303267,35.6453157368987,3.63481063736329
3.89392477231147,3114.48987867798,2319.64440118922,0.640159081280325,36.6784135743348,3883.40023077149,6713.29165168865,5000,4487.27983721776,0.640159081280326,36.6784135743349,0.066557363691822,3.81345603505867,35.6794804826933,3.63829447188319
3.90392477231147,3121.60191061914,2326.67426574496,0.640516047075717,36.6988662078413,3893.30343375146,6708.29165168865,5000,4473.36716357192,0.640516047075718,36.6988662078414,0.0667963593356342,3.82714947677112,35.7136852733008,3.64178238983759
3.91392477231147,3128.70797284863,2333.71016466251,0.640873355119413,36.7193384507312,3903.20595306162,6703.29165168865,5000,4459.4562407376,0.640873355119414,36.7193384507313,0.0670368421258104,3.84092812569374,35.7479301506356,3.64527439550057
3.92392477231147,3135.80805183438,2340.75210135396,0.641231005812491,36.7398303259845,3913.10778511688,6698.29165168865,5000,4445.54707383512,0.641231005812492,36.7398303259846,0.0672788256687514,3.85479276141588,35.7822151566012,3.64877049314508
3.93392477231147,3142.90213401389,2347.80007921884,0.641588999556447,36.7603418566053,3923.00892631778,6693.29165168865,5000,4431.63966800173,0.641588999556448,36.7603418566053,0.0675223237367022,3.86874417302905,35.8165403330894,3.65227068704291
3.94392477231146,3149.9902057941,2354.85410164402,0.641947336753195,36.7808730656214,3932.90937305049,6688.29165168865,5000,4417.73402839159,0.641947336753195,36.7808730656215,0.0677673502702839,3.882783159272,35.8509057219801,3.65577498146463
3.95392477231146,3157.07225355139,2361.91417200363,0.642306017805068,36.8014239760851,3942.80912168667,6683.29165168865,5000,4403.83016017589,0.642306017805068,36.8014239760851,0.0680139193810742,3.89691052867859,35.8853113651411,3.65928338067955
3.96392477231146,3164.14826363152,2368.98029365896,0.642665043114818,36.8219946110721,3952.70816858352,6678.29165168865,5000,4389.92806854287,0.642665043114819,36.8219946110722,0.0682620453542329,3.91112709972815,35.9197573044277,3.66279588895573
3.97392477231146,3171.21822234954,2376.05246995841,0.643024413085616,36.8425849936826,3962.60651008364,6673.29165168865,5000,4376.02775869788,0.643024413085617,36.8425849936827,0.0685117426511782,3.92543370099894,35.954243581682,3.66631251055987
3.98392477231146,3178.28211598975,2383.13070423734,0.643384128121051,36.8631951470404,3972.50414251503,6668.29165168865,5000,4362.12923586344,0.643384128121052,36.8631951470405,0.0687630259123109,3.93983117132413,35.988770238733,3.66983324975736
3.99392477231146,3185.33993080568,2390.21499981802,0.643744188625129,36.8838250942935,3982.40106219102,6663.29165168865,5000,4348.23250527932,0.64374418862513,36.8838250942935,0.0690159099597913,3.95432035995095,36.0233373173959,3.67335811081215
4.00392477231146,3192.39165301999,2397.30536000953,0.644104595002277,36.9044748586136,3992.29726541024,6658.29165168865,5000,4334.33757220254,0.644104595002278,36.9044748586137,0.0692704098003655,3.9689021267026,36.0579448594722,3.67688709798679
4.01392477231146,3199.43726882441,2404.40178810767,0.644465347657336,36.9251444631967,4002.19274845652,6653.29165168865,5000,4320.44444190747,0.644465347657337,36.9251444631967,0.0695265406282465,3.98357734214337,36.0925929067484,3.68042021554235
4.02392477231146,3206.47676437975,2411.50428739487,0.644826446995568,36.9458339312623,4012.08750759888,6648.29165168865,5000,4306.5531196859,0.644826446995569,36.9458339312624,0.0697843178280488,3.99834688774674,36.1272815009969,3.68395746773841
4.03392477231146,3213.51012581575,2418.61286114009,0.645187893422652,36.9665432860543,4021.98153909147,6643.29165168865,5000,4292.66361084705,0.645187893422653,36.9665432860544,0.070043756977778,4.01321165606669,36.1620106839744,3.68749885883297
4.04392477231146,3220.53733923113,2425.72751259873,0.645549687344683,36.9872725508402,4031.8748391735,6638.29165168865,5000,4278.77592071765,0.645549687344684,36.9872725508402,0.0703048738518775,4.02817255091224,36.1967804974223,3.69104439308248
4.05392477231146,3227.55839069343,2432.84824501255,0.645911829168174,37.0080217489114,4041.76740406919,6633.29165168865,5000,4264.89005464201,0.645911829168175,37.0080217489115,0.0705676844243321,4.0432304875253,36.2315909830662,3.69459407474175
4.06392477231146,3234.57326623904,2439.97506160956,0.646274319300057,37.0287909035834,4051.65922998774,6628.29165168866,5000,4251.00601798206,0.646274319300058,37.0287909035835,0.0708322048718318,4.05838639276195,36.2664421826153,3.69814790806395
4.07392477231146,3241.5819518731,2447.10796560395,0.646637158147679,37.0495800381955,4061.55031312327,6623.29165168866,5000,4237.12381611742,0.64663715814768,37.0495800381956,0.0710984515769951,4.07364120527707,36.3013341377621,3.70170589730052
4.08392477231146,3248.58443356944,2454.24696019596,0.647000346118803,37.0703891761109,4071.44064965472,6618.29165168866,5000,4223.24345444543,0.647000346118804,37.070389176111,0.0713664411316542,4.08899587571263,36.3362668901822,3.70526804670119
4.09392477231146,3255.58069727058,2461.39204857182,0.647363883621612,37.0912183407166,4081.33023574586,6613.29165168866,5000,4209.36493838127,0.647363883621613,37.0912183407166,0.0716361903402029,4.10445136688946,36.3712404815336,3.7088343605139
4.10392477231146,3262.57072888759,2468.54323390364,0.647727771064703,37.1120675554235,4091.21906754521,6608.29165168866,5000,4195.48827335793,0.647727771064704,37.1120675554235,0.0719077162230102,4.12000865400289,36.4062549534567,3.71240484298478
4.11392477231146,3269.5545143001,2475.7005193493,0.648092008857089,37.1329368436664,4101.10714118597,6603.29165168866,5000,4181.61346482635,0.64809200885709,37.1329368436664,0.0721810360198988,4.13566872482197,36.4413103475733,3.71597949835809
4.12392477231146,3276.53203935625,2482.8639080524,0.6484565974082,37.1538262289038,4110.994452786,6598.29165168866,5000,4167.74051825542,0.648456597408201,37.1538262289039,0.0724561671936908,4.15143257989274,36.4764067054872,3.71955833087621
4.13392477231146,3283.50328987257,2490.03340314212,0.648821537127883,37.1747357346183,4120.88099844772,6593.29165168866,5000,4153.86943913209,0.648821537127884,37.1747357346184,0.0727331274338241,4.1673012327453,36.5115440687826,3.72314134477957
4.14392477231146,3290.468251634,2497.20900773314,0.649186828426399,37.1956653843162,4130.76677425812,6588.29165168866,5000,4140.00023296137,0.6491868284264,37.1956653843162,0.0730119346600366,4.18327571010503,36.5467224790247,3.72672854430664
4.15392477231146,3297.42691039377,2504.39072492554,0.649552471714425,37.2166152015273,4140.65177628862,6583.29165168866,5000,4126.13290526645,0.649552471714426,37.2166152015274,0.0732926070261257,4.19935705210789,36.5819419777588,3.73031993369385
4.16392477231146,3304.37925187341,2511.57855780472,0.649918467403054,37.2375852098058,4150.53600059509,6578.29165168866,5000,4112.26746158872,0.649918467403055,37.2375852098058,0.0735751629237789,4.21554631251994,36.61720260651,3.73391551717559
4.17392477231146,3311.32526176263,2518.77250944126,0.650284815903794,37.2585754327291,4160.41944321776,6573.29165168866,5000,4098.40390748782,0.650284815903795,37.2585754327291,0.0738596209864815,4.23184455896127,36.6525044067828,3.73751529898414
4.18392477231146,3318.26492571933,2525.97258289089,0.650651517628567,37.2795858938987,4170.30210018118,6568.29165168866,5000,4084.54224854175,0.650651517628567,37.2795858938988,0.0741460000935012,4.24825287313423,36.6878474200609,3.74111928334965
4.19392477231146,3325.19822936949,2533.17878119431,0.65101857298971,37.3006166169399,4180.18396749414,6563.29165168866,5000,4070.68249034688,0.651018572989711,37.30061661694,0.0744343193739516,4.26477235105628,36.7232316878062,3.74472747450008
4.20392477231146,3332.12515830715,2540.39110737716,0.651385982399976,37.3216676255015,4190.06504114964,6558.29165168866,5000,4056.82463851803,0.651385982399977,37.3216676255016,0.0747245982109365,4.28140410329749,36.7586572514592,3.74833987666117
4.21392477231146,3339.04569809432,2547.60956444988,0.65175374627253,37.3427389432563,4199.94531712482,6553.29165168866,5000,4042.96869868853,0.651753746272531,37.3427389432563,0.0750168562457774,4.29814925522266,36.794124152438,3.75195649405638
4.22392477231146,3345.95983426099,2554.83415540765,0.652121865020953,37.3638305939006,4209.82479138091,6548.29165168866,5000,4029.11467651029,0.652121865020954,37.3638305939006,0.0753111133823249,4.31500894723843,36.8296324321382,3.7555773309069
4.23392477231146,3352.86755230499,2562.06488323022,0.65249033905924,37.3849426011545,4219.70345986316,6543.29165168866,5000,4015.26257765384,0.652490339059241,37.3849426011546,0.0756073897913577,4.3319843350453,36.865182131932,3.75920239143153
4.24392477231146,3359.76883769202,2569.30175088189,0.652859168801797,37.4060749887619,4229.58131850082,6538.29165168866,5000,4001.41240780839,0.652859168801798,37.406074988762,0.0759057059150701,4.34907658989472,36.9007732931687,3.7628316798467
4.25392477231146,3366.66367585552,2576.54476131135,0.653228354663446,37.4272277804903,4239.45836320703,6533.29165168866,5000,3987.56417268192,0.653228354663447,37.4272277804904,0.0762060824716493,4.36628689885139,36.9364059571732,3.7664652003664
4.26392477231146,3373.55205219668,2583.79391745163,0.653597897059421,37.4484010001308,4249.33458987881,6528.29165168866,5000,3973.71787800122,0.653597897059422,37.4484010001309,0.0765085404599477,4.3836164650609,36.9720801652464,3.77010295720214
4.27392477231146,3380.43395208434,2591.04922221994,0.653967796405368,37.4695946714983,4259.20999439698,6523.29165168866,5000,3959.87352951193,0.653967796405369,37.4695946714984,0.076813101164248,4.40106650802284,37.0077959586644,3.77374495456292
4.28392477231146,3387.30936085496,2598.3106785176,0.654338053117349,37.4908088184312,4269.0845726261,6518.29165168866,5000,3946.03113297866,0.65433805311735,37.4908088184312,0.0771197861591276,4.41863826386943,37.0435533786783,3.77739119665515
4.29392477231146,3394.17826381254,2605.57828922995,0.654708667611835,37.5120434647916,4278.95832041444,6513.29165168866,5000,3932.19069418499,0.654708667611835,37.5120434647916,0.077428617314422,4.43633298564995,37.0793524665132,3.78104168768267
4.30392477231146,3401.04064622861,2612.85205722623,0.655079640305709,37.5332986344652,4288.83123359389,6508.29165168866,5000,3918.35221893356,0.65507964030571,37.5332986344652,0.0777396168002907,4.45415194362096,37.1151932633687,3.78469643184663
4.31392477231146,3407.89649334213,2620.13198535947,0.655450971616269,37.5545743513614,4298.7033079799,6503.29165168866,5000,3904.51571304614,0.65545097161627,37.5545743513614,0.078052807092387,4.47209642554256,37.1510758104177,3.78835543334551
4.32392477231146,3414.74579035947,2627.41807646638,0.655822661961222,37.5758706394129,4308.57453937146,6498.29165168866,5000,3890.68118236368,0.655822661961223,37.575870639413,0.0783682109771361,4.49016773698071,37.1870001488063,3.79201869637504
4.33392477231146,3421.58852245433,2634.71033336728,0.656194711758687,37.5971875225763,4318.44492355101,6493.29165168866,5000,3876.84863274638,0.656194711758688,37.5971875225764,0.078685851557122,4.50836720161599,37.2229663196531,3.79568622512816
4.34392477231146,3428.4246747677,2642.00875886598,0.656567121427194,37.6185250248316,4328.3144562844,6488.29165168866,5000,3863.01807007373,0.656567121427195,37.6185250248317,0.0790057522565875,4.52669616155865,37.2589743640493,3.79935802379501
4.35392477231146,3435.2542324078,2649.31335574965,0.656939891385683,37.6398831701824,4338.18313332081,6483.29165168866,5000,3849.1895002446,0.656939891385684,37.6398831701824,0.0793279368270489,4.54515597767032,37.2950243230577,3.80303409656281
4.36392477231146,3442.07718045004,2656.62412678874,0.657313022053507,37.6612619826556,4348.05095039271,6478.29165168866,5000,3835.36292917729,0.657313022053508,37.6612619826556,0.0796524293530293,4.56374802989253,37.3311162377124,3.8067144476159
4.37392477231146,3448.89350393694,2663.94107473687,0.657686513850427,37.6826614863018,4357.91790321579,6473.29165168866,5000,3821.53836280961,0.657686513850427,37.6826614863018,0.0799792542579119,4.58247371758207,37.3672501490187,3.81039908113563
4.38392477231146,3455.70318787811,2671.26420233072,0.658060367196613,37.7040817051951,4367.7839874889,6468.29165168866,5000,3807.7158070989,0.658060367196614,37.7040817051952,0.0803084363099185,4.6013344598535,37.4034260979521,3.81408800130035
4.39392477231146,3462.50621725015,2678.59351228991,0.658434582512648,37.7255226634331,4377.64919889403,6463.29165168866,5000,3793.89526802214,0.658434582512648,37.7255226634331,0.0806400006282139,4.62033169592896,37.4396441254582,3.81778121228536
4.40392477231146,3469.30257699666,2685.92900731692,0.658809160219521,37.7469843851366,4387.51353309618,6458.29165168866,5000,3780.076751576,0.658809160219521,37.7469843851366,0.0809739726891405,4.63946688549535,37.4759042724523,3.82147871826284
4.41392477231146,3476.09225202812,2693.27069009698,0.659184100738631,37.7684668944501,4397.37698574336,6453.29165168866,5000,3766.26026377689,0.659184100738632,37.7684668944501,0.0813103783325876,4.65874150906925,37.5122065798187,3.82518052340184
4.42392477231146,3482.87522722187,2700.61856329791,0.659559404491788,37.7899702155413,4407.2395524665,6448.29165168866,5000,3752.44581066103,0.659559404491788,37.7899702155414,0.0816492437684952,4.67815706836961,37.5485510884103,3.8288866318682
4.43392477231145,3489.65148742207,2707.97262957009,0.659935071901206,37.8114943726016,4417.10122887939,6443.29165168866,5000,3738.63339828454,0.659935071901207,37.8114943726017,0.0819905955835001,4.69771508669852,37.5849378390485,3.83259704782453
4.44392477231145,3496.42101743961,2715.33289154628,0.660311103389511,37.8330393898456,4426.96201057865,6438.29165168866,5000,3724.82303272346,0.660311103389512,37.8330393898456,0.0823344607477245,4.71741710933015,37.621366872522,3.83631177543014
4.45392477231145,3503.18380205209,2722.69935184156,0.660687499379735,37.854605291511,4436.82189314363,6433.29165168866,5000,3711.01472007383,0.660687499379736,37.8546052915111,0.0826808666217119,4.73726470390817,37.6578382295872,3.84003081884101
4.46392477231145,3509.93982600375,2730.0720130532,0.661064260295318,37.8761921018594,4446.68087213638,6428.29165168866,5000,3697.20846645179,0.661064260295318,37.8761921018594,0.083029840963515,4.75725946085185,37.6943519509671,3.84375418220973
4.47392477231145,3516.6890740054,2737.45087776053,0.661441386560105,37.8977998451752,4456.53894310157,6423.29165168866,5000,3683.4042779936,0.661441386560105,37.8977998451752,0.0833814119359381,4.777402993771,37.730908077351,3.84748186968547
4.48392477231145,3523.43153073442,2744.83594852487,0.66181887859835,37.9194285457665,4466.39610156644,6418.29165168866,5000,3669.60216085571,0.661818878598351,37.9194285457665,0.083735608113937,4.79769693989,37.7675066493942,3.8512138854139
4.49392477231145,3530.16718083464,2752.22722788938,0.662196736834713,37.9410782279643,4476.25234304073,6413.29165168866,5000,3655.80212121487,0.662196736834714,37.9410782279644,0.0840924584921851,4.81814296048126,37.8041477077173,3.85495023353718
4.50392477231145,3536.89600891634,2759.62471837898,0.662574961694261,37.9627489161233,4486.10766301664,6408.29165168866,5000,3642.00416526812,0.662574961694261,37.9627489161234,0.0844519924928027,4.83874274130811,37.840831292906,3.85869091819388
4.51392477231145,3543.61799955617,2767.02842250021,0.662953553602463,37.9844406346211,4495.96205696872,6403.29165168866,5000,3628.20829923293,0.662953553602464,37.9844406346212,0.0848142399732618,4.85949799307766,37.8775574455102,3.86243594351896
4.52392477231145,3550.33313729709,2774.43834274112,0.663332512985197,38.0061534078587,4505.81552035388,6398.29165168866,5000,3614.41452934722,0.663332512985198,38.0061534078587,0.0851792312344632,4.88041045190366,37.914326206044,3.8661853136437
4.53392477231145,3557.04140664836,2781.85448157119,0.663711840268745,38.0278872602601,4515.66804861127,6393.29165168866,5000,3600.62286186945,0.663711840268746,38.0278872602602,0.0855469970289973,4.90148187977974,37.9511376149848,3.86993903269565
4.54392477231145,3563.74279208543,2789.27684144117,0.664091535879793,38.0496422162728,4525.51963716223,6388.29165168866,5000,3586.83330307866,0.664091535879794,38.0496422162729,0.0859175685695879,4.92271406506324,37.9879917127731,3.87369710479859
4.55392477231145,3570.43727804993,2796.70542478299,0.664471600245432,38.0714183003672,4535.37028141024,6383.29165168866,5000,3573.04585927458,0.664471600245432,38.0714183003673,0.0862909775377275,4.94410882296997,38.0248885398118,3.87745953407247
4.56392477231145,3577.1248489496,2804.14023400964,0.664852033793155,38.0932155370369,4545.21997674088,6378.29165168866,5000,3559.26053677763,0.664852033793155,38.093215537037,0.0866672560925069,4.96566799608012,38.061828136466,3.88122632463339
4.57392477231145,3583.80548915823,2811.58127151506,0.665232836950861,38.1150339507988,4555.0687185217,6373.29165168866,5000,3545.47734192906,0.665232836950861,38.1150339507988,0.0870464368796461,4.98739345485564,38.0988105430622,3.8849974805935
4.58392477231145,3590.47918301563,2819.02853967402,0.66561401014685,38.1368735661925,4564.91650210222,6368.29165168866,5000,3531.69628109097,0.665614010146851,38.1368735661925,0.0874285530407299,5.00928709816948,38.135835799888,3.88877300606099
4.59392477231145,3597.14591482755,2826.48204084198,0.665995553809827,38.158734407781,4574.76332281385,6363.29165168866,5000,3517.9173606464,0.665995553809827,38.158734407781,0.087813638222655,5.03135085384682,38.1729039471915,3.89255290514003
4.60392477231145,3603.80566886565,2833.94177735504,0.666377468368896,38.1806165001503,4584.60917596979,6358.29165168866,5000,3504.14058699937,0.666377468368897,38.1806165001503,0.0882017265872943,5.05358667921878,38.2100150251808,3.89633718193071
4.61392477231145,3610.45842936745,2841.40775152973,0.666759754253566,38.2025198679093,4594.45405686505,6353.29165168866,5000,3490.36596657498,0.666759754253567,38.2025198679093,0.0885928528213831,5.07599656168892,38.2471690740236,3.90012584052898
4.62392477231145,3617.10418053625,2848.87996566296,0.667142411893747,38.2244445356901,4604.29796077628,6348.29165168866,5000,3476.59350581946,0.667142411893747,38.2244445356901,0.0889870521466346,5.09858251931274,38.2843661338466,3.90391888502665
4.63392477231145,3623.74290654111,2856.3584220319,0.667525441719747,38.2463905281475,4614.14088296181,6343.29165168866,5000,3462.82321120024,0.667525441719747,38.2463905281475,0.0893843603300895,5.12134660139071,38.321606244735,3.90771631951125
4.64392477231145,3630.37459151677,2863.84312289381,0.667908844162278,38.2683578699596,4623.9828186615,6338.29165168866,5000,3449.05508920603,0.667908844162279,38.2683578699596,0.0897848136947079,5.14429088907516,38.3588894467321,3.91151814806607
4.65392477231145,3636.99921956362,2871.33407048598,0.668292619652452,38.2903465858271,4633.82376309673,6333.29165168866,5000,3435.28914634687,0.668292619652452,38.2903465858271,0.0901884491302073,5.1674174959912,38.3962157798387,3.91532437477005
4.66392477231145,3643.61677474763,2878.83126702556,0.668676768621779,38.3123567004738,4643.66371147032,6328.29165168866,5000,3421.52538915419,0.668676768621779,38.3123567004738,0.0905953041041572,5.19072856887243,38.4335852840125,3.91913500369774
4.67392477231145,3650.22724110032,2886.33471470948,0.669061291502169,38.3343882386464,4653.50265896646,6323.29165168866,5000,3407.76382418093,0.669061291502169,38.3343882386464,0.0910054166733336,5.21422628821151,38.4709979991676,3.92295003891926
4.68392477231145,3656.8306026187,2893.8444157143,0.669446188725932,38.3564412251143,4663.34060075065,6318.29165168866,5000,3394.00445800156,0.669446188725932,38.3564412251143,0.0914188254953433,5.23791286892614,38.5084539651742,3.92676948450023
4.69392477231145,3663.42684326519,2901.3603721961,0.669831460725775,38.3785156846699,4673.17753196964,6313.29165168866,5000,3380.24729721215,0.669831460725775,38.3785156846699,0.091835569840524,5.26179056104094,38.545953221858,3.93059334450174
4.70392477231145,3670.01594696762,2908.88258629038,0.670217107934804,38.4006116421282,4683.01344775136,6308.29165168866,5000,3366.49234843047,0.670217107934804,38.4006116421282,0.0922556896041284,5.2858616503855,38.5834958089993,3.93442162298026
4.71392477231145,3676.59789761914,2916.41106011188,0.670603130786522,38.4227291223273,4692.84834320484,6303.29165168866,5000,3352.73961829605,0.670603130786522,38.4227291223273,0.0926792253188005,5.31012845930927,38.6210817663331,3.93825432398761
4.72392477231145,3683.17267907818,2923.94579575453,0.67098952971483,38.4448681501277,4702.68221342018,6298.29165168866,5000,3338.98911347022,0.67098952971483,38.4448681501277,0.0931062181673514,5.33459334741351,38.6587111335481,3.94209145157093
4.73392477231145,3689.74027516839,2931.48679529125,0.671376305154025,38.4670287504129,4712.51505346844,6293.29165168866,5000,3325.24084063622,0.671376305154025,38.4670287504129,0.0935367099958443,5.35925871230102,38.6963839502862,3.94593300977258
4.74392477231145,3696.30066967863,2939.0340607739,0.6717634575388,38.4892109480889,4722.34685840163,6288.29165168866,5000,3311.49480649925,0.6717634575388,38.4892109480889,0.0939707433269961,5.38412699034402,38.7341002561424,3.94977900263009
4.75392477231145,3702.85384636284,2946.5875942331,0.672150987304243,38.5114147680845,4732.17762325258,6283.29165168866,5000,3297.75101778654,0.672150987304243,38.5114147680845,0.0944083613739059,5.40920065747071,38.7718600906636,3.95362943417615
4.76392477231145,3709.39978894008,2954.14739767813,0.67253889488584,38.5336402353511,4742.00734303493,6278.29165168866,5000,3284.00948124744,0.67253889488584,38.5336402353511,0.0948496080541183,5.43448222997104,38.8096634933485,3.95748430843851
4.77392477231145,3715.93848109441,2961.71347309681,0.672927180719469,38.5558873748628,4751.83601274301,6273.29165168866,5000,3270.27020365345,0.672927180719469,38.5558873748628,0.0952945280040336,5.45997426532236,38.8475105036471,3.96134362943993
4.78392477231145,3722.46990647487,2969.28582245535,0.673315845241403,38.5781562116161,4761.66362735183,6268.29165168866,5000,3256.53319179833,0.673315845241403,38.5781562116161,0.0957431665936697,5.48567936303521,38.8854011609599,3.96520740119816
4.79392477231145,3728.99404869544,2976.86444769824,0.673704888888309,38.6004467706302,4771.49018181697,6263.29165168866,5000,3242.79845249817,0.67370488888831,38.6004467706302,0.0961955699417933,5.51160016552028,38.9233355046375,3.96907562772583
4.80392477231145,3735.51089133495,2984.44935074814,0.674094312097248,38.6227590769468,4781.31567107454,6258.29165168866,5000,3229.06599259143,0.674094312097248,38.6227590769468,0.0966517849314246,5.53773935897676,38.9613135739799,3.97294831303043
4.81392477231145,3742.02041793706,2992.0405335057,0.674484115305672,38.6450931556302,4791.14009004109,6253.29165168866,5000,3215.33581893903,0.674484115305672,38.6450931556302,0.0971118592257298,5.56409967430291,38.9993354082362,3.97682546111427
4.82392477231145,3748.52261201022,2999.6379978495,0.674874298951426,38.6674490317669,4800.96343361356,6248.29165168866,5000,3201.60793842445,0.674874298951427,38.6674490317669,0.097575841284311,5.5906838880294,39.0374010466039,3.98070707597436
4.83392477231145,3755.01745702759,3007.24174563585,0.675264863472748,38.6898267304662,4810.78569666919,6243.29165168866,5000,3187.88235795374,0.675264863472748,38.6898267304662,0.098043780379907,5.61749482327622,39.0755105282283,3.98459316160242
4.84392477231145,3761.50493642699,3014.85177869872,0.675655809308265,38.7122262768596,4820.6068740655,6238.29165168866,5000,3174.15908445565,0.675655809308266,38.7122262768596,0.0985157266155159,5.64453535073369,39.113663892202,3.98848372198478
4.85392477231145,3767.9850336109,3022.46809884959,0.676047136896997,38.7346476961009,4830.42696064015,6233.29165168866,5000,3160.43812488167,0.676047136896997,38.7346476961009,0.0989917309419508,5.67180838966839,39.1518611775643,3.99237876110234
4.86392477231145,3774.45773194634,3030.09070787731,0.676438846678351,38.7570910133665,4840.24595121095,6228.29165168866,5000,3146.71948620612,0.676438846678352,38.7570910133665,0.0994718451758452,5.69931690895469,39.1901024233006,3.99627828293052
4.87392477231145,3780.92301476486,3037.71960754798,0.676830939092127,38.779556253855,4850.06384057572,6223.29165168866,5000,3133.0031754262,0.676830939092128,38.779556253855,0.0999561220181175,5.72706392813281,39.228387668342,4.00018229143918
4.88392477231145,3787.38086536251,3045.3547996048,0.677223414578512,38.8020434427872,4859.88062351228,6218.29165168866,5000,3119.28919956211,0.677223414578512,38.8020434427872,0.10044461507291,5.75505251849387,39.2667169515646,4.00409079059257
4.89392477231145,3793.83126699973,3052.99628576797,0.677616273578082,38.8245526054062,4869.69629477834,6213.29165168866,5000,3105.57756565706,0.677616273578082,38.8245526054063,0.100937378867017,5.78328580419307,39.3050903117889,4.00800378434929
4.90392477231144,3800.27420290136,3060.64406773455,0.6780095165318,38.8470837669776,4879.51084911145,6208.29165168866,5000,3091.86828077738,0.678009516531801,38.8470837669776,0.101434468869819,5.81176696339177,39.3435077877793,4.01192127666219
4.91392477231144,3806.70965625657,3068.29814717828,0.678403143881019,38.8696369527887,4889.32428122892,6203.29165168866,5000,3078.16135201261,0.678403143881019,38.8696369527888,0.10193594151373,5.84049922942915,39.3819694182433,4.01584327147836
4.92392477231144,3813.13761021879,3075.95852574954,0.678797156067475,38.8922121881494,4899.13658582778,6198.29165168866,5000,3064.45678647554,0.678797156067476,38.8922121881494,0.102441854215187,5.86948589202468,39.4204752418314,4.01976977273905
4.93392477231144,3819.55804790568,3083.6252050751,0.679191553533295,38.9148094983915,4908.94775758467,6193.29165168866,5000,3050.75459130229,0.679191553533295,38.9148094983915,0.102952265396182,5.89873029851199,39.4590252971359,4.02370078437957
4.94392477231144,3825.9709523991,3091.29818675811,0.679586336720986,38.9374289088689,4918.75779115578,6188.29165168866,5000,3037.0547736524,0.679586336720986,38.9374289088689,0.103467234506372,5.9282358551055,39.497619622691,4.02763631032932
4.95392477231144,3832.37630674503,3098.97747237785,0.679981506073444,38.9600704449577,4928.5666811768,6183.29165168866,5000,3023.35734070889,0.679981506073445,38.9600704449577,0.103986822045767,5.95800602820039,39.5362582569715,4.03157635451163
4.96392477231144,3838.77409395354,3106.66306348966,0.680377062033949,38.9827341320559,4938.37442226284,6178.29165168866,5000,3009.66229967836,0.680377062033949,38.9827341320559,0.104511089588023,5.98804434570735,39.5749412383926,4.03552092084377
4.97392477231144,3845.16429699873,3114.35496162481,0.680773005046164,39.0054199955835,4948.18100900835,6173.29165168867,5000,2995.96965779103,0.680773005046164,39.0054199955835,0.105040099804361,6.01835439842284,39.6136686053094,4.03947001323687
4.98392477231144,3851.54689881868,3122.05316829033,0.681169335554135,39.0281280609825,4957.98643598704,6168.29165168867,5000,2982.27942230083,0.681169335554135,39.0281280609825,0.105573916488128,6.04893984143634,39.6524403960159,4.04342363559584
4.99392477231144,3857.92188231542,3129.75768496888,0.681566054002291,39.0508583537168,4967.79069775186,6163.29165168867,5000,2968.59160048549,0.681566054002291,39.0508583537168,0.106112604580013,6.07980439557532,39.691256648745,4.04738179181933
5.00392477231144,3864.28923035488,3137.46851311861,0.681963160835443,39.0736108992723,4977.59378883487,6158.29165168867,5000,2954.90619964659,0.681963160835444,39.0736108992723,0.106656230193958,6.11095184888959,39.7301174016672,4.05134448579965
5.01392477231144,3870.64892576682,3145.18565417307,0.682360656498785,39.0963857231565,4987.39570374719,6153.29165168867,5000,2941.22322710965,0.682360656498785,39.0963857231565,0.107204860643765,6.14238605817588,39.7690226928904,4.05531172142275
5.02392477231144,3877.0009513448,3152.90910954099,0.682758541437889,39.119182850899,4997.19643697894,6148.29165168867,5000,2927.54269022421,0.682758541437889,39.119182850899,0.107758564470433,6.17411095054419,39.8079725604593,4.05928350256808
5.03392477231144,3883.34528984613,3160.63888060619,0.683156816098709,39.1420023080509,5006.99598299916,6143.29165168867,5000,2913.8645963639,0.683156816098709,39.142002308051,0.108317411470247,6.20613052502709,39.8469670423546,4.06325983310862
5.04392477231144,3889.68192399182,3168.37496872746,0.683555480927577,39.1648441201854,5016.79433625572,6138.29165168867,5000,2900.18895292652,0.683555480927577,39.1648441201854,0.108881472723643,6.23844885423355,39.8860061764927,4.06724071691074
5.05392477231144,3896.01083646654,3176.11737523835,0.683954536371206,39.187708312897,5026.59149117528,6133.29165168867,5000,2886.5157673341,0.683954536371206,39.1877083128971,0.109450820624869,6.27107008604843,39.9250900007246,4.07122615783418
5.06392477231144,3902.33200991857,3183.86610144711,0.684353982876684,39.2105949118022,5036.3874421632,6128.29165168867,5000,2872.84504703302,0.684353982876685,39.2105949118023,0.110025528912475,6.30399844537945,39.9642185528357,4.07521615973199
5.07392477231144,3908.64542695974,3191.62114863647,0.684753820891481,39.233503942539,5046.18218360345,6123.29165168867,5000,2859.17679949403,0.684753820891481,39.233503942539,0.110605672700657,6.33723823595297,40.003391870545,4.07921072645041
5.08392477231144,3914.95107016541,3199.38251806357,0.68515405086344,39.2564354307668,5055.97570985859,6118.29165168867,5000,2845.51103221237,0.68515405086344,39.2564354307668,0.111191328511476,6.37079384216026,40.0426099915044,4.0832098618289
5.09392477231144,3921.24892207439,3207.15021095977,0.685554673240781,39.279389402167,5065.76801526964,6113.29165168867,5000,2831.84775270783,0.685554673240781,39.279389402167,0.111782574307999,6.40466973095587,40.0818729532983,4.08721356969998
5.10392477231144,3927.53896518892,3214.92422853052,0.6859556884721,39.302365882442,5075.55909415602,6108.29165168867,5000,2818.18696852483,0.6859556884721,39.302365882442,0.112379489528365,6.43887045380993,40.1211807934427,4.09122185388922
5.11392477231144,3933.82118197464,3222.70457195522,0.686357097006369,39.3253648973162,5085.34894081551,6103.29165168867,5000,2804.5286872325,0.686357097006369,39.3253648973162,0.112982155120833,6.47340064871609,40.1605335493848,4.09523471821517
5.12392477231144,3940.09555486048,3230.49124238707,0.686758899292932,39.3483864725349,5095.13754952414,6098.29165168867,5000,2790.87291642477,0.686758899292932,39.3483864725349,0.113590653579831,6.50826504225694,40.1999312585022,4.09925216648929
5.13392477231144,3946.36206623868,3238.28424095292,0.687161095781507,39.3714306338653,5104.92491453612,6093.29165168867,5000,2777.21966372041,0.687161095781507,39.3714306338653,0.114205068983045,6.54346845172889,40.2393739581023,4.10327420251588
5.14392477231144,3952.62069846471,3246.08356875315,0.687563686922186,39.3944974070955,5114.71103008379,6088.29165168867,5000,2763.56893676315,0.687563686922186,39.3944974070955,0.11482548702957,6.57901578732854,40.2788616854217,4.107300830092
5.15392477231144,3958.87143385724,3253.88922686149,0.687966673165432,39.4175868180353,5124.49589037752,6083.29165168867,5000,2749.92074322176,0.687966673165432,39.4175868180354,0.115451995079188,6.6149120544026,40.3183944776254,4.11133205300744
5.16392477231144,3965.11425469808,3261.7012163249,0.688370054962079,39.4406988925156,5134.27948960565,6078.29165168867,5000,2736.27509079008,0.688370054962079,39.4406988925156,0.116084682192773,6.65116235576337,40.3579723718065,4.11536787504464
5.17392477231144,3971.34914323215,3269.5195381634,0.688773832763331,39.4638336563885,5144.06182193439,6073.29165168867,5000,2722.63198718716,0.688773832763331,39.4638336563885,0.116723639173901,6.68777189407241,40.397595404985,4.11940829997859
5.18392477231144,3977.57608166743,3277.34419336994,0.689178007020765,39.4869911355272,5153.84288150779,6068.29165168867,5000,2708.99144015729,0.689178007020765,39.4869911355272,0.117368958611669,6.72474597429427,40.4372636141077,4.12345333157681
5.19392477231144,3983.7950521749,3285.17518291025,0.689582578186323,39.5101713558264,5163.62266244762,6063.29165168867,5000,2695.35345747013,0.689582578186323,39.5101713558264,0.118020734924796,6.76209000622307,40.4769770360472,4.12750297359926
5.20392477231144,3990.00603688854,3293.01250772268,0.689987546712318,39.5333743432015,5173.40115885334,6058.29165168867,5000,2681.71804692073,0.689987546712318,39.5333743432016,0.118679064407034,6.79980950708433,40.5167357076013,4.13155722979828
5.21392477231144,3996.20901790522,3300.85616871806,0.690392913051429,39.5566001235893,5183.17836480196,6053.29165168867,5000,2668.08521632966,0.690392913051429,39.5566001235893,0.119344045273934,6.83791010421462,40.5565396654923,4.1356161039185
5.22392477231144,4002.40397728471,3308.70616677954,0.690798677656704,39.5798487229473,5192.95427434803,6048.29165168867,5000,2654.45497354308,0.690798677656704,39.5798487229474,0.120015777711022,6.87639753782179,40.5963889463666,4.1396795996968
5.23392477231144,4008.59089704961,3316.56250276246,0.691204840981555,39.6031201672543,5202.72888152352,6043.29165168867,5000,2640.82732643279,0.691204840981555,39.6031201672543,0.120694363923434,6.9152776638288,40.6362835867937,4.14374772086224
5.24392477231144,4014.76975918532,3324.42517749416,0.69161140347976,39.6264144825098,5212.50218033777,6038.29165168867,5000,2627.20228289635,0.69161140347976,39.6264144825098,0.121379908187056,6.95455645680376,40.6762236232656,4.14782047113598
5.25392477231144,4020.94054563999,3332.29419177388,0.692018365605462,39.6497316947341,5222.27416477741,6033.29165168867,5000,2613.57985085715,0.692018365605462,39.6497316947342,0.122072516901225,6.99424001297961,40.7162090921962,4.15189785423118
5.26392477231144,4027.10323832448,3340.16954637255,0.692425727813167,39.6730718299688,5232.04482880624,6028.29165168867,5000,2599.96003826447,0.692425727813167,39.6730718299688,0.122772298643049,7.03433455336644,40.7562400299206,4.15597987385301
5.27392477231144,4033.25781911229,3348.05124203271,0.692833490557744,39.6964349142757,5241.81416636523,6023.29165168867,5000,2586.34285309359,0.692833490557744,39.6964349142757,0.123479364223405,7.07484642695979,40.7963164726944,4.1600665336985
5.28392477231144,4039.40426983958,3355.93927946826,0.693241654294425,39.7198209737378,5251.58217137237,6018.29165168867,5000,2572.72830334586,0.693241654294425,39.7198209737378,0.124193826744671,7.11578211404859,40.836438456693,4.16415783745652
5.29392477231144,4045.54257230505,3363.8336593644,0.693650219478802,39.7432300344586,5261.34883772265,6013.29165168867,5000,2559.11639704879,0.693650219478802,39.7432300344586,0.124915801660258,7.15714822962605,40.8766060180109,4.16825378880768
5.30392477231144,4051.67270826997,3371.73438237741,0.694059186566829,39.7666621225623,5271.11415928793,6008.29165168867,5000,2545.50714225609,0.69405918656683,39.7666621225623,0.12564540683601,7.19895152690754,40.916819192661,4.17235439142429
5.31392477231144,4057.79465945806,3379.64144913453,0.694468556014819,39.7901172641938,5280.87812991689,6003.29165168867,5000,2531.90054704784,0.694468556014819,39.7901172641938,0.126382762613535,7.24119890095931,40.9570780165741,4.17645964897025
5.32392477231144,4063.90840755555,3387.55486023379,0.694878328279445,39.8135954855183,5290.64074343498,5998.29165168867,5000,2518.29661953048,0.694878328279444,39.8135954855183,0.127127991875545,7.28389739244213,40.9973825255978,4.18056956510101
5.33392477231144,4070.01393421102,3395.47461624386,0.695288503817734,39.8370968127218,5300.40199364428,5993.29165168867,5000,2504.69536783694,0.695288503817734,39.8370968127218,0.127881220113272,7.32705419147397,41.0377327554962,4.18468414346348
5.34392477231144,4076.11122103545,3403.40071770386,0.695699083087076,39.8606212720107,5310.16187432345,5988.29165168867,5000,2491.09680012673,0.695699083087076,39.8606212720107,0.128642575496047,7.37067664161653,41.0781287419489,4.18880338769599
5.35392477231144,4082.20024960216,3411.33316512328,0.696110066545214,39.8841688896116,5319.92037922767,5983.29165168867,5000,2477.500924586,0.696110066545214,39.8841688896116,0.129412188943112,7.41477224398989,41.1185705205505,4.19292730142816
5.36392477231144,4088.28100144671,3419.27195898172,0.696521454650246,39.9077396917719,5329.67750208855,5978.29165168867,5000,2463.90774942763,0.696521454650246,39.9077396917719,0.130190194197762,7.45934866152033,41.1590581268097,4.19705588828088
5.37392477231143,4094.35345806695,3427.21709972881,0.696933247860627,39.9313337047588,5339.43323661401,5973.29165168867,5000,2450.31728289132,0.696933247860627,39.9313337047588,0.130976727903892,7.50441372332635,41.1995915961488,4.20118915186622
5.38392477231143,4100.41760092291,3435.16858778402,0.697345446635164,39.9549509548603,5349.18757648827,5968.29165168867,5000,2436.72953324367,0.697345446635164,39.9549509548603,0.131771929685051,7.54997542924807,41.2401709639028,4.20532709578733
5.39392477231143,4106.47341143678,3443.12642353651,0.697758051433017,39.9785914683841,5358.94051537173,5963.29165168867,5000,2423.14450877828,0.697758051433017,39.9785914683841,0.132575942226098,7.59604195452564,41.2807962653188,4.20946972363843
5.40392477231143,4112.52087099289,3451.09060734493,0.6981710627137,40.0022552716585,5368.69204690086,5958.29165168867,5000,2409.5622178158,0.6981710627137,40.0022552716585,0.13338891135755,7.64262165463225,41.3214675355551,4.21361703900466
5.41392477231143,4118.55996093765,3459.06113953732,0.698584480937075,40.0259423910317,5378.44216468821,5953.29165168867,5000,2395.98266870404,0.698584480937075,40.0259423910317,0.134210986142743,7.68972307026794,41.3621848096806,4.21776904546207
5.42392477231143,4124.59066257949,3467.03802041091,0.698998306563356,40.049652852872,5388.19086232222,5948.29165168867,5000,2382.40586981805,0.698998306563356,40.049652852872,0.135042318967903,7.7373549325203,41.4029481226741,4.22192574657749
5.43392477231143,4130.61295718886,3475.02125023196,0.699412540053107,40.0733866835677,5397.93813336724,5943.29165168867,5000,2368.83182956022,0.699412540053107,40.0733866835677,0.135883065635245,7.7855261681987,41.4437575094237,4.22608714590851
5.44392477231143,4136.62682599819,3483.01082923559,0.69982718186724,40.0971439095271,5407.68397136337,5938.29165168867,5000,2355.26055636033,0.69982718186724,40.0971439095271,0.136733385459221,7.83424590534882,41.4846130047255,4.23025324700336
5.45392477231143,4142.63225020181,3491.00675762566,0.700242232467013,40.1209245571785,5417.42836982642,5933.29165168867,5000,2341.69205867567,0.700242232467013,40.1209245571785,0.137593441366039,7.88352347895481,41.5255146432836,4.23442405340087
5.46392477231143,4148.62921095595,3499.00903557453,0.700657692314032,40.1447286529698,5427.17132224783,5928.29165168867,5000,2328.1263449911,0.700657692314032,40.1447286529698,0.138463399996589,7.93336843683627,41.5664624597088,4.23859956863034
5.47392477231143,4154.61768937867,3507.01766322298,0.701073561870248,40.168556223369,5436.91282209455,5923.29165168867,5000,2314.56342381917,0.701073561870248,40.168556223369,0.139343431812901,7.98379054574819,41.607456488518,4.24277979621155
5.48392477231143,4160.59766654987,3515.03264067995,0.701489841597958,40.1924072948637,5446.65286280903,5918.29165168867,5000,2301.00330370016,0.701489841597958,40.1924072948636,0.140233711208295,8.03479979769176,41.6484967641337,4.24696473965459
5.49392477231143,4166.5691235112,3523.05396802248,0.701906531959801,40.2162818939611,5456.39143780904,5913.29165168867,5000,2287.44599320221,0.701906531959801,40.216281893961,0.141134416621359,8.08640641644488,41.6895833208829,4.25115440245985
5.50392477231143,4172.53204126603,3531.08164529544,0.70232363341876,40.2401800471882,5466.12854048769,5908.29165168867,5000,2273.89150092138,0.70232363341876,40.2401800471882,0.142045730653908,8.13862086432101,41.7307161929965,4.25534878811791
5.51392477231143,4178.48640077947,3539.11567251144,0.70274114643816,40.2641017810915,5475.86416421327,5903.29165168867,5000,2260.33983548175,0.70274114643816,40.2641017810915,0.142967840193112,8.19145384916612,41.7718954146086,4.25954790010948
5.52392477231143,4184.43218297824,3547.15604965062,0.703159071481664,40.2880471222371,5485.5983023292,5898.29165168867,5000,2246.7910055355,0.703159071481664,40.2880471222371,0.143900936537928,8.2449163316032,41.8131210197555,4.26375174190529
5.53392477231143,4190.36936875071,3555.20277666047,0.70357740901328,40.3120160972106,5495.33094815395,5893.29165168867,5000,2233.245019763,0.70357740901328,40.3120160972106,0.144845215530055,8.29901953253491,41.8543930423754,4.26796031696608
5.54392477231143,4196.29793894683,3563.25585345573,0.70399615949735,40.3360087326169,5505.06209498094,5888.29165168867,5000,2219.7018868729,0.70399615949735,40.3360087326169,0.145800877689562,8.35377494091503,41.8957115163068,4.27217362874242
5.55392477231143,4202.2178743781,3571.31527991812,0.704415323398556,40.3600250550803,5514.79173607848,5883.29165168867,5000,2206.16161560223,0.704415323398556,40.3600250550802,0.14676812835542,8.40919432179994,41.9370764752888,4.27639168067473
5.56392477231143,4208.12915581752,3579.38105589626,0.704834901181918,40.3840650912443,5524.51986468965,5878.29165168867,5000,2192.62421471646,0.704834901181918,40.3840650912443,0.147747177831123,8.46528972469221,41.9784879529595,4.28061447619315
5.57392477231143,4214.03176399957,3587.45318120544,0.705254893312789,40.408128867772,5534.24647403225,5873.29165168867,5000,2179.0896930096,0.705254893312789,40.408128867772,0.14873824153562,8.52207349218845,42.0199459828555,4.28484201871745
5.58392477231143,4219.92567962019,3595.53165562746,0.705675300256861,40.4322164113452,5543.97155729871,5868.29165168867,5000,2165.5580593043,0.705675300256861,40.4322164113453,0.149741540159789,8.57955826894466,42.0614505984111,4.289074311657
5.59392477231143,4225.81088333669,3603.61647891047,0.706096122480154,40.4563277486653,5553.69510765598,5863.29165168867,5000,2152.02932245195,0.706096122480154,40.4563277486653,0.150757299828697,8.63775701097264,42.1030018329575,4.29331135841062
5.60392477231143,4231.68735576779,3611.70765076879,0.706517360449027,40.4804629064524,5563.41711824548,5858.29165168867,5000,2138.50349133271,0.706517360449027,40.4804629064524,0.151785752269874,8.69668299528201,42.1445997197222,4.29755316236657
5.61392477231143,4237.5550774935,3619.80517088275,0.706939014630167,40.5046219114457,5573.13758218299,5853.29165168867,5000,2124.98057485567,0.706939014630166,40.5046219114457,0.152827134987894,8.75634982988247,42.1862442918277,4.30179972690243
5.62392477231143,4243.41402905517,3627.90903889848,0.707361085490592,40.5288047904035,5582.85649255859,5848.29165168867,5000,2111.46058195891,0.707361085490591,40.5288047904035,0.153881691445521,8.81677146416277,42.2279355822914,4.30605105538501
5.63392477231143,4249.2641909554,3636.01925442776,0.70778357349765,40.5530115701029,5592.57384243652,5843.29165168867,5000,2097.94352160957,0.70778357349765,40.5530115701028,0.154949671251706,8.87796219966236,42.2696736240243,4.3103071511703
5.64392477231143,4255.10554365801,3644.13581704783,0.708206479119019,40.5772422773396,5602.28962485518,5838.29165168867,5000,2084.429402804,0.708206479119019,40.5772422773396,0.156031330356758,8.9399367012537,42.3114584498301,4.31456801760337
5.65392477231143,4260.93806758803,3652.25872630125,0.708629802822702,40.6014969389286,5612.00383282696,5833.29165168867,5000,2070.91823456776,0.708629802822702,40.6014969389285,0.157126931254991,9.00271000875323,42.3532900924049,4.31883365801827
5.66392477231143,4266.76174313167,3660.38798169566,0.709053545077032,40.625775581703,5621.71645933821,5828.29165168867,5000,2057.4100259558,0.709053545077031,40.625775581703,0.158236743195205,9.06629754898067,42.395168584336,4.323104075738
5.67392477231143,4272.57655063625,3668.52358270366,0.709477706350662,40.6500782325149,5631.42749734911,5823.29165168867,5000,2043.9047860525,0.709477706350662,40.6500782325149,0.159361042399322,9.13071514828652,42.4370939581013,4.32737927407436
5.68392477231143,4278.38247041019,3676.6655287626,0.709902287112574,40.6744049182349,5641.13693979364,5818.29165168867,5000,2030.40252397177,0.709902287112574,40.6744049182349,0.160500112289594,9.19597904556951,42.4790662460682,4.33165925632792
5.69392477231143,4284.17948272299,3684.8138192744,0.710327287832072,40.6987556657521,5650.84477957944,5813.29165168867,5000,2016.90324885715,0.710327287832071,40.6987556657521,0.161654243724733,9.26210590580635,42.5210854804931,4.33594402578792
5.70392477231143,4289.96756780516,3692.96845360539,0.71075270897878,40.7231305019741,5660.55100958774,5808.29165168867,5000,2003.4069698819,0.710752708978779,40.7231305019741,0.162823735245407,9.32911283411734,42.5631516935202,4.34023358573215
5.71392477231143,4295.74670584825,3701.12943108611,0.711178551022644,40.7475294538268,5670.25562267327,5803.29165168867,5000,1989.91369624909,0.711178551022644,40.7475294538268,0.164008893329523,9.39701739039299,42.6052649171812,4.34452793942694
5.72392477231143,4301.51687700475,3709.29675101113,0.711604814433932,40.7719525482544,5679.95861166421,5798.29165168867,5000,1976.42343719167,0.711604814433931,40.7719525482544,0.165210032657752,9.46583760450772,42.6474251833941,4.34882709012701
5.73392477231143,4307.27806138809,3717.47041263888,0.712031499683227,40.7963998122195,5689.65996936202,5793.29165168867,5000,1962.93620197262,0.712031499683226,40.7963998122195,0.166427476389796,9.53559199214849,42.6896325239621,4.35313104107541
5.74392477231143,4313.03023907263,3725.65041519146,0.712458607241431,40.8208712727028,5699.35968854145,5788.29165168867,5000,1949.45199988499,0.712458607241431,40.8208712727027,0.167661556451886,9.60629957128748,42.7318869705736,4.35743979550342
5.75392477231143,4318.7733900936,3733.83675785446,0.712886137579763,40.845366956703,5709.05776195036,5783.29165168867,5000,1935.97084025199,0.712886137579763,40.845366956703,0.168912613836064,9.67797987932954,42.7741885548005,4.3617533566305
5.76392477231143,4324.50749444705,3742.02943977676,0.713314091169757,40.8698868912371,5718.7541823097,5778.29165168867,5000,1922.49273242712,0.713314091169757,40.8698868912371,0.170180998911805,9.75065299096687,42.8165373080978,4.36607172766417
5.77392477231143,4330.2325320899,3750.22846007036,0.71374246848326,40.89443110334,5728.44894231339,5773.29165168867,5000,1909.01768579426,0.71374246848326,40.89443110334,0.171467071750588,9.82433953677556,42.8589332618026,4.37039491179992
5.78392477231143,4335.94848293981,3758.43381781021,0.714171269992432,40.9189996200644,5738.14203462824,5768.29165168867,5000,1895.54570976773,0.714171269992432,40.9189996200643,0.172771202464035,9.89906072258947,42.9013764471335,4.37472291222114
5.79392477231143,4341.65532687522,3766.64551203399,0.714600496169745,40.943592468481,5747.83345189383,5763.29165168867,5000,1882.07681379241,0.714600496169745,40.9435924684809,0.174093771556298,9.97483834969055,42.9438668951892,4.37905573209906
5.80392477231143,4347.35304373531,3774.86354174194,0.715030147487982,40.9682096756781,5757.52318672249,5758.29165168867,5000,1868.61100734382,0.715030147487981,40.9682096756781,0.175435170291381,10.051694835855,42.9864046369483,4.38339337459258
5.81392477231143,4353.04161331993,3783.08790589666,0.715460224420233,40.9928512687621,5767.21123169913,5753.29165168867,5000,1855.14829992824,0.715460224420232,40.992851268762,0.176795801076171,10.1296532372991,43.0289897032679,4.38773584284826
5.82392477231143,4358.72101538964,3791.31860342296,0.715890727439898,41.0175172748565,5776.89757938119,5748.29165168867,5000,1841.68870108277,0.715890727439897,41.0175172748565,0.178176077859927,10.2087372715682,43.0716221248831,4.39208314000022
5.83392477231143,4364.39122966561,3799.55563320763,0.716321657020683,41.0422077211029,5786.58222229858,5743.29165168867,5000,1828.23222037544,0.716321657020683,41.0422077211028,0.179576426551097,10.2889713414189,43.114301932406,4.39643526917
5.84392477231142,4370.05223582966,3807.79899409926,0.716753013636601,41.06692263466,5796.2651529535,5738.29165168867,5000,1814.77886740533,0.7167530136366,41.0669226346599,0.18099728545232,10.3703805597426,43.1570291563245,4.40079223346653
5.85392477231142,4375.70401352417,3816.04868490805,0.717184797761966,41.0916620427041,5805.94636382046,5733.29165168867,5000,1801.32865180261,0.717184797761965,41.0916620427041,0.182439105714556,10.4529907755851,43.1998038270021,4.405154035986
5.86392477231142,4381.34654235211,3824.30470440564,0.717617009871397,41.116425972429,5815.62584734609,5728.29165168867,5000,1787.88158322871,0.717617009871397,41.116425972429,0.183902351811329,10.5368286013192,43.2426259746764,4.4095206798118
5.87392477231142,4386.97980187697,3832.5670513249,0.718049650439816,41.1412144510455,5825.30359594912,5723.29165168867,5000,1774.43767137632,0.718049650439816,41.1412144510455,0.18538750203414,10.6219214410292,43.2854956294587,4.41389216801443
5.88392477231142,4392.60377162275,3840.83572435971,0.718482719942444,41.1660275057819,5834.97960202024,5718.29165168867,5000,1760.99692596959,0.718482719942443,41.1660275057819,0.186895049010141,10.7082975201718,43.3284128213325,4.41826850365135
5.89392477231142,4398.21843107395,3849.11072216484,0.718916218854799,41.1908651638834,5844.65385792203,5713.29165168867,5000,1747.55935676415,0.718916218854799,41.1908651638834,0.188425500243264,10.7959859165803,43.3713775801533,4.42264968976698
5.90392477231142,4403.82375967551,3857.39204335568,0.719350147652702,41.2157274526124,5854.32635598889,5708.29165168867,5000,1734.12497354723,0.719350147652702,41.2157274526124,0.189979378680048,10.8850165928844,43.4143899356473,4.42703572939253
5.91392477231142,4409.41973683281,3865.67968650808,0.719784506812267,41.2406143992483,5863.99708852689,5703.29165168867,5000,1720.69378613779,0.719784506812266,41.2406143992483,0.191557223301485,10.9754204304202,43.4574499174104,4.43142662554597
5.92392477231142,4415.00634191164,3873.97365015817,0.720219296809903,41.2655260310874,5873.66604781374,5698.29165168867,5000,1707.26580438655,0.720219296809903,41.2655260310874,0.193159589742301,11.0672292647123,43.5005575549077,4.43582238123189
5.93392477231142,4420.58355423819,3882.27393280214,0.720654518122315,41.2904623754428,5883.33322609863,5693.29165168867,5000,1693.84103817614,0.720654518122315,41.2904623754427,0.194787050939153,11.1604759226133,43.5437128774724,4.44022299944144
5.94392477231142,4426.151353099,3890.58053289603,0.7210901712265,41.3154234596443,5892.99861560222,5688.29165168867,5000,1680.41949742119,0.7210901712265,41.3154234596443,0.196440197809352,11.2551942611909,43.5869159143045,4.44462848315219
5.95392477231142,4431.70971774093,3898.89344885559,0.721526256599745,41.3404093110387,5902.66220851646,5683.29165168868,5000,1667.00119206842,0.721526256599745,41.3404093110387,0.198119639961771,11.3514192084609,43.6301666944705,4.44903883532812
5.96392477231142,4437.25862737117,3907.21267905601,0.72196277471963,41.3654199569891,5912.32399700456,5678.29165168868,5000,1653.58613209672,0.72196277471963,41.365419956989,0.199826006441767,11.4491868060672,43.6734652469024,4.45345405891945
5.97392477231142,4442.79806115722,3915.53822183177,0.72239972606402,41.3904554248752,5921.98397320086,5673.29165168868,5000,1640.17432751729,0.72239972606402,41.3904554248751,0.201559946512006,11.5485342540206,43.7168116003962,4.45787415686256
5.98392477231142,4448.32799822682,3923.87007547643,0.72283711111107,41.4155157420933,5931.64212921077,5668.29165168868,5000,1626.7657883737,0.72283711111107,41.4155157420933,0.203322130471233,11.64949995761,43.7602057836116,4.46229913207993
5.99392477231142,4453.84841766796,3932.20823824243,0.72327493033922,41.4406009360559,5941.29845711062,5663.29165168868,5000,1613.36052474201,0.723274930339219,41.4406009360559,0.205113250513165,11.7521235766139,43.8036478250709,4.46672898748002
6.00392477231142,4459.35929852888,3940.55270834088,0.723713184227194,41.465711034192,5950.95294894764,5658.29165168868,5000,1599.95854673087,0.723713184227193,41.465711034192,0.206934021627803,11.856446076942,43.8471377531578,4.47116372595716
6.01392477231142,4464.86061981799,3948.90348394135,0.724151873253999,41.4908460639467,5960.60559673978,5653.29165168868,5000,1586.55986448159,0.724151873253999,41.4908460639466,0.208785182547646,11.9625097848486,43.8906755961168,4.4756033503915
6.02392477231142,4470.35236050391,3957.26056317171,0.724590997898926,41.5160060527812,5970.2563924757,5648.29165168868,5000,1573.16448816831,0.724590997898926,41.5160060527811,0.210667496741421,12.0703584438694,43.9342613820522,4.48004786364887
6.03392477231142,4475.83449951542,3965.62394411787,0.725030558641544,41.5411910281728,5979.9053281146,5643.29165168868,5000,1559.77242799799,0.725030558641543,41.5411910281728,0.212581753458149,12.1800372746425,43.9778951389268,4.48449726858069
6.04392477231142,4481.30701574142,3973.99362482363,0.725470555961701,41.5664010176148,5989.55239558618,5638.29165168868,5000,1546.38369421064,0.7254705559617,41.5664010176148,0.214528768824545,12.2915930377841,44.0215768945617,4.48895156802391
6.05392477231142,4486.76988803097,3982.36960329045,0.725910990339523,41.5916360486165,5999.19758679052,5633.29165168868,5000,1532.99829707929,0.725910990339523,41.5916360486165,0.216509386998949,12.4050741000044,44.0653066766344,4.49341076480086
6.06392477231142,4492.2230951932,3990.75187747722,0.726351862255413,41.6168961487029,6008.84089359796,5628.29165168868,5000,1519.61624691021,0.726351862255413,41.6168961487029,0.218524481385225,12.5205305036585,44.1090845126786,4.4978748617192
6.07392477231142,4497.66661599733,3999.14044530011,0.726793172190048,41.6421813454147,6018.48230784906,5623.29165168868,5000,1506.23755404292,0.726793172190048,41.6421813454147,0.220574955910292,12.638014039944,44.152910430083,4.50234386157179
6.08392477231142,4503.10042917268,4007.53530463232,0.727234920624377,41.6674916663082,6028.12182135445,5618.29165168868,5000,1492.86222885033,0.727234920624377,41.6674916663082,0.222661746369212,12.7575783259682,44.1967844560901,4.5068177671366
6.09392477231142,4508.52451340858,4015.93645330388,0.727677108039622,41.6928271389556,6037.75942589476,5613.29165168868,5000,1479.49028173886,0.727677108039622,41.6928271389556,0.224785821842042,12.8792788859286,44.2407066177956,4.51129658117661
6.10392477231142,4513.93884735442,4024.34388910146,0.728119734917275,41.7181877909441,6047.39511322054,5608.29165168868,5000,1466.12172314849,0.728119734917275,41.7181877909442,0.226948186186951,13.0031732366615,44.2846769421472,4.51578030643973
6.11392477231142,4519.34340961957,4032.75760976815,0.728562801739096,41.7435736498768,6057.02887505209,5603.29165168868,5000,1452.75656355293,0.728562801739097,41.7435736498768,0.229149879614447,13.1293209778387,44.3286954559437,4.52026894565868
6.12392477231142,4524.73817877344,4041.17761300324,0.729006308987114,41.7689847433717,6066.66070307946,5598.29165168868,5000,1439.39481345965,0.729006308987114,41.7689847433717,0.231391980347885,13.2577838871079,44.3727621858339,4.52476250155088
6.13392477231142,4530.12313334539,4049.60389646202,0.729450257143622,41.7944210990622,6076.29058896227,5593.29165168868,5000,1426.03648341003,0.729450257143622,41.7944210990622,0.233675606375842,13.3886260204961,44.416877158316,4.52926097681839
6.14392477231142,4535.49825182476,4058.03645775558,0.729894646691177,41.8198827445968,6085.91852432966,5588.29165168868,5000,1412.68158397944,0.729894646691177,41.8198827445968,0.236001917302327,13.5219138184188,44.4610403997362,4.53376437414776
6.15392477231142,4540.86351266084,4066.47529445058,0.7303394781126,41.8453697076392,6095.54450078018,5583.29165168868,5000,1399.33012577739,0.730339478112601,41.8453697076392,0.238372116301264,13.6577162176641,44.5052519362876,4.53827269620998
6.16392477231142,4546.21889426285,4074.92040406905,0.730784751890973,41.8708820158678,6105.16850988167,5578.29165168868,5000,1385.98211944755,0.730784751890974,41.8708820158678,0.240787452182185,13.7961047697473,44.5495117940099,4.54278594566033
6.17392477231142,4551.56437499994,4083.37178408817,0.731230468509637,41.8964196969761,6114.7905431712,5573.29165168868,5000,1372.63757566792,0.731230468509637,41.8964196969761,0.243249221574551,13.9371537660644,44.5938199987875,4.5473041251383
6.18392477231142,4556.89993320115,4091.82943194004,0.731676628452192,41.9219827786722,6124.41059215492,5568.29165168868,5000,1359.29650515092,0.731676628452192,41.9219827786722,0.245758771238768,14.0809403703025,44.6381765763494,4.5518272372675
6.19392477231142,4562.22554715544,4100.29334501151,0.732123232202492,41.9475712886792,6134.02864830802,5563.29165168868,5000,1345.95891864348,0.732123232202492,41.9475712886792,0.248317500512516,14.2275447586048,44.6825815522673,4.55635528465555
6.20392477231142,4567.54119511163,4108.76352064394,0.73257028024465,41.9731852547344,6143.64470307456,5558.29165168868,5000,1332.62482692715,0.732570280244649,41.9731852547344,0.250926863901752,14.377050268024,44.7270349519554,4.56088826989394
6.21392477231142,4572.84685527843,4117.23995613294,0.733017773063028,41.9988247045899,6153.25874786746,5553.29165168868,5000,1319.29424081821,0.733017773063028,41.9988247045899,0.253588373826459,14.5295435538419,44.7715368006689,4.56542619555801
6.22392477231142,4578.14250582437,4125.72264872825,0.733465711142243,42.0244896660121,6162.87077406829,5548.29165168868,5000,1305.96717116779,0.733465711142244,42.0244896660121,0.25630360353203,14.6851147563796,44.816087123503,4.56996906420674
6.23392477231142,4583.42812487786,4134.21159563343,0.733914094967162,42.0501801667819,6172.48077302727,5543.29165168868,5000,1292.64362886192,0.733914094967162,42.0501801667818,0.259074190178066,14.8438576779729,44.8606859453921,4.57451687838274
6.24392477231142,4588.70369052713,4142.70679400568,0.734362925022897,42.0758962346941,6182.08873606309,5538.29165168868,5000,1279.32362482171,0.734362925022898,42.0758962346941,0.26190183811733,15.0058699708415,44.9053332911086,4.57906964061209
6.25392477231142,4593.96918082024,4151.20824095566,0.734812201794812,42.1016378975581,6191.69465446289,5533.29165168868,5000,1266.00717000339,0.734812201794812,42.1016378975581,0.264788322378648,15.171253336646,44.9500291852618,4.58362735340426
6.26392477231142,4599.22457376504,4159.71593354717,0.735261925768512,42.127405183197,6201.29851948206,5528.29165168868,5000,1252.69427539846,0.735261925768513,42.127405183197,0.267735492368731,15.3401137385853,44.9947736522974,4.58819001925197
6.27392477231142,4604.46984732921,4168.22986879703,0.735712097429848,42.1531981194479,6210.90032234423,5523.29165168868,5000,1239.38495203378,0.735712097429849,42.153198119448,0.270745275809121,15.512561626968,45.0395667164955,4.59275764063116
6.28392477231142,4609.70497944022,4176.75004367482,0.736162717264913,42.179016734162,6220.5000542411,5518.29165168868,5000,1226.07921097168,0.736162717264914,42.1790167341621,0.273819682925883,15.6887121792635,45.0844084019706,4.59733022000077
6.29392477231142,4614.9299479853,4185.27645510263,0.736613785760039,42.204861055204,6230.09770633239,5513.29165168868,5000,1212.77706331006,0.736613785760039,42.204861055204,0.276960810911171,15.8686855557309,45.1292987326697,4.60190775980275
6.30392477231142,4620.1447308115,4193.80909995488,0.737065303401796,42.2307311104525,6239.69326974569,5508.29165168868,5000,1199.47852018248,0.737065303401796,42.2307311104524,0.280170848677486,16.0526071718184,45.1742377323718,4.60649026246188
6.31392477231141,4625.3493057256,4202.34797505809,0.737517270676995,42.2566269277993,6249.2867355764,5503.29165168868,5000,1186.18359275834,0.737517270676995,42.2566269277993,0.283452081927257,16.2406079886283,45.2192254246866,4.61107773038567
6.32392477231141,4630.54365049417,4210.89307719062,0.737969688072677,42.2825485351502,6258.87809488759,5498.29165168868,5000,1172.89229224288,0.737969688072677,42.2825485351502,0.286806898562438,16.4328248228644,45.2642618330536,4.61567016596428
6.33392477231141,4635.72774284351,4219.44440308248,0.73842255607612,42.3084959604241,6268.46733870992,5493.29165168868,5000,1159.60462987739,0.73842255607612,42.308495960424,0.290237794461013,16.6294006778015,45.3093469807409,4.6202675715704
6.34392477231141,4640.90156045969,4228.00194941511,0.738875875174833,42.334469231553,6278.05445804153,5488.29165168868,5000,1146.32061693923,0.738875875174833,42.3344692315529,0.293747379649782,16.8304850969596,45.3544808908439,4.62486994955912
6.35392477231141,4646.06508098851,4236.56571282112,0.739329645856555,42.3604683764824,6287.63944384793,5483.29165168868,5000,1133.04026474203,0.739329645856554,42.3604683764824,0.297338384905503,17.0362345423217,45.3996635862849,4.62947730226784
6.36392477231141,4651.21828203553,4245.13568988409,0.739783868609253,42.3864934231708,6297.22228706191,5478.29165168868,5000,1119.7635846357,0.739783868609252,42.3864934231708,0.301013668819484,17.2468127991052,45.4448950898115,4.63408963201618
6.37392477231141,4656.36114116602,4253.71187713831,0.74023854392112,42.4125443995896,6306.8029785834,5473.29165168868,5000,1106.49058800662,0.74023854392112,42.4125443995896,0.304776225364034,17.4623914092872,45.4901754239955,4.63870694110583
6.38392477231141,4661.493635905,4262.29427106861,0.740693672280576,42.4386213337231,6316.38150927943,5468.29165168868,5000,1093.2212862777,0.740693672280576,42.4386213337231,0.30862919200286,17.6831501362966,45.5355046112322,4.64332923182047
6.39392477231141,4666.61574373719,4270.88286811007,0.741149254176262,42.4647242535685,6325.95786998395,5463.29165168868,5000,1079.95569090853,0.741149254176262,42.4647242535685,0.312575858391582,17.9092774635165,45.5808826737389,4.64795650642563
6.40392477231141,4671.72744210706,4279.47766464781,0.741605290097042,42.4908531871356,6335.53205149778,5458.29165168868,5000,1066.69381339545,0.741605290097042,42.4908531871356,0.316619675719093,18.1409711295048,45.626309633554,4.6525887671686
6.41392477231141,4676.8287084188,4288.07865701677,0.742061780531997,42.5170081624466,6345.10404458847,5453.29165168868,5000,1053.43566527167,0.742061780531998,42.5170081624466,0.32076426674549,18.3784387031251,45.671785512536,4.65722601627834
6.42392477231141,4681.91952003629,4296.68584150148,0.742518725970429,42.5431892075365,6354.67383999023,5448.29165168868,5000,1040.1812581074,0.742518725970429,42.5431892075365,0.325013436597958,18.6218982021058,45.7173103323623,4.66186825596532
6.43392477231141,4686.99985428317,4305.29921433579,0.742976126901852,42.5693963504524,6364.24142840377,5443.29165168868,5000,1026.93060350995,0.742976126901853,42.5693963504524,0.329371184392223,18.8715787588996,45.762884114528,4.66651548842142
6.44392477231141,4692.06968844277,4313.91877170269,0.743433983815998,42.5956296192538,6373.80680049625,5438.29165168868,5000,1013.68371312383,0.743433983815999,42.5956296192539,0.333841715754177,19.1277213381204,45.8085068803449,4.67116771581987
6.45392477231141,4697.12899975813,4322.54450973403,0.743892297202809,42.6218890420124,6383.36994690114,5433.29165168868,5000,1000.44059863088,0.74389229720281,42.6218890420125,0.338429456324086,19.3905795102772,45.8541786509404,4.67582494031504
6.46392477231141,4702.17776543204,4331.17642451032,0.744351067552436,42.6481746468118,6392.93085821812,5428.29165168868,5000,987.201271750357,0.744351067552436,42.6481746468118,0.343139066334531,19.6604202870282,45.8998994472565,4.68048716404241
6.47392477231141,4707.21596262697,4339.81451206046,0.744810295355242,42.6744864617477,6402.48952501296,5423.29165168868,5000,973.965744239072,0.744810295355242,42.6744864617477,0.347975456363018,19.9375250237397,45.9456692900483,4.68515438911844
6.48392477231141,4712.24356846515,4348.45876836153,0.745269981101794,42.7008245149274,6412.04593781746,5418.29165168868,5000,960.734027891486,0.745269981101794,42.7008245149274,0.352943804371191,20.2221903957602,45.9914881998833,4.68982661764041
6.49392477231141,4717.26056002849,4357.10918933855,0.745730125282864,42.7271888344703,6421.60008712927,5413.29165168868,5000,947.506134539833,0.745730125282865,42.7271888344703,0.358049574154929,20.5147294555339,46.03735619714,4.69450385168636
6.50392477231141,4722.26691435864,4365.76577086423,0.746190728389429,42.753579448507,6431.15196341185,5408.29165168868,5000,934.282076054223,0.74619072838943,42.7535794485071,0.363298535343558,20.8154727784703,46.0832733020069,4.69918609331494
6.51392477231141,4727.26260845701,4374.42850875873,0.746651790912663,42.77999638518,6440.70155709429,5403.29165168868,5000,921.061864342758,0.746651790912663,42.77999638518,0.368696785102032,21.1247697063883,46.1292395344813,4.7038733445653
6.52392477231141,4732.24761928468,4383.09739878944,0.747113313343943,42.806439672643,6450.24885857129,5398.29165168868,5000,907.845511351647,0.747113313343944,42.806439672643,0.374250771707743,21.4429896983678,46.1752549143682,4.708565607457
6.53392477231141,4737.22192376252,4391.77243667071,0.747575296174841,42.8329093390609,6459.79385820297,5393.29165168868,5000,894.633029065319,0.747575296174842,42.832909339061,0.3799673201936,21.7705237999892,46.2213194612791,4.71326288398986
6.54392477231141,4742.18549877111,4400.45361806364,0.748037739897124,42.85940541261,6469.33654631481,5388.29165168868,5000,881.424429506533,0.748037739897125,42.8594054126101,0.385853660271807,22.1077862432492,46.2674331946311,4.71796517614385
6.55392477231141,4747.13832115079,4409.14093857581,0.748500645002752,42.8859279214776,6478.8769131975,5383.29165168868,5000,868.219724736499,0.748500645002754,42.8859279214777,0.391917456778542,22.4552161909113,46.3135961336451,4.72267248587899
6.56392477231141,4752.08036770165,4417.83439376106,0.748964011983879,42.9124768938619,6488.41494910687,5378.29165168868,5000,855.018926854983,0.74896401198388,42.9124768938619,0.398166842909091,22.8132796407394,46.3598082973456,4.7273848151352
6.57392477231141,4757.01161518352,4426.53397911922,0.749427841332844,42.9390523579719,6497.95064426377,5373.29165168868,5000,841.822048000429,0.749427841332845,42.9390523579719,0.404610456546491,23.1824715069753,46.4060697045587,4.73210216583224
6.58392477231141,4761.93204031603,4435.2396900959,0.749892133542177,42.9656543420275,6507.48398885393,5368.29165168868,5000,828.629100350071,0.749892133542178,42.9656543420275,0.41125748002487,23.5633178986108,46.4523803739113,4.73682453986951
6.59392477231141,4766.84161977855,4443.95152208222,0.750356889104591,42.992282874259,6517.0149730279,5363.29165168868,5000,815.440096120049,0.750356889104592,42.9922828742591,0.41811768371243,23.9563786165081,46.49874032383,4.741551939126
6.60392477231141,4771.74033021027,4452.66947041455,0.750822108512983,43.0189379829074,6526.54358690088,5358.29165168868,5000,802.25504756552,0.750822108512984,43.0189379829075,0.425201473849101,24.3622498942957,46.5451495725396,4.74628436546014
6.61392477231141,4776.62814821014,4461.39353037431,0.751287792260431,43.0456196962241,6536.06982055265,5353.29165168868,5000,789.073966980781,0.751287792260432,43.0456196962241,0.432519945131445,24.7815674112618,46.5916081380624,4.75102182070967
6.62392477231141,4781.50505033693,4470.12369718769,0.751753940840193,43.0723280424704,6545.59366402746,5348.29165168868,5000,775.896866699379,0.751753940840193,43.0723280424705,0.440084938603679,25.2150096092647,46.6381160382167,4.75576430669155
6.63392477231141,4786.37101310921,4478.85996602538,0.752220554745703,43.0990630499183,6555.11510733389,5343.29165168868,5000,762.723759094229,0.752220554745703,43.0990630499183,0.447909105490152,25.6633013500657,46.6846732906154,4.76051182520181
6.64392477231141,4791.22601300539,4487.60233200238,0.752687634470571,43.1258247468493,6564.63414044474,5338.29165168868,5000,749.554656577729,0.752687634470571,43.1258247468493,0.456005977693091,26.1272179545509,46.7312799126654,4.76526437801547
6.65392477231141,4796.0700264637,4496.35079017769,0.753155180508579,43.1526131615553,6574.15075329696,5333.29165168868,5000,736.389571601882,0.75315518050858,43.1526131615553,0.464390045781909,26.6075896711905,46.7779359215659,4.77002196688634
6.66392477231141,4800.90302988223,4505.10533555411,0.753623193353682,43.1794283223376,6583.66493579149,5328.29165168868,5000,723.228516658407,0.753623193353682,43.1794283223376,0.473076845419689,27.105306627911,46.8246413343075,4.77478459354698
6.67392477231141,4805.72499961891,4513.86596307795,0.754091673500001,43.2062702575073,6593.17667779317,5323.29165168868,5000,710.071504278858,0.754091673500002,43.2062702575074,0.482083053311228,27.6213243295136,46.8713961676709,4.77955225970855
6.68392477231141,4810.53591199158,4522.63266763879,0.754560621441826,43.2331389953852,6602.6859691306,5318.29165168868,5000,696.918547034743,0.754560621441826,43.2331389953852,0.491426593919374,28.1566697720695,46.9182004382254,4.78432496706066
6.69392477231141,4815.33574327793,4531.40544406922,0.755030037673611,43.2600345643014,6612.19279959607,5313.29165168868,5000,683.76965753764,0.755030037673612,43.2600345643015,0.501126758386484,28.7124482566177,46.9650541623283,4.78910271727127
6.70392477231141,4820.12446971558,4540.18428714462,0.755499922689971,43.2869569925953,6621.69715894541,5308.29165168868,5000,670.624848439319,0.755499922689973,43.2869569925954,0.511204337321176,29.2898509972855,47.0119573561232,4.79388551198658
6.71392477231141,4824.90206750207,4548.96919158285,0.755970276985685,43.3139063086156,6631.1990368979,5303.29165168868,5000,657.484132431853,0.755970276985687,43.3139063086157,0.521681769373807,29.8901636340363,47.058910035539,4.79867335283088
6.72392477231141,4829.66851279486,4557.76015204404,0.756441101055687,43.3408825407198,6640.69842313612,5298.29165168868,5000,644.347522247744,0.756441101055689,43.34088254072,0.532583307835113,30.5147757780687,47.1059122162883,4.80346624140643
6.73392477231141,4834.42378171137,4566.55716313031,0.756912395395067,43.3678857172747,6650.19530730588,5293.29165168868,5000,631.215030660039,0.756912395395068,43.3678857172748,0.543935207861406,31.1651917390297,47.152963913867,4.80826417929333
6.74392477231141,4839.167850329,4575.36021938553,0.757384160499071,43.3949158666557,6659.68967901608,5288.29165168868,5000,618.08667048245,0.757384160499072,43.3949158666558,0.55576593736848,31.843042608346,47.200065143552,4.81306716804944
6.75392477231141,4843.90069468512,4584.16931529502,0.757856396863095,43.4219730172469,6669.18152783858,5283.29165168868,5000,604.962454569472,0.757856396863096,43.421973017247,0.568106415160215,32.5500999029873,47.2472159204009,4.81787520921017
6.76392477231141,4848.62229077713,4592.98444528535,0.758329104982686,43.449057197441,6678.67084330812,5278.29165168868,5000,591.842395816504,0.758329104982687,43.4490571974411,0.58099028048539,33.2882910099348,47.2944162592502,4.82268830428843
6.77392477231141,4853.33261456244,4601.80560372404,0.758802285353536,43.4761684356392,6688.15761492217,5273.29165168868,5000,578.72650715997,0.758802285353538,43.4761684356393,0.59445419897076,34.0597167148546,47.3416661747141,4.82750645477447
6.7839247723114,4858.03164195852,4610.63278491931,0.759275938471483,43.5033067602508,6697.64183214084,5268.29165168868,5000,565.614801577437,0.759275938471487,43.503306760251,0.608538210789231,34.8666711506654,47.3889656811836,4.83232966213575
6.7939247723114,4862.7193488429,4619.46598311984,0.75975006483251,43.5304721996935,6707.12348438676,5263.29165168868,5000,552.507292087738,0.759750064832513,43.5304721996937,0.623286128025836,35.7116645649311,47.4363147928248,4.83715792781682
6.8039247723114,4867.39571105322,4628.30519251444,0.760224664932737,43.557664782393,6716.60256104493,5258.29165168868,5000,539.403991751095,0.760224664932738,43.557664782393,0.638745989547631,36.5974493819866,47.4837135235779,4.84199125323917
6.8139247723114,4872.0607043872,4637.15040723188,0.760699739268424,43.5848845367828,6726.07905146265,5253.29165168868,5000,526.304913669231,0.760699739268426,43.5848845367829,0.654970583325975,37.5270501298,47.5311618871561,4.84682963980117
6.8239247723114,4876.71430460274,4646.00162134055,0.761175288335968,43.6121314913045,6735.55294494936,5248.29165168868,5000,513.210070985504,0.761175288335969,43.6121314913045,0.672018048176366,38.503797917125,47.5786598970438,4.85167308887784
6.8339247723114,4881.35648741787,4654.85882884824,0.761651312631897,43.6394056744069,6745.02423077656,5243.29165168868,5000,500.119476885022,0.761651312631898,43.639405674407,0.689952569370018,39.5313702891092,47.6262075664959,4.85652160182079
6.8439247723114,4885.98722851082,4663.72202370185,0.762127812652873,43.6667071145467,6754.49289817766,5238.29165168868,5000,487.033144594765,0.762127812652874,43.6667071145468,0.708845185657778,40.613837466358,47.673804908536,4.86137517995809
6.8539247723114,4890.60650352002,4672.59119978715,0.762604788895686,43.6940358401879,6763.9589363479,5233.29165168869,5000,473.951087383708,0.762604788895686,43.6940358401879,0.728774729095854,41.7557161929824,47.7214519359555,4.86623382459408
6.8639247723114,4895.21428804415,4681.46635092846,0.763082241857252,43.7213918798017,6773.42233444416,5228.29165168869,5000,460.873318562946,0.763082241857251,43.7213918798016,0.749828923888035,42.9620326956206,47.7691486613124,4.87109753700932
6.8739247723114,4899.81055764216,4690.34747088845,0.763560172034613,43.7487752618664,6782.88308158494,5223.29165168869,5000,447.799851485814,0.763560172034612,43.7487752618663,0.77210567654473,44.2383966041061,47.8168950969296,4.87596631846039
6.8839247723114,4904.39528783326,4699.23455336782,0.764038579924932,43.7761860148674,6792.34116685014,5218.29165168869,5000,434.730699548015,0.764038579924931,43.7761860148674,0.79571459738156,45.5910881269149,47.8646912548938,4.88084017017981
6.8939247723114,4908.96845409703,4708.12759200506,0.764517466025491,43.803624167297,6801.79657928103,5213.29165168869,5000,421.665876187736,0.764517466025491,43.8036241672969,0.820778803243661,47.0271613396604,47.9125371470544,4.88571909337586
6.9039247723114,4913.53003187336,4717.02658037616,0.764996830833692,43.831089747654,6811.24930788006,5208.29165168869,5000,408.605394885779,0.764996830833693,43.831089747654,0.847437064026902,48.5545671716992,47.9604327850217,4.89060308923248
6.9139247723114,4918.07999656253,4725.93151199434,0.765476674847049,43.8585827844439,6820.69934161077,5203.29165168869,5000,395.549269165683,0.765476674847051,43.858582784444,0.875846372000088,50.1823006174501,48.0083781801663,4.89549215890914
6.9239247723114,4922.61832352525,4734.8423803098,0.76595699856319,43.8861033061788,6830.14666939768,5198.29165168869,5000,382.497512593846,0.765956998563192,43.886103306179,0.906185034385161,51.9205779281871,48.0563733436171,4.90038630354067
6.9339247723114,4927.14498808264,4743.75917870941,0.766437802479852,43.9136513413769,6839.59128012614,5193.29165168869,5000,369.450138779655,0.766437802479855,43.9136513413771,0.938656417888965,53.7810511579058,48.1044182862604,4.90528552423717
6.9439247723114,4931.65996551631,4752.68190051648,0.766919087094881,43.9412269185627,6849.03316264224,5188.29165168869,5000,356.407161375604,0.766919087094884,43.9412269185628,0.973493511370958,55.7770695849267,48.1525130187385,4.91018982208384
6.9539247723114,4936.1632310684,4761.61053899044,0.767400852906228,43.9688300662665,6858.47230575267,5183.29165168869,5000,343.368594077426,0.767400852906229,43.9688300662666,1.01096452307317,57.9240004095486,48.2006575514483,4.91509919814088
6.9639247723114,4940.65475994155,4770.54508732659,0.767883100411945,43.9964608130248,6867.90869822458,5178.29165168869,5000,330.334450624216,0.767883100411946,43.9964608130249,1.05137979683993,60.2396250242499,48.2488518945398,4.92001365344331
6.9739247723114,4945.134527299,4779.48553865583,0.768365830110186,44.0241191873797,6877.34232878551,5173.29165168869,5000,317.304744798557,0.768365830110188,44.0241191873798,1.09510042477571,62.7446324826319,48.2970960579153,4.92493318900087
6.9839247723114,4949.60250826461,4788.43188604437,0.768849042499203,44.0518052178788,6886.77318612321,5168.29165168869,5000,304.279490426647,0.768849042499203,44.0518052178788,1.14254906249355,65.4632391675092,48.3453900512276,4.92985780579787
6.9939247723114,4954.05867792285,4797.38412249344,0.769332738077342,44.0795189330753,6896.20125888557,5163.29165168869,5000,291.258701378422,0.769332738077342,44.0795189330753,1.19422363338095,68.4239739875069,48.3937338838788,4.93478750479305
7.0039247723114,4958.50301131892,4806.34224093905,0.769816917343042,44.1072603615277,6905.62653568044,5158.29165168869,5000,278.242391567691,0.769816917343043,44.1072603615277,1.25071486418338,71.6606830919855,48.4421275650189,4.93972228691947
7.0139247723114,4962.93548345871,4815.30623425166,0.770301580794833,44.1350295317995,6915.04900507555,5153.29165168869,5000,265.230574952252,0.770301580794835,44.1350295317996,1.31272896262584,75.2138292030477,48.4905711035444,4.94466215308433
7.0239247723114,4967.35606930889,4824.27609523593,0.770786728931333,44.1628264724596,6924.46865559839,5148.29165168869,5000,252.223265534031,0.770786728931333,44.1628264724596,1.38111728658956,79.1321915341419,48.5390645080973,4.94960710416884
7.0339247723114,4971.76474379691,4833.25181663044,0.771272362251244,44.1906512120814,6933.88547573605,5143.29165168869,5000,239.220477359201,0.771272362251243,44.1906512120814,1.45691565582252,83.475118185165,48.5876077870633,4.95455714102811
7.0439247723114,4976.16148181107,4842.2333911074,0.77175848125335,44.2185037792432,6943.29945393511,5138.29165168869,5000,226.222224518314,0.771758481253349,44.2185037792432,1.54139717171492,88.3155524926667,48.6362009485706,4.959512264491
7.0539247723114,4980.54625820057,4851.22081127236,0.772245086436516,44.2463842025278,6952.71057860154,5133.29165168869,5000,213.22852114643,0.772245086436518,44.2463842025279,1.63614428925757,93.7441624488903,48.6848440004887,4.96447247535995
7.0639247723114,4984.9190477755,4860.21406966394,0.772732178299686,44.2742925105226,6962.11883810053,5128.29165168869,5000,200.239381423243,0.772732178299689,44.2742925105228,1.74314885740125,99.8750725921433,48.7335369504266,4.9694377744109
7.0739247723114,4989.27982530694,4869.21315875354,0.773219757341876,44.3022287318191,6971.52422075642,5123.29165168869,5000,187.254819573214,0.77321975734188,44.3022287318193,1.86495366580554,106.853974038109,48.782279805732,4.97440816239307
7.0839247723114,4993.62856552698,4878.21807094504,0.773707824062176,44.3301928950131,6980.92671485252,5118.29165168869,5000,174.274849865695,0.77370782406218,44.3301928950134,2.00485708145766,114.86984929444,48.8310725734893,4.97938364002889
7.0939247723114,4997.96524312873,4887.22879857453,0.774196378959743,44.3581850287042,6990.32630863102,5113.29165168869,5000,161.299486615062,0.774196378959748,44.3581850287044,2.16721621481282,124.172342401092,48.8799152605187,4.98436420801382
7.1039247723114,5002.28983276645,4896.24533391002,0.774685422533805,44.3862051614959,6999.72299029284,5108.29165168869,5000,148.328744180845,0.774685422533814,44.3862051614964,2.3579087917222,135.098222242474,48.9288078733747,4.98934986701623
7.1139247723114,5006.6023090555,4905.26766915115,0.775174955283651,44.4142533219955,7009.11674799753,5103.29165168869,5000,135.362636967858,0.77517495528366,44.414253321996,2.58505992499136,148.11302349041,48.9777504183445,4.99434061767724
7.1239247723114,5010.90264657247,4914.29579642891,0.775664977708633,44.4423295388137,7018.50756986311,5098.29165168869,5000,122.401179426327,0.775664977708642,44.4423295388143,2.86022977026523,163.879094273871,49.0267429014467,4.99933646061058
7.1339247723114,5015.19081985516,4923.32970780533,0.77615549030816,44.4704338405646,7027.89544396599,5093.29165168869,5000,109.444386052026,0.776155490308172,44.4704338405653,3.20044334771352,183.371896394705,49.0757853284301,5.00433739640245
7.1439247723114,5019.46680340267,4932.36939527319,0.776646493581699,44.4985662558655,7037.28035834078,5088.29165168869,5000,96.4922713864006,0.77664649358171,44.4985662558662,3.63185261302462,208.089826539871,49.1248777047719,5.00934342561139
7.1539247723114,5023.73057167545,4941.41485075575,0.777137988028771,44.5267268133369,7046.66230098023,5083.29165168869,5000,83.5448500167076,0.777137988028777,44.5267268133372,4.19679907476417,240.458874448396,49.1740200356767,5.0143545487681
7.1639247723114,5027.98209909531,4950.46606610645,0.777629974148945,44.5549155416018,7056.04125983503,5078.29165168869,5000,70.6021365761403,0.777629974148951,44.5549155416022,4.96863548350399,284.681843143722,49.2232123260747,5.01937076637534
7.1739247723114,5032.22136004553,4959.5230331086,0.778122452441839,44.5831324692865,7065.41722281375,5073.29165168869,5000,57.664145743965,0.778122452441857,44.5831324692875,6.08648057770868,348.729649191055,49.2724545806207,5.02439207890775
7.1839247723114,5036.44832887086,4968.58574347511,0.778615423407119,44.6113776250195,7074.79017778267,5068.29165168869,5000,44.7308922456503,0.778615423407145,44.611377625021,7.8502171044482,449.784308346292,49.3217468036922,5.02941848681173
7.1939247723114,5040.66297987762,4977.65418884815,0.779108887544489,44.6396510374319,7084.16011256565,5063.29165168869,5000,31.8023908530024,0.779108887544509,44.6396510374331,11.0470567873074,632.949729954065,49.3710889993884,5.03444999050526
7.2039247723114,5044.8652873337,4986.72836079894,0.779602845353695,44.6679527351569,7093.52701494404,5058.29165168869,5000,18.8786563842929,0.779602845353717,44.6679527351582,18.6188308332367,1066.78042621251,49.4204811715284,5.0394865903778
7.2139247723114,5049.05522546866,4995.80825082734,0.780097297334519,44.69628274683,7102.89087265649,5053.29165168869,5000,5.9597037043998,0.780097297334696,44.6962827468401,59.0086857457695,3380.94864784637,49.46992332365,5.04452828679009
7.2239247723114,5053.23276847377,5004.89385036166,0.780592243986779,44.7246411010886,7112.25167339887,5048.29165168869,5000,6.95445227506448,-2.36100040960313,-135.275358898918,-50.5935110143766,-2898.79465187242,49.5194154590082,5.04957508007405
