time_s,x_M_m,y_M_m,sigma_rad,sigma_deg,lambda_m,x_T_m,y_T_m,r_m,q_rad,q_deg,qdot_rad_s,qdot_deg_s,a_n_m_s2,n_g
0,0,0,0.523598775598299,30,0,8660.25403784439,5000,10000,0.523598775598299,30,0.0249999999999998,1.43239448782704,99.999999999999,10.1971621297792
2.32038129184932e-07,0.000200950913174724,0.00011601906692388,0.523598798802111,30.0000013294805,0,8660.25392182532,5000,9999.99966748641,0.523598781399252,30.0000003323701,0.0249999993421864,1.43239445013711,99.9999973687455,10.197161861466
1.39222877510959e-06,0.00120570543866707,0.000696114471485683,0.523598914821165,30.0000079768827,0,8660.25334173,5000,9999.99800491849,0.523598810404015,30.0000019942207,0.0249999960531195,1.43239426168746,99.9999842124779,10.1971605199001
7.19318200473289e-06,0.00622947705659689,0.0035965932428541,0.523599494916206,30.0000412138802,0,8660.25044125338,5000,9999.98969207898,0.523598955427776,30.00001030347,0.0249999796077826,1.43239331943907,99.9999184311304,10.1971538120694
3.61979481528494e-05,0.0313483099079297,0.0180990308135917,0.523602395385685,30.00020739854,0,8660.23593887031,5000,9999.94812788461,0.523599680545145,30.000051849635,0.0249998973810396,1.43238860819373,99.9995895241585,10.1971202728922
0.000181221778893432,0.156941843204424,0.0906123115034549,0.523616897589982,30.0010383136398,0,8660.16342695494,5000,9999.74030699162,0.523603306096219,30.0002595784099,0.0249994862458607,1.43236505188317,99.9979449834428,10.1969525764091
0.000906340932596344,0.784893735399999,0.453206034455833,0.523689405033962,30.0051926841631,0,8659.80086737809,5000,9998.70120449903,0.523621432957215,30.0012981710408,0.0249974305333647,1.43224726823325,99.9897221334587,10.1961140790646
0.0045319367011109,3.9242588039229,2.26685746163427,0.524051852810807,30.0259594120703,0,8657.98806949383,5000,9993.50574140622,0.523712044901426,30.0064898530176,0.0249871510560777,1.43165829756911,99.948604224311,10.1919212192044
0.0145319367011109,12.5797453970876,7.2751050114487,0.525050771683367,30.0831932475439,0,8652.98806949383,5000,9979.17621270206,0.523961774619566,30.020798311886,0.024958790641146,1.43003336548828,99.8351625645839,10.1803533892393
0.0245319367011109,21.2302276865228,12.2919912832036,0.526048555907767,30.1403620724668,0,8647.98806949383,5000,9964.84731651226,0.524211220675666,30.0350905181167,0.024930418651272,1.42840777021212,99.7216746050881,10.1687808380118
0.0345319367011109,29.8757027535952,17.3175014649712,0.527045205021387,30.1974658603327,0,8642.98806949383,5000,9950.5190579839,0.524460382954071,30.0493664650832,0.0249020351053173,1.4267815128213,99.6081404212692,10.157203573215
0.0445319367011109,38.5161677163394,22.3516207493013,0.528040718562361,30.2545045846786,0,8637.98806949383,5000,9936.19144224374,0.524709261339314,30.0636261461696,0.0248736400220318,1.42515459439011,99.4945600881271,10.145621602497
0.0545319367011109,47.1516197294105,27.3943343332815,0.529035096069567,30.3114782190843,0,8632.98806949383,5000,9921.86447439815,0.524957855716116,30.0778695547711,0.0248452334200536,1.42352701598646,99.3809336802145,10.1340349334599
0.0645319367011109,55.7820559840379,32.4456274185962,0.53002833708263,30.368386737172,0,8627.98806949383,5000,9907.53815953318,0.525206165969382,30.092096684293,0.0248168153179093,1.42189877867182,99.2672612716372,10.1224435736604
0.0745319367011109,64.4074737079782,37.5054852115862,0.53102044114191,30.4252301126066,0,8622.98806949383,5000,9893.21250271454,0.525454191984202,30.1063075281516,0.0247883857340132,1.42026988350125,99.1535429360526,10.1108475306096
0.0845319367011109,73.0278701654681,42.5738929233077,0.532011407788505,30.4820083190947,0,8617.98806949383,5000,9878.88750898761,0.52570193364585,30.1205020797737,0.0247599446866672,1.4186403315234,99.0397787466689,10.0992468117725
0.0945319367011109,81.6432426571774,47.6508357695908,0.53300123656424,30.5387213303849,0,8612.98806949383,5000,9864.56318337747,0.525949390839784,30.1346803325962,0.0247314921940611,1.41701012378044,98.9259687762443,10.0876414245685
0.104531936701111,90.2535885201616,52.736298971098,0.533989927011667,30.5953691202674,0,8607.98806949383,5000,9850.23953088888,0.526196563451641,30.1488422800668,0.0247030282742716,1.4153792613081,98.8121130970864,10.0760313763708
0.114531936701111,98.8589051278151,57.8302677533826,0.534977478674059,30.6519516625736,0,8602.98806949383,5000,9835.91655650632,0.526443451367239,30.1629879156434,0.0246745529452628,1.41374774513565,98.6982117810512,10.0644166745067
0.124531936701111,107.459189889824,62.9327273469465,0.535963891095404,30.7084689311759,0,8597.98806949383,5000,9821.59426519399,0.526690054472575,30.177117232794,0.0246460662248855,1.41211557628586,98.5842648995418,10.0527973262574
0.134531936701111,116.054440252117,68.0436629872981,0.536949163820401,30.7649208999876,0,8592.98806949383,5000,9807.27266189581,0.526936372653825,30.1912302249969,0.0246175681308772,1.41048275577502,98.4702725235086,10.0411733388577
0.144531936701111,124.64465369682,73.1630599150092,0.53793329639446,30.8213075429626,0,8587.98806949383,5000,9792.95175153542,0.527182405797339,30.2053268857406,0.0245890586808619,1.4088492846129,98.3562347234475,10.0295447194962
0.154531936701111,133.22982774221,78.2909033757729,0.538916288363691,30.8776288340947,0,8582.98806949383,5000,9778.63153901624,0.527428153789647,30.2194072085237,0.0245605378923499,1.40721516380278,98.2421515693995,10.0179114753152
0.164531936701111,141.809959942661,83.42717862046,0.5398981392749,30.9338847474181,0,8577.98806949383,5000,9764.31202922143,0.527673616517449,30.2334711868545,0.0245320057827375,1.40558039434139,98.1280231309499,10.0062736134103
0.174531936701111,150.385047888604,88.5718709051758,0.540878848675592,30.9900752570065,0,8572.98806949383,5000,9749.99322701392,0.527918793867622,30.2475188142516,0.0245034623693067,1.40394497721891,98.0138494772269,9.99463114083065
0.184531936701111,158.955089206475,93.7249654913167,0.541858416113956,31.0462003369733,0,8567.98806949383,5000,9735.67513723643,0.528163685727213,30.2615500842433,0.0244749076692255,1.40230891341899,97.8996306769018,9.98298406457881
0.194531936701111,167.520081558668,98.886447645626,0.542836841138869,31.1022599614707,0,8562.98806949383,5000,9721.35776471146,0.528408291983441,30.2755649903677,0.0244463416995468,1.4006722039187,97.7853667981872,9.97133239161051
0.204531936701111,176.080022643486,104.05630264025,0.543814123299885,31.1582541046904,0,8557.98806949383,5000,9707.04111424131,0.528652612523695,30.2895635261726,0.024417764477209,1.39903484968854,97.671057908836,9.95967612883462
0.214531936701111,184.634910195096,109.234515752794,0.544790262147234,31.2141827408623,0,8552.98806949383,5000,9692.72519060811,0.528896647235533,30.3035456852156,0.0243891760190355,1.39739685169241,97.556704076142,9.9480152831132
0.224531936701111,193.184741983477,114.421072266376,0.545765257231819,31.270045844255,0,8547.98806949383,5000,9678.40999857378,0.529140396006679,30.3175114610637,0.0243605763417343,1.39575821088762,97.4423053669372,9.93634986126121
0.234531936701111,201.729515814377,119.615957469685,0.546739108105206,31.3258433891752,0,8542.98806949383,5000,9664.09554288011,0.529383858725026,30.3314608472938,0.024331965461898,1.39411892822484,97.3278618475921,9.92467987004657
0.244531936701111,210.269229529259,124.819156657032,0.547711814319624,31.3815753499674,0,8537.98806949383,5000,9649.78182824872,0.52962703527863,30.3453938374919,0.0243033433960036,1.39247900464815,97.2133735840146,9.91300531618999
0.254531936701111,218.803881005257,130.030655128408,0.548683375427957,31.437241701014,0,8532.98806949383,5000,9635.46885938108,0.529869925555713,30.3593104252535,0.0242747101604122,1.39083844109496,97.0988406416489,9.90132620636495
0.264531936701111,227.333468155126,135.250438189536,0.549653790983744,31.4928424167344,0,8527.98806949383,5000,9621.15664095853,0.53011252944466,30.3732106041836,0.0242460657713687,1.38919723849603,96.9842630854748,9.88964254719754
0.274531936701111,235.857988927193,140.478491151927,0.550623060541169,31.5483774715854,0,8522.98806949383,5000,9606.84517764232,0.530354846834016,30.3870943678963,0.0242174102450017,1.38755539777548,96.8696409800067,9.87795434526639
0.284531936701111,244.377441305312,145.714799332931,0.55159118365506,31.6038468400604,0,8517.98806949383,5000,9592.53447407354,0.530596877612489,30.4009617100151,0.0241887435973233,1.38591291985072,96.7549743892933,9.86626160710266
0.294531936701111,252.89182330881,150.959348055794,0.552558159880883,31.6592504966895,0,8512.98806949383,5000,9578.22453487322,0.530838621668945,30.4148126241724,0.0241600658442289,1.38426980563249,96.6402633769156,9.85456433918979
0.304531936701111,261.401132992443,156.212122649709,0.553523988774737,31.7145884160392,0,8507.98806949383,5000,9563.91536464229,0.531080078892408,30.4286471040098,0.0241313770014968,1.38262605602483,96.5255080059872,9.84286254796359
0.314531936701111,269.905368446346,161.47310844987,0.554488669893349,31.7698605727116,0,8502.98806949383,5000,9549.60696796162,0.531321249172061,30.4424651431779,0.0241026770847881,1.38098167192504,96.4107083391525,9.83115623981202
0.324531936701111,278.404527795984,166.742290797524,0.555452202794074,31.8250669413451,0,8497.98806949383,5000,9535.29934939199,0.531562132397243,30.4562667353363,0.0240739661096466,1.37933665422373,96.2958644385866,9.81944542107515
0.334531936701111,286.898609202104,172.019655040025,0.556414587034881,31.8802074966133,0,8492.98806949383,5000,9520.99251347415,0.531802728457444,30.4700518741533,0.0240452440914984,1.37769100380474,96.1809763659937,9.80773009804507
0.344531936701111,295.387610860683,177.305186530884,0.557375822174358,31.935282213225,0,8487.98806949383,5000,9506.68646472881,0.532043037242314,30.4838205533062,0.0240165110456516,1.37604472154516,96.0660441826066,9.79601027696579
0.354531936701111,303.871531002886,182.598870629823,0.5583359077717,31.990291065924,0,8482.98806949383,5000,9492.38120765665,0.532283058641649,30.497572766481,0.0239877669872965,1.37439780831533,95.9510679491858,9.78428596403316
0.364531936701111,312.350367895009,187.900692702826,0.559294843386709,32.0452340294888,0,8477.98806949383,5000,9478.07674673834,0.532522792545401,30.5113085073722,0.0239590119315046,1.3727502649788,95.8360477260185,9.77255716539476
0.374531936701111,320.824119838437,193.210638122193,0.560252628579787,32.1001110787323,0,8472.98806949383,5000,9463.77308643454,0.532762238843671,30.5250277696831,0.0239302458932294,1.37110209239232,95.7209835729178,9.76082388714982
0.384531936701111,329.29278516959,198.528692266584,0.561209262911932,32.1549221885015,0,8467.98806949383,5000,9449.47023118592,0.533001397426707,30.5387305471254,0.0239014688873054,1.36945329140585,95.6058755492215,9.74908613534913
0.394531936701111,337.756362259877,203.85484052108,0.562164745944733,32.2096673336773,0,8462.98806949383,5000,9435.16818541318,0.533240268184907,30.5524168334193,0.023872680928448,1.36780386286252,95.4907237137919,9.73734391599496
0.404531936701111,346.214849515646,209.189068277225,0.563119077240364,32.2643464891743,0,8457.98806949383,5000,9420.86695351705,0.533478851008815,30.5660866222936,0.0238438820312534,1.36615380759864,95.3755281250138,9.72559723504089
0.414531936701111,354.668245378133,214.531360933083,0.564072256361582,32.31895962994,0,8452.98806949383,5000,9406.56653987831,0.53371714578912,30.579739907485,0.0238150722101987,1.36450312644368,95.2602888407946,9.71384609839187
0.424531936701111,363.116548323416,219.881703893283,0.56502428287172,32.3735067309555,0,8447.98806949383,5000,9392.2669488578,0.533955152416654,30.5933766827389,0.0237862514796407,1.36285182022022,95.145005918563,9.70209051190396
0.434531936701111,371.559756862365,225.240082569073,0.565975156334683,32.4279877672343,0,8442.98806949383,5000,9377.96818479642,0.534192870782395,30.6069969418086,0.0237574198538169,1.36119988974402,95.0296794152678,9.69033048138434
0.444531936701111,379.997869540589,230.606482378367,0.566924876314943,32.4824027138224,0,8437.98806949383,5000,9363.67025201516,0.53443030077746,30.6206006784556,0.0237285773468444,1.35954733582392,94.9143093873776,9.67856601259121
0.454531936701111,388.430884938393,235.980888745796,0.567873442377535,32.5367515457983,0,8432.98806949383,5000,9349.37315481513,0.534667442293108,30.6341878864496,0.0236997239727198,1.35789415926186,94.7988958908791,9.66679711123361
0.464531936701111,396.858801670722,241.363287102757,0.56882085408805,32.5910342382721,0,8427.98806949383,5000,9335.07689747751,0.534904295220737,30.647758559568,0.0236708597453192,1.35624036085291,94.683438981277,9.65502378297145
0.474531936701111,405.281618387117,246.753662887462,0.569767111012634,32.6452507663858,0,8422.98806949383,5000,9320.78148426364,0.535140859451883,30.6613126915964,0.0236419846783981,1.35458594138517,94.5679387135923,9.64324603341531
0.484531936701111,413.699333771662,252.152001544986,0.570712212717977,32.6994011053125,0,8417.98806949383,5000,9306.48691941498,0.535377134878218,30.6748502763281,0.0236130987855905,1.35293090163983,94.4523951423621,9.63146386812643
0.494531936701111,422.111946542936,257.558288527315,0.571656158771316,32.7534852302569,0,8412.98806949383,5000,9292.19320715313,0.535613121391553,30.6883713075642,0.0235842020804095,1.35127524239112,94.336808321638,9.61967729261654
0.504531936701111,430.519455453964,262.972509293398,0.572598948740423,32.807503116454,0,8407.98806949383,5000,9277.90035167986,0.53584881888383,30.7018757791135,0.0235552945762463,1.34961896440631,94.2211783049854,9.60788631234778
0.514531936701111,438.921859292165,268.394649309188,0.573540582193606,32.8614547391697,0,8402.98806949383,5000,9263.60835717712,0.536084227247126,30.7153636847924,0.0235263762863707,1.3479620684457,94.1055051454828,9.59609093273267
0.524531936701111,447.319156879305,273.824694047697,0.574481058699699,32.9153400737001,0,8397.98806949383,5000,9249.31722780706,0.536319346373649,30.728835018425,0.0234974472239302,1.34630455526259,93.9897888957207,9.58429115913392
0.534531936701111,455.711347071446,279.262628989038,0.57542037782806,32.9691590953711,0,8392.98806949383,5000,9235.02696771199,0.536554176155739,30.7422897738428,0.02346850740195,1.34464642560327,93.8740296078001,9.57248699686438
0.544531936701111,464.098428758896,284.708439620477,0.576358539148566,33.0229117795385,0,8387.98806949383,5000,9220.73758101448,0.536788716485866,30.7557279448846,0.0234395568333331,1.34298768020702,93.7582273333326,9.56067845118696
0.554531936701111,472.48040086616,290.162111436473,0.577295542231609,33.0765981015876,0,8382.98806949383,5000,9206.44907181731,0.537022967256626,30.7691495253969,0.0234105955308596,1.34132831980608,93.6423821234386,9.54886552731448
0.564531936701111,480.857262351889,295.623629938734,0.578231386648086,33.1302180369326,0,8377.98806949383,5000,9192.16144420349,0.537256928360746,30.7825545092331,0.0233816235071866,1.33966834512567,93.5264940287465,9.53704823040962
0.574531936701111,489.229012208833,301.092980636254,0.579166071969402,33.1837715610168,0,8372.98806949383,5000,9177.8747022363,0.537490599691074,30.7959428902542,0.023352640774848,1.33800775688391,93.410563099392,9.52522656558478
0.584531936701111,497.595649463787,306.570149045365,0.580099597767457,33.237258649312,0,8367.98806949383,5000,9163.5888499593,0.537723981140589,30.809314662328,0.0233236473462542,1.33634655579187,93.2945893850169,9.51340053790203
0.594531936701111,505.957173177544,312.055120689782,0.581031963614649,33.2906792773182,0,8362.98806949383,5000,9149.30389139631,0.537957072602386,30.8226698193295,0.0232946432336921,1.33468474255354,93.1785729347683,9.50157015237296
0.604531936701111,514.313582444844,317.547881100648,0.581963169083862,33.3440334205636,0,8357.98806949383,5000,9135.01983055145,0.53818987396969,30.8360083551409,0.0232656284493243,1.33302231786578,93.0625137972972,9.48973541395861
0.614531936701111,522.664876394326,323.048415816579,0.582893213748465,33.397321054604,0,8352.98806949383,5000,9120.73667140916,0.53842238513584,30.849330263651,0.0232366030051895,1.33135928241836,92.9464120207581,9.47789632756936
0.624531936701111,531.011054188473,328.556710383709,0.583822097182306,33.4505421550227,0,8347.98806949383,5000,9106.4544179342,0.538654605994301,30.8626355387557,0.0232075669132019,1.32969563689392,92.8302676528075,9.46605289806483
0.634531936701111,539.352115023569,334.072750355737,0.584749818959707,33.5036966974302,0,8342.98806949383,5000,9092.17307407167,0.538886536438651,30.8759241743575,0.0231785201851508,1.32803138196793,92.7140807406033,9.45420513025379
0.644531936701111,547.688058129641,339.596521293968,0.585676378655459,33.5567846574637,0,8337.98806949383,5000,9077.89264374701,0.539118176362589,30.8891961643659,0.0231494628327008,1.32636651830872,92.5978513308034,9.442353028894
0.654531936701111,556.018882770417,345.128008767362,0.586601775844818,33.6098060107872,0,8332.98806949383,5000,9063.61313086605,0.539349525659929,30.9024515026968,0.0231203948673913,1.32470104657745,92.4815794695651,9.43049659869222
0.664531936701111,564.344588243269,350.667198352573,0.587526010103498,33.662760733091,0,8327.98806949383,5000,9049.33453931498,0.539580584224599,30.9156901832728,0.023091316300636,1.32303496742808,92.3652652025439,9.41863584430401
0.674531936701111,572.665173879167,356.214075633998,0.588449081007667,33.7156488000912,0,8322.98806949383,5000,9035.05687296038,0.539811351950641,30.9289122000228,0.0230622271437231,1.32136828150738,92.2489085748924,9.40677077033365
0.684531936701111,580.980639042627,361.768626203817,0.589370988133943,33.7684701875298,0,8317.98806949383,5000,9020.78013564926,0.54004182873221,30.9421175468825,0.0230331274078149,1.3197009894549,92.1325096312596,9.39490138133405
0.694531936701111,589.290983131662,367.330835662036,0.590291731059386,33.8212248711743,0,8312.98806949383,5000,9006.50433120904,0.540272014463571,30.9553062177936,0.0230040171039473,1.31803309190294,92.0160684157893,9.38302768180666
0.704531936701111,597.596205577731,372.900689616536,0.591211309361498,33.8739128268171,0,8307.98806949383,5000,8992.22946344758,0.540501909039099,30.9684782067043,0.0229748962430299,1.31636458947658,91.8995849721196,9.37114967620131
0.714531936701111,605.896305845687,378.478173683106,0.592129722618212,33.9265340302756,0,8302.98806949383,5000,8977.95553615318,0.540731512353277,30.9816335075689,0.0229457648358454,1.31469548279364,91.7830593433817,9.35926736891616
0.724531936701111,614.191283433732,384.063273485495,0.593046970407891,33.979088457392,0,8297.98806949383,5000,8963.68255309462,0.540960824300697,30.994772114348,0.0229166228930498,1.31302577246463,91.666491572199,9.3473807642976
0.734531936701111,622.481137873358,389.65597465545,0.593963052309321,34.0315760840323,0,8292.98806949383,5000,8949.41051802117,0.541189844776054,31.0078940210081,0.0228874704251714,1.31135545909281,91.5498817006855,9.33548986664004
0.744531936701111,630.765868729308,395.256262832758,0.594877967901709,34.0839968860868,0,8287.98806949383,5000,8935.13943466256,0.541418573674151,31.0209992215217,0.0228583074426115,1.30968454327411,91.4332297704458,9.32359468018598
0.754531936701111,639.045475599514,400.864123665288,0.595791716764671,34.1363508394694,0,8282.98806949383,5000,8920.86930672907,0.541647010889892,31.0340877098674,0.0228291339556432,1.30801302559716,91.316535822573,9.31169520912575
0.764531936701111,647.319958115056,406.479542809034,0.596704298478237,34.1886379201175,0,8277.98806949383,5000,8906.60013791148,0.541875156318283,31.0471594800294,0.0227999499744119,1.30634090664321,91.1997998976478,9.29979145759743
0.774531936701111,655.589315940105,412.102505928155,0.597615712622835,34.2408581039915,0,8272.98806949383,5000,8892.33193188112,0.542103009854433,31.0602145259979,0.0227707555089346,1.30466818698622,91.0830220357385,9.28788342968685
0.784531936701111,663.853548771877,417.732998695018,0.598525958779293,34.2930113670746,0,8267.98806949383,5000,8878.06469228986,0.542330571393548,31.0732528417687,0.0227415505690996,1.30299486719274,90.9662022763984,9.27597112942732
0.794531936701111,672.11265634058,423.371006790235,0.599435036528835,34.3450976853726,0,8262.98806949383,5000,8863.79842277016,0.542557840830933,31.0862744213431,0.0227123351646664,1.30132094782195,90.8493406586657,9.26405456079963
0.804531936701111,680.366638409365,429.01651590271,0.600342945453067,34.3971170349133,0,8257.98806949383,5000,8849.53312693505,0.542784818061991,31.0992792587283,0.0226831093052656,1.29964642942564,90.7324372210624,9.25213372773193
0.814531936701111,688.615494774273,434.66951172967,0.601249685133983,34.4490693917469,0,8252.98806949383,5000,8835.26880837816,0.54301150298222,31.1122673479367,0.0226538730003981,1.29797131254818,90.6154920015925,9.24020863409957
0.824531936701111,696.85922526419,440.329979976716,0.602155255153951,34.5009547319446,0,8247.98806949383,5000,8821.00547067374,0.543237895487212,31.1252386829862,0.0226246262594355,1.29629559772651,90.4985050377421,9.22827928372503
0.834531936701111,705.097829740789,445.997906357854,0.603059655095713,34.5527730315995,0,8242.98806949383,5000,8806.74311737666,0.543463995472653,31.1381932578999,0.0225953690916192,1.29461928549013,90.381476366477,9.2163456803778
0.844531936701111,713.331308098485,451.67327659554,0.603962884542378,34.6045242668253,0,8237.98806949383,5000,8792.48175202245,0.543689802834319,31.1511310667063,0.0225661015060606,1.29294237636108,90.2644060242424,9.20440782777425
0.854531936701111,721.559660264385,457.356076420716,0.604864943077415,34.6562084137566,0,8232.98806949383,5000,8778.22137812729,0.543915317468078,31.1640521034392,0.0225368235117404,1.29126487085393,90.1472940469617,9.19246572957755
0.864531936701112,729.782886198231,463.046291572853,0.605765830284651,34.7078254485486,0,8227.98806949383,5000,8763.96199918803,0.544140539269887,31.1769563621372,0.0225075351175089,1.28958676947575,90.0301404700355,9.18051938939755
0.874531936701112,738.000985892358,468.743907799984,0.606665545748266,34.7593753473764,0,8222.98806949383,5000,8749.70361868222,0.544365468135791,31.1898438368441,0.022478236332085,1.2879080727261,89.9129453283398,9.16856881079062
0.884531936701112,746.213959371635,474.448910858748,0.607564089052784,34.810858086435,0,8217.98806949383,5000,8735.4462400681,0.54459010396192,31.2027145216088,0.0224489271640564,1.28622878109702,89.7957086562258,9.15661399725959
0.894531936701112,754.421806693423,480.161286514428,0.608461459783069,34.8622736419389,0,8212.98806949383,5000,8721.18986678466,0.544814446644492,31.2155684104847,0.0224196076218795,1.28454889507303,89.6784304875179,9.14465495225362
0.904531936701112,762.624527947517,485.881020540985,0.609357657524323,34.9136219901219,0,8207.98806949383,5000,8706.93450225159,0.545038496079805,31.2284054975305,0.0223902777138784,1.28286841513106,89.5611108555135,9.13269167916806
0.914531936701112,770.822123256099,491.6080987211,0.610252681862077,34.9649031072368,0,8202.98806949383,5000,8692.68014986937,0.545262252164244,31.2412257768092,0.0223609374482452,1.28118734174048,89.4437497929809,9.12072418134438
0.924531936701112,779.014592773687,497.342506846209,0.611146532382188,35.0161169695547,0,8197.98806949383,5000,8678.42681301922,0.545485714794271,31.2540292423887,0.0223315868330397,1.2795056753631,89.3263473321588,9.10875246207001
0.934531936701112,787.201936687085,503.084230716542,0.612039208670832,35.0672635533654,0,8192.98806949383,5000,8664.17449506316,0.545708883866432,31.2668158883413,0.0223022258761888,1.27782341645307,89.2089035047553,9.09677652457825
0.944531936701112,795.38415521533,508.833256141161,0.612930710314499,35.1183428349765,0,8187.98806949383,5000,8649.92319934399,0.545931759277349,31.2795857087441,0.0222728545854864,1.27614056545697,89.0914183419456,9.08479637204811
0.954531936701112,803.561248609644,514.589568937994,0.613821036899988,35.1693547907133,0,8182.98806949383,5000,8635.67292918535,0.546154340923721,31.2923386976783,0.0222434729685931,1.27445712281372,88.9738918743723,9.07281200760426
0.964531936701112,811.733217153383,520.353154933873,0.614710188014404,35.2202993969187,0,8177.98806949383,5000,8621.4236878917,0.546376628702325,31.3050748492297,0.0222140810330358,1.27277308895456,88.8563241321433,9.06082343431685
0.974531936701112,819.900061161985,526.123999964571,0.615598163245148,35.2711766299524,0,8172.98806949383,5000,8607.17547874833,0.546598622510011,31.3177941574881,0.0221846787862078,1.27108846430311,88.738715144831,9.04883065520142
0.984531936701112,828.061780982919,531.902089874839,0.616484962179914,35.3219864661912,0,8167.98806949383,5000,8592.92830502143,0.546820322243703,31.3304966165478,0.0221552662353677,1.26940324927527,88.6210649414709,9.03683367321878
0.994531936701112,836.218376995637,537.687410518438,0.617370584406685,35.3727288820282,0,8162.98806949383,5000,8578.68216995803,0.547041727800396,31.3431822205071,0.0221258433876401,1.26771744427922,88.5033735505605,9.02483249127485
1.00453193670111,844.369849611521,543.47994775818,0.618255029513726,35.4234038538727,0,8157.98806949383,5000,8564.43707678607,0.547262839077156,31.3558509634682,0.0220964102500145,1.26603104971544,88.385641000058,9.01282711222059
1.01453193670111,852.516199273834,549.279687465959,0.619138297089579,35.4740113581498,0,8152.98806949383,5000,8550.19302871442,0.547483655971119,31.3685028395375,0.0220669668293453,1.26434406597667,88.2678673173814,9.00081753885184
1.02453193670111,860.657426457667,555.086615522789,0.620020386723056,35.5245513713003,0,8147.98806949383,5000,8535.95002893284,0.547704178379488,31.3811378428251,0.0220375131323517,1.26265649344788,88.1500525294068,8.98880377390922
1.03453193670111,868.793531669892,560.900717818836,0.620901298003237,35.5750238697801,0,8142.98806949383,5000,8521.70808061206,0.547924406199534,31.393755967445,0.022008049165617,1.26096833250627,88.0321966624681,8.97678582007802
1.04453193670111,876.924515449108,566.721980253456,0.621781030519462,35.6254288300602,0,8137.98806949383,5000,8507.46718690378,0.54814433932859,31.4063572075151,0.0219785749355886,1.25927958352124,87.9142997423543,8.964763679988
1.05453193670111,885.05037836559,572.550388735229,0.622659583861325,35.6757662286261,0,8132.98806949383,5000,8493.22735094063,0.548363977664056,31.4189415571565,0.0219490904485774,1.25759024685439,87.7963617943096,8.95273735621335
1.06453193670111,893.171121021244,578.385929181989,0.623536957618671,35.7260360419775,0,8127.98806949383,5000,8478.98857583627,0.548583321103392,31.4315090104944,0.0219195957107579,1.25590032285949,87.6783828430316,8.94070685127251
1.07453193670111,901.286744049549,584.228587520863,0.624413151381589,35.7762382466284,0,8122.98806949383,5000,8464.75086468537,0.548802369544122,31.4440595616571,0.0218900907281675,1.25420981188245,87.5603629126701,8.9286721676281
1.08453193670111,909.397248115511,590.078349688303,0.625288164740406,35.8263728191062,0,8117.98806949383,5000,8450.5142205636,0.549021122883826,31.4565932047766,0.0218605755067064,1.25251871426134,87.4423020268256,8.91663330768668
1.09453193670111,917.502633915611,595.935201630118,0.626161997285684,35.8764397359518,0,8112.98806949383,5000,8436.27864652769,0.549239581020145,31.469109933988,0.0218310500521371,1.25082703032631,87.3242002085486,8.90459027379876
1.10453193670111,925.602902177754,601.79912930151,0.62703464860821,35.9264389737191,0,8107.98806949383,5000,8422.04414561542,0.549457743850777,31.4816097434298,0.0218015143700845,1.24913476039966,87.2060574803379,8.89254306825857
1.11453193670111,933.69805366122,607.670118667103,0.627906118298997,35.9763705089747,0,8102.98806949383,5000,8407.81072084565,0.549675611273474,31.4940926272437,0.0217719684660349,1.24744190479572,87.0878738641395,8.88049169330399
1.12453193670111,941.788089156612,613.548155700981,0.628776405949271,36.0262343182978,0,8097.98806949383,5000,8393.57837521832,0.549893183186042,31.5065585795745,0.0217424123453363,1.24574846382091,86.9696493813453,8.86843615111637
1.13453193670111,949.873009485804,619.433226386715,0.629645511150472,36.0760303782794,0,8092.98806949383,5000,8379.3471117145,0.550110459486342,31.5190075945699,0.0217128460131978,1.24405443777369,86.8513840527914,8.85637644382041
1.14453193670111,957.952815501894,625.325316717398,0.630513433494242,36.1257586655226,0,8087.98806949383,5000,8365.11693329637,0.550327440072285,31.5314396663807,0.0216832694746894,1.24235982694455,86.7330778987576,8.84431257348408
1.15453193670111,966.027508089152,631.22441269568,0.631380172572428,36.1754191566417,0,8082.98806949383,5000,8350.88784290723,0.550544124841831,31.5438547891604,0.0216536827347414,1.24066463161598,86.6147309389656,8.83224454211842
1.16453193670111,974.097088162968,637.130500333792,0.632245727977066,36.2250118282622,0,8077.98806949383,5000,8336.65984347158,0.550760513692991,31.5562529570656,0.0216240857981443,1.23896885206245,86.4963431925773,8.82017235167741
1.17453193670111,982.161556669802,643.043565653585,0.633110099300386,36.2745366570206,0,8072.98806949383,5000,8322.43293789507,0.550976606523821,31.5686341642552,0.0215944786695486,1.23727248855042,86.3779146781944,8.8080960040579
1.18453193670111,990.220914587134,648.963594686557,0.633973286134797,36.3239936195636,0,8067.98806949383,5000,8308.20712906455,0.551192403232424,31.5809984048909,0.021564861353464,1.23557554133827,86.2594454138562,8.79601550109937
1.19453193670111,998.275162923415,654.890573473887,0.634835288072888,36.3733826925483,0,8062.98806949383,5000,8293.98241984806,0.551407903716946,31.5933456731371,0.0215352338542597,1.23387801067633,86.1409354170389,8.78393084458393
1.20453193670111,1006.32430271801,660.824488066462,0.635696104707419,36.4227038526416,0,8057.98806949383,5000,8279.7588130949,0.551623107875579,31.6056759631604,0.0215055961761635,1.23217989680685,86.0223847046539,8.77184203623601
1.21453193670111,1014.36833504117,666.765324524911,0.636555735631317,36.4719570765199,0,8052.98806949383,5000,8265.53631163557,0.551838015606554,31.61798926913,0.0214759483232616,1.23048119996395,85.9037932930465,8.75974907772241
1.22453193670111,1022.40726099393,672.713068919633,0.637414180437669,36.5211423408688,0,8047.98806949383,5000,8251.31491828188,0.552052626808142,31.6302855852172,0.0214462902994986,1.22878192037363,85.7851611979942,8.74765197065198
1.23453193670111,1030.44108170812,678.667707330829,0.638271438719716,36.5702596223827,0,8042.98806949383,5000,8237.09463582687,0.552266941378654,31.6425649055957,0.0214166221086766,1.22708205825374,85.6664884347064,8.73555071657563
1.24453193670111,1038.46979834629,684.629225848529,0.639127510070851,36.6193088977648,0,8037.98806949383,5000,8222.8754670449,0.552480959216437,31.6548272244412,0.0213869437544554,1.22538161381397,85.5477750178214,8.72344531698607
1.25453193670111,1046.49341210163,690.597610572627,0.639982394084608,36.6682901437262,0,8032.98806949383,5000,8208.65741469164,0.552694680219876,31.6670725359316,0.0213572552403516,1.22368058725581,85.4290209614066,8.71133577331775
1.26453193670111,1054.51192419797,696.572847612904,0.640836090354659,36.7172033369863,0,8027.98806949383,5000,8194.44048150408,0.552908104287389,31.6793008342466,0.021327556569739,1.22197897877256,85.3102262789559,8.69922208694671
1.27453193670111,1062.5253358897,702.554923089059,0.64168859847481,36.7660484542715,0,8022.98806949383,5000,8180.22467020056,0.553121231317427,31.6915121135679,0.0212978477458473,1.22027678854926,85.1913909833891,8.68710425919036
1.28453193670111,1070.53364846173,708.54382313074,0.642539918038991,36.814825472316,0,8017.98806949383,5000,8166.00998348078,0.553334061208472,31.703706368079,0.0212681287717625,1.21857401676275,85.07251508705,8.67498229130743
1.29453193670111,1078.53686322941,714.539533877573,0.643390048641254,36.8635343678606,0,8012.98806949383,5000,8151.79642402583,0.553546593859038,31.7158835919652,0.0212383996504263,1.21687066358155,84.953598601705,8.66285618449777
1.30453193670111,1086.53498153853,720.542041479185,0.644238989875766,36.9121751176528,0,8007.98806949383,5000,8137.58399449819,0.553758829167666,31.7280437794132,0.0212086603846355,1.21516672916592,84.8346415385419,8.6507259399022
1.31453193670111,1094.52800476524,726.551332095239,0.645086741336801,36.9607476984461,0,8002.98806949383,5000,8123.37269754175,0.553970767032925,31.7401869246116,0.021178910977042,1.2134622136678,84.7156439081682,8.6385915586024
1.32453193670111,1102.51593431601,732.567391895457,0.645933302618739,37.0092520870003,0,7997.98806949383,5000,8109.16253578184,0.554182407353409,31.7523130217501,0.0211491514301525,1.21175711723081,84.5966057206099,8.62645304162073
1.33453193670111,1110.49877162755,738.59020705965,0.646778673316054,37.0576882600806,0,7992.98806949383,5000,8094.95351182524,0.554393750027738,31.7644220650202,0.0211193817463274,1.21005143999019,84.4775269853098,8.61431038992009
1.34453193670111,1118.47651816681,744.619763777744,0.647622853023315,37.1060561944572,0,7987.98806949383,5000,8080.7456282602,0.554604794954553,31.7765140486143,0.0210896019277815,1.20834518207285,84.3584077111262,8.60216360440377
1.35453193670111,1126.44917543088,750.656048249809,0.648465841335175,37.1543558669056,0,7982.98806949383,5000,8066.53888765646,0.554815542032518,31.7885889667264,0.0210598119765827,1.20663834359725,84.2392479063309,8.59001268591526
1.36453193670111,1134.41674494699,756.699046686085,0.649307637846366,37.2025872542057,0,7977.98806949383,5000,8052.33329256524,0.555025991160316,31.8006468135514,0.0210300118946522,1.20493092467349,84.1200475786087,8.5778576352382
1.37453193670111,1142.37922827241,762.748745307006,0.650148242151694,37.2507503331415,0,7972.98806949383,5000,8038.12884551931,0.555236142236648,31.8126875832854,0.0210002016837637,1.20322292540319,84.0008067350548,8.5656984530961
1.38453193670111,1150.33662699443,768.805130343233,0.650987653846036,37.2988450805012,0,7967.98806949383,5000,8023.92554903296,0.555445995160234,31.8247112701253,0.0209703813455435,1.20151434587952,83.8815253821741,8.55353514015225
1.39453193670111,1158.2889427303,774.868188035674,0.651825872524327,37.3468714730763,0,7962.98806949383,5000,8009.72340560205,0.555655549829806,31.8367178682691,0.0209405508814698,1.19980518618718,83.7622035258793,8.54136769700961
1.40453193670111,1166.2361771272,780.937904635512,0.65266289778156,37.3948294876616,0,7957.98806949383,5000,7995.52241770399,0.555864806144114,31.8487073719154,0.0209107102928722,1.19809544640235,83.6428411714889,8.5291961242105
1.41453193670111,1174.17833186215,787.014266404232,0.653498729212779,37.4427191010548,0,7952.98806949383,5000,7981.32258779781,0.556073764001919,31.8606797752637,0.0208808595809318,1.1963851265927,83.5234383237272,8.51702042223667
1.42453193670111,1182.11540864199,793.097259613645,0.65433336641307,37.4905402900562,0,7947.98806949383,5000,7967.12391832414,0.556282423301992,31.8726350725141,0.0208509987466801,1.19467422681734,83.4039949867205,8.50484059150888
1.43453193670111,1190.04740920332,799.186870545915,0.655166808977561,37.538293031468,0,7942.98806949383,5000,7952.92641170523,0.556490783943115,31.884573257867,0.0208211277909994,1.19296274712681,83.2845111639976,8.49265663238697
1.44453193670111,1197.97433531247,805.283085493581,0.655999056501408,37.5859773020947,0,7937.98806949383,5000,7938.73007034498,0.556698845824076,31.8964943255237,0.0207912467146217,1.19125068756306,83.1649868584869,8.48046854516955
1.45453193670111,1205.89618876541,811.385890759585,0.656830108579796,37.6335930787419,0,7932.98806949383,5000,7924.53489662896,0.556906608843673,31.9083982696855,0.0207613555181288,1.18953804815942,83.0454220725152,8.46827633009389
1.46453193670111,1213.81297138773,817.495272657294,0.657659964807929,37.6811403382166,0,7927.98806949383,5000,7910.34089292441,0.557114072900707,31.9202850845542,0.0207314542019516,1.18782482894058,82.9258168078063,8.45607998733576
1.47453193670111,1221.72468503459,823.611217510528,0.658488624781026,37.7286190573265,0,7922.98806949383,5000,7896.14806158028,0.557321237893981,31.9321547643316,0.0207015427663698,1.18611102992257,82.8061710654792,8.44387951700929
1.48453193670111,1229.63133159065,829.733711653579,0.659316088094315,37.7760292128798,0,7917.98806949383,5000,7881.95640492724,0.557528103722303,31.94400730322,0.0206716212115115,1.18439665111272,82.6864848460462,8.43167491916671
1.49453193670111,1237.53291297005,835.86274143124,0.660142354343023,37.8233707816849,0,7912.98806949383,5000,7867.76592527767,0.55773467028448,31.9558426954213,0.020641689537353,1.18268169250968,82.566758149412,8.41946619379829
1.50453193670111,1245.42943111633,841.998293198823,0.660967423122377,37.8706437405499,0,7907.98806949383,5000,7853.57662492575,0.557940937479319,31.9676609351375,0.0206117477437177,1.18096615410332,82.446990974871,8.40725334083209
1.51453193670111,1253.32088800239,848.140353322189,0.66179129402759,37.9178480662822,0,7902.98806949383,5000,7839.3885061474,0.558146905205622,31.9794620165706,0.0205817958302767,1.17925003587481,82.3271833211067,8.39503636013386
1.52453193670111,1261.20728563046,854.288908177766,0.662613966653862,37.9649837356886,0,7897.98806949383,5000,7825.20157120032,0.55835257336219,31.9912459339222,0.0205518337965473,1.17753333779649,82.2073351861891,8.38281525150679
1.53453193670111,1269.08862603203,860.443944152574,0.663435440596368,38.0120507255742,0,7892.98806949383,5000,7811.01582232405,0.558557941847817,32.0030126813936,0.0205218616418935,1.17581605983191,82.0874465675738,8.37059001469144
1.54453193670111,1276.96491126778,866.605447644247,0.664255715450257,38.0590490127427,0,7887.98806949383,5000,7796.83126173995,0.558763010561289,32.0147622531857,0.020491879365525,1.1740982019358,81.9675174621,8.35836064936548
1.55453193670111,1284.8361434276,872.773405061057,0.665074790810642,38.1059785739959,0,7882.98806949383,5000,7782.6478916512,0.558967779401385,32.026494643499,0.0204618869664971,1.17237976405403,81.8475478659882,8.34612715514352
1.56453193670111,1292.70232463045,878.947802821933,0.665892666272594,38.152839386133,0,7877.98806949383,5000,7768.46571424287,0.559172248266873,32.0382098465333,0.0204318844437099,1.17066074612358,81.7275377748395,8.33388953157699
1.57453193670111,1300.5634570244,885.128627356486,0.666709341431138,38.1996314259508,0,7872.98806949383,5000,7754.2847316819,0.559376417056509,32.0499078564877,0.0204018717959083,1.16894114807253,81.6074871836331,8.32164777815392
1.58453193670111,1308.41954278649,891.315865105032,0.667524815881248,38.2463546702428,0,7867.98806949383,5000,7740.10494611715,0.559580285669036,32.0615886675607,0.0203718490216812,1.16722096982005,81.4873960867248,8.30940189429875
1.59453193670111,1316.27058412276,897.509502518607,0.668339089217833,38.2930090957992,0,7862.98806949383,5000,7725.92635967937,0.559783854003183,32.0732522739498,0.0203418161194613,1.16550021127632,81.3672644778454,8.2971518793722
1.60453193670111,1324.11658326815,903.709526058997,0.669152161035742,38.3395946794064,0,7857.98806949383,5000,7711.74897448126,0.55998712195766,32.0848986698516,0.0203117730875246,1.16377887234257,81.2470923500986,8.28489773267105
1.61453193670111,1331.95754248649,909.915922198751,0.669964030929747,38.3861113978467,0,7852.98806949383,5000,7697.57279261748,0.560190089431161,32.0965278494617,0.0202817199239899,1.16205695291101,81.1268796959594,8.27263945342797
1.62453193670111,1339.79346407041,916.128677421209,0.670774698494546,38.4325592278978,0,7847.98806949383,5000,7683.39781616466,0.560392756322361,32.1081398069745,0.0202516566268181,1.16033445286482,81.0066265072723,8.26037704081132
1.63453193670111,1347.62435034131,922.347778220515,0.671584163324748,38.4789381463326,0,7842.98806949383,5000,7669.22404718144,0.560595122529912,32.1197345365832,0.0202215831938124,1.15861137207813,80.8863327752495,8.24811049392499
1.64453193670111,1355.45020364932,928.573211101646,0.672392425014875,38.525248129919,0,7837.98806949383,5000,7655.05148770843,0.560797187952443,32.1313120324798,0.0201914996226172,1.15688771041596,80.765998490469,8.23583981180821
1.65453193670111,1363.27102637323,934.804962580425,0.673199483159348,38.571489155419,0,7832.98806949383,5000,7640.88013976831,0.560998952488562,32.1428722888548,0.0201614059107181,1.15516346773426,80.6456236428724,8.22356499343531
1.66453193670111,1371.08682092047,941.043019183542,0.674005337352487,38.6176611995888,0,7827.98806949383,5000,7626.7100053658,0.561200416036846,32.1544152998972,0.020131302055441,1.15343864387981,80.525208221764,8.21128603771563
1.67453193670111,1378.89758972702,947.287367448579,0.674809987188501,38.6637642391782,0,7822.98806949383,5000,7612.54108648768,0.56140157849585,32.1659410597946,0.0201011880539519,1.15171323869023,80.4047522158078,8.19900294349322
1.68453193670111,1386.70333525741,953.537993924023,0.675613432261481,38.7097982509306,0,7817.98806949383,5000,7598.37338510282,0.561602439764095,32.1774495627327,0.0200710639032566,1.14998725199398,80.2842556130265,8.18671570954674
1.69453193670111,1394.50406000461,959.794885169289,0.676415672165397,38.7557632115819,0,7812.98806949383,5000,7584.20690316219,0.561802999740074,32.1889408028955,0.0200409296001998,1.14826068361025,80.1637184007992,8.1744243345892
1.70453193670111,1402.29976649006,966.058027754736,0.677216706494088,38.801659097861,0,7807.98806949383,5000,7570.04164259889,0.562003258322247,32.2004147744653,0.0200107851414648,1.14653353334903,80.0431405658594,8.16212881726781
1.71453193670111,1410.09045726354,972.327408261691,0.678016534841259,38.8474858864888,0,7802.98806949383,5000,7555.87760532817,0.562203215409039,32.2118714716222,0.0199806305235733,1.14480580101102,79.9225220942931,8.14982915616373
1.72453193670111,1417.87613490317,978.60301328246,0.67881515680047,38.8932435541781,0,7797.98806949383,5000,7541.71479324742,0.562402870898842,32.2233108885446,0.0199504657428843,1.1430774863876,79.801862971537,8.13752534979193
1.73453193670111,1425.65680201537,984.884829420353,0.679612571965135,38.9389320776332,0,7792.98806949383,5000,7527.55320823624,0.562602224690008,32.2347330194083,0.0199202907955942,1.14134858926085,79.6811631823769,8.12521739660097
1.74453193670111,1433.43246123476,991.172843289699,0.68040877992851,38.9845514335493,0,7787.98806949383,5000,7513.3928521564,0.562801276680852,32.2461378583873,0.0198901056777362,1.13961910940348,79.560422710945,8.1129052949728
1.75453193670111,1441.20311522415,997.467041515863,0.681203780283691,39.0301015986125,0,7782.98806949383,5000,7499.2337268519,0.563000026769647,32.2575253996532,0.0198599103851794,1.13788904657881,79.4396415407177,8.10058904322248
1.76453193670111,1448.9687666745,1003.76741073527,0.681997572623605,39.0755825494994,0,7777.98806949383,5000,7485.07583414899,0.563198474854626,32.2688956373749,0.0198297049136288,1.13615840054076,79.3188196545151,8.08826863959814
1.77453193670111,1456.72941830483,1010.0739375954,0.682790156541002,39.1209942628762,0,7772.98806949383,5000,7470.91917585616,0.563396620833975,32.2802485657191,0.0197994892586243,1.13442717103378,79.1979570344971,8.07594408228061
1.78453193670111,1464.48507286223,1016.38660875486,0.683581531628454,39.166336715399,0,7767.98806949383,5000,7456.76375376417,0.563594464605838,32.2915841788498,0.0197692634155407,1.13269535779287,79.0770536621629,8.06361536938332
1.79453193670111,1472.23573312175,1022.70541088331,0.684371697478341,39.2116098837129,0,7762.98806949383,5000,7442.6095696461,0.56379200606831,32.3029024709282,0.019739027379587,1.13096296054351,78.9561095183479,8.05128249895202
1.80453193670111,1479.98140188637,1029.03033066158,0.68516065368285,39.2568137444519,0,7757.98806949383,5000,7428.45662525732,0.563989245119437,32.314203436113,0.0197087811458055,1.12922997900167,78.8351245832221,8.03894546896464
1.81453193670111,1487.722081987,1035.36135478162,0.685948399833966,39.3019482742385,0,7752.98806949383,5000,7414.30492233553,0.564186181657216,32.3254870685597,0.019678524709072,1.12749641287373,78.7140988362881,8.02660427733101
1.82453193670111,1495.45777628237,1041.69846994653,0.686734935523466,39.3470134496833,0,7747.98806949383,5000,7400.15446260081,0.564382815579591,32.3367533624208,0.0196482580640947,1.12576226185651,78.5930322563787,8.01425892189266
1.83453193670111,1503.18848765899,1048.04166287059,0.687520260342911,39.3920092473844,0,7742.98806949383,5000,7386.00524775557,0.564579146784452,32.3480023118461,0.0196179812054137,1.12402752563718,78.4719248216547,8.00190940042264
1.84453193670111,1510.91421903115,1054.39092027927,0.688304373883641,39.4369356439273,0,7737.98806949383,5000,7371.85727948465,0.564775175169635,32.3592339109818,0.0195876941274009,1.12229220389326,78.3507765096036,7.9895557106253
1.85453193670111,1518.63497334081,1060.74622890924,0.689087275736768,39.4817926158844,0,7732.98806949383,5000,7357.71055945526,0.564970900632916,32.3704481539711,0.019557396824259,1.1205562962926,78.229587297036,7.97719785013598
1.86453193670111,1526.35075355758,1067.10757550838,0.689868965493167,39.5265801398147,0,7727.98806949383,5000,7343.56508931708,0.565166323072016,32.3816450349537,0.0195270892900213,1.11881980249333,78.1083571600851,7.96483581652094
1.87453193670111,1534.0615626787,1073.47494683581,0.690649442743473,39.5712981922632,0,7722.98806949383,5000,7329.42087070219,0.565361442384593,32.3928245480658,0.0194967715185507,1.11708272214382,77.9870860742028,7.95246960727698
1.88453193670111,1541.76740372894,1079.84832966191,0.691428707078071,39.6159467497607,0,7717.98806949383,5000,7315.27790522518,0.565556258468242,32.4039866874402,0.0194664435035398,1.11534505488269,77.865774014159,7.94009921983134
1.89453193670111,1549.46827976059,1086.2277107683,0.692206758087089,39.6605257888234,0,7712.98806949383,5000,7301.13619448311,0.565750771220497,32.4151314472059,0.0194361052385096,1.11360680033871,77.7444209540385,7.92772465154141
1.90453193670111,1557.16419385337,1092.6130769479,0.692983595360396,39.7050352859523,0,7707.98806949383,5000,7286.99574005552,0.565944980538824,32.4262588214881,0.0194057567168097,1.11186795813085,77.6230268672389,7.91534589969449
1.91453193670111,1564.85514911445,1099.0044150049,0.693759218487588,39.7494752176331,0,7702.98806949383,5000,7272.85654350451,0.566138886320621,32.4373688044083,0.0193753979316171,1.11012852786817,77.5015917264686,7.90296296150761
1.92453193670111,1572.54114867833,1105.40171175481,0.694533627057986,39.7938455603357,0,7697.98806949383,5000,7258.71860637471,0.566332488463221,32.4484613900839,0.0193450288759361,1.10838850914984,77.3801155037443,7.89057583412728
1.93453193670111,1580.22219570684,1111.80495402446,0.695306820660627,39.8381462905136,0,7692.98806949383,5000,7244.58193019332,0.566525786863881,32.4595365726284,0.0193146495425972,1.1066479015651,77.2585981703888,7.87818451462923
1.94453193670111,1587.89829338909,1118.214128652,0.69607879888426,39.8823773846037,0,7687.98806949383,5000,7230.44651647009,0.56671878141979,32.470594346151,0.0192842599242571,1.1049067046932,77.1370396970284,7.86578900001819
1.95453193670111,1595.56944494139,1124.62922248694,0.696849561317334,39.9265388190261,0,7682.98806949383,5000,7216.31236669742,0.566911472028058,32.4816347047566,0.0192538600133977,1.10316491810339,77.0154400535909,7.85338928722764
1.96453193670111,1603.23565360722,1131.05022239015,0.697619107547996,39.9706305701832,0,7677.98806949383,5000,7202.1794823503,0.567103858585723,32.4926576425458,0.0192234498023259,1.10142254135487,76.8937992093036,7.84098537311962
1.97453193670111,1610.8969226572,1137.47711523385,0.698387437164079,40.0146526144597,0,7672.98806949383,5000,7188.04786488636,0.567295940989744,32.503663153615,0.0191930292831724,1.09967957399678,76.7721171326895,7.82857725448441
1.98453193670111,1618.55325538902,1143.90988790166,0.699154549753101,40.058604928222,0,7667.98806949383,5000,7173.9175157459,0.567487719137,32.5146512320555,0.0191625984478918,1.09793601556814,76.6503937915671,7.81616492804037
1.99453193670111,1626.2046551274,1150.34852728861,0.699920444902253,40.102487487818,0,7662.98806949383,5000,7159.78843635191,0.567679192924288,32.5256218719545,0.0191321572882614,1.09619186559784,76.5286291530457,7.80374839043361
2.00453193670111,1633.85112522405,1156.79302030112,0.700685122198392,40.1463002695762,0,7657.98806949383,5000,7145.66062811006,0.567870362248323,32.5365750673941,0.0191017057958812,1.09444712360458,76.4068231835249,7.79132763823782
2.01453193670111,1641.49266905761,1163.24335385704,0.701448581228039,40.1900432498061,0,7652.98806949383,5000,7131.53409240873,0.568061227005734,32.5475108124516,0.0190712439621726,1.09270178909684,76.2849758486902,7.77890266795391
2.02453193670111,1649.1292900336,1169.69951488564,0.702210821577365,40.2337164047971,0,7647.98806949383,5000,7117.40883061907,0.568251787093066,32.5584291011993,0.0190407717783782,1.09095586157288,76.1630871135128,7.76647347600994
2.03453193670111,1656.7609915844,1176.16149032766,0.702971842832189,40.2773197108183,0,7642.98806949383,5000,7103.28484409497,0.568442042406772,32.5693299277046,0.0190102892355614,1.08920934052065,76.0411569422454,7.75404005876068
2.04453193670111,1664.38777716918,1182.62926713526,0.703731644577968,40.3208531441181,0,7637.98806949383,5000,7089.16213417308,0.568631992843217,32.5802132860295,0.018979796324605,1.08746222541778,75.9191852984199,7.74160241248744
2.05453193670111,1672.00965027385,1189.1028322721,0.704490226399791,40.3643166809239,0,7632.98806949383,5000,7075.04070217287,0.568821638298672,32.591079170231,0.0189492930362114,1.08571451573155,75.7971721448455,7.7291605333978
2.06453193670111,1679.62661441103,1195.58217271331,0.705247587882373,40.4077102974416,0,7627.98806949383,5000,7060.92054939663,0.569010978669318,32.6019275743604,0.0189187793609015,1.08396621091887,75.6751174436062,7.71671441762541
2.07453193670111,1687.23867311998,1202.06727544548,0.706003728610043,40.451033969855,0,7622.98806949383,5000,7046.80167712947,0.569200013851235,32.6127584924638,0.0188882552890142,1.08221731042617,75.5530211560569,7.70426406122956
2.08453193670111,1694.84582996659,1208.55812746674,0.706758648166742,40.4942876743258,0,7617.98806949383,5000,7032.68408663934,0.56938874374041,32.6235719185815,0.0188577208107056,1.08046781368945,75.4308832428224,7.69180946019512
2.09453193670111,1702.4480885433,1215.0547157867,0.707512346136013,40.5374713869926,0,7612.98806949383,5000,7018.56777917712,0.569577168232728,32.6343678467482,0.0188271759159485,1.0787177201342,75.3087036637941,7.67935061043211
2.10453193670111,1710.04545246906,1221.55702742649,0.708264822100996,40.5805850839711,0,7607.98806949383,5000,7004.45275597652,0.569765287223973,32.6451462709928,0.0187966205945317,1.07696702917535,75.1864823781268,7.66688750777552
2.11453193670111,1717.6379253893,1228.06504941879,0.709016075644415,40.6236287413533,0,7602.98806949383,5000,6990.33901825421,0.569953100609828,32.6559071853384,0.0187660548360593,1.07521574021727,75.0642193442374,7.65442014798503
2.12453193670111,1725.22551097586,1234.5787688078,0.709766106348579,40.6666023352071,0,7597.98806949383,5000,6976.22656720978,0.570140608285869,32.6666505838018,0.0187354786299502,1.07346385265369,74.9419145198008,7.64194852674469
2.13453193670111,1732.80821292696,1241.09817264927,0.710514913795366,40.709505841576,0,7592.98806949383,5000,6962.11540402576,0.570327810147566,32.677376460394,0.018704891965437,1.0717113658677,74.819567861748,7.62947263966268
2.14453193670111,1740.38603496715,1247.62324801051,0.711262497566222,40.7523392364785,0,7587.98806949383,5000,6948.00552986767,0.57051470609028,32.6880848091197,0.0186742948315658,1.06995827923169,74.6971793262632,7.61699248227103
2.15453193670111,1747.95898084728,1254.15398197038,0.712008857242151,40.795102495908,0,7582.98806949383,5000,6933.89694588402,0.570701296009262,32.698775623977,0.0186436872171953,1.06820459210729,74.5747488687811,7.60450805002535
2.16453193670111,1755.5270543444,1260.69036161934,0.712753992403707,40.8377955958319,0,7577.98806949383,5000,6919.78965320634,0.570887579799651,32.709448898958,0.0186130691109959,1.06645030384538,74.4522764439836,7.59201933830447
2.17453193670111,1763.09025926178,1267.2323740594,0.713497902630986,40.8804185121917,0,7572.98806949383,5000,6905.68365294917,0.571073557356471,32.7201046280479,0.0185824405014494,1.06469541378602,74.3297620057977,7.57952634241027
2.18453193670111,1770.64859942884,1273.78000640419,0.714240587503622,40.9229712209019,0,7567.98806949383,5000,6891.57894621012,0.57125922857463,32.7307428052255,0.0185518013768481,1.06293992125839,74.2072055073924,7.56702905756731
2.19453193670111,1778.20207870108,1280.33324577892,0.714982046600775,40.9654536978504,0,7562.98806949383,5000,6877.47553406987,0.571444593348918,32.7413634244626,0.0185211517252939,1.06118382558079,74.0846069011758,7.55452747892255
2.20453193670111,1785.75070096005,1286.89207932042,0.715722279501125,41.0078659188971,0,7557.98806949383,5000,6863.3734175922,0.571629651574006,32.7519664797243,0.018490491534698,1.05942712606057,73.9619661387921,7.54202160154508
2.21453193670111,1793.29447011334,1293.45649417712,0.716461285782866,41.0502078598746,0,7552.98806949383,5000,6849.27259782397,0.571814403144441,32.7625519649687,0.0184598207927797,1.05766982199412,73.839283171119,7.52951142042583
2.22453193670111,1800.83339009448,1300.02647750906,0.717199065023697,41.0924794965865,0,7547.98806949383,5000,6835.17307579522,0.571998847954649,32.7731198741467,0.0184291394870661,1.05591191266678,73.7165579482644,7.51699693047722
2.23453193670111,1808.36746486291,1306.60201648795,0.717935616800812,41.1346808048081,0,7542.98806949383,5000,6821.0748525191,0.572182985898928,32.783670201202,0.018398447604891,1.05415339735283,73.593790419564,7.50447812653291
2.24453193670111,1815.89669840395,1313.18309829709,0.718670940690897,41.1768117602851,0,7537.98806949383,5000,6806.97792899195,0.572366816871449,32.7942029400713,0.0183677451333943,1.05239427531545,73.4709805335773,7.49195500334745
2.25453193670111,1823.42109472876,1319.76971013143,0.719405036270119,41.2188723387337,0,7532.98806949383,5000,6792.8823061933,0.572550340766254,32.8047180846835,0.0183370320595214,1.05063454580666,73.3481282380858,7.47942755559603
2.26453193670111,1830.94065787426,1326.3618391976,0.720137903114117,41.2608625158399,0,7527.98806949383,5000,6778.78798508589,0.572733557477254,32.81521562896,0.0183063083700224,1.0488742080673,73.2252334800895,7.46689577787414
2.27453193670111,1838.45539190312,1332.95947271385,0.720869540798,41.3027822672591,0,7522.98806949383,5000,6764.69496661569,0.572916466898225,32.8256955668148,0.0182755740514508,1.04711326132693,73.1022962058031,7.45435966469724
2.28453193670111,1845.9653009037,1339.56259791009,0.721599948896331,41.3446315686156,0,7517.98806949383,5000,6750.60325171192,0.573099068922807,32.8361578921539,0.0182448290901635,1.04535170480388,72.9793163606542,7.44181921050045
2.29453193670111,1853.47038898999,1346.17120202792,0.722329126983125,41.3864103955024,0,7512.98806949383,5000,6736.51284128708,0.573281363444506,32.8466025988756,0.0182140734723198,1.04358953770512,72.8562938892792,7.42927440963827
2.30453193670111,1860.9706603016,1352.78527232059,0.723057074631842,41.4281187234803,0,7507.98806949383,5000,6722.42373623694,0.573463350356685,32.8570296808701,0.0181833071838801,1.04182675922624,72.7332287355206,7.41672525638425
2.31453193670111,1868.46611900369,1359.40479605303,0.723783791415372,41.4697565280779,0,7502.98806949383,5000,6708.33593744059,0.573645029552567,32.8674391320195,0.0181525302106059,1.04006336855144,72.6101208424236,7.4041717449306
2.32453193670111,1875.95676928692,1366.02976050186,0.724509276906033,41.5113237847908,0,7497.98806949383,5000,6694.24944576048,0.573826400925233,32.8778309461977,0.0181217425380583,1.03829936485343,72.4869701522332,7.39161386938794
2.33453193670111,1883.44261536744,1372.66015295537,0.725233530675564,41.5528204690813,0,7492.98806949383,5000,6680.16426204236,0.574007464367616,32.8882051172704,0.0180909441515977,1.03653474729343,72.3637766063908,7.37905162378496
2.34453193670111,1890.92366148679,1379.29596071357,0.725956552295111,41.5942465563781,0,7487.98806949383,5000,6666.08038711538,0.574188219772502,32.8985616390946,0.0180601350363827,1.03476951502107,72.2405401455307,7.36648500206806
2.3545319367011,1898.39991191193,1385.93717108813,0.726678341335224,41.6356020220754,0,7482.98806949383,5000,6651.99782179208,0.574368667032531,32.9089005055189,0.0180293151773693,1.03300366717442,72.1172607094771,7.353913998101
2.3645319367011,1905.87137093511,1392.58377140244,0.727398897365847,41.6768868415328,0,7477.98806949383,5000,6637.9165668684,0.574548806040186,32.9192217103832,0.0179984845593102,1.03123720287985,71.9939382372407,7.3413386056646
2.3745319367011,1913.33804287389,1399.23574899161,0.728118219956309,41.7181009900747,0,7472.98806949383,5000,6623.83662312373,0.574728636687802,32.9295252475187,0.0179676431667539,1.02947012125207,71.8705726670158,7.32875881845643
2.3845319367011,1920.79993207108,1405.89309120241,0.728836308675319,41.7592444429899,0,7467.98806949383,5000,6609.75799132088,0.574908158867554,32.9398111107475,0.0179367909840439,1.02770242139402,71.7471639361756,7.31617463009035
2.3945319367011,1928.25704289468,1412.55578539337,0.729553163090953,41.800317175531,0,7462.98806949383,5000,6595.68067220616,0.575087372471462,32.9500792938828,0.0179059279953176,1.02593410239685,71.6237119812704,7.3035860340963
2.4045319367011,1935.70937973784,1419.22381893471,0.73026878277065,41.8413191629142,0,7457.98806949383,5000,6581.60466650935,0.575266277391387,32.9603297907286,0.0178750541845058,1.02416516333985,71.5002167380234,7.29099302391983
2.4145319367011,1943.15694701885,1425.89717920837,0.730983167281202,41.8822503803183,0,7452.98806949383,5000,6567.52997494375,0.575444873519025,32.9705625950796,0.0178441695353318,1.02239560329043,71.376678141327,7.27839559292185
2.4245319367011,1950.59974918103,1432.57585360801,0.731696316188745,41.9231108028849,0,7447.98806949383,5000,6553.45659820619,0.575623160745911,32.9807777007212,0.0178132740313099,1.02062542130405,71.2530961252398,7.26579373437818
2.4345319367011,1958.03779069276,1439.25982953901,0.732408229058753,41.9639004057174,0,7442.98806949383,5000,6539.38453697705,0.575801138963413,32.9909751014294,0.0177823676557456,1.01885461642416,71.1294706229822,7.25318744147922
2.4445319367011,1965.47107604738,1445.9490944185,0.733118905456025,42.0046191638807,0,7437.98806949383,5000,6525.31379192027,0.575978808062731,33.0011547909702,0.0177514503917336,1.01708318768219,71.0058015669345,7.24057670732967
2.4545319367011,1972.89960976317,1452.64363567531,0.733828344944684,42.0452670524007,0,7432.98806949383,5000,6511.2443636834,0.576156167934895,33.0113167631002,0.0177205222221579,1.01531113409743,70.8820888886314,7.22796152494801
2.4645319367011,1980.32339638332,1459.34344075001,0.73453654708816,42.085844046264,0,7427.98806949383,5000,6497.17625289758,0.576333218470764,33.021461011566,0.0176895831296899,1.01353845467705,70.7583325187597,7.21534188726626
2.4745319367011,1987.74244047584,1466.04849709491,0.735243511449187,42.126350120417,0,7422.98806949383,5000,6483.10946017761,0.576509959561021,33.0315875301043,0.0176586330967884,1.01176514841601,70.6345323871537,7.20271778712952
2.4845319367011,1995.15674663358,1472.75879217403,0.735949237589793,42.1667852497659,0,7417.98806949384,5000,6469.0439861219,0.576686391096173,33.0416963124415,0.0176276721056981,1.00999121429699,70.5106884227923,7.19008921729564
2.4945319367011,2002.56631947413,1479.47431346315,0.736653725071294,42.2071494091756,0,7412.98806949384,5000,6454.97983131257,0.576862512966548,33.0517873522939,0.0175967001384488,1.00821665129039,70.3868005537951,7.17745617043486
2.5045319367011,2009.97116363982,1486.19504844978,0.737356973454278,42.24744257347,0,7407.98806949384,5000,6440.9169963154,0.577038325062294,33.0618606433675,0.0175657171768545,1.00644145835422,70.262868707418,7.16481863912936
2.5145319367011,2017.37128379765,1492.92098463317,0.738058982298606,42.2876647174308,0,7402.98806949384,5000,6426.8554816799,0.577213827273376,33.0719161793577,0.0175347232025125,1.00466563443408,70.1388928100498,7.15217661587289
2.5245319367011,2024.76668463924,1499.65210952429,0.738759751163394,42.3278158157974,0,7397.98806949384,5000,6412.7952879393,0.577389019489573,33.0819539539494,0.0175037181968022,1.00288917846311,70.014872787209,7.13953009307041
2.5345319367011,2032.15737088083,1506.38841064586,0.739459279607014,42.3678958432662,0,7392.98806949384,5000,6398.73641561059,0.577563901600478,33.0919739608166,0.0174727021408847,1.00111208936189,69.8908085635386,7.1268790630377
2.5445319367011,2039.54334726319,1513.12987553236,0.740157567187075,42.4079047744901,0,7387.98806949384,5000,6384.67886519454,0.577738473495493,33.1019761936225,0.0174416750157008,0.999334366038428,69.7667000628031,7.11422351800086
2.5545319367011,2046.92461855161,1519.87649172997,0.740854613460423,42.4478425840782,0,7382.98806949384,5000,6370.62263717568,0.57791273506383,33.1119606460196,0.0174106368019712,0.997556007388101,69.642547207885,7.10156345009611
2.5645319367011,2054.30118953582,1526.62824679664,0.741550417983126,42.4877092465952,0,7377.98806949384,5000,6356.56773202237,0.578086686194506,33.1219273116488,0.0173795874801948,0.995777012293569,69.5183499207793,7.08889885136915
2.5745319367011,2061.67306503001,1533.38512830204,0.742244980310468,42.5275047365607,0,7372.98806949384,5000,6342.51415018682,0.578260326776341,33.1318761841402,0.0173485270306477,0.993997379624739,69.3941081225908,7.07622971377491
2.5845319367011,2069.04024987272,1540.14712382759,0.742938299996941,42.567229028449,0,7367.98806949384,5000,6328.46189210505,0.57843365669796,33.1418072571122,0.0173174554333823,0.992217108238702,69.2698217335292,7.06355602917706
2.5945319367011,2076.40274892684,1546.91422096645,0.743630376596234,42.6068820966882,0,7362.98806949384,5000,6314.41095819699,0.578606675847783,33.1517205241721,0.0172863726682265,0.990436196979677,69.145490672906,7.05087778934763
2.6045319367011,2083.76056707954,1553.6864073235,0.744321209661222,42.6464639156601,0,7357.98806949384,5000,6300.36134886644,0.57877938411403,33.1616159789151,0.0172552787147823,0.988654644678947,69.021114859129,7.03819498596657
2.6145319367011,2091.11370924227,1560.46367051537,0.745010798743964,42.6859744596995,0,7352.98806949384,5000,6286.31306450111,0.578951781384715,33.1714936149249,0.0172241735524248,0.986872450154796,68.8966942096993,7.02550761062129
2.6245319367011,2098.46218035068,1567.24599817042,0.745699143395686,42.7254137030936,0,7347.98806949384,5000,6272.26610547267,0.579123867547646,33.1813534257734,0.0171930571603016,0.985089612212463,68.7722286412065,7.01281565480633
2.6345319367011,2105.80598536457,1574.03337792874,0.746386243166777,42.7647816200815,0,7342.98806949384,5000,6258.2204721367,0.579295642490419,33.1911954050204,0.0171619295173312,0.983306129644067,68.6477180693248,7.00011910992283
2.6445319367011,2113.14512926791,1580.82579744216,0.747072097606777,42.8040781848538,0,7337.98806949384,5000,6244.17616483278,0.579467106100419,33.2010195462135,0.0171307906022019,0.981522001228544,68.5231624088077,6.98741796727809
2.6545319367011,2120.47961706871,1587.62324437422,0.747756706264371,42.843303371552,0,7332.98806949384,5000,6230.13318388448,0.579638258264817,33.210825842888,0.0170996403933714,0.979737225731604,68.3985615734856,6.97471221808524
2.6645319367011,2127.80945379905,1594.4257064002,0.748440068687374,42.882457154268,0,7327.98806949384,5000,6216.09152959938,0.579809098870568,33.220614288567,0.0170684788690648,0.977951801905641,68.2739154762591,6.96200185346261
2.6745319367011,2135.13464451502,1601.23317120711,0.749122184422729,42.9215395070433,0,7322.98806949384,5000,6202.05120226908,0.579979627804407,33.2303848767608,0.0170373060072742,0.976165728489693,68.1492240290966,6.94928686443349
2.6845319367011,2142.45519429666,1608.04562649367,0.749803053016493,42.960550403869,0,7317.98806949384,5000,6188.01220216925,0.580149844952848,33.2401376009673,0.017006121785757,0.974379004209361,68.0244871430281,6.93656724192544
2.6945319367011,2149.77110824793,1614.86305997033,0.750482674013827,42.9994898186847,0,7312.98806949384,5000,6173.97452955962,0.580319750202181,33.2498724546712,0.0169749261820356,0.97259162777676,67.8997047281424,6.92384297677009
2.7045319367011,2157.08239149667,1621.68545935923,0.75116104695899,43.0383577253784,0,7307.98806949384,5000,6159.93818468402,0.580489343438472,33.2595894313446,0.0169437191733952,0.970803597890438,67.7748766935809,6.91111405970244
2.7145319367011,2164.38904919458,1628.51281239424,0.751838171395327,43.0771540977857,0,7302.98806949384,5000,6145.9031677704,0.580658624547556,33.2692885244464,0.0169125007368836,0.969014913235324,67.6500029475343,6.89838048136054
2.7245319367011,2171.69108651713,1635.34510682096,0.75251404686526,43.1158789096893,0,7297.98806949384,5000,6131.86947903082,0.580827593415039,33.2789697274223,0.0168812708493093,0.967225572482648,67.5250833972371,6.88564223228494
2.7345319367011,2178.98850866357,1642.18233039665,0.753188672910279,43.1545321348184,0,7292.98806949384,5000,6117.83711866151,0.580996249926294,33.2886330337046,0.0168500294872408,0.965435574289885,67.4001179489632,6.87289930291825
2.7445319367011,2186.28132085685,1649.02447089031,0.753862049070931,43.1931137468485,0,7287.98806949384,5000,6103.80608684288,0.581164593966457,33.2982784367121,0.0168187766270053,0.96364491730068,67.2751065080213,6.86015168360463
2.7545319367011,2193.5695283436,1655.87151608262,0.754534174886812,43.2316237194003,0,7282.98806949384,5000,6089.77638373951,0.581332625420427,33.3079059298501,0.0167875122446876,0.96185360014479,67.1500489787503,6.84739936458937
2.7645319367011,2200.8531363941,1662.72345376594,0.755205049896556,43.2700620260394,0,7277.98806949384,5000,6075.7480095002,0.581500344172863,33.3175155065099,0.0167562363161284,0.960061621437998,67.0249452645138,6.83464233601829
2.7745319367011,2208.13215030221,1669.58027174434,0.755874673637827,43.308428640276,0,7272.98806949384,5000,6061.72096425801,0.581667750108181,33.327107160069,0.0167249488169238,0.958268979782055,66.8997952676953,6.8218805879373
2.7845319367011,2215.40657538535,1676.44195783356,0.756543045647306,43.3467235355638,0,7267.98806949384,5000,6047.69524813021,0.581834843110551,33.336680883891,0.0166936497224236,0.956475673764611,66.7745988896944,6.80911411029194
2.7945319367011,2222.67641698447,1683.30849986103,0.757210165460685,43.3849466853,0,7262.98806949384,5000,6033.67086121839,0.582001623063896,33.346236671325,0.01666233900773,0.954681701959127,66.6493560309199,6.79634289292673
2.8045319367011,2229.94168046397,1690.17988566585,0.757876032612653,43.4230980628242,0,7257.98806949384,5000,6019.64780360839,0.582168089851888,33.3557745157061,0.0166310166476968,0.952887062924835,66.5240665907871,6.78356692558489
2.8145319367011,2237.20237121171,1697.05610309876,0.758540646636891,43.4611776414182,0,7252.98806949384,5000,6005.62607537038,0.582334243357947,33.3652944103546,0.0165996826169276,0.951091755206627,66.3987304677103,6.77078619790757
2.82453193670109,2244.45849463893,1703.93714002221,0.759204007066056,43.4991853943053,0,7247.98806949384,5000,5991.60567655889,0.582500083465238,33.3747963485763,0.0165683368897749,0.949295777335013,66.2733475590998,6.75800069943352
2.83453193670109,2251.71005618024,1710.82298431027,0.759866113431776,43.5371212946498,0,7242.98806949384,5000,5977.58660721276,0.582665610056668,33.3842803236625,0.0165369794403388,0.947499127826025,66.147917761355,6.74521041959844
2.84453193670109,2258.95706129356,1717.71362384866,0.760526965264637,43.5749853155563,0,7237.98806949384,5000,5963.56886735523,0.582830823014884,33.3937463288891,0.0165056102424652,0.945701805181159,66.0224409698608,6.73241534773452
2.85453193670109,2266.19951546009,1724.60904653478,0.761186562094175,43.612777430069,0,7232.98806949384,5000,5949.55245699392,0.582995722222268,33.4031943575173,0.0164742292697452,0.943903807887289,65.8969170789808,6.71961547306989
2.86453193670109,2273.43742418427,1731.50924027762,0.761844903448864,43.6504976111716,0,7227.98806949384,5000,5935.53737612089,0.58316030756094,33.4126244027929,0.0164428364955132,0.942105134416585,65.7713459820526,6.70681078472798
2.87453193670109,2280.67079299373,1738.41419299783,0.762501988856104,43.6881458317861,0,7222.98806949384,5000,5921.5236247126,0.58332457891275,33.4220364579465,0.0164114318928457,0.940305783226456,65.6457275713829,6.69400127172713
2.88453193670109,2287.89962743927,1745.32389262767,0.763157817842216,43.7257220647727,0,7217.98806949384,5000,5907.51120272999,0.583488536159278,33.4314305161932,0.0163800154345603,0.938505752759452,65.5200617382412,6.68118692297994
2.89453193670109,2295.12393309482,1752.23832711103,0.763812389932428,43.7632262829289,0,7212.98806949384,5000,5893.50011011845,0.583652179181831,33.4408065707322,0.0163485870932137,0.936705041443198,65.394348372855,6.6683677272927
2.90453193670109,2302.34371555738,1759.15748440339,0.764465704650863,43.800658458989,0,7207.98806949384,5000,5879.49034680789,0.58381550786144,33.4501646147473,0.0163171468411009,0.934903647690307,65.2685873644037,6.65554367336488
2.91453193670109,2309.558980447,1766.08135247186,0.765117761520533,43.8380185656236,0,7202.98806949384,5000,5865.48191271272,0.583978522078858,33.4595046414059,0.0162856946502534,0.933101569898303,65.1427786010136,6.64271474978852
2.92453193670109,2316.76973340673,1773.00991929511,0.765768560063324,43.8753065754388,0,7197.98806949384,5000,5851.47480773188,0.584141221714555,33.4688266438597,0.0162542304924378,0.931298806449536,65.0169219697513,6.62988094504762
2.93453193670109,2323.97598010259,1779.94317286342,0.766418099799989,43.9125224609757,0,7192.98806949384,5000,5837.46903174886,0.584303606648721,33.4781306152439,0.0162227543391547,0.929495355711107,64.8910173566188,6.61704224751763
2.94453193670109,2331.17772622355,1786.88110117864,0.767066380250134,43.9496661947098,0,7187.98806949384,5000,5823.46458463176,0.584465676761258,33.4874165486775,0.016191266161637,0.927691216034784,64.765064646548,6.60419864546486
2.95453193670109,2338.37497748143,1793.82369225418,0.76771340093221,43.9867377490504,0,7182.98806949384,5000,5809.46146623322,0.584627431931777,33.4966844372626,0.0161597659308484,0.925886385756907,64.6390637233934,6.59135012704577
2.96453193670109,2345.56773961095,1800.77093411503,0.7683591613635,44.02373709634,0,7177.98806949384,5000,5795.45967639053,0.584788872039599,33.505934274085,0.0161282536174819,0.924080863198318,64.5130144699278,6.57849668030651
2.97453193670109,2352.75601836961,1807.72281479771,0.769003661060113,44.0606642088533,0,7172.98806949384,5000,5781.45921492562,0.584949996963752,33.5151660522133,0.0160967291919588,0.92227464666427,64.3869167678354,6.56563829318222
2.98453193670109,2359.93981953771,1814.67932235031,0.769646899536964,44.0975190587973,0,7167.98806949384,5000,5767.46008164503,0.585110806582965,33.5243797646993,0.0160651926244264,0.920467734444333,64.2607704977057,6.55277495349643
2.99453193670109,2367.11914891827,1821.64044483242,0.770288876307772,44.13430161831,0,7162.98806949384,5000,5753.46227634003,0.585271300775667,33.5335754045775,0.0160336438847571,0.918660124812326,64.1345755390286,6.53990664896051
3.00453193670109,2374.29401233703,1828.60617031518,0.770929590885044,44.1710118594602,0,7157.98806949384,5000,5739.46579878653,0.585431479419985,33.5427529648651,0.0160020829425466,0.916851816026206,64.0083317701864,6.52703336717293
3.01453193670109,2381.46441564239,1835.57648688123,0.771569042780066,44.2076497542467,0,7152.98806949384,5000,5725.4706487452,0.585591342393741,33.5519124385617,0.0159705097671123,0.915042806327995,63.8820390684493,6.51415509561872
3.02453193670109,2388.63036470538,1842.55138262472,0.772207231502891,44.2442152745973,0,7147.98806949384,5000,5711.47682596142,0.585750889574447,33.5610538186493,0.015938924327492,0.913233093943684,63.7556973099679,6.50127182166876
3.03453193670109,2395.79186541962,1849.5308456513,0.772844156562327,44.2807083923691,0,7142.98806949384,5000,5697.48433016531,0.585910120839306,33.5701770980923,0.015907326592442,0.911422677083147,63.6293063697679,6.48838353257921
3.04453193670109,2402.94892370128,1856.51486407809,0.773479817465927,44.3171290793469,0,7137.98806949384,5000,5683.4931610718,0.586069036065206,33.5792822698367,0.0158757165304356,0.909611553940033,63.5028661217423,6.47549021549074
3.05453193670109,2410.10154548904,1863.5034260337,0.774114213719978,44.3534773072429,0,7132.98806949384,5000,5669.50331838059,0.586227635128719,33.5883693268107,0.0158440941096616,0.907799722691699,63.3763764386465,6.46259185742802
3.06453193670109,2417.24973674409,1870.49651965818,0.774747344829488,44.3897530476963,0,7127.98806949384,5000,5655.51480177618,0.586385917906096,33.5974382619241,0.0158124592980228,0.9059871814991,63.249837192091,6.44968844529896
3.07453193670109,2424.39350345004,1877.49413310305,0.775379210298176,44.4259562722722,0,7122.98806949384,5000,5641.52761092793,0.586543884273268,33.6064890680681,0.0157808120631335,0.904173928506688,63.1232482525341,6.43677996589397
3.08453193670109,2431.53285161291,1884.49625453128,0.77600980962846,44.4620869524612,0,7117.98806949384,5000,5627.54174549004,0.586701534105839,33.6155217381153,0.0157491523723191,0.902359961842334,62.9966094892765,6.42386640588544
3.09453193670109,2438.66778726109,1891.50287211723,0.776639142321444,44.4981450596788,0,7112.98806949384,5000,5613.55720510158,0.586858867279085,33.6245362649197,0.0157174801926135,0.900545279617222,62.869920770454,6.41094775182697
3.10453193670109,2445.79831644531,1898.51397404672,0.777267207876907,44.5341305652644,0,7107.98806949384,5000,5599.57398938653,0.587015883667951,33.6335326413161,0.0156857954907576,0.898729879925747,62.7431819630303,6.39802399015263
3.11453193670109,2452.92444523861,1905.52954851695,0.777894005793295,44.570043440481,0,7102.98806949384,5000,5585.59209795375,0.587172583147048,33.6425108601203,0.0156540982331976,0.896913760845419,62.6163929327902,6.38509510717627
3.12453193670109,2460.04617973627,1912.54958373653,0.778519535567702,44.6058836565143,0,7097.98806949384,5000,5571.61153039706,0.58732896559065,33.6514709141286,0.0156223883860834,0.895096920436775,62.4895535443337,6.37216108909095
3.13453193670109,2467.16352605582,1919.57406792543,0.779143796695866,44.6416511844722,0,7092.98806949384,5000,5557.63228629522,0.587485030872691,33.660412796118,0.0155906659152668,0.893279356743257,62.3626636610674,6.35922192196799
3.14453193670109,2474.27649033697,1926.602989315,0.779766788672149,44.6773459953837,0,7087.98806949384,5000,5543.65436521197,0.587640778866761,33.6693364988459,0.0155589307862996,0.89146106779113,62.2357231451984,6.34627759175645
3.15453193670109,2481.38507874158,1933.63633614796,0.780388510989531,44.7129680601988,0,7082.98806949384,5000,5529.67776669602,0.587796209446107,33.6782420150497,0.0155271829644316,0.889642051589361,62.1087318577264,6.33332808428224
3.16453193670109,2488.48929745365,1940.67409667835,0.781008963139597,44.7485173497874,0,7077.98806949384,5000,5515.70249028112,0.587951322483623,33.6871293374469,0.0154954224146093,0.887822306129526,61.9816896584371,6.32037338524747
3.17453193670109,2495.58915267924,1947.71625917155,0.781628144612523,44.7839938349387,0,7072.98806949384,5000,5501.72853548602,0.588106117851855,33.6959984587347,0.0154636491014737,0.886001829385709,61.8545964058947,6.30741348022971
3.18453193670109,2502.68465064649,1954.76281190427,0.782246054897062,44.8193974863606,0,7067.98806949384,5000,5487.75590181456,0.58826059542299,33.7048493715901,0.0154318629893585,0.884180619314379,61.7274519574339,6.29444835468115
3.19453193670109,2509.77579760554,1961.8137431645,0.782862693480539,44.8547282746787,0,7062.98806949384,5000,5473.7845887556,0.588414755068859,33.7136820686697,0.0154000640422883,0.882358673854298,61.6002561691532,6.28147799392792
3.20453193670109,2516.86259982851,1968.86904125153,0.783478059848829,44.889986170436,0,7057.98806949384,5000,5459.81459578314,0.588568596660931,33.722496542609,0.0153682522239766,0.880535990926398,61.4730088959063,6.2685023831692
3.21453193670109,2523.94506360947,1975.92869447593,0.784092153486353,44.925171144092,0,7052.98806949384,5000,5445.84592235625,0.588722120070312,33.731292786023,0.015336427497824,0.878712568433695,61.3457099912959,6.25552150747665
3.22453193670109,2531.02319526441,1982.99269115953,0.784704973876058,44.9602831660217,0,7047.98806949384,5000,5431.87856791915,0.588875325167739,33.7400707915054,0.015304589826916,0.87688840426114,61.2183593076639,6.24253535179331
3.23453193670109,2538.09700113117,1990.06101963539,0.785316520499413,44.9953222065154,0,7042.98806949384,5000,5417.9125319012,0.589028211823577,33.7488305516288,0.0152727391740215,0.875063496275553,61.0909566960862,6.22954390093316
3.24453193670109,2545.16648756948,1997.13366824783,0.785926792836386,45.0302882357775,0,7037.98806949384,5000,5403.94781371694,0.589180779907821,33.7575720589444,0.0152408755015904,0.873237842325461,60.9635020063616,6.21654713957993
3.25453193670109,2552.23166096083,2004.21062535237,0.786535790365441,45.0651812239263,0,7032.98806949384,5000,5389.98441276608,0.589333029290084,33.7662953059816,0.0152089987717517,0.871411440241023,60.8359950870066,6.20354505228662
3.26453193670109,2559.29252770852,2011.29187931573,0.787143512563519,45.1000011409925,0,7027.98806949384,5000,5376.02232843355,0.589484959839604,33.7750002852481,0.0151771089463115,0.869584287833894,60.7084357852461,6.19053762347449
3.27453193670109,2566.34909423758,2018.37741851583,0.787749958906025,45.1347479569193,0,7022.98806949384,5000,5362.06156008951,0.58963657142523,33.7836869892298,0.0151452059867511,0.867756382897108,60.5808239470046,6.17752483743221
3.28453193670109,2573.40136699475,2025.46723134175,0.788355128866819,45.1694216415609,0,7017.98806949384,5000,5348.10210708934,0.589787863915429,33.7923554103902,0.0151132898542247,0.865927723204963,60.4531594168988,6.16450667831511
3.29453193670108,2580.44935244844,2032.56130619373,0.788959021918201,45.2040221646823,0,7012.98806949384,5000,5334.14396877373,0.589938837178274,33.8010055411706,0.0150813605095573,0.864098306512904,60.3254420382294,6.15148313014428
3.30453193670108,2587.4930570887,2039.65963148316,0.789561637530895,45.2385494959584,0,7007.98806949384,5000,5320.18714446862,0.590089491081448,33.8096373739896,0.0150494179132429,0.862268130557397,60.1976716529716,6.1384541768057
3.31453193670108,2594.53248742721,2046.76219563253,0.790162975174041,45.273003604973,0,7002.98806949384,5000,5306.23163348526,0.590239825492234,33.8182509012432,0.0150174620254419,0.860437193055804,60.0698481017675,6.12541980204938
3.32453193670108,2601.56764999719,2053.86898707547,0.790763034315175,45.3073844612182,0,6997.98806949384,5000,5292.27743512024,0.590389840277518,33.8268461153046,0.0149854928059793,0.85860549170627,59.9419712239171,6.11237998948847
3.33453193670108,2608.59855135342,2060.97999425666,0.791361814420224,45.3416920340939,0,6992.98806949384,5000,5278.32454865549,0.59053953530378,33.8354230085235,0.0149535102143422,0.856773024187577,59.8140408573689,6.09933472259833
3.34453193670108,2615.62519807221,2068.0952056319,0.791959314953483,45.3759262929065,0,6987.98806949384,5000,5264.37297335828,0.590688910437095,33.8439815732266,0.0149215142096781,0.854939788159042,59.6860568387124,6.08628398471572
3.35453193670108,2622.64759675132,2075.21460966801,0.792555535377608,45.4100872068684,0,6982.98806949384,5000,5250.42270848129,0.590837965543126,33.8525218017171,0.0148895047507921,0.853105781260376,59.5580190031684,6.07322775903784
3.36453193670108,2629.66575400995,2082.33819484287,0.793150475153603,45.4441747450973,0,6977.98806949384,5000,5236.47375326259,0.590986700487125,33.8610436862743,0.0148574817961448,0.851271001111544,59.429927184579,6.0601660286213
3.37453193670108,2636.67967648875,2089.46594964537,0.793744133740798,45.4781888766153,0,6972.98806949384,5000,5222.52610692567,0.591135115133924,33.8695472191538,0.0148254453038501,0.849435445312656,59.3017812154003,6.04709877638136
3.38453193670108,2643.6893708497,2096.59786257541,0.794336510596846,45.5121295703481,0,6967.98806949384,5000,5208.57976867947,0.591283209347936,33.878032392587,0.0147933952316729,0.847599111443815,59.1735809266917,6.0340259850909
3.39453193670108,2650.69484377617,2103.73392214389,0.794927605177699,45.545996795124,0,6962.98806949385,5000,5194.63473771838,0.591430982993149,33.886499198781,0.0147613315370268,0.845761997064997,59.0453261481073,6.02094763737946
3.40453193670108,2657.69610197284,2110.87411687265,0.795517416937603,45.5797905196737,0,6957.98806949385,5000,5180.69101322228,0.591578435933125,33.8949476299184,0.0147292541769715,0.843924099715904,58.9170167078859,6.00786371573227
3.41453193670108,2664.69315216564,2118.01843529451,0.796105945329074,45.6135107126286,0,6952.98806949385,5000,5166.74859435653,0.591725568030993,33.9033776781571,0.0146971631082105,0.842085416915835,58.7886524328419,5.99477420248932
3.42453193670108,2671.68600110181,2125.16686595321,0.796693189802895,45.6471573425209,0,6947.98806949385,5000,5152.80748027202,0.591872379149448,33.9117893356302,0.0146650582870888,0.840245946163542,58.6602331483553,5.98167907984432
3.43453193670108,2678.67465554976,2132.31939740339,0.79727914980809,45.6807303777821,0,6942.98806949385,5000,5138.86767010518,0.592018869150747,33.9201825944455,0.0146329396695905,0.838405684937092,58.5317586783619,5.96857832984372
3.44453193670108,2685.65912229913,2139.47601821061,0.797863824791919,45.7142297867423,0,6937.98806949385,5000,5124.929162978,0.592165037896704,33.9285574466856,0.0146008072113358,0.836564630693721,58.4032288453434,5.95547193438568
3.45453193670108,2692.6394081607,2146.63671695128,0.798447214199857,45.7476555376298,0,6932.98806949385,5000,5110.99195799802,0.592310885248688,33.9369138844074,0.0145686608675793,0.834722780869697,58.2746434703174,5.9423598752191
3.46453193670108,2699.61551996638,2153.80148221267,0.799029317475584,45.7810075985697,0,6927.98806949385,5000,5097.0560542584,0.59245641106762,33.9452518996424,0.0145365005932069,0.832880132880175,58.1460023728277,5.92924213394255
3.47453193670108,2706.58746456919,2160.97030259291,0.799610134060966,45.8142859375833,0,6922.98806949385,5000,5083.1214508379,0.592601615213965,33.9535714843958,0.0145043263427332,0.831036684119031,58.0173053709327,5.91611869200315
3.48453193670108,2713.55524884321,2168.14316670092,0.800189663396043,45.8474905225872,0,6917.98806949385,5000,5069.18814680092,0.592746497547735,33.9618726306468,0.0144721380702992,0.829192431958747,57.8885522811968,5.90298953069568
3.49453193670108,2720.51887968356,2175.32006315642,0.800767904919014,45.8806213213927,0,6912.98806949385,5000,5055.25614119751,0.592891057928478,33.9701553303482,0.0144399357296696,0.827347373750231,57.7597429186785,5.88985463116136
3.50453193670108,2727.47836400637,2182.50098058991,0.801344858066219,45.9136783017043,0,6907.98806949385,5000,5041.32543306339,0.593035296215279,33.9784195754261,0.0144077192742302,0.825501506822678,57.6308770969207,5.87671397438684
3.51453193670108,2734.43370874874,2189.68590764265,0.801920522272128,45.9466614311197,0,6902.98806949385,5000,5027.39602141997,0.593179212266756,33.9866653577799,0.0143754886569848,0.823654828483417,57.5019546279392,5.86356754120308
3.52453193670108,2741.38492086873,2196.87483296662,0.802494896969322,45.979570677128,0,6897.98806949385,5000,5013.46790527436,0.593322805941055,33.994892669282,0.014343243830553,0.82180733601774,57.3729753222118,5.8504153122842
3.53453193670108,2748.33200734532,2204.06774522453,0.80306798158848,46.0124060071096,0,6892.98806949385,5000,4999.54108361941,0.593466077095844,34.0031015017774,0.0143109847471671,0.819959026688769,57.2439389886683,5.83725726814644
3.54453193670108,2755.27497517836,2211.26463308976,0.803639775558361,46.0451673883348,0,6887.98806949385,5000,4985.61555543371,0.593609025588314,34.0112918470837,0.0142787113586697,0.818109897737282,57.1148454346787,5.82409338914703
3.55453193670108,2762.21383138859,2218.46548524639,0.804210278305792,46.0778547879632,0,6882.98806949385,5000,4971.69131968162,0.593751651275172,34.0194636969908,0.0142464236165104,0.816259946381547,56.9856944660415,5.81092365548291
3.56453193670108,2769.14858301754,2225.67029038912,0.804779489255647,46.1104681730426,0,6877.98806949385,5000,4957.76837531328,0.593893954012636,34.0276170432606,0.0142141214717432,0.814409169817166,56.8564858869727,5.79774804718968
3.57453193670108,2776.07923712759,2232.87903722329,0.805347407830839,46.1430075105081,0,6872.98806949385,5000,4943.84672126463,0.594035933656433,34.035751877627,0.0141818048750237,0.812557565216915,56.7272195000949,5.78456654414044
3.58453193670108,2783.00580080185,2240.09171446484,0.805914033452294,46.1754727671815,0,6867.98806949385,5000,4929.92635645743,0.594177590061797,34.0438681917953,0.0141494737766062,0.810705129730567,56.5978951064247,5.77137912604454
3.59453193670108,2789.9282811442,2247.30831084031,0.806479365538943,46.2078639097698,0,6862.98806949385,5000,4916.0072797993,0.59431892308346,34.0519659774424,0.0141171281263402,0.808851860484722,56.4685125053609,5.75818577244634
3.60453193670108,2796.84668527923,2254.52881508677,0.807043403507702,46.2401809048648,0,6857.98806949385,5000,4902.08949018369,0.594459932575649,34.0600452262162,0.0140847678736683,0.806997754582645,56.3390714946733,5.7449864627241
3.61453193670108,2803.76102035222,2261.75321595186,0.807606146773458,46.2724237189421,0,6852.98806949385,5000,4888.17298648996,0.594600618392088,34.0681059297355,0.0140523929676225,0.805142809104088,56.20957187049,5.73178117608868
3.62453193670108,2810.6712935291,2268.9815021937,0.808167594749049,46.3045923183596,0,6847.98806949385,5000,4874.25776758334,0.594740980385986,34.0761480795899,0.0140200033568213,0.80328702110511,56.0800134272854,5.71856989158228
3.63453193670108,2817.57751199645,2276.21366258093,0.80872774684525,46.3366866693573,0,6842.98806949385,5000,4860.34383231499,0.594881018410036,34.0841716673393,0.0139875989894669,0.801430387617909,55.9503959578676,5.70535258807723
3.64453193670108,2824.47968296143,2283.44968589263,0.809286602470756,46.3687067380559,0,6837.98806949385,5000,4846.43117952199,0.595020732316413,34.092176684514,0.0139551798133415,0.799572905650633,55.8207192533661,5.69212924427466
3.65453193670108,2831.37781365179,2290.68956091835,0.809844161032165,46.4006524904561,0,6832.98806949385,5000,4832.51980802739,0.595160121956765,34.100163122614,0.0139227457758047,0.797714572187206,55.6909831032189,5.67889983870322
3.66453193670108,2838.27191131584,2297.93327645805,0.810400421933961,46.4325238924371,0,6827.98806949385,5000,4818.60971664021,0.595299187182214,34.1081309731093,0.01389029682379,0.79585538418714,55.56118729516,5.66566434971779
3.67453193670108,2845.16198322239,2305.18082132207,0.810955384578496,46.4643209097564,0,6822.98806949385,5000,4804.70090415544,0.595437927843348,34.1160802274391,0.0138578329038015,0.793995338585345,55.4313316152058,5.65242275549814
3.68453193670108,2852.04803666076,2312.43218433114,0.811509048365973,46.4960435080481,0,6817.98806949385,5000,4790.79336935409,0.595576343790217,34.124010877012,0.0138253539619107,0.792134432291956,55.3014158476429,5.6391750340476
3.69453193670108,2858.93007894074,2319.68735431633,0.812061412694432,46.5276916528223,0,6812.98806949385,5000,4776.88711100321,0.595714434872332,34.1319229132056,0.0137928599437534,0.790272662192117,55.1714397750134,5.62592116319165
3.70453193670108,2865.80811739256,2326.94632011903,0.812612476959726,46.5592653094642,0,6807.98806949385,5000,4762.98212785588,0.595852200938655,34.139816327366,0.0137603507945257,0.788410025145812,55.0414031781028,5.61266112057663
3.71453193670108,2872.68215936685,2334.20907059093,0.81316224055551,46.5907644432325,0,6802.98806949385,5000,4749.07841865123,0.595989641837601,34.1476911108081,0.0137278264589813,0.786546517987653,54.9113058359254,5.59939488366826
3.72453193670108,2879.55221223464,2341.47559459398,0.813710702873218,46.6221890192591,0,6797.98806949385,5000,4735.17598211451,0.596126757417028,34.1555472548148,0.0136952868814277,0.784682137526689,54.7811475257107,5.5861224297503
3.73453193670108,2886.41828338734,2348.74588100039,0.814257863302049,46.6535390025477,0,6792.98806949385,5000,4721.27481695703,0.596263547524236,34.1633847506369,0.0136627320057225,0.782816880546212,54.6509280228902,5.57284373592309
3.74453193670108,2893.28038023667,2356.01991869259,0.814803721228946,46.6848143579727,0,6787.98806949385,5000,4707.37492187624,0.59640001200596,34.1712035894931,0.0136301617752705,0.780950743803539,54.5206471010819,5.55955877910213
3.75453193670107,2900.13851021468,2363.29769656317,0.81534827603858,46.7160150502783,0,6782.98806949385,5000,4693.47629555573,0.596536150708369,34.1790037625695,0.0135975761330192,0.779083724029821,54.390304532077,5.54626753601658
3.76453193670107,2906.99268077369,2370.57920351494,0.81589152711333,46.7471410440774,0,6777.98806949385,5000,4679.57893666523,0.596671963477056,34.1867852610193,0.0135649750214561,0.77721581792982,54.2599000858246,5.53296998320778
3.77453193670107,2913.8428993863,2377.8644284608,0.816433473833266,46.7781923038507,0,6772.98806949385,5000,4665.68284386065,0.59680745015704,34.1945480759626,0.0135323583826045,0.775347022181718,54.1294335304179,5.51966609702783
3.78453193670107,2920.68917354533,2385.15336032381,0.816974115576129,46.8091687939453,0,6767.98806949385,5000,4651.78801578409,0.596942610592756,34.2022921984863,0.0134997261580197,0.773477333436885,53.9989046320787,5.50635585363796
3.79453193670107,2927.53151076383,2392.44598803708,0.817513451717313,46.840070478574,0,6762.98806949385,5000,4637.89445106387,0.597077444628052,34.2100176196435,0.0134670782887855,0.77160674831967,53.8683131551419,5.49303922900704
3.80453193670107,2934.36991857501,2399.74230054379,0.818051481629845,46.8708973218139,0,6757.98806949385,5000,4624.00214831451,0.597211952106185,34.2177243304534,0.0134344147155104,0.769735263427192,53.7376588620416,5.47971619891008
3.81453193670107,2941.20440453227,2407.04228679717,0.818588204684368,46.9016492876055,0,6752.98806949385,5000,4610.11110613681,0.597346132869816,34.2254123219013,0.0134017353783236,0.767862875329101,53.6069415132942,5.46638673892657
3.82453193670107,2948.03497620912,2414.34593576043,0.819123620249121,46.9323263397514,0,6747.98806949385,5000,4596.2213231178,0.597479986761004,34.2330815849378,0.0133690402168709,0.765989580567364,53.4761608674835,5.45305082443888
3.83453193670107,2954.8616411992,2421.65323640676,0.819657727689917,46.9629284419156,0,6742.98806949385,5000,4582.33279783082,0.597613513621203,34.2407321104789,0.0133363291703113,0.764115375656047,53.3453166812454,5.43970843063078
3.84453193670107,2961.68440711625,2428.96417771932,0.820190526370127,46.9934555576217,0,6737.98806949385,5000,4568.44552883549,0.597746713291255,34.2483638894054,0.0133036021773125,0.762240257081057,53.2144087092498,5.42635953248559
3.85453193670107,2968.50328159405,2436.27874869115,0.820722015650658,47.0239076502526,0,6732.98806949385,5000,4554.55951467775,0.597879585611388,34.2559769125631,0.0132708591760468,0.760364221299945,53.0834367041873,5.41300410478475
3.86453193670107,2975.31827228643,2443.59693832523,0.821252194889936,47.0542846830487,0,6727.98806949385,5000,4540.67475388988,0.598012130421208,34.2635711707621,0.0132381001041875,0.758487264741638,52.9524004167499,5.39964212210591
3.87453193670107,2982.12938686726,2450.91873563436,0.821781063443881,47.084586619107,0,6722.98806949385,5000,4526.79124499051,0.598144347559694,34.2711466547767,0.0132053248989041,0.756609383806224,52.8212995956163,5.38627355882144
3.88453193670107,2988.93663303038,2458.24412964119,0.822308620665892,47.1148134213798,0,6717.98806949385,5000,4512.90898648463,0.598276236865196,34.2787033553449,0.0131725334968584,0.754730574864688,52.6901339874335,5.37289838909653
3.89453193670107,2995.74001848963,2465.57310937817,0.822834865906822,47.1449650526739,0,6712.98806949385,5000,4499.02797686364,0.598407798175429,34.2862412631684,0.0131397258342004,0.752850834258696,52.5589033368015,5.35951658688762
3.90453193670107,3002.53955097877,2472.90566388754,0.823359798514962,47.1750414756491,0,6707.98806949385,5000,4485.14821460532,0.598539031327464,34.2937603689122,0.0131069018465635,0.750970158300312,52.4276073862539,5.34612812594045
3.91453193670107,3009.3352382515,2480.24178222126,0.823883417836016,47.205042652817,0,6702.98806949385,5000,4471.2696981739,0.598669936157727,34.3012606632042,0.0130740614690606,0.749088543271778,52.2962458762422,5.33273297978843
3.92453193670107,3016.12708808145,2487.58145344102,0.824405723213083,47.23496854654,0,6697.98806949385,5000,4457.39242602002,0.598800512501994,34.308742136635,0.0130412046362792,0.747205985425238,52.1648185451166,5.31933112175071
3.93453193670107,3022.9151082621,2494.92466661817,0.824926713986636,47.2648191190298,0,6692.98806949385,5000,4443.5163965808,0.598930760195382,34.3162047797574,0.0130083312822772,0.745322480982487,52.0333251291088,5.30592252493041
3.94453193670107,3029.69930660682,2502.27141083375,0.825446389494496,47.2945943323465,0,6687.98806949385,5000,4429.64160827984,0.599060679072348,34.3236485830866,0.0129754413405783,0.743438026134709,51.9017653623133,5.29250716221271
3.95453193670107,3036.47969094879,2509.62167517838,0.825964749071819,47.3242941483973,0,6682.98806949385,5000,4415.76805952721,0.599190268966678,34.3310735370993,0.0129425347441673,0.741552617042218,51.7701389766693,5.27908500626302
3.96453193670107,3043.25626914104,2516.97544875231,0.826481792051066,47.3539185289351,0,6677.98806949385,5000,4401.8957487195,0.59931952971149,34.3384796322337,0.0129096114254854,0.73966624983418,51.6384457019416,5.26565602952503
3.97453193670107,3050.02904905638,2524.33272066531,0.826997517761987,47.3834674355572,0,6672.98806949385,5000,4388.02467423984,0.59944846113922,34.3458668588893,0.0128766713164255,0.737778920608344,51.5066852657018,5.25222020421875
3.98453193670107,3056.79803858741,2531.69348003671,0.827511925531594,47.4129408297044,0,6667.98806949385,5000,4374.15483445789,0.599577063081622,34.3532352074261,0.0128437143483273,0.735890625430773,51.3748573933092,5.23877750233864
3.99453193670107,3063.56324564648,2539.05771599532,0.828025014684143,47.4423386726594,0,6662.98806949385,5000,4360.28622772988,0.599705335369759,34.3605846681648,0.0128107404519727,0.734001360335551,51.2429618078907,5.22532789565149
4.00453193670107,3070.32467816567,2546.42541767942,0.828536784541111,47.4716609255457,0,6657.98806949385,5000,4346.41885239861,0.599833277834001,34.3679152313864,0.0127777495575803,0.732111121324509,51.1109982303214,5.21187135569449
4.01453193670107,3077.08234409679,2553.7965742367,0.829047234421171,47.5009075493261,0,6652.98806949385,5000,4332.55270679348,0.599960890304016,34.3752268873315,0.0127447415948013,0.730219904366944,50.9789663792052,5.19840785377322
4.02453193670107,3083.83625141135,2561.17117482428,0.829556363640171,47.5300785048016,0,6647.98806949385,5000,4318.68778923052,0.600088172608766,34.3825196262004,0.0127117164927134,0.728327705399316,50.8468659708534,5.18493736095949
4.03453193670107,3090.58640810051,2568.54920860862,0.830064171511111,47.55917375261,0,6642.98806949385,5000,4304.82409801236,0.600215124576501,34.3897934381525,0.0126786741798163,0.726434520324962,50.7146967192651,5.17145984808931
4.04453193670107,3097.33282217511,2575.93066476553,0.830570657344118,47.5881932532245,0,6637.98806949385,5000,4290.9616314283,0.600341746034753,34.3970483133061,0.0126456145840263,0.724540345013789,50.5824583361052,5.1579752857607
4.05453193670107,3104.07550166563,2583.31553248009,0.831075820446426,47.6171369669524,0,6632.98806949385,5000,4277.1003877543,0.60046803681033,34.4042842417381,0.0126125376326712,0.72264517530198,50.4501505306846,5.14448364433162
4.06453193670107,3110.81445462215,2590.70380094668,0.831579660122348,47.646004853934,0,6627.98806949385,5000,4263.240365253,0.60059399672931,34.4115012134835,0.0125794432524845,0.720749006991685,50.3177730099381,5.13098489391771
4.07453193670107,3117.54968911436,2598.09545936888,0.832082175673256,47.6747968741407,0,6622.98806949385,5000,4249.38156217372,0.600719625617037,34.4186992185351,0.0125463313696006,0.718851835850705,50.1853254784025,5.11747900439013
4.08453193670107,3124.28121323155,2605.49049695949,0.832583366397554,47.7035129873741,0,6617.98806949385,5000,4235.52397675253,0.600844923298112,34.4258782468435,0.0125132019095486,0.716953657612179,50.0528076381945,5.10396594537325
4.09453193670107,3131.00903508253,2612.88890294045,0.833083231590656,47.7321531532643,0,6612.98806949385,5000,4221.66760721221,0.600969889596387,34.433038288316,0.0124800547972474,0.715054467974275,49.9202191889898,5.09044568624248
4.10453193670107,3137.7331627957,2620.29066654285,0.833581770544961,47.7607173312689,0,6607.98806949385,5000,4207.81245176228,0.601094524334964,34.4401793328172,0.0124468899569995,0.713154262599844,49.7875598279981,5.07691819612183
4.11453193670107,3144.45360451896,2627.69577700685,0.834078982549826,47.7892054806709,0,6602.98806949385,5000,4193.95850859904,0.60121882733618,34.4473013701677,0.0124137073124857,0.711253037116117,49.6548292499427,5.06338344388172
4.12453193670107,3151.17036841973,2635.10422358169,0.834574866891544,47.817617560578,0,6597.98806949385,5000,4180.10577590556,0.60134279842161,34.4544043901444,0.0123805067867587,0.709350787114345,49.5220271470347,5.04984139813644
4.13453193670107,3157.88346268492,2642.51599552559,0.835069422853317,47.8459535299205,0,6592.98806949385,5000,4166.25425185173,0.601466437412053,34.4614883824801,0.012347288302238,0.70744750814949,49.3891532089521,5.03629202724193
4.14453193670107,3164.59289552091,2649.93108210581,0.83556264971523,47.8742133474507,0,6587.98806949385,5000,4152.40393459423,0.601589744127531,34.4685533368626,0.0123140517807034,0.705543195739864,49.2562071228138,5.02273529929321
4.15453193670107,3171.29867515354,2657.34947259851,0.836054546754228,47.9023969717402,0,6582.98806949385,5000,4138.55482227657,0.601712718387281,34.475599242935,0.012280797143289,0.70363784536678,49.1231885731562,5.00917118212194
4.16453193670107,3178.00080982811,2664.77115628879,0.836545113244088,47.9305043611798,0,6577.98806949385,5000,4124.70691302912,0.601835360009746,34.4826260902949,0.0122475243104772,0.701731452474219,48.9900972419089,4.99559964329398
4.17453193670107,3184.69930780931,2672.19612247061,0.837034348455392,47.9585354739767,0,6572.98806949385,5000,4110.86020496911,0.601957668812572,34.4896338684941,0.0122142332020921,0.69982401246844,48.8569328083685,4.98202065010667
4.18453193670107,3191.39417738127,2679.62436044679,0.837522251655504,47.986490268154,0,6567.98806949385,5000,4097.01469620064,0.6020796446126,34.4966225670385,0.0121809237372939,0.697915520717665,48.7236949491758,4.96843416958654
4.19453193670107,3198.0854268475,2687.05585952892,0.838008822108537,48.0143687015486,0,6562.98806949385,5000,4083.17038481471,0.602201287225858,34.5035921753871,0.0121475958345717,0.696005972551655,48.5903833382866,4.95484016848635
4.20453193670107,3204.77306453089,2694.49060903739,0.838494059075335,48.0421707318098,0,6557.98806949385,5000,4069.32726888924,0.602322596467557,34.5105426829524,0.0121142494117375,0.694095363261396,48.4569976469498,4.9412386132828
4.21453193670107,3211.45709877369,2701.92859830127,0.838977961813437,48.0698963163979,0,6552.98806949385,5000,4055.48534648907,0.602443572152083,34.5174740790994,0.0120808843859195,0.69218368809868,48.3235375436778,4.92762947017359
4.22453193670106,3218.1375379375,2709.36981665837,0.839460529577055,48.0975454125822,0,6547.98806949385,5000,4041.64461566598,0.602564214092987,34.5243863531455,0.0120475006735553,0.690270942275735,48.1900026942212,4.91401270507474
4.23453193670106,3224.81439040326,2716.81425345511,0.839941761617044,48.1251179774401,0,6542.98806949385,5000,4027.80507445871,0.602684522102985,34.53127949436,0.0120140981903853,0.688357120964838,48.0563927615413,4.90038828361788
4.24453193670106,3231.48766457121,2724.26189804653,0.840421657180876,48.1526139678547,0,6537.98806949385,5000,4013.96672089298,0.602804495993942,34.5381534919636,0.0119806768514455,0.686442219297913,47.9227074057822,4.88675617114735
4.25453193670106,3238.15736886092,2731.71273979625,0.840900215512607,48.1800333405138,0,6532.98806949385,5000,4000.1295529815,0.602924135576875,34.5450083351284,0.0119472365710611,0.684526232366152,47.7889462842445,4.87311633271755
4.26453193670106,3244.82351171122,2739.16676807642,0.841377435852856,48.2073760519078,0,6527.98806949385,5000,3986.29356872397,0.603043440661938,34.5518440129769,0.0119137772628388,0.682609155219584,47.6551090513551,4.8594687330898
4.27453193670106,3251.48610158023,2746.62397226768,0.841853317438769,48.2346420583286,0,6522.98806949385,5000,3972.45876610713,0.603162411058416,34.5586605145821,0.0118802988396598,0.680690982866677,47.5211953586393,4.8458133367296
4.28453193670106,3258.14514694534,2754.08434175913,0.842327859503992,48.2618313158673,0,6517.98806949385,5000,3958.62514310476,0.603281046574721,34.5654578289668,0.011846801213673,0.678771710273923,47.3872048546919,4.83215010780357
4.29453193670106,3264.80065630318,2761.54786594825,0.842801061278644,48.288943780413,0,6512.98806949385,5000,3944.79269767768,0.603399347018384,34.5722359451032,0.0118132842962867,0.676851332365401,47.2531371851468,4.81847901017645
4.30453193670106,3271.45263816962,2769.01453424095,0.843272921989285,48.3159794076508,0,6507.98806949385,5000,3930.96142777378,0.603517312196045,34.5789948519126,0.0117797479981618,0.674929844022353,47.1189919926473,4.80480000740796
4.31453193670106,3278.10110107975,2776.48433605141,0.843743440858886,48.3429381530602,0,6502.98806949385,5000,3917.13133132804,0.603634941913445,34.585734538265,0.0117461922292042,0.673007240082763,46.9847689168167,4.79111306274994
4.32453193670106,3284.74605358789,2783.95726080215,0.8442126171068,48.3698199719134,0,6497.98806949385,5000,3903.30240626254,0.603752235975423,34.5924549929783,0.0117126168985564,0.671083515340891,46.8504675942257,4.7774181391429
4.33453193670106,3291.38750426753,2791.43329792392,0.844680449948727,48.3966248192734,0,6492.98806949385,5000,3889.47465048646,0.603869194185905,34.5991562048183,0.0116790219145906,0.669158664546839,46.7160876583624,4.76371519921302
4.34453193670106,3298.02546171137,2798.91243685567,0.845146938596691,48.4233526499925,0,6487.98806949385,5000,3875.64806189611,0.603985816347896,34.6058381624981,0.0116454071848999,0.667232682406089,46.5816287395995,4.75000420526883
4.35453193670106,3304.65993453128,2806.39466704451,0.845612082259,48.4500034187101,0,6482.98806949385,5000,3861.82263837497,0.604102102263474,34.6125008546775,0.0116117726162906,0.665305563579036,46.4470904651626,4.73628511929788
4.36453193670106,3311.29093135829,2813.87997794571,0.846075880140222,48.4765770798512,0,6477.98806949386,5000,3847.99837779366,0.604218051733779,34.6191442699628,0.0115781181147743,0.663377302680531,46.312472459097,4.7225579029635
4.37453193670106,3317.9184608426,2821.36835902258,0.846538331441147,48.5030735876245,0,6472.98806949386,5000,3834.17527800996,0.60433366455901,34.6257683969061,0.0115444435855588,0.661447894279394,46.1777743422352,4.70882251760134
4.38453193670106,3324.54253165354,2828.85979974649,0.846999435358757,48.5294928960205,0,6467.98806949386,5000,3820.35333686886,0.604448940538413,34.6323732240051,0.0115107489330405,0.659517332897934,46.0429957321619,4.6950789242159
4.39453193670106,3331.16315247957,2836.3542895968,0.847459191086194,48.5558349588097,0,6462.98806949386,5000,3806.53255220255,0.604563879470272,34.6389587397024,0.0114770340607952,0.657585613011459,45.9081362431809,4.68132708347712
4.40453193670106,3337.78033202831,2843.85181806082,0.847917597812728,48.5820997295405,0,6457.98806949386,5000,3792.71292183043,0.604678481151905,34.6455249323851,0.0114432988715698,0.655652729047767,45.7731954862792,4.6675669557167
4.41453193670106,3344.39407902644,2851.35237463376,0.848374654723719,48.6082871615376,0,6452.98806949386,5000,3778.89444355914,0.604792745379653,34.6520717903843,0.0114095432672732,0.653718675386658,45.6381730690928,4.65379850092465
4.42453193670106,3351.00440221978,2858.8559488187,0.84883036100059,48.6343972078999,0,6447.98806949386,5000,3765.07711518256,0.604906671948871,34.6585993019749,0.0113757671489675,0.651783446359404,45.5030685958698,4.64002167874553
4.43453193670106,3357.61131037324,2866.36253012656,0.849284715820786,48.6604298214985,0,6442.98806949386,5000,3751.26093448184,0.60502026065392,34.6651074553746,0.0113419704168586,0.649847036248233,45.3678816674344,4.6262364484747
4.44453193670106,3364.21481227082,2873.87210807599,0.849737718357746,48.6863849549751,0,6437.98806949386,5000,3737.4458992254,0.60513351128816,34.6715962387437,0.0113081529702875,0.6479094392858,45.23261188115,4.61244276905467
4.45453193670106,3370.81491671559,2881.3846721934,0.850189367780863,48.7122625607392,0,6432.98806949386,5000,3723.63200716895,0.605246423643939,34.6780656401848,0.0112743147077202,0.645970649654638,45.0972588308808,4.59864059907112
4.46453193670106,3377.41163252969,2888.90021201288,0.850639663255452,48.738062590967,0,6427.98806949386,5000,3709.81925605551,0.605358997512586,34.6845156477417,0.0112404555267388,0.644030661486632,44.9618221069551,4.58482989674915
4.47453193670106,3384.00496855435,2896.41871707615,0.851088603942713,48.7637849975987,0,6422.98806949386,5000,3696.0076436154,0.605471232684401,34.6909462493996,0.0112065753240314,0.642089468862453,44.8263012961256,4.57101061994928
4.48453193670106,3390.59493364981,2903.94017693253,0.851536188999695,48.7894297323369,0,6417.98806949386,5000,3682.1971675663,0.605583128948647,34.6973574330842,0.0111726739953826,0.640147065810989,44.6906959815303,4.5571827261634
4.49453193670106,3397.1815366954,2911.46458113888,0.851982417579263,48.8149967466443,0,6412.98806949386,5000,3668.38782561321,0.605694686093539,34.703749186661,0.0111387514356629,0.638203446308771,44.5550057426516,4.54334617251065
4.50453193670106,3403.76478658948,2918.99191925955,0.852427288830054,48.8404859917413,0,6407.98806949386,5000,3654.57961544851,0.605805903906237,34.7101214979353,0.0111048075388194,0.63625860427941,44.4192301552776,4.52950091573346
4.51453193670106,3410.34469224943,2926.52218086636,0.852870801896447,48.8658974186046,0,6402.98806949386,5000,3640.77253475195,0.605916782172835,34.7164743546511,0.0110708421978647,0.634312533592986,44.283368791459,4.51564691219315
4.52453193670106,3416.92126261167,2934.05535553852,0.853312955918523,48.8912309779642,0,6397.98806949386,5000,3626.96658119065,0.606027320678354,34.722807744491,0.0110368553048671,0.632365228065456,44.1474212194682,4.50178411786576
4.53453193670106,3423.49450663166,2941.5914328626,0.853753750032025,48.9164866203021,0,6392.98806949386,5000,3613.16175241916,0.606137519206729,34.7291216550755,0.0110028467509392,0.630416681458044,44.0113870037566,4.48791248833767
4.54453193670106,3430.06443328385,2949.13040243248,0.854193183368321,48.9416642958492,0,6387.98806949386,5000,3599.35804607941,0.606247377540803,34.7354160739623,0.0109688164262278,0.628466887476623,43.8752657049112,4.47403197880124
4.55453193670106,3436.63105156173,2956.6722538493,0.854631255054368,48.9667639545839,0,6382.98806949386,5000,3585.55545980078,0.606356895462315,34.7416909886459,0.0109347642199026,0.626515839771081,43.7390568796104,4.46014254405025
4.56453193670106,3443.19437047778,2964.21697672141,0.855067964212668,48.9917855462292,0,6377.98806949386,5000,3571.75399120009,0.60646607275189,34.7479463865572,0.010900690020145,0.624563531934683,43.6027600805799,4.44624413847541
4.57453193670106,3449.7543990635,2971.76456066432,0.85550330996123,49.0167290202508,0,6372.98806949386,5000,3557.95363788161,0.606574909189031,34.7541822550626,0.0108665937141367,0.622609957503421,43.4663748565467,4.43233671605968
4.58453193670106,3456.31114636937,2979.31499530065,0.855937291413532,49.0415943258546,0,6367.98806949386,5000,3544.15439743707,0.606683404552106,34.7603985814636,0.0108324751880484,0.620655109955359,43.3299007521938,4.41842023037365
4.59453193670106,3462.86462146488,2986.86827026008,0.856369907678476,49.0663814119846,0,6362.98806949386,5000,3530.3562674457,0.606791558618342,34.7665953529961,0.0107983343270282,0.618698982709954,43.1933373081126,4.40449463457069
4.60453193670106,3469.41483343853,2994.42437517932,0.85680115786035,49.0910902273203,0,6357.98806949386,5000,3516.55924547419,0.606899371163811,34.77277255683,0.010764171015189,0.616741569127378,43.0566840607558,4.39055988138211
4.61453193670106,3475.96179139778,3001.98329970202,0.857231041058788,49.1157207202743,0,6352.98806949386,5000,3502.76332907678,0.60700684196342,34.7789301800685,0.0107299851355971,0.614782862507822,42.9199405423884,4.37661592311221
4.62453193670106,3482.50550446909,3009.54503347874,0.857659556368722,49.1402728389903,0,6347.98806949386,5000,3488.96851579519,0.607113970790904,34.7850682097475,0.0106957765702596,0.612822856090788,42.7831062810385,4.36266271163328
4.63453193670106,3489.04598179792,3017.10956616693,0.858086702880345,49.16474653134,0,6342.98806949386,5000,3475.17480315868,0.607220757418809,34.7911866328349,0.0106615452001122,0.610861543054387,42.6461808004486,4.34870019838055
4.64453193670106,3495.5832325487,3024.6768874308,0.858512479679065,49.1891417449213,0,6337.98806949386,5000,3461.38218868407,0.607327201618489,34.7972854362303,0.0106272909050058,0.608898916514596,42.5091636200231,4.33472833434691
4.65453193670106,3502.11726590484,3032.24698694136,0.858936885845463,49.2134584270552,0,6332.98806949386,5000,3447.59066987571,0.607433303160089,34.8033646067637,0.0105930135636943,0.606934969524518,42.3720542547771,4.32074707007766
4.66453193670106,3508.64809106876,3039.81985437629,0.859359920455247,49.2376965247838,0,6327.98806949386,5000,3433.80024422554,0.607539061812535,34.8094241311959,0.010558713053821,0.604969695073634,42.2348522152841,4.3067563556652
4.67453193670106,3515.17571726183,3047.39547941994,0.859781582579209,49.2618559848673,0,6322.98806949386,5000,3420.01090921308,0.607644477343525,34.8154639962168,0.0105243892519058,0.603003086087048,42.0975570076232,4.29275614074359
4.68453193670106,3521.70015372441,3054.97385176325,0.860201871283178,49.2859367537818,0,6317.98806949386,5000,3406.22266230541,0.607749549519517,34.8214841884454,0.0104900420333307,0.601035135424682,41.9601681333228,4.27874637448291
4.69453193670105,3528.22140971585,3062.55496110368,0.860620785627977,49.3099387777162,0,6312.98806949386,5000,3392.43550095726,0.607854278105717,34.827484694429,0.0104556712723268,0.599065835880505,41.8226850893072,4.26472700558368
4.70453193670105,3534.73949451448,3070.13879714523,0.861038324669373,49.3338620025702,0,6307.98806949386,5000,3378.64942261094,0.607958662866066,34.8334655006425,0.0104212768419599,0.597095180181723,41.6851073678394,4.25069798227115
4.71453193670105,3541.25441741761,3077.72534959829,0.861454487458034,49.3577063739509,0,6302.98806949386,5000,3364.8644246964,0.608062703563231,34.8394265934876,0.0103868586141163,0.595123160987968,41.5474344564652,4.23665925228954
4.72453193670105,3547.76618774154,3085.31460817964,0.861869273039479,49.3814718371705,0,6297.98806949386,5000,3351.08050463124,0.608166399958593,34.8453679592926,0.0103524164594881,0.593149770890436,41.4096658379525,4.22261076289584
4.73453193670105,3554.27481482155,3092.9065626124,0.86228268045403,49.4051583372437,0,6292.98806949386,5000,3337.29765982069,0.60826975181223,34.8512895843108,0.0103179502475588,0.591175002411084,41.2718009902353,4.20855246085415
4.74453193670105,3560.78030801192,3100.50120262595,0.862694708736764,49.4287658188844,0,6287.98806949386,5000,3323.51588765765,0.608372758882914,34.857191454721,0.0102834598465877,0.589198848001724,41.1338393863508,4.1944842924292
4.75453193670105,3567.28267668592,3108.09851795586,0.863105356917464,49.4522942265032,0,6282.98806949386,5000,3309.7351855227,0.608475420928089,34.8630735566257,0.010248945123595,0.587221300043181,40.9957804943801,4.18040620338037
4.76453193670105,3573.7819302358,3115.6984983439,0.863514624020569,49.4757435042047,0,6277.98806949386,5000,3295.95555078409,0.608577737703865,34.8689358760511,0.0102144059443463,0.585242350844385,40.8576237773854,4.16631813895524
4.77453193670105,3580.27807807283,3123.3011335379,0.863922509065122,49.4991135957841,0,6272.98806949386,5000,3282.17698079778,0.608679708965003,34.8747783989459,0.0101798421733364,0.58326199264146,40.7193686933457,4.15222004388305
4.78453193670105,3586.77112962726,3130.90641329175,0.864329011064722,49.5224044447248,0,6267.98806949386,5000,3268.39947290742,0.608781334464903,34.8806011111811,0.0101452536737734,0.581280217596808,40.5810146950935,4.13811186236824
4.79453193670105,3593.26109434838,3138.51432736533,0.864734129027469,49.5456159941952,0,6262.98806949386,5000,3254.62302444439,0.60888261395559,34.8864039985487,0.0101106403075623,0.579297017798175,40.4425612302494,4.12399353808379
4.80453193670105,3599.74798170446,3146.12486552444,0.865137861955913,49.5687481870455,0,6257.98806949386,5000,3240.8476327278,0.608983547187701,34.8921870467613,0.0100760019352882,0.577312385257664,40.3040077411529,4.10986501416415
4.81453193670105,3606.23180118281,3153.73801754073,0.865540208847002,49.5918009658051,0,6252.98806949386,5000,3227.07329506447,0.609084133910473,34.8979502414512,0.0100413384161995,0.575326311910811,40.1653536647981,4.09572623319871
4.82453193670105,3612.71256228975,3161.35377319169,0.865941168692025,49.6147742726791,0,6247.98806949386,5000,3213.300008749,0.609184373871729,34.9036935681697,0.0100066496081905,0.573338789615556,40.0265984327621,4.08157713722444
4.83453193670105,3619.19027455063,3168.97212226053,0.866340740476559,49.6376680495454,0,6242.98806949386,5000,3199.52777106374,0.609284266817863,34.9094170123863,0.00997193536778382,0.571349810151249,39.8877414711353,4.06741766771887
4.84453193670105,3625.66494750984,3176.59305453617,0.866738923180418,49.6604822379516,0,6237.98806949386,5000,3185.75657927878,0.609383812493827,34.9151205594878,0.00993719555011221,0.569359365217612,39.7487822004489,4.05324776559262
4.85453193670105,3632.13659073083,3184.21655981316,0.867135715777588,49.6832167791115,0,6232.98806949386,5000,3171.98643065203,0.60948301064312,34.9208041947778,0.00990243000890082,0.567367446433711,39.6097200356033,4.03906737118213
4.86453193670105,3638.60521379608,3191.84262789159,0.867531117236181,49.7058716139022,0,6227.98806949386,5000,3158.21732242916,0.609581861007768,34.9264679034755,0.00986763859644827,0.565374045336881,39.4705543857931,4.02487642424203
4.87453193670105,3645.07082630713,3199.47124857709,0.867925126518367,49.7284466828604,0,6222.98806949386,5000,3144.44925184364,0.609680363328314,34.932111670715,0.00983282116360783,0.563379153381644,39.3312846544313,4.01067486393736
4.88453193670105,3651.53343788461,3207.10241168071,0.868317742580323,49.7509419261796,0,6217.98806949386,5000,3130.68221611675,0.609778517343804,34.9377354815448,0.00979797755976811,0.561382761938602,39.1919102390724,3.99646262883578
4.89453193670105,3657.9930581682,3214.7361070189,0.868708964372174,49.7733572837062,0,6212.98806949386,5000,3116.9162124576,0.609876322791766,34.9433393209264,0.00976310763283362,0.559384862293326,39.0524305313345,3.9822396568996
4.90453193670105,3664.44969681669,3222.37232441343,0.869098790837928,49.7956926949364,0,6207.98806949386,5000,3103.1512380631,0.609973779408205,34.948923173734,0.00972821122920458,0.557385445645197,38.9128449168183,3.96800588547754
4.91453193670105,3670.90336350796,3230.01105369131,0.86948722091542,49.8179480990126,0,6202.98806949386,5000,3089.387290118,0.610070886927578,34.9544870247531,0.00969328819375683,0.555384503106255,38.7731527750273,3.95376125129655
4.92453193670105,3677.35406793899,3237.65228468475,0.869874253536249,49.84012343472,0,6197.98806949386,5000,3075.62436579492,0.610167645082785,34.9600308586799,0.00965833836982058,0.553382025699983,38.6333534792823,3.93950569045314
4.93453193670105,3683.8018198259,3245.2960072311,0.870259887625717,49.8622186404829,0,6192.98806949386,5000,3061.86246225429,0.610264053605152,34.9655546601206,0.00962336159916016,0.551378004360144,38.4934463966407,3.92523913840513
4.94453193670105,3690.24662890393,3252.94221117276,0.870644122102762,49.884233654361,0,6187.98806949386,5000,3048.10157664442,0.610360112224413,34.9710584135902,0.00958835772195173,0.549372429929507,38.3534308878069,3.91096152996252
4.95453193670105,3696.68850492745,3260.59088635714,0.871026955879901,49.9061684140461,0,6182.98806949386,5000,3034.3417061015,0.610455820668698,34.9765421035114,0.00955332657676166,0.547365293158605,38.2133063070466,3.89667279927872
4.96453193670105,3703.12745767002,3268.24202263659,0.871408387863157,49.928022856858,0,6177.98806949386,5000,3020.58284774957,0.610551178664512,34.9820057142144,0.00951826800052435,0.54535658470447,38.0730720020974,3.88237287984147
4.97453193670105,3709.56349692434,3275.89560986829,0.871788416952,49.9497969197409,0,6172.98806949386,5000,3006.82499870058,0.610646185936722,34.9874492299351,0.00948318182851927,0.543346295129309,37.9327273140771,3.86806170446351
4.98453193670105,3715.99663250231,3283.55163791427,0.872167042039277,49.9714905392596,0,6167.98806949386,5000,2993.06815605436,0.610740842208542,34.9928726348148,0.00944806789434771,0.541334414899178,37.7922715773908,3.85373920527304
4.99453193670105,3722.42687423503,3291.21009664126,0.872544262011145,49.9931036515957,0,6162.98806949386,5000,2979.31231689865,0.610835147201509,34.9982759128988,0.00941292602990955,0.539320934382651,37.6517041196382,3.83940531370429
5.00453193670105,3728.85423197281,3298.87097592067,0.872920075747002,50.0146361925434,0,6157.98806949386,5000,2965.55747830907,0.610929100635473,35.0036590481358,0.00937775606537864,0.537305843849405,37.5110242615146,3.82505996048748
5.01453193670105,3735.27871558518,3306.5342656285,0.87329448211942,50.0360880975057,0,6152.98806949386,5000,2951.80363734919,0.611022702228578,35.0090220243763,0.0093425578291786,0.535289133468838,37.3702313167144,3.81070307563892
5.02453193670105,3741.70033496094,3314.19995564529,0.873667479994071,50.0574593014905,0,6147.98806949386,5000,2938.05079107049,0.61111595169724,35.0143648253725,0.00930733114795777,0.533270793308632,37.2293245918311,3.7963345884508
5.03453193670105,3748.11910000814,3321.86803585602,0.874039068229655,50.0787497391063,0,6142.98806949386,5000,2924.29893651236,0.611208848756136,35.0196874347765,0.00927207584656352,0.53125081333328,37.0883033862541,3.78195442748075
5.04453193670105,3754.53502065409,3329.53849615009,0.874409245677835,50.0999593445578,0,6137.98806949386,5000,2910.54807070216,0.611301393118181,35.0249898361394,0.00923679174801637,0.529229183402604,36.9471669920655,3.76756252054121
5.05453193670105,3760.94810684545,3337.21132642119,0.874778011183151,50.1210880516425,0,6132.98806949386,5000,2896.79819065517,0.61139358449451,35.0302720129105,0.00920147867348321,0.527205893270223,36.8059146939329,3.75315879468859
5.06453193670105,3767.35836854814,3344.88651656726,0.875145363582958,50.1421357937454,0,6127.98806949386,5000,2883.04929337463,0.611485422594462,35.0355339484363,0.00916613644225074,0.525180932582027,36.6645457690029,3.73874317621236
5.07453193670105,3773.76581574746,3352.56405649044,0.875511301707341,50.1631025038355,0,6122.98806949386,5000,2869.30137585172,0.611576907125558,35.0407756259588,0.00913076487169746,0.523154290874575,36.5230594867899,3.72431559062369
5.08453193670105,3780.17045844804,3360.24393609696,0.875875824379043,50.1839881144609,0,6117.98806949386,5000,2855.5544350656,0.611668037793483,35.0459970286151,0.00909536377726541,0.521125957573474,36.3814551090616,3.70987596264388
5.09453193670105,3786.5723066739,3367.92614529707,0.876238930413385,50.2047925577444,0,6112.98806949386,5000,2841.80846798338,0.611758814302068,35.051198139436,0.00905993297243159,0.519095921991745,36.2397318897264,3.69542421619272
5.10453193670105,3792.97137046847,3375.61067400499,0.876600618618186,50.2255157653792,0,6107.98806949386,5000,2828.06347156017,0.611849236353269,35.0563789413447,0.0090244722686792,0.517064173328169,36.0978890747168,3.68096027437676
5.11453193670105,3799.36765989457,3383.29751213884,0.876960887793687,50.246157668624,0,6102.98806949386,5000,2814.31944273902,0.611939303647144,35.0615394171559,0.00898898147546684,0.515030700665529,35.9559259018674,3.66648405947672
5.12453193670105,3805.7611850345,3390.98664962051,0.877319736732464,50.2667181982987,0,6097.98806949386,5000,2800.576378451,0.612029015881838,35.0666795495746,0.00895346040019845,0.512995492968884,35.8138416007938,3.65199549293528
5.13453193670105,3812.15195598999,3398.67807637566,0.877677164219347,50.2871972847791,0,6092.98806949386,5000,2786.83427561515,0.612118372753559,35.0717993211947,0.00891790884819231,0.510958539083793,35.6716353927692,3.63749449534441
5.14453193670105,3818.53998288228,3406.3717823336,0.87803316903134,50.3075948579926,0,6087.98806949386,5000,2773.09313113851,0.612207373956557,35.076898714498,0.00888232662264883,0.508919827734469,35.5293064905953,3.6229809864322
5.15453193670105,3824.92527585213,3414.0677574272,0.878387749937527,50.327910847413,0,6082.98806949386,5000,2759.35294191611,0.612296019183104,35.0819777118531,0.00884671352461866,0.506879347521954,35.3868540984746,3.6084548850499
5.16453193670104,3831.30784505984,3421.76599159288,0.878740905698995,50.3481451820559,0,6077.98806949386,5000,2745.61370483099,0.612384308123471,35.0870362955139,0.00881106935296925,0.504837086922203,35.244277411877,3.59391610915827
5.17453193670104,3837.68770068525,3429.46647477044,0.879092635068739,50.368297790473,0,6072.98806949386,5000,2731.8754167542,0.612472240465907,35.0920744476181,0.00877539390435076,0.502793034284128,35.101575617403,3.57936457581366
5.18453193670104,3844.06485292784,3437.16919690306,0.879442936791577,50.3883686007478,0,6067.98806949386,5000,2718.13807454478,0.612559815896616,35.0970921501868,0.0087396869731624,0.500747177827671,34.9587478926496,3.56480020115428
5.19453193670104,3850.43931200666,3444.87414793717,0.879791809604054,50.4083575404896,0,6062.98806949386,5000,2704.40167504983,0.612647034099736,35.1020893851223,0.00870394835151641,0.498699505641741,34.8157934060656,3.55022290038552
5.20453193670104,3856.81108816046,3452.58131782241,0.880139252234357,50.4282645368288,0,6057.98806949386,5000,2690.66621510441,0.612733894757311,35.1070661342071,0.00866817782920247,0.496650005682173,34.6727113168099,3.53563258776543
5.21453193670104,3863.18019164762,3460.29069651152,0.880485263402215,50.4480895164115,0,6052.98806949386,5000,2676.93169153164,0.612820397549276,35.1120223791028,0.00863237519365066,0.49459866576961,34.5295007746027,3.52102917658963
5.22453193670104,3869.54663274627,3468.00227396027,0.880829841818807,50.4678324053936,0,6047.98806949386,5000,2663.19810114266,0.612906542153424,35.1169581013483,0.00859654022989424,0.492545473587362,34.386160919577,3.50641257917606
5.23453193670104,3875.91042175425,3475.71604012737,0.881172986186666,50.4874931294355,0,6042.98806949386,5000,2649.46544073662,0.612992328245389,35.1218732823588,0.00856067272053121,0.490490416679215,34.2426908821249,3.49178270684942
5.24453193670104,3882.27156898918,3483.4319849744,0.881514695199578,50.507071613697,0,6037.98806949386,5000,2635.73370710071,0.613077755498616,35.1267679034241,0.00852477244568475,0.488433482447153,34.099089782739,3.4771394699249
5.25453193670104,3888.63008478849,3491.15009846573,0.881854967542484,50.5265677828305,0,6032.98806949386,5000,2622.00289701016,0.613162823584343,35.1316419457075,0.00848883918296382,0.486374658149109,33.9553567318553,3.4624827776922
5.26453193670104,3894.98597950944,3498.87037056841,0.882193801891378,50.5459815609762,0,6027.98806949387,5000,2608.27300722822,0.613247532171566,35.1364953902439,0.00845287270742165,0.484313930896582,33.8114908296866,3.4478125383986
5.27453193670104,3901.33926352915,3506.59279125212,0.882531196913207,50.5653128717558,0,6022.98806949387,5000,2594.54403450618,0.613331880927023,35.1413282179388,0.00841687279151457,0.482251287652281,33.6674911660583,3.43312865923208
5.28453193670104,3907.68994724467,3514.31735048906,0.88286715126576,50.5845616382661,0,6017.98806949387,5000,2580.81597558337,0.613415869515162,35.1461404095664,0.00838083920505889,0.48018671522765,33.5233568202356,3.41843104630384
5.29453193670104,3914.03804107295,3522.04403825387,0.883201663597567,50.6037277830737,0,6012.98806949387,5000,2567.08882718715,0.613499497598114,35.1509319457683,0.00834477171518658,0.478120200280336,33.3790868607463,3.40371960463016
5.30453193670104,3920.38355545096,3529.77284452353,0.883534732547789,50.6228112282083,0,6007.98806949387,5000,2553.36258603292,0.613582764835669,35.1557028070519,0.00830867008630195,0.476051729311699,33.2346803452078,3.38899423811473
5.31453193670104,3926.72650083565,3537.50375927733,0.883866356746108,50.6418118951563,0,6002.98806949387,5000,2539.63724882414,0.613665670885249,35.160452973789,0.00827253408003522,0.473981288664157,33.0901363201409,3.37425484952975
5.32453193670104,3933.06688770404,3545.23677249668,0.884196534812613,50.6607297048549,0,5997.98806949387,5000,2525.91281225227,0.613748215401875,35.1651824262136,0.00823636345519574,0.471908864518504,32.9454538207829,3.3595013404968
5.33453193670104,3939.40472655323,3552.97187416512,0.88452526535769,50.6795645776848,0,5992.98806949387,5000,2512.18927299685,0.613830398038144,35.1698911444211,0.00820015796772428,0.469834442891176,32.8006318708971,3.34473361146744
5.34453193670104,3945.74002790046,3560.70905426818,0.884852546981904,50.6983164334645,0,5987.98806949387,5000,2498.46662772543,0.613912218444198,35.174579108366,0.00816391737064461,0.467758009631476,32.6556694825784,3.32995156170338
5.35453193670104,3952.07280228315,3568.44830279328,0.885178378275882,50.7169851914427,0,5982.98806949387,5000,2484.74487309362,0.613993676267692,35.1792462978606,0.00812764141401301,0.465679550418686,32.510565656052,3.31515508925597
5.36453193670104,3958.4030602589,3576.18960972968,0.885502757820193,50.7355707702921,0,5977.98806949387,5000,2471.02400574505,0.61407477115377,35.1838926925729,0.00809132984486744,0.463599050759148,32.3653193794698,3.30034409094541
5.37453193670104,3964.73081240561,3583.93296506835,0.885825684185225,50.754073088102,0,5972.98806949387,5000,2457.3040223114,0.614155502745028,35.1885182720254,0.0080549824071753,0.461516495983273,32.2199296287012,3.28551846233945
5.38453193670104,3971.05606932145,3591.67835880188,0.886147155931066,50.7724920623713,0,5967.98806949387,5000,2443.58491941238,0.614235870681488,35.1931230155927,0.00801859884177944,0.459431871242452,32.0743953671178,3.27067809773141
5.39453193670104,3977.37884162494,3599.42578092441,0.886467171607369,50.7908276100015,0,5962.98806949387,5000,2429.86669365573,0.614315874600564,35.1977069025002,0.00798217888634391,0.457345161505941,31.9287155453756,3.25582289011799
5.40453193670104,3983.69913995502,3607.17522143152,0.886785729753233,50.8090796472891,0,5957.98806949387,5000,2416.14934163722,0.61439551413703,35.2022699118221,0.00794572227529783,0.455256351557651,31.7828891011913,3.24095273117643
5.41453193670104,3990.01697497103,3614.92667032012,0.887102828897068,50.827248089918,0,5952.98806949387,5000,2402.43285994067,0.614474788922989,35.2068120224794,0.00790922873977765,0.453165425992834,31.6369149591106,3.2260675112409
5.42453193670104,3996.33235735281,3622.68011758837,0.887418467556461,50.8453328529524,0,5947.98806949387,5000,2388.7172451379,0.614553698587837,35.211333213238,0.00787269800756829,0.451072369214715,31.4907920302731,3.21116711927857
5.43453193670104,4002.64529780076,3630.43555323559,0.887732644238044,50.8633338508285,0,5942.98806949387,5000,2375.00249378876,0.614632242758233,35.215833462707,0.00783612980304365,0.448977165431082,31.3445192121746,3.19625144286526
5.44453193670104,4008.95580703583,3638.19296726213,0.888045357437354,50.881250997347,0,5937.98806949387,5000,2361.28860244111,0.61471042105806,35.2203127493366,0.0077995238471044,0.446879798650721,31.1980953884176,3.18132036816014
5.45453193670104,4015.26389579963,3645.9523496693,0.888356605638693,50.8990842056648,0,5932.98806949387,5000,2347.57556763086,0.614788233108395,35.2247710514161,0.007762879857115,0.444780252679809,31.05151942846,3.16637377987998
5.46453193670104,4021.56957485445,3653.71369045926,0.888666387314988,50.9168333882869,0,5927.98806949387,5000,2333.86338588188,0.614865678527469,35.2292083470716,0.00772619754683877,0.442678511118192,30.9047901873551,3.15141156127272
5.47453193670104,4027.87285498332,3661.47697963491,0.88897470092764,50.9344984570583,0,5922.98806949387,5000,2320.1520537061,0.614942756930632,35.2336246142644,0.00768947662637195,0.440574557355608,30.7579065054878,3.13643359409052
5.48453193670104,4034.1737469901,3669.24220719979,0.889281544926381,50.9520793231552,0,5917.98806949387,5000,2306.4415676034,0.615019467930317,35.2380198307886,0.00765271680207592,0.438468374567802,30.6108672083037,3.12143975856217
5.49453193670104,4040.47226169946,3677.00936315798,0.889586917749124,50.9695758970763,0,5912.98806949387,5000,2292.73192406169,0.615095811136002,35.2423939742689,0.00761591777650729,0.436359945712526,30.4636711060292,3.10642993336452
5.50453193670104,4046.768409957,3684.778437514,0.889890817821803,50.9869880886345,0,5907.98806949387,5000,2279.02311955685,0.615171786154172,35.2467470221585,0.00757907924834662,0.434249253525446,30.3163169933865,3.09140399559345
5.51453193670104,4053.06220262931,3692.54942027269,0.890193243558222,51.0043158069475,0,5902.98806949387,5000,2265.31515055276,0.615247392588277,35.2510789517367,0.00754220091232531,0.43213628051596,30.1688036493013,3.07636182073402
5.52453193670104,4059.35365060397,3700.32230143911,0.890494193359895,51.0215589604286,0,5897.98806949387,5000,2251.60801350126,0.615322630038695,35.255389740107,0.0075052824591505,0.430021008962891,30.021129836602,3.06130328262985
5.53453193670104,4065.6427647897,3708.09707101844,0.890793665615882,51.038717456778,0,5892.98806949387,5000,2237.90170484218,0.615397498102692,35.2596793641943,0.00746832357542881,0.427903420910124,29.8732943017152,3.04622825345202
5.54453193670104,4071.92955611632,3715.87371901584,0.891091658702623,51.0557912029723,0,5887.98806949387,5000,2224.19622100328,0.615471996374377,35.2639478007429,0.00743132394358671,0.425783498162033,29.7252957743468,3.03113660366658
5.55453193670104,4078.2140355349,3723.65223543639,0.891388170983771,51.0727801052559,0,5882.98806949387,5000,2210.49155840031,0.615546124444664,35.2681950263138,0.00739428324179,0.423661222278879,29.57713296716,3.0160282020017
5.56453193670104,4084.49621401779,3731.43261028493,0.89168320081002,51.0896840691304,0,5877.98806949387,5000,2196.78771343695,0.615619881901226,35.2724210172824,0.00735720114386066,0.421536574572037,29.4288045754426,3.00090291541379
5.57453193670104,4090.77610255868,3739.21483356597,0.891976746518926,51.1065029993449,0,5872.98806949387,5000,2183.0846825048,0.615693268328453,35.2766257498361,0.00732007731919219,0.419409536099151,29.2803092767688,2.98576060905292
5.58453193670104,4097.05371217268,3746.99889528357,0.892268806434732,51.1232367998856,0,5867.98806949387,5000,2169.38246198341,0.615766283307404,35.2808091999712,0.00728291143266166,0.417280087659089,29.1316457306466,2.97060114622696
5.59453193670104,4103.32905389638,3754.78478544123,0.892559378868186,51.1398853739653,0,5862.98806949387,5000,2155.68104824025,0.615838926415768,35.2849713434912,0.00724570314454044,0.415148209786836,28.9828125781618,2.95542438836522
5.60453193670104,4109.60213878792,3762.57249404178,0.892848462116351,51.1564486240131,0,5857.98806949387,5000,2141.98043763067,0.615911197227809,35.2891121560031,0.00720845211040127,0.413013882748164,28.8338084416051,2.94023019498046
5.61453193670104,4115.8729779271,3770.36201108723,0.893136054462418,51.172926451663,0,5852.98806949387,5000,2128.28062649794,0.615983095314325,35.2932316129156,0.00717115798102544,0.410877086534314,28.6846319241018,2.92501842363108
5.62453193670104,4122.14158241538,3778.15332657869,0.893422154175511,51.1893187577431,0,5847.98806949387,5000,2114.58161117321,0.616054620242599,35.2973296894356,0.00713382040230388,0.408737800856331,28.5352816092155,2.9097889298808
5.63453193670103,4128.40796337601,3785.94643051622,0.893706759510491,51.2056254422644,0,5842.98806949387,5000,2100.8833879755,0.616125771576344,35.3014063605659,0.00709643901513844,0.406596005139407,28.3857560605538,2.89454156725832
5.64453193670103,4134.67213195412,3793.74131289872,0.893989868707756,51.221846404409,0,5837.98806949387,5000,2087.18595321169,0.61619654887566,35.3054616011021,0.00705901345533951,0.404451678517014,28.236053821358,2.87927618721562
5.65453193670103,4140.93409931674,3801.53796372383,0.894271479993027,51.2379815425183,0,5832.98806949387,5000,2073.48930317651,0.616266951696978,35.3094953856294,0.00702154335352045,0.402304799824856,28.0861734140818,2.86399263908489
5.66453193670103,4147.19387665292,3809.33637298775,0.89455159157715,51.2540307540813,0,5827.98806949387,5000,2059.79343415252,0.616336979593009,35.3135076885202,0.00698402833498919,0.40015534759466,27.9361133399568,2.84869077003429
5.67453193670103,4153.45147517381,3817.13653068517,0.894830201655872,51.2699939357218,0,5822.98806949387,5000,2046.0983424101,0.616406632112689,35.3174984839303,0.00694646801963793,0.398003300047852,27.7858720785517,2.83337042502299
5.68453193670103,4159.70690611273,3824.93842680909,0.895107308409624,51.2858709831864,0,5817.98806949387,5000,2032.40402420744,0.616475908801127,35.3214677457964,0.00690886202182802,0.395848635088966,27.6354480873121,2.8180314467542
5.69453193670103,4165.96018072527,3832.74205135075,0.895382910003304,51.3016617913313,0,5812.98806949387,5000,2018.71047579053,0.616544809199547,35.3254154478327,0.00687120995027321,0.393691330298951,27.4848398010928,2.80267367562754
5.70453193670103,4172.21131028937,3840.54739429944,0.895657004586038,51.3173662541094,0,5807.98806949387,5000,2005.0176933931,0.616613332845231,35.3293415635272,0.00683351140791834,0.391531362928222,27.3340456316734,2.78729694968959
5.71453193670103,4178.4603061054,3848.35444564243,0.895929590290957,51.3329842645568,0,5802.98806949387,5000,1991.32567323668,0.616681479271461,35.333246066139,0.006795765991815,0.389368709889535,27.18306396726,2.77190110458311
5.72453193670103,4184.70717949626,3856.16319536477,0.89620066523495,51.3485157147794,0,5797.98806949387,5000,1977.6344115305,0.616749248007459,35.3371289286947,0.00675797329299426,0.387203347750698,27.031893171977,2.75648597349523
5.73453193670103,4190.95194180749,3863.97363344921,0.896470227518428,51.3639604959386,0,5792.98806949387,5000,1963.94390447156,0.616816638578328,35.3409901239845,0.00672013289633431,0.385035252726982,26.8805315853372,2.74105138710337
5.74453193670103,4197.19460440731,3871.78574987601,0.89673827522507,51.3793184982373,0,5787.98806949387,5000,1950.25414824451,0.616883650504989,35.3448296245592,0.00668224438042651,0.382864400673451,26.7289775217061,2.72559717352063
5.75453193670103,4203.4351786868,3879.59953462287,0.89700480642157,51.3945896109054,0,5782.98806949387,5000,1936.56513902173,0.616950283304114,35.3486474027262,0.00664430731743387,0.380690767076851,26.5772292697355,2.71012315823808
5.76453193670103,4209.67367605991,3887.41497766473,0.897269819157381,51.4097737221845,0,5777.98806949387,5000,1922.87687296325,0.617016536488067,35.352443430546,0.00660632127294966,0.378514327047509,26.4252850917986,2.6946291640671
5.77453193670103,4215.91010796361,3895.23206897364,0.897533311464441,51.4248707193133,0,5772.98806949387,5000,1909.18934621674,0.617082409564831,35.3562176798281,0.00656828580584798,0.376335055310774,26.2731432233919,2.67911501107839
5.78453193670103,4222.14448585801,3903.05079851864,0.89779528135691,51.4398804885112,0,5767.98806949387,5000,1895.50255491749,0.617147902037949,35.3599701221276,0.00653020046813362,0.374152926198411,26.1208018725345,2.66358051654077
5.79453193670103,4228.37682122641,3910.87115626561,0.898055726830887,51.4548029149634,0,5762.98806949387,5000,1881.81649518842,0.617213013406443,35.3637007287407,0.00649206480478294,0.371967913639485,25.9682592191317,2.64802549485622
5.80453193670103,4234.60712557546,3918.69313217708,0.898314645864125,51.4696378828035,0,5757.98806949387,5000,1868.13116313999,0.617277743164752,35.3674094707007,0.0064538783535843,0.369779991151221,25.8155134143372,2.63244975749488
5.81453193670103,4240.83541043522,3926.51671621213,0.898572036415745,51.4843852750979,0,5752.98806949387,5000,1854.44655487025,0.617342090802657,35.3710963187743,0.00641564064497002,0.367589131829371,25.6625625798801,2.61685311292644
5.82453193670103,4247.06168735932,3934.34189832624,0.898827896425933,51.4990449738278,0,5747.98806949387,5000,1840.76266646476,0.617406055805204,35.3747612434568,0.00637735120184594,0.365395308338456,25.5094048073838,2.60123536655063
5.83453193670103,4253.28596792504,3942.16866847107,0.899082223815639,51.5136168598726,0,5742.98806949387,5000,1827.07949399659,0.617469637652631,35.378404214968,0.00633900953941357,0.363198492901566,25.3560381576543,2.58559632062471
5.84453193670103,4259.50826373345,3949.99701659441,0.899335016486263,51.5281008129912,0,5737.98806949387,5000,1813.39703352631,0.617532835820287,35.3820252032476,0.00630061516498854,0.360998657289966,25.2024606599542,2.56993577418937
5.85453193670103,4265.72858640951,3957.82693263992,0.899586272319338,51.5424967118044,0,5732.98806949387,5000,1799.71528110191,0.617595649778556,35.3856241779509,0.00626216757781133,0.358795772812251,25.0486703112453,2.55425352299157
5.86453193670103,4271.94694760219,3965.65840654702,0.899835989176201,51.556804433776,0,5727.98806949387,5000,1786.03423275883,0.617658078992771,35.3892011084438,0.0062236662688532,0.35658981030322,24.8946650754128,2.53854935940538
5.87453193670103,4278.16335898461,3973.49142825076,0.90008416489766,51.5710238551932,0,5722.98806949387,5000,1772.35388451991,0.617720122923136,35.3927559637981,0.00618511072061694,0.35438074011247,24.7404428824678,2.52282307235068
5.88453193670103,4284.37783225417,3981.32598768158,0.900330797303649,51.5851548511475,0,5717.98806949387,5000,1758.67423239535,0.617781781024633,35.3962887127867,0.00614650040692742,0.352168532092384,24.5860016277097,2.50707444720773
5.89453193670103,4290.59037913266,3989.16207476519,0.900575884192878,51.5991972955143,0,5712.98806949387,5000,1744.99527238268,0.617843052746941,35.3997993238784,0.00610783479272062,0.349953155586053,24.4313391708825,2.49130326573116
5.90453193670103,4296.8010113664,3996.99967942242,0.900819423342475,51.6131510609324,0,5707.98806949387,5000,1731.31700046675,0.617903937534339,35.4032877652329,0.00606911333382032,0.347734579414477,24.2764533352813,2.47550930595884
5.91453193670103,4303.00974072638,4004.83879156899,0.901061412507612,51.6270160187827,0,5702.98806949387,5000,1717.63941261968,0.617964434825624,35.4067540046955,0.00603033547671297,0.345512771863664,24.1213419068519,2.45969234212008
5.92453193670103,4309.21657900839,4012.6794011154,0.901301849421132,51.6407920391665,0,5697.98806949387,5000,1703.96250480083,0.618024544054004,35.4101980097914,0.00599150065830931,0.343287700670978,23.9660026332373,2.44385214453838
5.93453193670103,4315.42153803318,4020.5214979667,0.901540731793159,51.6544789908837,0,5692.98806949387,5000,1690.28627295676,0.61808426464701,35.4136197477207,0.00595260830570213,0.341059333011252,23.8104332228085,2.42798847953262
5.94453193670103,4321.62462964657,4028.36507202235,0.901778057310697,51.6680767414094,0,5687.98806949387,5000,1676.61071302121,0.618143596026395,35.4170191853521,0.00591365783591443,0.338827635482365,23.6546313436577,2.41210110931437
5.95453193670103,4327.82586571963,4036.21011317604,0.90201382363723,51.6815851568711,0,5682.98806949387,5000,1662.93582091505,0.618202537608028,35.4203962892176,0.00587464865563987,0.336592574090368,23.4985946225595,2.39618979188199
5.96453193670103,4334.02525814882,4044.05661131545,0.902248028412295,51.6950041020241,0,5677.98806949387,5000,1649.26159254625,0.618261088801794,35.4237510255058,0.00583558016097088,0.334354114233905,23.3423206438835,2.38025428090974
5.97453193670103,4340.22281885613,4051.90455632214,0.902480669251057,51.7083334402275,0,5672.98806949387,5000,1635.58802380984,0.618319249011485,35.4270833600567,0.00579645173712282,0.332112220688412,23.1858069484913,2.36429432563529
5.98453193670103,4346.41855978927,4059.75393807133,0.902711743743868,51.7215730334188,0,5667.98806949387,5000,1621.91511058786,0.618377017634688,35.4303932583545,0.00575726275814396,0.329866857589497,23.0290510325758,2.34830967074137
5.99453193670103,4352.6124929218,4067.60474643168,0.902941249455814,51.7347227420874,0,5662.98806949387,5000,1608.24284874932,0.618434394062674,35.4336806855216,0.00571801258661707,0.327617988415841,22.8720503464683,2.33230005623411
6.00453193670103,4358.80463025329,4075.45697126512,0.903169183926247,51.7477824252487,0,5657.98806949387,5000,1594.57123415019,0.618491377680283,35.436945606312,0.0056787005733506,0.32536557597151,22.7148022934024,2.31626521731707
6.01453193670103,4364.99498380952,4083.31060242668,0.903395544668314,51.7607519404166,0,5652.98806949387,5000,1580.9002626333,0.618547967865799,35.440187985104,0.00563932605705761,0.323109582367553,22.5573042282305,2.30020488426022
6.02453193670103,4371.18356564264,4091.16562976424,0.903620329168461,51.773631143575,0,5647.98806949387,5000,1567.22993002833,0.618604163990836,35.4434077858936,0.00559988836402486,0.320849969003043,22.3995534560994,2.28411878226504
6.03453193670103,4377.37038783133,4099.02204311833,0.903843534885932,51.7864198891493,0,5642.98806949387,5000,1553.56023215179,0.618659965420204,35.4466049722871,0.00556038680776745,0.318586696545295,22.2415472310698,2.26800663132362
6.04453193670103,4383.555462481,4106.87983232196,0.904065159252251,51.7991180299766,0,5637.98806949387,5000,1539.8911648069,0.618715371511783,35.4497795074939,0.00552082068867344,0.316319724909497,22.0832827546938,2.25186814607371
6.05453193670103,4389.73880172394,4114.7389872004,0.904285199670686,51.8117254172753,0,5632.98806949387,5000,1526.22272378361,0.618770381616392,35.4529313543186,0.0054811892936327,0.314049013237447,21.9247571745308,2.23570303564732
6.06453193670103,4395.92041771957,4122.59949757091,0.904503653515708,51.8242419006134,0,5627.98806949387,5000,1512.55490485849,0.618824995077648,35.4560604751532,0.00544149189565374,0.311774519875601,21.765967582615,2.21951100351445
6.07453193670103,4402.10032265457,4130.46135324259,0.904720518132422,51.8366673278769,0,5622.98806949387,5000,1498.88770379473,0.618879211231826,35.459166831969,0.00540172775346416,0.30949620235218,21.6069110138567,2.2032917473201
6.08453193670103,4408.27852874312,4138.32454401614,0.90493579083599,51.8490015452357,0,5617.98806949387,5000,1485.22111634207,0.618933029407718,35.4622503863087,0.00536189611109875,0.307214017353568,21.447584444395,2.18704495871628
6.09453193670103,4414.45504822706,4146.18905968362,0.905149468911034,51.8612443971102,0,5612.98806949387,5000,1471.55513823672,0.618986448926479,35.4653110992773,0.00532199619746896,0.304927920699644,21.2879847898758,2.17077032318639
6.10453193670102,4420.62989337615,4154.05489002821,0.905361549611023,51.8733957261357,0,5607.98806949387,5000,1457.88976520132,0.619039469101476,35.4683489315337,0.00528202722591643,0.302637867318205,21.1281089036657,2.15446751986312
6.11453193670102,4426.80307648824,4161.92202482403,0.90557203015764,51.8854553731265,0,5602.98806949387,5000,1444.22499294491,0.61909208923813,35.4713638432814,0.00524198839374875,0.300343811218365,20.967953574995,2.13813622133909
6.12453193670102,4432.97460988949,4169.79045383582,0.905780907740133,51.8974231770382,0,5597.98806949387,5000,1430.5608171628,0.619144308633753,35.4743557942593,0.00520187888175925,0.298045705463037,20.807515527037,2.12177609347096
6.13453193670102,4439.14450593461,4177.6601668188,0.905988179514641,51.9092989749297,0,5592.98806949387,5000,1416.89723353659,0.61919612657738,35.4773247437322,0.00516169785372433,0.295743502140139,20.6467914148973,2.10538679517443
6.14453193670102,4445.31277700708,4185.53115351832,0.906193842603508,51.9210826019234,0,5587.98806949387,5000,1403.23423773402,0.619247542349597,35.4802706504806,0.00512144445588001,0.293437152332599,20.48577782352,2.08896797821071
6.15453193670102,4451.47943551937,4193.40340366969,0.906397894094565,51.9327738911643,0,5582.98806949387,5000,1389.57182540899,0.619298555222362,35.4831934727909,0.00508111781638257,0.29112660608745,20.3244712655303,2.07251928696653
6.16453193670102,4457.6444939132,4201.27690699789,0.906600331040399,51.9443726737781,0,5577.98806949387,5000,1375.90999220143,0.61934916445882,35.4860931684443,0.00504071704473888,0.288811812383195,20.1628681789555,2.05604035822177
6.17453193670102,4463.80796465977,4209.1516532173,0.906801150457595,51.9558787788278,0,5572.98806949387,5000,1362.24873373724,0.619399369313119,35.4889696947067,0.00500024123122183,0.286492719096309,20.0009649248873,2.03953082091105
6.18453193670102,4469.96986025999,4217.02763203147,0.907000349325954,51.9672920332685,0,5567.98806949387,5000,1348.58804562825,0.619449169030209,35.4918230083169,0.00495968944625458,0.284169272965964,19.8387577850183,2.02299029587253
6.19453193670102,4476.1301932448,4224.90483313282,0.907197924587685,51.9786122619019,0,5562.98806949387,5000,1334.92792347209,0.619498562845642,35.4946530654753,0.00491906073976958,0.281841419557297,19.6762429590783,2.0064183955865
6.20453193670102,4482.28897617534,4232.78324620237,0.907393873146575,51.989839287328,0,5557.98806949387,5000,1321.26836285218,0.619547549985364,35.4974598218318,0.00487835414054373,0.279509103223326,19.5134165621749,1.98981472390418
6.21453193670102,4488.44622164331,4240.66286090948,0.907588191867128,52.000972929896,0,5552.98806949387,5000,1307.60935933759,0.619596129665502,35.5002432324738,0.00483756865550121,0.277172267064996,19.3502746220049,1.97317887576337
6.22453193670102,4494.6019422712,4248.54366691153,0.907780877573673,52.0120130076536,0,5547.98806949387,5000,1293.95090848299,0.619644301092138,35.5030032519131,0.00479670326898749,0.274830852889589,19.18681307595,1.95651043689231
6.23453193670102,4500.75615071256,4256.42565385368,0.907971927049452,52.0229593362939,0,5542.98806949387,5000,1280.29300582855,0.619692063461083,35.5057398340732,0.00475575694201225,0.272484801167345,19.023027768049,1.93980898350089
6.24453193670102,4506.90885965232,4264.3088113685,0.908161337035665,52.0338117291015,0,5537.98806949388,5000,1266.63564689989,0.619739415957636,35.5084529322751,0.00471472861145142,0.270134050985741,18.8589144458057,1.92307408195517
6.25453193670102,4513.0600818071,4272.19312907575,0.908349104230491,52.0445699968961,0,5532.98806949388,5000,1252.97882720793,0.619786357756343,35.5111424992238,0.00467361718922622,0.267778540002457,18.6944687569049,1.90630528844253
6.26453193670102,4519.20982992545,4280.078596582,0.908535225288074,52.0552339479741,0,5527.98806949388,5000,1239.32254224883,0.619832888020739,35.5138084869933,0.00463242156143246,0.265418204395483,18.5296862457298,1.88950214861648
6.27453193670102,4525.35811678825,4287.96520348035,0.908719696817469,52.0658033880487,0,5522.98806949388,5000,1225.66678750393,0.619879005903087,35.5164508470119,0.00459114058743425,0.263052978811196,18.364562349737,1.87266419722709
6.28453193670102,4531.50495520897,4295.85293935011,0.908902515381555,52.0762781201875,0,5517.98806949388,5000,1212.01155843958,0.619924710544108,35.5190695300466,0.00454977309891769,0.260682796310141,18.1990923956708,1.85579095773488
6.29453193670102,4537.65035803402,4303.74179375645,0.90908367749591,52.0866579447477,0,5512.98806949388,5000,1198.35685050708,0.619970001072697,35.5216644861867,0.0045083178988972,0.258307588310097,18.0332715955888,1.83888194190563
6.30453193670102,4543.79433814311,4311.63175625006,0.909263179627639,52.0969426593094,0,5507.98806949388,5000,1184.70265914258,0.620014876605629,35.5242356648271,0.0044667737606736,0.255927284526376,17.8670950426944,1.8219366493853
6.31453193670102,4549.93690844957,4319.52281636684,0.909441018194169,52.1071320586062,0,5502.98806949388,5000,1171.04897976695,0.620059336247262,35.5267830146513,0.00442513942674354,0.253541812909345,17.7005577069742,1.8049545672553
6.32453193670102,4556.07808190071,4327.41496362752,0.909617189561991,52.1172259344535,0,5497.98806949388,5000,1157.3958077857,0.620103379089217,35.5293064836131,0.00438341360765641,0.251151099578926,17.5336544306256,1.78793516956612
6.33453193670102,4562.21787147823,4335.30818753731,0.909791690045361,52.1272240756735,0,5492.98806949388,5000,1143.74313858883,0.620147004210059,35.5318060189181,0.00434159498081201,0.24875506875571,17.366379923248,1.77087791684704
6.34453193670102,4568.35629019854,4343.20247758552,0.909964515904943,52.1371262680183,0,5487.98806949388,5000,1130.09096755071,0.620190210674955,35.5342815670043,0.00429968218920046,0.246353642688757,17.1987287568018,1.75378225559206
6.35453193670102,4574.49335111321,4351.09782324519,0.910135663346414,52.146932294089,0,5482.98806949388,5000,1116.43929003001,0.620232997535322,35.536733073522,0.00425767384007724,0.243946741579684,17.030695360309,1.7366476177195
6.36453193670102,4580.62906730931,4358.9942139727,0.910305128519002,52.1566419332528,0,5477.98806949388,5000,1102.78810136951,0.620275363828469,35.5391604833129,0.00421556850357048,0.241534283502869,16.8622740142819,1.71947342000397
6.37453193670102,4586.76345190988,4366.8916392074,0.910472907513973,52.1662549615556,0,5472.98806949388,5000,1089.137396896,0.620317308577213,35.5415637403886,0.00417336471121584,0.239116184321501,16.6934588448633,1.7022590634787
6.38453193670102,4592.89651807433,4374.79008837117,0.910638996363059,52.1757711516324,0,5467.98806949388,5000,1075.48717192015,0.620358830789484,35.5439427879078,0.00413106095441384,0.236692357599199,16.5242438176553,1.68500393280635
6.39453193670102,4599.02827899887,4382.68955086801,0.910803391036816,52.1851902726131,0,5462.98806949388,5000,1061.83742173635,0.620399929457923,35.546297568153,0.00408865568280666,0.234262714507001,16.3546227312266,1.66770739561692
6.40453193670102,4605.15874791698,4390.59001608365,0.910966087442923,52.194512090025,0,5457.98806949388,5000,1048.1881416226,0.62044060355945,35.548628022506,0.004046147302569,0.231827163725446,16.184589210276,1.65036880181061
6.41453193670102,4611.28793809987,4398.49147338506,0.911127081424407,52.203736365691,0,5452.98806949388,5000,1034.53932684029,0.62048085205482,35.5509340914224,0.00400353417459566,0.229385611340723,16.0141366983827,1.63298748281856
6.42453193670102,4617.41586285694,4406.39391212005,0.911286368757793,52.2128628576239,0,5447.98806949388,5000,1020.89097263415,0.620520673888167,35.5532157144057,0.00396081461260581,0.226937960736057,15.8432584504232,1.61556275082961
6.43453193670102,4623.5425355363,4414.29732161678,0.911443945151179,52.2218913199159,0,5442.98806949388,5000,1007.24307423198,0.620560067986513,35.5554728299786,0.00391798688112585,0.224484112476136,15.6719475245034,1.59809389796754
6.44453193670102,4629.66796952527,4422.20169118332,0.911599806242224,52.230821502623,0,5437.98806949388,5000,993.595626844585,0.620599033259275,35.5577053756555,0.00387504919336299,0.222023964185273,15.5001967734519,1.58058019542371
6.45453193670102,4635.79217825091,4430.1070101071,0.911753947596052,52.2396531516458,0,5432.98806949388,5000,979.948625665519,0.620637568597731,35.5599132879111,0.00383199970895745,0.219557410418622,15.3279988358298,1.56302089254024
6.46453193670102,4641.91517518054,4438.01326765452,0.911906364703062,52.2483860086031,0,5427.98806949388,5000,966.302065870963,0.620675672874484,35.5620965021504,0.0037888365316065,0.217084342526038,15.155346126426,1.54541521584089
6.47453193670102,4648.03697382235,4445.92045307032,0.91205705297664,52.2570198107012,0,5422.98806949388,5000,952.655942619522,0.620713344942878,35.564254952675,0.00374555770653811,0.214604648507334,14.9822308261525,1.52776236800054
6.48453193670102,4654.15758772592,4453.82855557715,0.912206007750767,52.265554290597,0,5417.98806949388,5000,939.010251052033,0.62075058363641,35.5663885726489,0.00370216121784086,0.212118212859294,14.8086448713635,1.51006152675618
6.49453193670102,4660.27703048286,4461.73756437497,0.912353224277518,52.2739891762544,0,5412.98806949388,5000,925.364986291372,0.620787387768098,35.5684972940633,0.00365864498563007,0.209624916413305,14.6345799425203,1.49231184375095
6.50453193670102,4666.3953157274,4469.64746864052,0.912498697724445,52.2823241907945,0,5407.98806949388,5000,911.720143442251,0.62082375612983,35.5705810476983,0.00361500686303504,0.207124636162735,14.4600274521402,1.47451244330532
6.51453193670102,4672.51245713705,4477.55825752673,0.91264242317183,52.2905590523383,0,5402.98806949388,5000,898.075717591001,0.620859687491676,35.5726397630843,0.00357124463300055,0.204617245079678,14.2849785320022,1.45666242111243
6.52453193670102,4678.62846843325,4485.46992016215,0.912784395609813,52.298693473842,0,5397.98806949388,5000,884.431703805354,0.620895180601171,35.5746733684601,0.00352735600488167,0.202102611919847,14.1094240195267,1.43876084284916
6.53453193670102,4684.74336338208,4493.38244565032,0.912924609935379,52.3067271629242,0,5392.98806949388,5000,870.788097134217,0.620930234182563,35.5766817907307,0.00348333861082432,0.199580601015197,13.9333544432973,1.42080674269983
6.54453193670102,4690.85715579492,4501.29582306916,0.913063060949188,52.3146598216847,0,5387.98806949388,5000,857.144892607433,0.620964846936015,35.5786649554208,0.00343919000189744,0.197051072052313,13.7567600075897,1.40279912177856
6.55453193670102,4696.96985952922,4509.2100414703,0.913199743352253,52.3224911465141,0,5382.98806949388,5000,843.502085235532,0.620999017536782,35.5806227866282,0.00339490764397848,0.194513879836669,13.5796305759139,1.38473694645102
6.56453193670102,4703.08148848927,4517.12508987843,0.913334651742447,52.3302208278931,0,5377.98806949388,5000,829.859670009479,0.62103274463433,35.582555206973,0.00335048891334516,0.191968874040051,13.4019556533807,1.36661914653635
6.57453193670101,4709.19205662694,4525.04095729061,0.913467780610824,52.3378485501824,0,5372.98806949388,5000,816.217641900407,0.621066026851425,35.5844621375453,0.00330593109198356,0.189415898931733,13.2237243679342,1.34844461339338
6.58453193670101,4715.30157794257,4532.95763267552,0.913599124337748,52.3453739914007,0,5367.98806949388,5000,802.575995859337,0.621098862783156,35.5863434978499,0.00326123136254522,0.18685479308954,13.0449254501809,1.33021219786379
6.59453193670101,4721.41006648576,4540.87510497278,0.913728677188811,52.3527968229905,0,5362.98806949388,5000,788.934726816889,0.621131250995921,35.5881992057473,0.00321638680296086,0.184285389091233,12.8655472118435,1.31192070807498
6.60453193670101,4727.51753635628,4548.79336309213,0.913856433310537,52.3601167095723,0,5357.98806949388,5000,775.293829682989,0.621163190026353,35.5900291773928,0.00317139438065581,0.181707513183084,12.6855775226232,1.29356890708073
6.61453193670101,4733.62400170499,4556.71239591267,0.913982386725829,52.3673333086838,0,5352.98806949388,5000,761.653299346546,0.621194678380176,35.5918333271707,0.00312625094633531,0.179120984923793,12.5050037853412,1.27515551032628
6.62453193670101,4739.72947673479,4564.63219228203,0.914106531329176,52.3744462705049,0,5347.98806949388,5000,748.013130675136,0.621225714531012,35.5936115676259,0.00308095322730766,0.176525616801939,12.3238129092306,1.25667918292492
6.63453193670101,4745.83397570162,4572.5527410155,0.914228860881572,52.381455237567,0,5342.98806949388,5000,734.373318514648,0.621256296919111,35.5953638093914,0.00303549782030618,0.173921213824705,12.1419912812247,1.23813853673015
6.64453193670101,4751.93751291549,4580.47403089518,0.914349369005142,52.3883598444446,0,5337.98806949388,5000,720.73385768894,0.621286423950003,35.5970899611108,0.002989881183723,0.171307573072906,11.959524734892,1.21953212716799
6.65453193670101,4758.04010274155,4588.39605066904,0.914468049177439,52.3951597174291,0,5332.98806949388,5000,707.094742999465,0.621316093993078,35.5987899293569,0.00294409962925636,0.16868448322242,11.7763985170254,1.20085844983001
6.66453193670101,4764.14175960125,4596.31878904998,0.914584894725402,52.4018544741822,0,5327.98806949388,5000,693.455969224878,0.621345305380069,35.6004636185452,0.00289814931285789,0.166051724025496,11.5925972514315,1.18211593678081
6.67453193670101,4770.24249797347,4604.24223471481,0.914699898818931,52.4084437233682,0,5322.98806949388,5000,679.817531120637,0.621374056403451,35.6021109308417,0.00285202622495331,0.163409065750453,11.4081048998132,1.16330295256925
6.68453193670101,4776.34233239577,4612.16637630325,0.914813054464058,52.414927064262,0,5317.98806949388,5000,666.179423418571,0.621402345314733,35.6037317660652,0.00280572617982126,0.160756268573122,11.2229047192851,1.14441778989615
6.69453193670101,4782.44127746571,4620.09120241685,0.914924354495671,52.4213040863331,0,5312.98806949388,5000,652.54164082644,0.621430170322637,35.605326021583,0.00275924480407155,0.158093081916702,11.0369792162862,1.12545866491475
6.70453193670101,4788.5393478421,4628.01670161783,0.915033791569763,52.4275743688009,0,5307.98806949388,5000,638.904178027464,0.62145752959116,35.6068935922,0.00271257752409955,0.155419243732951,10.8503100963982,1.10642371211354
6.71453193670101,4794.63655824649,4635.94286242796,0.915141358155152,52.4337374801603,0,5302.98806949388,5000,625.267029679837,0.621484421237507,35.6084343700398,0.00266571955242528,0.152734479719472,10.6628782097011,1.08731097874413
6.72453193670101,4800.73292346463,4643.86967332731,0.915247046524635,52.4397929776753,0,5297.98806949388,5000,611.630190416208,0.621510843329877,35.6099482444185,0.00261866587278642,0.150038502465604,10.4746634911457,1.06811841874092
6.73453193670101,4806.82845834797,4651.79712275296,0.915350848745511,52.4457404068355,0,5292.98806949388,5000,597.993654843146,0.621536793885096,35.6114351017086,0.00257141122381949,0.147331010517427,10.285644895278,1.04884388606486
6.74453193670101,4812.92317781532,4659.72519909768,0.915452756669428,52.4515793007749,0,5287.98806949388,5000,584.357417540563,0.621562270866076,35.6128948251934,0.00252395008118438,0.144611687353567,10.0958003247375,1.02948512741227
6.75453193670101,4819.01709685456,4667.65389070852,0.915552761921477,52.4573091796465,0,5282.98806949388,5000,570.721473061123,0.621587272179088,35.6143272949113,0.00247627663793597,0.141880200260576,9.9051065517439,1.01003977420872
6.76453193670101,4825.11023052443,4675.58318588533,0.915650855888465,52.4629295499506,0,5277.98806949388,5000,557.085815929604,0.621611795670834,35.6157323874873,0.00242838478293612,0.139136199096032,9.71353913174446,0.990505333803538
6.77453193670101,4831.2025939564,4683.51307287921,0.915747029706272,52.4684399038106,0,5272.98806949388,5000,543.450440642233,0.621635839125286,35.6171099759523,0.00238026807702659,0.136379314923344,9.52107230810635,0.970879179751123
6.78453193670101,4837.2942023567,4691.44353989089,0.915841274246221,52.4738397181918,0,5267.98806949388,5000,529.815341665983,0.621659400260273,35.6184599295476,0.00233191972669476,0.13360915850291,9.32767890677905,0.951158541069484
6.79453193670101,4843.38507100841,4699.37457506901,0.915933580100324,52.4791284540563,0,5262.98806949388,5000,516.180513437822,0.621682476723799,35.6197821135137,0.00228333255490258,0.130825318620741,9.13333021961032,0.93134049034179
6.80453193670101,4849.47521527369,4707.30616650832,0.916023937565307,52.4843055554473,0,5257.98806949388,5000,502.54595036393,0.621705066090045,35.6210763888615,0.00223449896865956,0.128027360230528,8.93799587463825,0.911421930489846
6.81453193670101,4855.56465059614,4715.23830224774,0.916112336625264,52.4893704484958,0,5252.98806949388,5000,488.911646818852,0.621727165855035,35.6223426121237,0.00218541092290936,0.125214822384496,8.74164369163743,0.891399580043892
6.82453193670101,4861.65339250332,4723.17097026836,0.916198766932777,52.4943225403383,0,5247.98806949388,5000,475.277597144615,0.621748773431914,35.6235806350843,0.00213605988017257,0.122387215921109,8.5442395206903,0.871269956681466
6.83453193670101,4867.7414566094,4731.10415849132,0.916283217788339,52.4991612179383,0,5242.98806949388,5000,461.64379564978,0.621769886145805,35.6247903044843,0.00208643676532832,0.11954402087424,8.34574706131328,0.851029358783405
6.84453193670101,4873.828858618,4739.03785477547,0.916365678117846,52.5038858467963,0,5237.98806949388,5000,448.010236608427,0.621790501228183,35.6259714616989,0.00203653191477614,0.116684683560369,8.14612765910458,0.830673844697688
6.85453193670101,4879.91561432517,4746.97204691501,0.916446136447938,52.5084957695372,0,5232.98806949388,5000,434.376914259081,0.621810615810706,35.6271239423841,0.00198633501908278,0.113808613292481,7.94534007633114,0.810199209345815
6.86453193670101,4886.00173962268,4754.90672263692,0.916524580878893,52.5129903043572,0,5227.98806949388,5000,420.74382280356,0.621830226918444,35.6282475760891,0.00193583505807855,0.110915178661364,7.74334023231421,0.789600957749507
6.87453193670101,4892.08725050141,4762.84186959813,0.916600999054752,52.517368743312,0,5222.98806949388,5000,407.110956405738,0.62184933146241,35.6293421858279,0.00188502022707172,0.108003703308002,7.54008090828688,0.768874274934548
6.88453193670101,4898.17216305509,4770.7774753827,0.916675378130298,52.5216303504249,0,5217.98806949388,5000,393.478309190222,0.621867926231296,35.6304075876061,0.00183387785268913,0.105073461101601,7.33551141075651,0.7480139916033
6.89453193670101,4904.25649348422,4778.71352749855,0.916747704734418,52.5257743595875,0,5212.98806949388,5000,379.845875240921,0.621886007882328,35.6314435898968,0.00178239429644219,0.102123670614327,7.12957718576877,0.727014544800596
6.90453193670101,4910.34025810043,4786.65001337414,0.916817964929337,52.5297999722241,0,5207.98806949388,5000,366.213648599512,0.621903572931057,35.6324499930559,0.00173055484368862,0.0991534887592799,6.92221937475449,0.705869932622709
6.91453193670101,4916.423473331,4794.58692035481,0.916886144165061,52.5337063546816,0,5202.98806949388,5000,352.581623263772,0.621920617739989,35.6334265886704,0.00167834357526392,0.0961620034355201,6.71337430105569,0.684573661857586
6.92453193670101,4922.50615572395,4802.52423569881,0.916952227228292,52.537492635302,0,5197.98806949388,5000,338.949793185779,0.621937138505798,35.6343731588255,0.00162574321809937,0.0931482249691102,6.50297287239746,0.663118687053934
6.93453193670101,4928.58832195344,4810.46194657304,0.917016198184867,52.5411579011251,0,5192.98806949388,5000,325.318152269948,0.621953131244942,35.6352894752813,0.00157273497063417,0.0901110761099696,6.29093988253669,0.641497339309213
6.94453193670101,4934.66998882568,4818.40004004838,0.917078040314627,52.5447011941565,0,5187.98806949388,5000,311.686694370894,0.621968591777383,35.6361752985392,0.00151929829734405,0.0870493802592261,6.0771931893762,0.619701242460596
6.95453193670101,4940.7511732854,4826.33850309465,0.917137736037327,52.5481215071222,0,5182.98806949388,5000,298.055413291092,0.621983515708058,35.6370303767807,0.00146541068537355,0.0839618475252777,5.8616427414942,0.597721213818603
6.96453193670101,4946.83189242299,4834.27732257504,0.917195266827919,52.5514177786151,0,5177.98806949388,5000,284.424302778309,0.621997898405709,35.6378544446541,0.00141104735430041,0.0808470580945142,5.64418941720162,0.575547145783894
6.97453193670101,4952.91216348225,4842.21648523998,0.917250613119079,52.5545888875103,0,5172.98806949388,5000,270.793356522764,0.6220117349785,35.6386472218779,0.00135618090712727,0.0777034422346159,5.42472362850907,0.553167863491516
6.98453193670101,4958.99200386911,4850.15597772041,0.917303754188372,52.5576336464996,0,5167.98806949388,5000,257.162568153998,0.622025020245825,35.6394084116253,0.00130078090724508,0.0745292560563412,5.20312362898031,0.530570952259978
6.99453193670101,4965.07143116121,4858.09578652028,0.917354668026662,52.5605507945525,0,5162.98806949388,5000,243.531931237372,0.622037748705401,35.6401376986387,0.00124481336065125,0.0713225518468132,4.97925344260501,0.507742546395049
7.00453193670101,4971.15046311865,4866.0358980082,0.917403331183481,52.563338988056,0,5157.98806949388,5000,229.901439270166,0.622049914494609,35.6408347470148,0.0011882400757343,0.068081141387881,4.75296030293722,0.484667068054557
7.01453193670101,4977.22911769611,4873.97629840806,0.917449718583727,52.5659967903127,0,5152.98806949388,5000,216.271085677183,0.622061511344675,35.6414991975792,0.00113101786270977,0.0648025500871765,4.52407145083907,0.461326900709118
7.02453193670101,4983.30741305647,4881.9169737884,0.917493803308284,52.5685226589708,0,5147.98806949388,5000,202.640863805762,0.62207253252582,35.6421306647441,0.00107309751955456,0.0614839588764337,4.29239007821825,0.437701975518474
7.03453193670101,4989.38536758649,4889.85791005036,0.917535556328598,52.5709149308167,0,5142.98806949388,5000,189.010766920102,0.622082970780908,35.6427287327061,0.00101442252927364,0.0581221295703658,4.05769011709456,0.413769239964164
7.044531936701,4995.46299991467,4897.7990929138,0.917574946181642,52.5731718031517,0,5137.98806949388,5000,175.380788194722,0.622092818244179,35.6432929507905,0.000954927359045304,0.0547133074148697,3.81970943618122,0.389501964093877
7.054531936701,5001.54032893208,4905.74050790124,0.917611938566288,52.5752913106661,0,5132.98806949388,5000,161.750920706868,0.622102066340359,35.6438228276701,0.000894535198863555,0.0512530915207775,3.57814079545422,0.364868818144241
7.064531936701,5007.61737381677,4913.68214031904,0.917646495834096,52.5772712962629,0,5127.98806949388,5000,148.121157427605,0.622110705657336,35.6443178240708,0.000833154890451784,0.0477362589035716,3.33261956180713,0.339832619886213
7.074531936701,5013.69415406278,4921.62397523505,0.917678576334893,52.5791093735633,0,5122.98806949388,5000,134.491491211219,0.622118725782569,35.6447773433978,0.000770676654103564,0.0441565196493978,3.08270661641426,0.314348591661195
7.084531936701,5019.77068951506,4929.56599745171,0.917708133557356,52.5808028776646,0,5117.98806949388,5000,120.861914782438,0.622126115088234,35.6452007194259,0.000706965968838447,0.0405061662738203,2.82786387535379,0.288361864179285
7.094531936701,5025.84700041241,4937.50819147305,0.917735114970855,52.5823487987834,0,5112.98806949388,5000,107.232420720744,0.622132860441688,35.6455871997102,0.000641854501401707,0.0367755539917916,2.56741800560683,0.261803776580874
7.104531936701,5031.92310744123,4945.45054146341,0.917759460415155,52.5837436899921,0,5107.98806949388,5000,93.6030014406916,0.622138946802914,35.645935922521,0.000575126085587914,0.0329522973920672,2.30050434235165,0.234586157592211
7.114531936701,5037.99903180471,4953.39303119431,0.917781099773237,52.5849835338816,0,5102.98806949388,5000,79.9736491665814,0.622144356642699,35.6462458835085,0.00050649388523374,0.0290199619730768,2.02597554093496,0.206592010618811
7.124531936701,5044.07479531494,4961.33564397379,0.917799949439483,52.5860635402027,0,5097.98806949388,5000,66.3443558987164,0.622149069059801,35.6465158851198,0.000435560594252771,0.0249557837728938,1.74224237701108,0.17765927987754
7.134531936701,5050.15042052113,4969.27836254817,0.917815906610226,52.5869778187393,0,5092.98806949388,5000,52.7151133664216,0.622153058353758,35.6467444548268,0.000361742339591632,0.0207263093297887,1.44696935836653,0.147549811440862
7.144531936701,5056.22593089995,4977.2211689562,0.91782883928115,52.587718806201,0,5087.98806949389,5000,39.0859129582825,0.6221562915254,35.6469297019163,0.000284101057256157,0.0162777915359824,1.13640422902463,0.11588098168331
7.154531936701,5062.30135117049,4985.16404428794,0.917838567680051,52.5882762023995,0,5082.98806949389,5000,25.4567456066507,0.622158723646542,35.647069052193,0.00020084616728641,0.0115076377168898,0.80338466914564,0.0819224372385718
7.164531936701,5068.37670804448,4993.10696811064,0.917844892420604,52.5886385833397,0,5077.98806949389,5000,11.8276015125091,0.622160305531733,35.6471596875381,0.000103029731061244,0.0059031687541772,0.412118924244975,0.0420244348727624
7.174531936701,5074.44984798023,5001.05158439414,0.925434228267005,53.0234754966458,0,5072.98806949389,5000,1.80072931923207,-2.51797345306435,-144.269251786569,2.92393223898589,167.528976876129,11695.7289559435,1192.63244389711
