method_id,method_name,object_id,object_type,time_s,x_m,y_m,z_m,heading_deg,pitch_deg,roll_deg,speed_mps,r_m,q_deg,qdot_deg_s,a_n_m_s2,n_g
three_point,三点法,station_three_point,station,0,0,0,0,0,0,0,0,0,0,0,0,0
three_point,三点法,missile_three_point,missile,0,0,0,0,59.9999997121591,30.0000002878409,0,1000,10000,30,1.43239448782704,24.9999999999998,2.5492905324448
three_point,三点法,missile_three_point,missile,2.00950914520766e-07,0.000174028596383933,0,0.000100475458134663,59.999998272954,30.000001727046,0,1000,9999.99971203479,30.000000287841,1.4323945415389,25.0000004350712,2.54929057680974
three_point,三点法,missile_three_point,missile,1.2057054871246e-06,0.00104417156316062,0,0.000602852775036386,59.9999907890861,30.0000092109139,0,1000,9999.99827220873,30.000001727046,1.43239481009825,25.0000026104289,2.54929079863449
three_point,三点法,missile_three_point,missile,6.22947835014376e-06,0.00539488601846944,0,0.00311474001525527,59.9999533696975,30.0000466303025,0,1000,9999.99107307852,30.0000089230729,1.43239615289621,25.0000134872209,2.5492919077586
three_point,三点法,missile_three_point,missile,3.13483426652396e-05,0.0271484488306269,0,0.0156741926091238,59.9997662715316,30.0002337284684,0,1000,9999.95507742985,30.0000449032542,1.43240286691637,25.0000678712754,2.54929745338881
three_point,三点法,missile_three_point,missile,0.000156942664240719,0.135916026279088,0,0.0784718653999679,59.998830750129,30.001169249871,0,1000,9999.77509924565,30.0002248053349,1.43243643777611,25.0003397939141,2.54932518178115
three_point,三点法,missile_three_point,missile,0.000784914272118113,0.679747997880815,0,0.392470475160421,59.9941523786696,30.0058476213304,0,1000,9998.87520980356,30.0011243450906,1.43260431105025,25.0016994662623,2.54946382977493
three_point,三点法,missile_three_point,missile,0.00392477231150509,3.39875992331084,0,1.96271970270716,59.9789171765547,30.0210828234453,0,1000,9994.37579957705,30.0056227777847,1.43344415206989,25.0084993071213,2.55015722057189
three_point,三点法,missile_three_point,missile,0.0139247723115051,12.0567803849205,0,6.96658616756993,59.9600661447134,30.0399338552865,0,1000,9980.04623098924,30.0199578000582,1.43612420807556,25.0301722684395,2.55236724757583
three_point,三点法,missile_three_point,missile,0.0239247723115051,20.712293296019,0,11.9747888543831,59.9313477123014,30.0686522876986,0,1000,9965.71728940705,30.0343052471973,1.43881233043946,25.0518702750192,2.55457982848569
three_point,三点法,missile_three_point,missile,0.0339247723115051,29.3652932196406,0,16.9873321432486,59.902591927815,30.097408072185,0,1000,9951.38897627601,30.0486651335611,1.44150855363888,25.0735933594073,2.55679496662034
three_point,三点法,missile_three_point,missile,0.0439247723115051,38.0157747059321,0,22.0042204169506,59.8737987336845,30.1262012663155,0,1000,9937.06129304621,30.0630374735275,1.44421291234471,25.0953415541883,2.55901266530245
three_point,三点法,missile_three_point,missile,0.0539247723115051,46.6637322921222,0,27.0254580609442,59.8449680722451,30.1550319277549,0,1000,9922.73424117232,30.0774222814929,1.44692544142277,25.117114891984,2.56123292785855
three_point,三点法,missile_three_point,missile,0.0639247723115051,55.3091605024892,0,32.0510494633458,59.8160998857356,30.1839001142644,0,1000,9908.40782211362,30.0918195718728,1.44964617593521,25.1389134054539,2.56345575761896
three_point,三点法,missile_three_point,missile,0.0739247723115051,63.9520538483306,0,37.0809990149222,59.7871941163012,30.2128058836989,0,1000,9894.08203733402,30.1062293591009,1.45237515114187,25.1607371272949,2.56568115791784
three_point,三点法,missile_three_point,missile,0.0839247723115051,72.5924068279306,0,42.1153111090799,59.7582507059898,30.2417492940102,0,1000,9879.75688830205,30.1206516576301,1.4551124025017,25.1825860902414,2.56790913209316
three_point,三点法,missile_three_point,missile,0.0939247723115051,81.230213926529,0,47.1539901418547,59.7292695967551,30.2707304032449,0,1000,9865.4323764909,30.1350864819318,1.45785796567409,25.2044603270653,2.57013968348675
three_point,三点法,missile_three_point,missile,0.103924772311505,89.8654696162896,0,52.1970405119006,59.700250730454,30.299749269546,0,1000,9851.10850337843,30.1495338464962,1.46061187652037,25.226359870576,2.57237281544421
three_point,三点法,missile_three_point,missile,0.113924772311505,98.498168356268,0,57.2444666204794,59.6711940488468,30.3288059511532,0,1000,9836.78527044718,30.1639937658325,1.46337417110517,25.2482847536203,2.574608531315
three_point,三点法,missile_three_point,missile,0.123924772311505,107.12830459238,0,62.2962728714494,59.6420994936006,30.3579005063994,0,1000,9822.46267918438,30.1784662544686,1.46614488569787,25.2702350090826,2.5768468344524
three_point,三点法,missile_three_point,missile,0.133924772311505,115.755872757371,0,67.3524636712545,59.6129670062822,30.3870329937178,0,1000,9808.140731082,30.1929513269511,1.46892405677409,25.2922106698848,2.57908772821348
three_point,三点法,missile_three_point,missile,0.143924772311505,124.38086727078,0,72.4130434289131,59.583796528365,30.416203471635,0,1000,9793.81942763672,30.2074489978457,1.47171172101707,25.3142117689861,2.58133121595918
three_point,三点法,missile_three_point,missile,0.153924772311505,133.003282538914,0,77.478016556007,59.5545880012247,30.4454119987753,0,1000,9779.49877034996,30.221959281737,1.47450791531923,25.3362383393834,2.58357730105422
three_point,三点法,missile_three_point,missile,0.163924772311505,141.623112954809,0,82.5473874666704,59.5253413661399,30.4746586338601,0,1000,9765.17876072794,30.2364821932284,1.47731267678358,25.3582904141109,2.58582598686717
three_point,三点法,missile_three_point,missile,0.173924772311505,150.240352898204,0,87.621160577578,59.4960565642933,30.5039434357067,0,1000,9750.85940028162,30.2510177469422,1.48012604272529,25.3803680262404,2.58807727677039
three_point,三点法,missile_three_point,missile,0.183924772311505,158.854996735503,0,92.699340307934,59.4667335367688,30.5332664632312,0,1000,9736.54069052677,30.2655659575198,1.48294805067313,25.402471208881,2.5903311741401
three_point,三点法,missile_three_point,missile,0.193924772311505,167.467038819748,0,97.7819310794607,59.4373722245553,30.5626277754447,0,1000,9722.22263298398,30.2801268396216,1.48577873837105,25.4245999951793,2.59258768235629
three_point,三点法,missile_three_point,missile,0.203924772311505,176.076473490583,0,102.868937316387,59.4079725685439,30.5920274314561,0,1000,9707.90522917867,30.2947004079267,1.48861814377969,25.4467544183196,2.59484680480282
three_point,三点法,missile_three_point,missile,0.213924772311505,184.683295074222,0,107.960363445435,59.3785345095275,30.6214654904725,0,1000,9693.58848064108,30.3092866771337,1.49146630507794,25.4689345115232,2.59710854486733
three_point,三点法,missile_three_point,missile,0.223924772311505,193.287497883419,0,113.056213895812,59.349057988199,30.650942011801,0,1000,9679.27238890634,30.3238856619598,1.49432326066447,25.4911403080493,2.59937290594131
three_point,三点法,missile_three_point,missile,0.233924772311505,201.889076217433,0,118.156493099196,59.3195429451594,30.6804570548406,0,1000,9664.95695551445,30.3384973771416,1.49718904915938,25.5133718411942,2.60163989142002
three_point,三点法,missile_three_point,missile,0.243924772311505,210.488024361994,0,123.261205489722,59.2899893209064,30.7100106790936,0,1000,9650.64218201029,30.3531218374345,1.50006370940572,25.5356291442917,2.60390950470259
three_point,三点法,missile_three_point,missile,0.253924772311505,219.084336589275,0,128.370355503976,59.2603970558447,30.7396029441553,0,1000,9636.32806994366,30.3677590576132,1.50294728047112,25.557912250713,2.60618174919193
three_point,三点法,missile_three_point,missile,0.263924772311505,227.678007157855,0,133.483947580975,59.2307660902737,30.7692339097263,0,1000,9622.0146208693,30.3824090524716,1.50583980164942,25.580221193867,2.60845662829478
three_point,三点法,missile_three_point,missile,0.273924772311505,236.269030312687,0,138.601986162164,59.2010963643972,30.7989036356028,0,1000,9607.70183634687,30.3970718368225,1.50874131246229,25.6025560071996,2.61073414542169
three_point,三点法,missile_three_point,missile,0.283924772311505,244.857400285067,0,143.724475691395,59.1713878183284,30.8286121816716,0,1000,9593.38971794102,30.411747425498,1.51165185266086,25.6249167241943,2.61301430398702
three_point,三点法,missile_three_point,missile,0.293924772311505,253.443111292597,0,148.851420614919,59.1416403920697,30.8583596079304,0,1000,9579.07826722135,30.4264358333495,1.51457146222741,25.647303378372,2.61529710740895
three_point,三点法,missile_three_point,missile,0.303924772311505,262.026157539157,0,153.982825381375,59.1118540255271,30.8881459744729,0,1000,9564.76748576247,30.4411370752475,1.51750018137703,25.6697160032909,2.61758255910947
three_point,三点法,missile_three_point,missile,0.313924772311505,270.606533214867,0,159.118694441775,59.0820286585189,30.9179713414811,0,1000,9550.457375144,30.4558511660817,1.52043805055933,25.6921546325466,2.61987066251437
three_point,三点法,missile_three_point,missile,0.323924772311505,279.184232496059,0,164.25903224949,59.0521642307517,30.9478357692484,0,1000,9536.1479369506,30.4705781207612,1.52338511046008,25.714619299772,2.62216142105327
three_point,三点法,missile_three_point,missile,0.333924772311505,287.759249545236,0,169.403843260242,59.0222606818347,30.9777393181653,0,1000,9521.83917277194,30.4853179542143,1.52634140200303,25.7371100386376,2.62445483815958
three_point,三点法,missile_three_point,missile,0.343924772311505,296.331578511048,0,174.553131932087,58.9923179512826,31.0076820487174,0,1000,9507.53108420278,30.5000706813885,1.52930696635154,25.759626882851,2.62675091727052
three_point,三点法,missile_three_point,missile,0.353924772311505,304.90121352825,0,179.706902725405,58.9623359785051,31.0376640214949,0,1000,9493.22367284298,30.5148363172509,1.53228184491042,25.7821698661571,2.62904966182714
three_point,三点法,missile_three_point,missile,0.363924772311505,313.468148717675,0,184.865160102885,58.9323147028166,31.0676852971834,0,1000,9478.91694029745,30.5296148767876,1.53526607932761,25.8047390223383,2.63135107527426
three_point,三点法,missile_three_point,missile,0.373924772311505,322.032378186195,0,190.027908529513,58.9022540634298,31.0977459365702,0,1000,9464.61088817625,30.5444063750043,1.53825971149605,25.8273343852143,2.63365516106053
three_point,三点法,missile_three_point,missile,0.383924772311505,330.593896026693,0,195.195152472559,58.8721539994572,31.1278460005428,0,1000,9450.30551809456,30.5592108269261,1.54126278355538,25.8499559886419,2.6359619226384
three_point,三点法,missile_three_point,missile,0.393924772311505,339.152696318023,0,200.366896401563,58.8420144499059,31.1579855500941,0,1000,9436.00083167272,30.5740282475973,1.54427533789384,25.8726038665153,2.63827136346411
three_point,三点法,missile_three_point,missile,0.403924772311505,347.708773124981,0,205.543144788324,58.811835353698,31.188164646302,0,1000,9421.69683053621,30.5888586520819,1.54729741715002,25.8952780527661,2.64058348699771
three_point,三点法,missile_three_point,missile,0.413924772311505,356.262120498271,0,210.723902106881,58.7816166496387,31.2183833503613,0,1000,9407.39351631573,30.6037020554632,1.55032906421478,25.9179785813631,2.64289829670306
three_point,三点法,missile_three_point,missile,0.423924772311505,364.812732474465,0,215.909172833508,58.7513582764353,31.2486417235647,0,1000,9393.09089064715,30.6185584728439,1.55337032223303,25.9407054863121,2.64521579604779
three_point,三点法,missile_three_point,missile,0.433924772311505,373.360603075977,0,221.098961446692,58.7210601727024,31.2789398272976,0,1000,9378.78895517158,30.6334279193463,1.55642123460569,25.9634588016565,2.64753598850336
three_point,三点法,missile_three_point,missile,0.443924772311505,381.905726311025,0,226.293272427127,58.6907222769488,31.3092777230512,0,1000,9364.48771153537,30.6483104101123,1.55948184499149,25.9862385614768,2.64985887754501
three_point,三点法,missile_three_point,missile,0.453924772311505,390.448096173596,0,231.492110257692,58.6603445275829,31.3396554724171,0,1000,9350.18716139011,30.6632059603032,1.56255219730898,26.0090447998905,2.65218446665177
three_point,三点法,missile_three_point,missile,0.463924772311505,398.987706643413,0,236.695479423445,58.6299268629041,31.3700731370959,0,1000,9335.88730639267,30.6781145850999,1.56563233573836,26.0318775510527,2.65451275930646
three_point,三点法,missile_three_point,missile,0.473924772311505,407.5245516859,0,241.903384411605,58.5994692211236,31.4005307788764,0,1000,9321.58814820522,30.6930362997029,1.5687223047235,26.0547368491553,2.65684375899571
three_point,三点法,missile_three_point,missile,0.483924772311505,416.058625252149,0,247.115829711537,58.5689715403446,31.4310284596554,0,1000,9307.28968849522,30.7079711193322,1.57182214897386,26.0776227284276,2.65917746920994
three_point,三点法,missile_three_point,missile,0.493924772311505,424.589921278885,0,252.332819814742,58.5384337585646,31.4615662414354,0,1000,9292.99192893548,30.7229190592275,1.57493191346648,26.100535223136,2.66151389344332
three_point,三点法,missile_three_point,missile,0.503924772311505,433.118433688428,0,257.554359214838,58.5078558136859,31.4921441863141,0,1000,9278.69487120414,30.7378801346482,1.57805164344798,26.1234743675839,2.66385303519386
three_point,三点法,missile_three_point,missile,0.513924772311505,441.644156388666,0,262.78045240755,58.4772376435053,31.5227623564947,0,1000,9264.3985169847,30.7528543608734,1.58118138443655,26.146440196112,2.66619489796332
three_point,三点法,missile_three_point,missile,0.523924772311505,450.167083273011,0,268.011103890692,58.4465791857189,31.5534208142811,0,1000,9250.10286796605,30.7678417532017,1.58432118222404,26.1694327430981,2.66853948525726
three_point,三点法,missile_three_point,missile,0.533924772311505,458.687208220371,0,273.246318164154,58.4158803779161,31.5841196220839,0,1000,9235.80792584249,30.7828423269514,1.58747108287794,26.192452042957,2.67088680058501
three_point,三点法,missile_three_point,missile,0.543924772311505,467.204525095113,0,278.48609972989,58.3851411575879,31.6148588424121,0,1000,9221.51369231372,30.7978560974609,1.59063113274349,26.2154981301405,2.67323684745968
three_point,三点法,missile_three_point,missile,0.553924772311505,475.719027747028,0,283.730453091898,58.3543614621269,31.6456385378731,0,1000,9207.22016908489,30.8128830800878,1.59380137844576,26.2385710391377,2.67558962939818
three_point,三点法,missile_three_point,missile,0.563924772311505,484.230710011296,0,288.979382756209,58.3235412288139,31.6764587711861,0,1000,9192.92735786658,30.82792329021,1.59698186689177,26.2616708044744,2.67794514992117
three_point,三点法,missile_three_point,missile,0.573924772311505,492.73956570845,0,294.232893230871,58.292680394825,31.707319605175,0,1000,9178.63526037487,30.8429767432248,1.60017264527257,26.2847974607138,2.6803034125531
three_point,三点法,missile_three_point,missile,0.583924772311505,501.245588644342,0,299.490989025936,58.261778897247,31.738221102753,0,1000,9164.34387833134,30.8580434545495,1.60337376106546,26.3079510424558,2.68266442082218
three_point,三点法,missile_three_point,missile,0.593924772311505,509.748772610109,0,304.753674653439,58.2308366730528,31.7691633269472,0,1000,9150.05321346304,30.8731234396212,1.60658526203607,26.3311315843374,2.68502817826041
three_point,三点法,missile_three_point,missile,0.603924772311505,518.249111382135,0,310.020954627392,58.199853659108,31.800146340892,0,1000,9135.7632675026,30.8882167138968,1.60980719624059,26.3543391210326,2.68739468840354
three_point,三点法,missile_three_point,missile,0.613924772311505,526.746598722015,0,315.292833463759,58.1688297921874,31.8311702078126,0,1000,9121.47404218815,30.9033232928533,1.613039612028,26.3775736872521,2.6897639547911
three_point,三点法,missile_three_point,missile,0.623924772311505,535.241228376525,0,320.569315680448,58.1377650089534,31.8622349910466,0,1000,9107.18553926343,30.9184431919872,1.61628255804222,26.4008353177439,2.69213598096637
three_point,三点法,missile_three_point,missile,0.633924772311505,543.732994077581,0,325.850405797292,58.1066592459639,31.8933407540361,0,1000,9092.89776047773,30.9335764268153,1.61953608322442,26.4241240472926,2.69451077047642
three_point,三点法,missile_three_point,missile,0.643924772311505,552.221889542204,0,331.136108336034,58.0755124396736,31.9244875603264,0,1000,9078.61070758597,30.9487230128742,1.62280023681525,26.4474399107197,2.69688832687205
three_point,三点法,missile_three_point,missile,0.653924772311505,560.707908472487,0,336.426427820312,58.0443245264393,31.9556754735607,0,1000,9064.32438234868,30.9638829657204,1.62607506835715,26.4707829428839,2.69926865370783
three_point,三点法,missile_three_point,missile,0.663924772311505,569.191044555559,0,341.721368775642,58.0130954425057,31.9869045574943,0,1000,9050.03878653204,30.9790563009304,1.62936062769662,26.4941531786802,2.70165175454209
three_point,三点法,missile_three_point,missile,0.673924772311505,577.671291463544,0,347.020935729403,57.9818251240143,32.0181748759857,0,1000,9035.7539219079,30.9942430341008,1.63265696498657,26.5175506530408,2.70403763293691
three_point,三点法,missile_three_point,missile,0.683924772311506,586.148642853533,0,352.325133210821,57.950513507002,32.049486492998,0,1000,9021.46979025377,31.0094431808482,1.63596413068869,26.5409754009345,2.70642629245813
three_point,三点法,missile_three_point,missile,0.693924772311506,594.623092367542,0,357.633965750954,57.9191605274027,32.0808394725973,0,1000,9007.18639335287,31.024656756809,1.63928217557578,26.5644274573671,2.70881773667533
three_point,三点法,missile_three_point,missile,0.703924772311506,603.094633632478,0,362.947437882672,57.8877661210461,32.1122338789539,0,1000,8992.90373299416,31.0398837776402,1.64261115073416,26.5879068573808,2.71121196916183
three_point,三点法,missile_three_point,missile,0.713924772311506,611.563260260103,0,368.265554140645,57.8563302236494,32.1436697763506,0,1000,8978.62181097232,31.0551242590183,1.64595110756608,26.6114136360549,2.71360899349471
three_point,三点法,missile_three_point,missile,0.723924772311506,620.028965846997,0,373.588319061325,57.8248527708361,32.1751472291639,0,1000,8964.34062908778,31.0703782166403,1.64930209779217,26.634947828505,2.71600881325478
three_point,三点法,missile_three_point,missile,0.733924772311506,628.491743974525,0,378.915737182928,57.7933336981174,32.2066663018826,0,1000,8950.06018914676,31.0856456662231,1.65266417345389,26.6585094698836,2.7184114320266
three_point,三点法,missile_three_point,missile,0.743924772311506,636.951588208795,0,384.24781304542,57.7617729408934,32.2382270591066,0,1000,8935.7804929613,31.100926623504,1.656037386916,26.6820985953799,2.72081685339845
three_point,三点法,missile_three_point,missile,0.753924772311506,645.408492100624,0,389.584551190498,57.7301704344661,32.2698295655339,0,1000,8921.50154234922,31.1162211042403,1.65942179086908,26.7057152402197,2.72322508096237
three_point,三点法,missile_three_point,missile,0.763924772311506,653.862449185505,0,394.925956161576,57.6985261140349,32.3014738859651,0,1000,8907.22333913419,31.1315291242094,1.66281743833207,26.7293594396651,2.72563611831412
three_point,三点法,missile_three_point,missile,0.773924772311506,662.313452983566,0,400.272032503763,57.6668399146821,32.3331600853179,0,1000,8892.94588514576,31.1468506992092,1.66622438265477,26.7530312290152,2.72804996905316
three_point,三点法,missile_three_point,missile,0.783924772311506,670.761496999533,0,405.622784763853,57.6351117713869,32.3648882286131,0,1000,8878.66918221933,31.1621858450575,1.6696426775205,26.7767306436054,2.73046663678273
three_point,三点法,missile_three_point,missile,0.793924772311506,679.206574722698,0,410.978217490302,57.6033416190307,32.3966583809693,0,1000,8864.39323219621,31.1775345775927,1.6730723769486,26.8004577188076,2.73288612510975
three_point,三点法,missile_three_point,missile,0.803924772311506,687.648679626876,0,416.338335233212,57.571529392381,32.428470607619,0,1000,8850.11803692362,31.1928969126732,1.67651353529715,26.8242124900302,2.73530843764488
three_point,三点法,missile_three_point,missile,0.813924772311506,696.087805170375,0,421.703142544316,57.5396750260922,32.4603249739079,0,1000,8835.84359825472,31.2082728661778,1.67996620726555,26.8479949927182,2.7377335780025
three_point,三点法,missile_three_point,missile,0.823924772311506,704.523944795951,0,427.07264397696,57.5077784547218,32.4922215452782,0,1000,8821.56991804864,31.2236624540057,1.68343044789721,26.8718052623528,2.74016154980068
three_point,三点法,missile_three_point,missile,0.833924772311506,712.957091930778,0,432.446844086081,57.4758396127256,32.5241603872744,0,1000,8807.29699817048,31.2390656920763,1.68690631258228,26.8956433344519,2.74259235666124
three_point,三点法,missile_three_point,missile,0.843924772311506,721.387239986409,0,437.825747428195,57.4438584344302,32.5561415655698,0,1000,8793.02484049133,31.2544825963295,1.69039385706032,26.9195092445694,2.74502600220967
three_point,三点法,missile_three_point,missile,0.853924772311506,729.814382358734,0,443.209358561378,57.4118348540763,32.5881651459237,0,1000,8778.75344688829,31.2699131827254,1.69389313742312,26.9434030282959,2.7474624900752
three_point,三点法,missile_three_point,missile,0.863924772311506,738.238512427951,0,448.597682045243,57.3797688057876,32.6202311942125,0,1000,8764.48281924454,31.2853574672446,1.6974042101174,26.967324721258,2.74990182389073
three_point,三点法,missile_three_point,missile,0.873924772311506,746.659623558521,0,453.990722440931,57.3476602235742,32.6523397764259,0,1000,8750.21295944928,31.3008154658882,1.70092713194765,26.9912743591189,2.7523440072929
three_point,三点法,missile_three_point,missile,0.883924772311506,755.077709099135,0,459.388484311084,57.3155090413586,32.6844909586414,0,1000,8735.9438693978,31.3162871946776,1.70446196007896,27.0152519775777,2.754789043922
three_point,三点法,missile_three_point,missile,0.893924772311506,763.492762382677,0,464.790972219831,57.2833151929343,32.7166848070657,0,1000,8721.67555099151,31.3317726696548,1.7080087520399,27.0392576123699,2.75723693742204
three_point,三点法,missile_three_point,missile,0.903924772311506,771.904776726182,0,470.198190732771,57.2510786119897,32.7489213880103,0,1000,8707.4080061379,31.3472719068823,1.71156756572532,27.0632912992672,2.75968769144073
three_point,三点法,missile_three_point,missile,0.913924772311506,780.313745430803,0,475.610144416952,57.2187992321122,32.7812007678878,0,1000,8693.14123675065,31.3627849224429,1.71513845939936,27.0873530740775,2.76214130962943
three_point,三点法,missile_three_point,missile,0.923924772311506,788.71966178177,0,481.026837840853,57.1864769867809,32.8135230132191,0,1000,8678.87524474958,31.37831173244,1.7187214916983,27.1114429726446,2.76459779564322
three_point,三点法,missile_three_point,missile,0.933924772311506,797.122519048355,0,486.448275574364,57.1541118093603,32.8458881906397,0,1000,8664.61003206067,31.3938523529978,1.7223167216336,27.1355610308486,2.76705715314084
three_point,三点法,missile_three_point,missile,0.943924772311506,805.522310483831,0,491.874462188771,57.121703633106,32.878296366894,0,1000,8650.34560061616,31.4094068002607,1.72592420859486,27.1597072846056,2.76951938578471
three_point,三点法,missile_three_point,missile,0.953924772311506,813.919029325437,0,497.305402256733,57.0892523911705,32.9107476088295,0,1000,8636.08195235447,31.424975090394,1.7295440123528,27.1838817698677,2.77198449724092
three_point,三点法,missile_three_point,missile,0.963924772311506,822.312668794338,0,502.741100352265,57.0567580165931,32.9432419834069,0,1000,8621.81908922029,31.4405572395833,1.73317619306241,27.2080845226228,2.77445249117923
three_point,三点法,missile_three_point,missile,0.973924772311506,830.703222095588,0,508.181561050718,57.0242204422994,32.9757795577006,0,1000,8607.55701316456,31.4561532640352,1.73682081126595,27.2323155788951,2.77692337127307
three_point,三点法,missile_three_point,missile,0.983924772311506,839.09068241809,0,513.626788928762,56.9916396011148,33.0083603988852,0,1000,8593.29572614453,31.4717631799766,1.74047792789608,27.2565749747444,2.77939714119953
three_point,三点法,missile_three_point,missile,0.993924772311506,847.475042934562,0,519.076788564362,56.9590154257493,33.0409845742507,0,1000,8579.03523012376,31.4873870036552,1.74414760427902,27.2808627462665,2.78187380463935
three_point,三点法,missile_three_point,missile,1.00392477231151,855.856296801491,0,524.531564536763,56.926347848802,33.073652151198,0,1000,8564.77552707212,31.5030247513396,1.74782990213771,27.3051789295931,2.78435336527694
three_point,三点法,missile_three_point,missile,1.01392477231151,864.234437159105,0,529.991121426468,56.8936368027665,33.1063631972335,0,1000,8550.51661896585,31.5186764393187,1.75152488359501,27.3295235608916,2.78683582680034
three_point,三点法,missile_three_point,missile,1.02392477231151,872.609457131324,0,535.455463815219,56.8608822200205,33.1391177799795,0,1000,8536.25850778757,31.5343420839025,1.75523261117691,27.3538966763651,2.78932119290125
three_point,三点法,missile_three_point,missile,1.03392477231151,880.981349825728,0,540.924596285976,56.8280840328351,33.1719159671649,0,1000,8522.00119552629,31.5500217014216,1.75895314781586,27.3782983122525,2.79180946727502
three_point,三点法,missile_three_point,missile,1.04392477231151,889.350108333517,0,546.3985234229,56.7952421733714,33.2047578266286,0,1000,8507.74468417743,31.5657153082273,1.762686556854,27.4027285048286,2.79430065362061
three_point,三点法,missile_three_point,missile,1.05392477231151,897.71572572947,0,551.877249811327,56.7623565736811,33.2376434263189,0,1000,8493.48897574288,31.5814229206918,1.76643290204649,27.4271872904033,2.79679475564064
three_point,三点法,missile_three_point,missile,1.06392477231151,906.078195071911,0,557.360780037755,56.7294271656949,33.2705728343051,0,1000,8479.23407223096,31.5971445552082,1.77019224756494,27.4516747053227,2.79929177704136
three_point,三点法,missile_three_point,missile,1.07392477231151,914.437509402664,0,562.84911868982,56.6964538812445,33.3035461187555,0,1000,8464.97997565649,31.6128802281902,1.77396465800073,27.476190785968,2.80179172153264
three_point,三点法,missile_three_point,missile,1.08392477231151,922.793661747018,0,568.342270356272,56.6634366520476,33.3365633479524,0,1000,8450.72668804079,31.6286299560725,1.77775019836844,27.5007355687562,2.80429459282795
three_point,三点法,missile_three_point,missile,1.09392477231151,931.146645113689,0,573.840239626963,56.6303754097037,33.3696245902963,0,1000,8436.47421141171,31.6443937553108,1.78154893410938,27.5253090901397,2.80680039464442
three_point,三点法,missile_three_point,missile,1.10392477231151,939.496452494775,0,579.343031092817,56.5972700857125,33.4027299142875,0,1000,8422.22254780367,31.6601716423813,1.78536093109501,27.5499113866063,2.80930913070277
three_point,三点法,missile_three_point,missile,1.11392477231151,947.843076865725,0,584.850649345815,56.5641206114485,33.4358793885515,0,1000,8407.97169925763,31.6759636337816,1.78918625563048,27.5745424946792,2.81182080472732
three_point,三点法,missile_three_point,missile,1.12392477231151,956.186511185293,0,590.363098978975,56.5309269181817,33.4690730818183,0,1000,8393.72166782117,31.6917697460299,1.79302497445823,27.599202450917,2.81433542044602
three_point,三点法,missile_three_point,missile,1.13392477231151,964.5267483955,0,595.880384586323,56.4976889370765,33.5023110629235,0,1000,8379.47245554847,31.7075899956655,1.79687715476157,27.6238912919135,2.8168529815904
three_point,三点法,missile_three_point,missile,1.14392477231151,972.863781421599,0,601.402510762881,56.4644065991743,33.5355934008257,0,1000,8365.22406450036,31.7234243992486,1.80074286416829,27.6486090542979,2.81937349189559
three_point,三点法,missile_three_point,missile,1.15392477231151,981.19760317203,0,606.92948210464,56.4310798354037,33.5689201645963,0,1000,8350.97649674434,31.7392729733604,1.80462217075437,27.6733557747345,2.82189695510032
three_point,三点法,missile_three_point,missile,1.16392477231151,989.528206538382,0,612.461303208542,56.3977085765871,33.6022914234129,0,1000,8336.72975435458,31.7551357346033,1.80851514304765,27.6981314899229,2.82442337494689
three_point,三点法,missile_three_point,missile,1.17392477231151,997.855584395355,0,617.997978672454,56.3642927534384,33.6357072465616,0,1000,8322.48383941196,31.7710126996005,1.81242185003161,27.7229362365978,2.82695275518121
three_point,三点法,missile_three_point,missile,1.18392477231151,1006.17972960072,0,623.53951309515,56.3308322965546,33.6691677034454,0,1000,8308.2387540041,31.7869038849963,1.8163423611491,27.7477700515288,2.82948509955273
three_point,三点法,missile_three_point,missile,1.19392477231151,1014.50063499528,0,629.085911076288,56.297327136389,33.702672863611,0,1000,8293.99450022538,31.8028093074562,1.82027674630622,27.7726329715207,2.83202041181451
three_point,三点法,missile_three_point,missile,1.20392477231151,1022.81829340281,0,634.637177216388,56.2637772033372,33.7362227966628,0,1000,8279.75108017692,31.8187289836666,1.82422507587611,27.7975250334134,2.83455869572314
three_point,三点法,missile_three_point,missile,1.21392477231151,1031.13269763007,0,640.193316116809,56.2301824276789,33.7698175723211,0,1000,8265.50849596668,31.8346629303354,1.82818742070291,27.8224462740814,2.83709995503881
three_point,三点法,missile_three_point,missile,1.22392477231151,1039.44384046671,0,645.754332379728,56.1965427395051,33.8034572604949,0,1000,8251.26674970942,31.8506111641911,1.83216385210565,27.8473967304344,2.83964419352525
three_point,三点法,missile_three_point,missile,1.23392477231151,1047.75171468524,0,651.320230608117,56.1628580688447,33.8371419311553,0,1000,8237.02584352676,31.8665737019838,1.83615444188222,27.8723764394167,2.84219141494973
three_point,三点法,missile_three_point,missile,1.24392477231151,1056.05631304101,0,656.89101540572,56.129128345659,33.870871654341,0,1000,8222.78577954717,31.8825505604846,1.84015926231342,27.8973854380077,2.84474162308309
three_point,三点法,missile_three_point,missile,1.25392477231151,1064.35762827218,0,662.466691377032,56.0953534997333,33.9046465002667,0,1000,8208.54655990603,31.8985417564857,1.84417838616699,27.9224237632213,2.8472948216997
three_point,三点法,missile_three_point,missile,1.26392477231151,1072.65565309963,0,668.047263127274,56.061533460714,33.938466539286,0,1000,8194.30818674563,31.9145473068008,1.8482118867017,27.9474914521061,2.84985101457747
three_point,三点法,missile_three_point,missile,1.27392477231151,1080.95038022695,0,673.63273526237,56.0276681582012,33.9723318417988,0,1000,8180.07066221518,31.9305672282645,1.85225983767147,27.9725885417454,2.85241020549784
three_point,三点法,missile_three_point,missile,1.28392477231151,1089.24180234042,0,679.223112388929,55.9937575216767,34.0062424783233,0,1000,8165.83398847089,31.946601537733,1.8563223133296,27.9977150692571,2.85497239824579
three_point,三点法,missile_three_point,missile,1.29392477231151,1097.52991210894,0,684.818399114213,55.959801480449,34.040198519551,0,1000,8151.59816767593,31.9626502520834,1.86039938843296,28.0228710717936,2.85753759660981
three_point,三点法,missile_three_point,missile,1.30392477231151,1105.81470218398,0,690.418600046121,55.9257999637497,34.0742000362503,0,1000,8137.36320200048,31.9787133882145,1.86449113824622,28.0480565865417,2.8601058043819
three_point,三点法,missile_three_point,missile,1.31392477231151,1114.09616519958,0,696.023719793163,55.8917529007059,34.1082470992941,0,1000,8123.12909362176,31.994790963046,1.86859763854622,28.0732716507229,2.86267702535758
three_point,三点法,missile_three_point,missile,1.32392477231151,1122.37429377227,0,701.633762964436,55.8576602202984,34.1423397797016,0,1000,8108.89584472404,32.0108829935193,1.87271896562625,28.0985163015928,2.86525126333588
three_point,三点法,missile_three_point,missile,1.33392477231151,1130.64908050105,0,707.248734169601,55.823521851415,34.176478148585,0,1000,8094.66345749869,32.026989496597,1.87685519630052,28.1237905764414,2.86782852211931
three_point,三点法,missile_three_point,missile,1.34392477231151,1138.92051796734,0,712.868638018857,55.7893377228305,34.2106622771695,0,1000,8080.43193414417,32.043110489263,1.88100640790854,28.1490945125929,2.87040880551391
three_point,三点法,missile_three_point,missile,1.35392477231151,1147.18859873495,0,718.49347912292,55.7551077631832,34.2448922368168,0,1000,8066.20127686606,32.0592459885227,1.88517267831962,28.174428147406,2.87299211732916
three_point,三点法,missile_three_point,missile,1.36392477231151,1155.45331535002,0,724.123262092999,55.7208319010249,34.2791680989751,0,1000,8051.97148787712,32.075396011403,1.88935408593741,28.1997915182731,2.87557846137806
three_point,三点法,missile_three_point,missile,1.37392477231151,1163.71466034101,0,729.757991540767,55.6865100647767,34.3134899352233,0,1000,8037.74256939726,32.091560574952,1.89355070970448,28.2251846626211,2.87816784147707
three_point,三点法,missile_three_point,missile,1.38392477231151,1171.97262621862,0,735.397672078343,55.6521421827314,34.3478578172686,0,1000,8023.51452365361,32.1077396962394,1.89776262910691,28.2506076179107,2.88076026144613
three_point,三点法,missile_three_point,missile,1.39392477231151,1180.22720547578,0,741.042308318261,55.6177281830574,34.3822718169426,0,1000,8009.28735288053,32.1239333923563,1.90198992417902,28.2760604216366,2.88335572510864
three_point,三点法,missile_three_point,missile,1.40392477231151,1188.47839058757,0,746.69190487345,55.5832679938491,34.4167320061509,0,1000,7995.06105931961,32.1401416804155,1.90623267550804,28.3015431113276,2.88595423629145
three_point,三点法,missile_three_point,missile,1.41392477231151,1196.72617401125,0,752.346466357209,55.5487615430672,34.4512384569328,0,1000,7980.83564521973,32.156364577551,1.91049096423889,28.3270557245461,2.88855579882489
three_point,三点法,missile_three_point,missile,1.42392477231151,1204.97054818613,0,758.005997383178,55.5142087585123,34.4857912414877,0,1000,7966.61111283708,32.1726021009186,1.914764872079,28.3525982988884,2.89116041654269
three_point,三点法,missile_three_point,missile,1.43392477231151,1213.21150553359,0,763.670502565317,55.4796095679324,34.5203904320676,0,1000,7952.38746443516,32.1888542676955,1.91905448130322,28.3781708719847,2.89376809328208
three_point,三点法,missile_three_point,missile,1.44392477231151,1221.44903845702,0,769.339986517878,55.4449638989531,34.5550361010469,0,1000,7938.16470228482,32.2051210950805,1.92335987475864,28.4037734814986,2.89637883288366
three_point,三点法,missile_three_point,missile,1.45392477231151,1229.68313934179,0,775.014453855381,55.4102716790203,34.5897283209797,0,1000,7923.94282866428,32.2214026002939,1.92768113586968,28.4294061651275,2.89899263919152
three_point,三点法,missile_three_point,missile,1.46392477231151,1237.91380055516,0,780.693909192589,55.3755328354862,34.6244671645138,0,1000,7909.72184585918,32.2376988005779,1.93201834864301,28.4550689606023,2.90160951605312
three_point,三点法,missile_three_point,missile,1.47392477231151,1246.1410144463,0,786.37835714448,55.3407472956446,34.6592527043554,0,1000,7895.50175616257,32.254009713196,1.93637159767268,28.4807619056875,2.90422946731937
three_point,三点法,missile_three_point,missile,1.48392477231151,1254.36477334622,0,792.067802326222,55.305914986621,34.694085013379,0,1000,7881.28256187495,32.2703353554335,1.94074096814524,28.5064850381808,2.90685249684457
three_point,三点法,missile_three_point,missile,1.49392477231151,1262.58506956773,0,797.76224935315,55.2710358354064,34.7289641645936,0,1000,7867.0642653043,32.2866757445974,1.9451265458449,28.5322383959134,2.90947860848642
three_point,三点法,missile_three_point,missile,1.50392477231151,1270.80189540538,0,803.461702840733,55.2361097689096,34.7638902310905,0,1000,7852.8468687661,32.3030308980163,1.94952841715881,28.5580220167498,2.91210780610604
three_point,三点法,missile_three_point,missile,1.51392477231151,1279.01524313546,0,809.166167404556,55.2011367139269,34.7988632860731,0,1000,7838.63037458335,32.3194008330405,1.95394666908228,28.5838359385877,2.91474009356791
three_point,三点法,missile_three_point,missile,1.52392477231151,1287.22510501592,0,814.875647660286,55.1661165970971,34.8338834029029,0,1000,7824.41478508661,32.3357855670421,1.95838138922419,28.609680199358,2.9173754747399
three_point,三点法,missile_three_point,missile,1.53392477231151,1295.43147328634,0,820.590148223652,55.1310493449482,34.8689506550518,0,1000,7810.20010261401,32.3521851174149,1.96283266581238,28.6355548370246,2.92001395349326
three_point,三点法,missile_three_point,missile,1.54392477231151,1303.63434016788,0,826.309673710412,55.0959348839186,34.9040651160814,0,1000,7795.98632951129,32.3685995015745,1.96730058769908,28.6614598895846,2.9226555337026
three_point,三点法,missile_three_point,missile,1.55392477231151,1311.83369786326,0,832.03422873633,55.06077314031,34.93922685969,0,1000,7781.77346813182,32.3850287369581,1.97178524436644,28.6873953950679,2.92530021924591
three_point,三点法,missile_three_point,missile,1.56392477231151,1320.02953855669,0,837.763817917149,55.025564040322,34.974435959678,0,1000,7767.5615208366,32.401472841025,1.97628672593215,28.7133613915374,2.92794801400451
three_point,三点法,missile_three_point,missile,1.57392477231151,1328.22185441386,0,843.498445868561,54.9903075099955,35.0096924900045,0,1000,7753.35048999435,32.4179318312562,1.98080512315501,28.7393579170886,2.93059892186309
three_point,三点法,missile_three_point,missile,1.58392477231151,1336.41063758184,0,849.238117206182,54.9550034752527,35.0449965247473,0,1000,7739.14037798145,32.4344057251543,1.98534052744066,28.7653850098502,2.93325294670965
three_point,三点法,missile_three_point,missile,1.59392477231151,1344.5958801891,0,854.982836545525,54.919651861965,35.080348138035,0,1000,7724.93118718206,32.450894540244,1.98989303084734,28.791442707983,2.93591009243554
three_point,三点法,missile_three_point,missile,1.60392477231151,1352.77757434544,0,860.732608501968,54.8842525958233,35.1157474041767,0,1000,7710.72291998807,32.4673982940719,1.99446272609169,28.817531049681,2.93857036293546
three_point,三点法,missile_three_point,missile,1.61392477231151,1360.95571214194,0,866.487437690733,54.8488056024077,35.1511943975923,0,1000,7696.51557879916,32.4839170042065,1.99904970655465,28.8436500731702,2.94123376210737
three_point,三点法,missile_three_point,missile,1.62392477231151,1369.13028565093,0,872.247328726851,54.8133108071949,35.1866891928051,0,1000,7682.30916602281,32.5004506882379,2.00365406628738,28.8697998167095,2.94390029385259
three_point,三点法,missile_three_point,missile,1.63392477231151,1377.30128692594,0,878.012286225138,54.7777681354932,35.2222318645069,0,1000,7668.10368407437,32.5169993637786,2.0082759000173,28.89598031859,2.94656996207573
three_point,三点法,missile_three_point,missile,1.64392477231151,1385.46870800164,0,883.782314800167,54.7421775125562,35.2578224874438,0,1000,7653.89913537702,32.5335630484626,2.01291530315413,28.9221916171349,2.94924277068468
three_point,三点法,missile_three_point,missile,1.65392477231151,1393.63254089385,0,889.557419066237,54.7065388634986,35.2934611365014,0,1000,7639.69552236185,32.5501417599463,2.01757237179603,28.9484337507001,2.95191872359064
three_point,三点法,missile_three_point,missile,1.66392477231151,1401.79277759943,0,895.337603637345,54.6708521132723,35.3291478867277,0,1000,7625.49284746786,32.5667355159076,2.02224720273583,28.9747067576733,2.95459782470806
three_point,三点法,missile_three_point,missile,1.67392477231151,1409.94941009628,0,901.122873127158,54.6351171867512,35.3648828132489,0,1000,7611.29111314199,32.5833443340469,2.02693989346728,29.0010106764744,2.9572800779547
three_point,三点法,missile_three_point,missile,1.68392477231151,1418.10243034328,0,906.913232148985,54.5993340086654,35.4006659913346,0,1000,7597.09032183917,32.5999682320862,2.0316505421914,29.0273455455554,2.95996548725155
three_point,三点法,missile_three_point,missile,1.69392477231151,1426.25183028025,0,912.708685315747,54.563502503646,35.436497496354,0,1000,7582.8904760223,32.6166072277698,2.03637924782288,29.0537114034001,2.96265405652288
three_point,三点法,missile_three_point,missile,1.70392477231151,1434.39760182791,0,918.509237239944,54.5276225962061,35.4723774037939,0,1000,7568.69157816234,32.6332613388641,2.04112610999653,29.0801082885243,2.9653457896962
three_point,三点法,missile_three_point,missile,1.71392477231151,1442.53973688784,0,924.314892533634,54.4916942106866,35.5083057893134,0,1000,7554.49363073827,32.6499305831573,2.0458912290739,29.1065362394753,2.96804069070226
three_point,三点法,missile_three_point,missile,1.72392477231151,1450.6782273424,0,930.125655808393,54.4557172713547,35.5442827286453,0,1000,7540.29663623717,32.6666149784599,2.05067470614984,29.1329952948324,2.97073876347503
three_point,三点法,missile_three_point,missile,1.73392477231151,1458.81306505475,0,935.941531675295,54.4196917023633,35.5803082976367,0,1000,7526.10059715421,32.6833145426045,2.05547664305919,29.1594854932063,2.97344001195172
three_point,三点法,missile_three_point,missile,1.74392477231151,1466.94424186875,0,941.762524744875,54.3836174276802,35.6163825723198,0,1000,7511.90551599271,32.7000292934459,2.0602971423836,29.1860068732395,2.97614444007275
three_point,三点法,missile_three_point,missile,1.75392477231151,1475.07174960893,0,947.588639627103,54.3474943711924,35.6525056288076,0,1000,7497.71139526414,32.7167592488607,2.0651363074583,29.2125594736056,2.97885205178176
three_point,三点法,missile_three_point,missile,1.76392477231151,1483.19558008046,0,953.419880931352,54.3113224567023,35.6886775432977,0,1000,7483.51823748818,32.7335044267481,2.06999424237907,29.2391433330098,2.98156285102556
three_point,三点法,missile_three_point,missile,1.77392477231151,1491.31572506911,0,959.256253266366,54.2751016078467,35.7248983921533,0,1000,7469.32604519271,32.7502648450293,2.0748710520092,29.2657584901886,2.98427684175417
three_point,三点法,missile_three_point,missile,1.78392477231151,1499.43217634118,0,965.097761240235,54.2388317481249,35.7611682518751,0,1000,7455.13482091384,32.7670405216477,2.07976684198657,29.2924049839095,2.9869940279208
three_point,三点法,missile_three_point,missile,1.79392477231151,1507.54492564347,0,970.944409460356,54.2025128009135,35.7974871990865,0,1000,7440.94456719599,32.7838314745689,2.08468171873081,29.3190828529713,2.9897144134818
three_point,三点法,missile_three_point,missile,1.80392477231151,1515.65396470322,0,976.79620253341,54.1661446895214,35.8338553104786,0,1000,7426.75528659186,32.8006377217808,2.0896157894505,29.3457921362038,2.99243800239672
three_point,三点法,missile_three_point,missile,1.81392477231151,1523.75928522812,0,982.653145065327,54.1297273370783,35.8702726629217,0,1000,7412.56698166247,32.8174592812934,2.09456916215047,29.3725328724677,2.99516479862825
three_point,三点法,missile_three_point,missile,1.82392477231151,1531.86087890617,0,988.515241661253,54.0932606666016,35.9067393333984,0,1000,7398.37965497722,32.8342961711393,2.09954194563924,29.3993051006545,2.99789480614221
three_point,三点法,missile_three_point,missile,1.83392477231151,1539.95873740574,0,994.382496925523,54.0567446010215,35.9432553989785,0,1000,7384.19330911387,32.8511484093731,2.10453424953642,29.4261088596867,3.00062802890759
three_point,三点法,missile_three_point,missile,1.84392477231151,1548.05285237545,0,1000.25491546163,54.0201790630737,35.9798209369263,0,1000,7370.00794665862,32.8680160140718,2.10954618428034,29.4529441885171,3.00336447089649
three_point,三点法,missile_three_point,missile,1.85392477231151,1556.14321544414,0,1006.13250187218,53.9835639754598,36.0164360245402,0,1000,7355.8235702061,32.8848990033347,2.11457786113559,29.4798111261294,3.00610413608413
three_point,三点法,missile_three_point,missile,1.86392477231151,1564.22981822086,0,1012.01526075887,53.9468992606555,36.0531007393445,0,1000,7341.6401823594,32.9017973952834,2.11962939220085,29.5067097115378,3.00884702844884
three_point,三点法,missile_three_point,missile,1.87392477231151,1572.31265229479,0,1017.90319672249,53.9101848410934,36.0898151589066,0,1000,7327.45778573013,32.9187112080622,2.12470089041663,29.5336399837866,3.01159315197204
three_point,三点法,missile_three_point,missile,1.88392477231151,1580.3917092352,0,1023.7963143628,53.8734206390705,36.1265793609295,0,1000,7313.27638293841,32.9356404598373,2.12979246957317,29.5606019819508,3.01434251063827
three_point,三点法,missile_three_point,missile,1.89392477231151,1588.46698059141,0,1029.6946182786,53.8366065766917,36.1633934233083,0,1000,7299.09597661293,32.9525851687975,2.13490424431846,29.5875957451354,3.01709510843513
three_point,三点法,missile_three_point,missile,1.90392477231151,1596.53845789276,0,1035.59811306764,53.7997425760113,36.2002574239887,0,1000,7284.91656939096,32.9695453531541,2.14003633016631,29.6146213124755,3.0198509493533
three_point,三点法,missile_three_point,missile,1.91392477231151,1604.60613264852,0,1041.50680332659,53.76282855898,36.23717144102,0,1000,7270.73816391838,32.9865210311408,2.14518884350449,29.6416787231365,3.02261003738652
three_point,三点法,missile_three_point,missile,1.92392477231151,1612.66999634791,0,1047.42069365101,53.7258644472856,36.2741355527144,0,1000,7256.56076284973,33.0035122210136,2.15036190160302,29.6687680163133,3.02537237653157
three_point,三点法,missile_three_point,missile,1.93392477231151,1620.73004045997,0,1053.33978863536,53.6888501626268,36.3111498373732,0,1000,7242.38436884821,33.0205189410511,2.15555562262252,29.6958892312311,3.0281379707883
three_point,三点法,missile_three_point,missile,1.94392477231151,1628.78625643362,0,1059.26409287288,53.6517856265666,36.3482143734334,0,1000,7228.20898458572,33.0375412095544,2.16077012562264,29.7230424071445,3.03090682415957
three_point,三点法,missile_three_point,missile,1.95392477231151,1636.8386356975,0,1065.19361095564,53.6146707604669,36.3853292395331,0,1000,7214.0346127429,33.0545790448471,2.16600553057063,29.750227583338,3.03367894065129
three_point,三点法,missile_three_point,missile,1.96392477231151,1644.88716966003,0,1071.12834747445,53.5775054856065,36.4224945143935,0,1000,7199.86125600915,33.0716324652751,2.17126195834998,29.7774447991255,3.03645432427235
three_point,三点法,missile_three_point,missile,1.97392477231151,1652.93184970928,0,1077.06830701888,53.5402897230977,36.4597102769023,0,1000,7185.68891708266,33.0887014892072,2.17653953076915,29.8046940938504,3.03923297903467
three_point,三点法,missile_three_point,missile,1.98392477231151,1660.97266721297,0,1083.01349417716,53.5030233940499,36.4969766059501,0,1000,7171.51759867045,33.1057861350344,2.18183837057043,29.8319755068854,3.04201490895315
three_point,三点法,missile_three_point,missile,1.99392477231151,1669.00961351842,0,1088.96391353619,53.4657064192848,36.5342935807152,0,1000,7157.34730348837,33.1228864211705,2.18715860143886,29.8592890776326,3.04480011804568
three_point,三点法,missile_three_point,missile,2.00392477231151,1677.04267995248,0,1094.91956968151,53.428338719607,36.571661280393,0,1000,7143.17803426116,33.1400023660518,2.19250034801132,29.8866348455232,3.04758861033311
three_point,三点法,missile_three_point,missile,2.01392477231151,1685.07185782153,0,1100.88046719723,53.3909202156833,36.6090797843167,0,1000,7129.00979372249,33.1571339881372,2.19786373588562,29.9140128500173,3.05038038983927
three_point,三点法,missile_three_point,missile,2.02392477231151,1693.09713841138,0,1106.84661066603,53.3534508279597,36.6465491720403,0,1000,7114.84258461493,33.1742813059082,2.20324889162982,29.941423130604,3.05317546059093
three_point,三点法,missile_three_point,missile,2.03392477231151,1701.11851298725,0,1112.81800466911,53.3159304768394,36.6840695231606,0,1000,7100.67640969006,33.191444337869,2.20865594279156,29.9688657268015,3.05597382661781
three_point,三点法,missile_three_point,missile,2.04392477231151,1709.13597279372,0,1118.79465378615,53.2783590826361,36.7216409173639,0,1000,7086.51127170844,33.2086231025464,2.21408501790754,29.9963406781564,3.05877549195254
three_point,三点法,missile_three_point,missile,2.05392477231151,1717.14950905471,0,1124.77656259528,53.2407365655038,36.7592634344962,0,1000,7072.34717343966,33.2258176184898,2.2195362465131,30.0238480242441,3.0615804606307
three_point,三点法,missile_three_point,missile,2.06392477231151,1725.15911297339,0,1130.76373567304,53.2030628453397,36.7969371546603,0,1000,7058.18411766239,33.2430279042715,2.22500975915193,30.0513878046684,3.06438873669076
three_point,三点法,missile_three_point,missile,2.0739247723115,1733.16477573213,0,1136.75617759437,53.1653378420649,36.8346621579351,0,1000,7044.02210716437,33.2602539784863,2.23050568738586,30.0789600590618,3.06720032417409
three_point,三点法,missile_three_point,missile,2.0839247723115,1741.16648849252,0,1142.75389293253,53.1275614754721,36.8724385245279,0,1000,7029.86114474248,33.2774958597517,2.23602416380479,30.1065648270848,3.07001522712494
three_point,三点法,missile_three_point,missile,2.0939247723115,1749.16424239526,0,1148.75688625911,53.0897336651458,36.9102663348542,0,1000,7015.70123320274,33.2947535667081,2.24156532203674,30.1342021484262,3.07283344959045
three_point,三点法,missile_three_point,missile,2.1039247723115,1757.15802856012,0,1154.76516214394,53.0518543305992,36.9481456694008,0,1000,7001.54237536037,33.3120271180185,2.24712929675798,30.161872062803,3.07565499562063
three_point,三点法,missile_three_point,missile,2.1139247723115,1765.14783808591,0,1160.7787251551,53.0139233911772,36.9860766088228,0,1000,6987.3845740398,33.3293165323687,2.25271622370333,30.1895746099601,3.07847986926832
three_point,三点法,missile_three_point,missile,2.1239247723115,1773.13366205045,0,1166.79757985888,52.9759407660933,37.0240592339067,0,1000,6973.22783207471,33.3466218284674,2.25832623967656,30.2173098296702,3.08130807458921
three_point,三点法,missile_three_point,missile,2.1339247723115,1781.11549151047,0,1172.82173081972,52.9379063745219,37.0620936254781,0,1000,6959.07215230803,33.3639430250459,2.26395948256088,30.2450777617339,3.08413961564183
three_point,三点法,missile_three_point,missile,2.1439247723115,1789.09331750162,0,1178.85118260016,52.8998201354075,37.1001798645925,0,1000,6944.91753759205,33.3812801408584,2.26961609132963,30.2728784459794,3.08697449648752
three_point,三点法,missile_three_point,missile,2.1539247723115,1797.06713103838,0,1184.88593976087,52.8616819675352,37.1383180324648,0,1000,6930.76399078836,33.398633194682,2.275296206057,30.3007119222622,3.08981272119044
three_point,三点法,missile_three_point,missile,2.1639247723115,1805.03692311403,0,1190.92600686054,52.8234917896971,37.1765082103029,0,1000,6916.61151476793,33.4160022053166,2.28099996792896,30.3285782304657,3.09265429381753
three_point,三点法,missile_three_point,missile,2.1739247723115,1813.00268470062,0,1196.97138845588,52.7852495204783,37.2147504795217,0,1000,6902.46011241116,33.4333871915849,2.28672751925428,30.3564774105,3.09549921843851
three_point,三点法,missile_three_point,missile,2.1839247723115,1820.96440674888,0,1203.02208910156,52.7469550782881,37.2530449217119,0,1000,6888.30978660785,33.4507881723324,2.29247900347572,30.384409502303,3.0983474991259
three_point,三点法,missile_three_point,missile,2.1939247723115,1828.92208018821,0,1209.07811335021,52.7086083815201,37.2913916184799,0,1000,6874.16054025729,33.4682051664278,2.29825456518124,30.4123745458392,3.10119913995495
three_point,三点法,missile_three_point,missile,2.2039247723115,1836.87569592663,0,1215.13946575232,52.6702093483574,37.3297906516426,0,1000,6860.01237626826,33.4856381927623,2.30405435011553,30.4403725811003,3.10405414500367
three_point,三点法,missile_three_point,missile,2.2139247723115,1844.82524485071,0,1221.20615085628,52.6317578968139,37.3682421031861,0,1000,6845.86529755907,33.5030872702504,2.3098785051915,30.4684036481046,3.10691251835281
three_point,三点法,missile_three_point,missile,2.2239247723115,1852.77071782552,0,1227.27817320826,52.5932539448777,37.4067460551223,0,1000,6831.71930705761,33.5205524178293,2.31572717850202,30.4964677868974,3.10977426408584
three_point,三点法,missile_three_point,missile,2.2339247723115,1860.71210569464,0,1233.35553735225,52.5546974103091,37.4453025896909,0,1000,6817.57440770135,33.5380336544592,2.32160051933175,30.5245650375503,3.11263938628893
three_point,三点法,missile_three_point,missile,2.2439247723115,1868.64939928001,0,1239.43824782995,52.5160882108598,37.4839117891402,0,1000,6803.43060243738,33.5555309991234,2.32749867816914,30.5526954401616,3.11550788905096
three_point,三点法,missile_three_point,missile,2.2539247723115,1876.582589382,0,1245.52630918076,52.4774262640402,37.5225737359598,0,1000,6789.28789422247,33.5730444708279,2.33342180671855,30.5808590348557,3.1183797764635
three_point,三点法,missile_three_point,missile,2.2639247723115,1884.51166677927,0,1251.61972594178,52.4387114872088,37.5612885127912,0,1000,6775.14628602308,33.5905740886019,2.33937005791255,30.6090558617836,3.12125505262078
three_point,三点法,missile_three_point,missile,2.2739247723115,1892.43662222875,0,1257.71850264769,52.3999437976973,37.6000562023027,0,1000,6761.00578081539,33.6081198714976,2.3453435859243,30.6372859611218,3.1241337216197
three_point,三点法,missile_three_point,missile,2.2839247723115,1900.35744646561,0,1263.82264383078,52.3611231126439,37.6388768873561,0,1000,6746.86638158534,33.6256818385903,2.3513425461802,30.6655493730734,3.12701578755981
three_point,三点法,missile_three_point,missile,2.2939247723115,1908.27413020321,0,1269.93215402088,52.3222493490912,37.6777506509088,0,1000,6732.72809132866,33.6432600089781,2.35736709537257,30.6938461378669,3.12990125454328
three_point,三点法,missile_three_point,missile,2.3039247723115,1916.18666413301,0,1276.0470377453,52.283322423915,37.716677576085,0,1000,6718.5909130509,33.6608544017824,2.36341739147257,30.7221762957566,3.13279012667492
three_point,三点法,missile_three_point,missile,2.3139247723115,1924.09503892457,0,1282.16729952883,52.2443422538451,37.7556577461549,0,1000,6704.45484976748,33.6784650361475,2.3694935937432,30.7505398870226,3.13568240806214
three_point,三点法,missile_three_point,missile,2.3239247723115,1931.9992452255,0,1288.2929438937,52.2053087555199,37.7946912444801,0,1000,6690.31990450371,33.6960919312409,2.37559586275257,30.7789369519701,3.13857810281494
three_point,三点法,missile_three_point,missile,2.3339247723115,1939.89927366136,0,1294.42397535948,52.1662218454341,37.8337781545659,0,1000,6676.18608029481,33.7137351062531,2.38172436038724,30.80736753093,3.14147721504591
three_point,三点法,missile_three_point,missile,2.3439247723115,1947.79511483566,0,1300.5603984431,52.1270814399319,37.8729185600681,0,1000,6662.05338018597,33.7313945803979,2.38787924986572,30.835831664258,3.14437974887021
three_point,三点法,missile_three_point,missile,2.3539247723115,1955.68675932982,0,1306.7022176588,52.0878874552559,37.9121125447441,0,1000,6647.92180723236,33.749070372912,2.39406069575221,30.8643293923352,3.14728570840555
three_point,三点法,missile_three_point,missile,2.3639247723115,1963.57419770307,0,1312.84943751805,52.0486398074856,37.9513601925144,0,1000,6633.79136449919,33.7667625030554,2.40026886397049,30.8928607555675,3.15019509777218
three_point,三点法,missile_three_point,missile,2.3739247723115,1971.45742049244,0,1319.00206252955,52.0093384125572,37.9906615874428,0,1000,6619.66205506172,33.7844709901111,2.40650392181789,30.9214257943855,3.15310792109288
three_point,三点法,missile_three_point,missile,2.3839247723115,1979.33641821271,0,1325.16009719918,51.9699831863146,38.0300168136853,0,1000,6605.53388200529,33.8021958533856,2.41276603797956,30.9500245492445,3.15602418249295
three_point,三点法,missile_three_point,missile,2.3939247723115,1987.21118135634,0,1331.32354602993,51.9305740444554,38.0694259555446,0,1000,6591.40684842539,33.8199371122081,2.41905538254287,30.9786570606243,3.15894388610018
three_point,三点法,missile_three_point,missile,2.4039247723115,1995.08170039344,0,1337.49241352189,51.891110902539,38.108889097461,0,1000,6577.28095742766,33.8376947859315,2.42537212701192,31.0073233690293,3.16186703604486
three_point,三点法,missile_three_point,missile,2.4139247723115,2002.94796577172,0,1343.66670417219,51.8515936759637,38.1484063240363,0,1000,6563.15621212793,33.8554688939315,2.43171644432236,31.0360235149878,3.16479363645973
three_point,三点法,missile_three_point,missile,2.4239247723115,2010.80996791642,0,1349.84642247497,51.812022280035,38.187977719965,0,1000,6549.03261565226,33.8732594556073,2.4380885088563,31.0647575390524,3.16772369148001
three_point,三点法,missile_three_point,missile,2.4339247723115,2018.6676972303,0,1356.03157292132,51.7723966299107,38.2276033700893,0,1000,6534.91017113698,33.8910664903812,2.44448849645744,31.0935254817997,3.17065720524335
three_point,三点法,missile_three_point,missile,2.4439247723115,2026.52114409354,0,1362.22215999925,51.7327166405792,38.2672833594208,0,1000,6520.7888817287,33.9088900176988,2.45091658444638,31.1223273838299,3.17359418188983
three_point,三点法,missile_three_point,missile,2.4539247723115,2034.37029886373,0,1368.41818819364,51.6929822269861,38.3070177730139,0,1000,6506.66875058439,33.926730057029,2.45737295163612,31.1511632857672,3.17653462556196
three_point,三点法,missile_three_point,missile,2.4639247723115,2042.21515187583,0,1374.6196619862,51.6531933038578,38.3468066961422,0,1000,6492.54978087137,33.944586627864,2.4638577783478,31.180033228259,3.17947854040462
three_point,三点法,missile_three_point,missile,2.4739247723115,2050.05569344206,0,1380.82658585542,51.6133497857599,38.3866502142401,0,1000,6478.43197576735,33.9624597497192,2.47037124642657,31.2089372519763,3.1824259305651
three_point,三点法,missile_three_point,missile,2.4839247723115,2057.89191385192,0,1387.03896427655,51.5734515872259,38.4265484127741,0,1000,6464.31533846051,33.9803494421334,2.47691353925769,31.2378753976133,3.18537680019306
three_point,三点法,missile_three_point,missile,2.4939247723115,2065.72380337209,0,1393.2568017215,51.5334986225987,38.4665013774013,0,1000,6450.19987214948,33.9982557246686,2.48348484178288,31.2668477058873,3.1883311534405
three_point,三点法,missile_three_point,missile,2.5039247723115,2073.55135224641,0,1399.48010265886,51.4934908060534,38.5065091939466,0,1000,6436.08558004339,34.0161786169102,2.4900853405168,31.2958542175385,3.19128899446177
three_point,三点法,missile_three_point,missile,2.5139247723115,2081.37455069582,0,1405.70887155382,51.4534280516778,38.5465719483222,0,1000,6421.97246536193,34.0341181384672,2.49671522356379,31.32489497333,3.19425032741354
three_point,三点法,missile_three_point,missile,2.5239247723115,2089.19338891831,0,1411.94311286813,51.4133102734422,38.5866897265578,0,1000,6407.86053133535,34.0520743089714,2.5033746806348,31.3539700140475,3.1972151564548
three_point,三点法,missile_three_point,missile,2.5339247723115,2097.00785708887,0,1418.18283106004,51.373137385132,38.626862614868,0,1000,6393.74978120454,34.0700471480786,2.51006390306457,31.3830793804991,3.20018348574682
three_point,三点法,missile_three_point,missile,2.54392477231149,2104.81794535945,0,1424.4280305843,51.3329093004211,38.6670906995789,0,1000,6379.64021822102,34.0880366754675,2.51678308382899,31.4122231135153,3.20315531945316
three_point,三点法,missile_three_point,missile,2.55392477231149,2112.62364385889,0,1430.67871589205,51.2926259327816,38.7073740672184,0,1000,6365.531845647,34.1060429108405,2.52353241756272,31.4414012539491,3.20613066173964
three_point,三点法,missile_three_point,missile,2.56392477231149,2120.42494269287,0,1436.93489143085,51.252287195639,38.747712804361,0,1000,6351.42466675539,34.1240658739232,2.53031210057701,31.470613842675,3.20910951677433
three_point,三点法,missile_three_point,missile,2.57392477231149,2128.2218319439,0,1443.19656164455,51.2118930023048,38.7881069976952,0,1000,6337.31868482991,34.1421055844648,2.53712233087773,31.4998609205898,3.21209188872753
three_point,三点法,missile_three_point,missile,2.58392477231149,2136.01430167122,0,1449.46373097331,51.1714432658201,38.8285567341799,0,1000,6323.21390316501,34.1601620622379,2.54396330818371,31.5291425286119,3.21507778177174
three_point,三点法,missile_three_point,missile,2.59392477231149,2143.80234191078,0,1455.73640385353,51.1309378992115,38.8690621007885,0,1000,6309.11032506601,34.1782353270385,2.55083523394527,31.5584587076812,3.2180672000817
three_point,三点法,missile_three_point,missile,2.60392477231149,2151.58594267517,0,1462.01458471778,51.0903768153175,38.9096231846825,0,1000,6295.00795384908,34.1963253986861,2.55773831136295,31.5878094987592,3.2210601478343
three_point,三点法,missile_three_point,missile,2.61392477231149,2159.36509395359,0,1468.2982779948,51.0497599268268,38.9502400731732,0,1000,6280.9067928413,34.2144322970236,2.56467274540656,31.6171949428285,3.2240566292086
three_point,三点法,missile_three_point,missile,2.62392477231149,2167.13978571178,0,1474.58748810941,51.0090871463063,38.9909128536937,0,1000,6266.80684538068,34.2325560419175,2.57163874283442,31.6466150808929,3.22705664838583
three_point,三点法,missile_three_point,missile,2.63392477231149,2174.91000789199,0,1480.8822194825,50.9683583862181,39.0316416137819,0,1000,6252.70811481622,34.2506966532577,2.57863651221291,31.6760699539769,3.23006020954933
three_point,三点法,missile_three_point,missile,2.64392477231149,2182.67575041291,0,1487.18247653093,50.9275735588371,39.0724264411629,0,1000,6238.61060450791,34.2688541509577,2.58566626393622,31.7055596031261,3.23306731688458
three_point,三点法,missile_three_point,missile,2.65392477231149,2190.43700316962,0,1493.48826366754,50.8867325763232,39.1132674236768,0,1000,6224.51431782681,34.2870285549545,2.59272821024638,31.7350840694066,3.23607797457915
three_point,三点法,missile_three_point,missile,2.66392477231149,2198.19375603357,0,1499.79958530106,50.8458353506863,39.1541646493137,0,1000,6210.41925815505,34.3052198852085,2.59982256525358,31.7646433939049,3.2390921868227
three_point,三点法,missile_three_point,missile,2.67392477231149,2205.94599885249,0,1506.1164458361,50.8048817937966,39.1951182062034,0,1000,6196.3254288859,34.323428161704,2.6069495449567,31.7942376177276,3.24210995780696
three_point,三点法,missile_three_point,missile,2.68392477231149,2213.69372145035,0,1512.43884967304,50.7638718174488,39.2361281825512,0,1000,6182.23283342378,34.3416534044483,2.61410936726417,31.8238667820018,3.2451312917257
three_point,三点法,missile_three_point,missile,2.69392477231149,2221.43691362733,0,1518.76680120804,50.7228053331761,39.2771946668239,0,1000,6168.1414751843,34.3598956334728,2.6213022520151,31.8535309278743,3.24815619277473
three_point,三点法,missile_three_point,missile,2.70392477231149,2229.17556515974,0,1525.10030483298,50.6816822524299,39.3183177475701,0,1000,6154.05135759432,34.3781548688323,2.62852842100063,31.8832300965117,3.25118466515188
three_point,三点法,missile_three_point,missile,2.71392477231149,2236.90966579998,0,1531.43936493538,50.6405024865995,39.3594975134005,0,1000,6139.96248409198,34.3964311306051,2.63578809798563,31.9129643291001,3.25421671305697
three_point,三点法,missile_three_point,missile,2.72392477231149,2244.63920527652,0,1537.78398589838,50.5992659468861,39.4007340531139,0,1000,6125.87485812671,34.4147244388931,2.64308150873071,31.9427336668453,3.25725234069181
three_point,三点法,missile_three_point,missile,2.73392477231149,2252.36417329379,0,1544.13417210066,50.5579725442327,39.4420274557673,0,1000,6111.7884831593,34.4330348138219,2.65040888101438,31.9725381509722,3.26029155226017
three_point,三点法,missile_three_point,missile,2.74392477231149,2260.08455953216,0,1550.48992791645,50.5166221895804,39.4833778104196,0,1000,6097.70336266193,34.4513622755408,2.65777044465572,32.0023778227248,3.26333435196778
three_point,三点法,missile_three_point,missile,2.75392477231149,2267.80035364791,0,1556.8512577154,50.4752147937428,39.5247852062572,0,1000,6083.61950011819,34.4697068442226,2.6651664315372,32.0322527233659,3.26638074402226
three_point,三点法,missile_three_point,missile,2.76392477231149,2275.51154527313,0,1563.21816586258,50.4337502673053,39.5662497326947,0,1000,6069.53689902316,34.4880685400639,2.67259707562781,32.0621628941772,3.26943073263319
three_point,三点法,missile_three_point,missile,2.77392477231149,2283.21812401572,0,1569.59065671842,50.392228520754,39.607771479246,0,1000,6055.45556288341,34.5064473832846,2.68006261300663,32.092108376459,3.272484322012
three_point,三点法,missile_three_point,missile,2.78392477231149,2290.9200794593,0,1575.96873463866,50.3506494644242,39.6493505355758,0,1000,6041.37549521703,34.5248433941287,2.68756328188657,32.1220892115297,3.27554151637202
three_point,三点法,missile_three_point,missile,2.79392477231149,2298.61740116317,0,1582.35240397428,50.309013008545,39.690986991455,0,1000,6027.29669955371,34.5432565928636,2.6950993226385,32.1521054407262,3.27860231992843
three_point,三点法,missile_three_point,missile,2.80392477231149,2306.31007866226,0,1588.74166907146,50.2673190631326,39.7326809368674,0,1000,6013.21917943477,34.5616869997806,2.70267097781573,32.1821571054032,3.28166673689825
three_point,三点法,missile_three_point,missile,2.81392477231149,2313.99810146709,0,1595.13653427156,50.2255675381551,39.7744324618449,0,1000,5999.14293841317,34.5801346351945,2.71027849217879,32.2122442469334,3.2847347715003
three_point,三点法,missile_three_point,missile,2.82392477231149,2321.6814590637,0,1601.53700391099,50.1837583433696,39.8162416566304,0,1000,5985.06798005355,34.598599519444,2.71792211272055,32.242366906707,3.28780642795522
three_point,三点法,missile_three_point,missile,2.83392477231149,2329.3601409136,0,1607.94308232125,50.1418913884201,39.8581086115799,0,1000,5970.99430793232,34.6170816728913,2.72560208869166,32.2725251261319,3.29088171048542
three_point,三点法,missile_three_point,missile,2.84392477231149,2337.03413645375,0,1614.3547738288,50.0999665827995,39.9000334172005,0,1000,5956.92192563763,34.6355811159224,2.73331867162644,32.302718946633,3.29396062331509
three_point,三点法,missile_three_point,missile,2.85392477231149,2344.70343509644,0,1620.77208275506,50.0579838358252,39.9420161641748,0,1000,5942.85083676948,34.6540978689473,2.74107211536896,32.3329484096524,3.29704317067015
three_point,三点法,missile_three_point,missile,2.86392477231149,2352.36802622931,0,1627.19501341632,50.0159430567857,39.9840569432143,0,1000,5928.7810449397,34.6726319523993,2.74886267609967,32.3632135566492,3.30012935677823
three_point,三点法,missile_three_point,missile,2.87392477231149,2360.02789921526,0,1633.6235701237,49.973844154718,40.026155845282,0,1000,5914.712553772,34.6911833867359,2.75669061236223,32.3935144290992,3.30321918586869
three_point,三点法,missile_three_point,missile,2.88392477231149,2367.68304339242,0,1640.05775718312,49.9316870385357,40.0683129614643,0,1000,5900.64536690206,34.709752192438,2.76455618509081,32.4238510684946,3.30631266217256
three_point,三点法,missile_three_point,missile,2.89392477231149,2375.33344807405,0,1646.49757889519,49.8894716170375,40.1105283829625,0,1000,5886.57948797751,34.7283383900105,2.77245965763774,32.454223516344,3.30940978992255
three_point,三点法,missile_three_point,missile,2.90392477231149,2382.97910254856,0,1652.94303955522,49.8471977988232,40.1528022011768,0,1000,5872.51492065798,34.746941999982,2.78040129580154,32.4846318141722,3.312510573353
three_point,三点法,missile_three_point,missile,2.91392477231149,2390.61999607939,0,1659.39414345313,49.8048654924559,40.1951345075441,0,1000,5858.45166861518,34.765563042905,2.78838136785537,32.5150760035199,3.31561501669988
three_point,三点法,missile_three_point,missile,2.92392477231149,2398.256117905,0,1665.85089487336,49.7624746062861,40.2375253937139,0,1000,5844.3897355329,34.7842015393557,2.7964001445758,32.5455561259435,3.31872312420077
three_point,三点法,missile_three_point,missile,2.93392477231149,2405.88745723882,0,1672.31329809492,49.7200250484772,40.2799749515227,0,1000,5830.32912510707,34.8028575099341,2.80445789927211,32.5760722230151,3.32183490009484
three_point,三点法,missile_three_point,missile,2.94392477231149,2413.51400326915,0,1678.78135739121,49.6775167271596,40.3224832728404,0,1000,5816.26984104577,34.8215309752642,2.81255490781588,32.606624336322,3.32495034862283
three_point,三点法,missile_three_point,missile,2.95392477231149,2421.13574515917,0,1685.25507703005,49.6349495502392,40.3650504497608,0,1000,5802.21188706933,34.8402219559935,2.82069144867102,32.6372125074668,3.328069474027
three_point,三点法,missile_three_point,missile,2.96392477231149,2428.75267204684,0,1691.73446127359,49.5923234254859,40.4076765745141,0,1000,5788.15526691032,34.8589304727936,2.82886780292435,32.667836778067,3.33119228055115
three_point,三点法,missile_three_point,missile,2.97392477231149,2436.36477304488,0,1698.21951437827,49.5496382605485,40.4503617394515,0,1000,5774.09998431359,34.87765654636,2.83708425431638,32.6984971897547,3.33431877244061
three_point,三点法,missile_three_point,missile,2.98392477231149,2443.97203724069,0,1704.71024059474,49.5068939629002,40.4931060370998,0,1000,5760.04604303636,34.8964001974119,2.84534108927277,32.7291937841768,3.33744895394215
three_point,三点法,missile_three_point,missile,2.99392477231149,2451.57445369631,0,1711.20664416783,49.4640904399296,40.5359095600704,0,1000,5745.99344684821,34.9151614466924,2.85363859693605,32.7599266029944,3.34058282930403
three_point,三点法,missile_three_point,missile,3.00392477231149,2459.17201144838,0,1717.70872933646,49.4212275988374,40.5787724011626,0,1000,5731.94219953113,34.9339403149684,2.86197706919789,32.7906956878829,3.34372040277596
three_point,三点法,missile_three_point,missile,3.01392477231148,2466.76469950807,0,1724.21650033363,49.3783053466869,40.6216946533131,0,1000,5717.8923048796,34.9527368230309,2.87035680073182,32.8215010805313,3.34686167860904
three_point,三点法,missile_three_point,missile,3.02392477231148,2474.35250686103,0,1730.7299613863,49.3353235903549,40.6646764096451,0,1000,5703.84376670058,34.9715509916946,2.87877808902638,32.8523428226428,3.35000666105579
three_point,三点法,missile_three_point,missile,3.03392477231148,2481.93542246733,0,1737.24911671541,49.2922822366495,40.7077177633505,0,1000,5689.79658881358,34.9903828417982,2.88724123441879,32.8832209559337,3.35315535437012
three_point,三点法,missile_three_point,missile,3.04392477231148,2489.51343526144,0,1743.77397053573,49.2491811922166,40.7508188077834,0,1000,5675.75077505071,35.0092323942042,2.89574654012906,32.9141355221338,3.35630776280726
three_point,三点法,missile_three_point,missile,3.05392477231148,2497.08653415213,0,1750.30452705589,49.2060203634878,40.7939796365122,0,1000,5661.70632925668,35.0280996697991,2.90429431229463,32.945086562986,3.35946389062382
three_point,三点法,missile_three_point,missile,3.06392477231148,2504.65470802246,0,1756.84079047826,49.162799656832,40.837200343168,0,1000,5647.66325528891,35.0469846894934,2.9128848600055,32.9760741202461,3.36262374207768
three_point,三点法,missile_three_point,missile,3.07392477231148,2512.21794572968,0,1763.38276499891,49.1195189784194,40.8804810215806,0,1000,5633.62155701749,35.0658874742212,2.92151849533986,33.0070982356824,3.36578732142805
three_point,三点法,missile_three_point,missile,3.08392477231148,2519.77623610524,0,1769.93045480757,49.0761782343326,40.9238217656674,0,1000,5619.58123832531,35.084808044941,2.93019553340021,33.0381589510759,3.36895463293539
three_point,三点法,missile_three_point,missile,3.09392477231148,2527.32956795468,0,1776.48386408753,49.0327773304647,40.9672226695353,0,1000,5605.54230310802,35.1037464226349,2.93891629235011,33.0692563082195,3.3721256808614
three_point,三点法,missile_three_point,missile,3.10392477231148,2534.87793005761,0,1783.04299701562,48.9893161725141,41.0106838274859,0,1000,5591.50475527414,35.122702628309,2.9476810934513,33.1003903489185,3.37530046946903
three_point,三点法,missile_three_point,missile,3.11392477231148,2542.42131116761,0,1789.60785776212,48.9457946661381,41.0542053338618,0,1000,5577.46859874506,35.1416766829935,2.95649026110152,33.1315611149896,3.3784790030224
three_point,三点法,missile_three_point,missile,3.12392477231148,2549.95970001227,0,1796.17845049072,48.9022127167984,41.0977872832016,0,1000,5563.43383745509,35.1606686077424,2.96534412287282,33.1627686482615,3.38166128578684
three_point,三点法,missile_three_point,missile,3.13392477231148,2557.49308529304,0,1802.75477935846,48.8585702297484,41.1414297702516,0,1000,5549.40047535151,35.1796784236338,2.97424300955036,33.1940129905739,3.38484732202881
three_point,三点法,missile_three_point,missile,3.14392477231148,2565.02145568521,0,1809.33684851564,48.8148671102361,41.1851328897639,0,1000,5535.36851639465,35.1987061517696,2.98318725517197,33.2252941837777,3.38803711601594
three_point,三点法,missile_three_point,missile,3.15392477231148,2572.54479983789,0,1815.92466210578,48.7711032632301,41.2288967367699,0,1000,5521.33796455784,35.217751813276,2.99217719706805,33.2566122697348,3.39123067201693
three_point,三点法,missile_three_point,missile,3.16392477231148,2580.0631063739,0,1822.51822426558,48.7272785935985,41.2727214064016,0,1000,5507.30882382755,35.2368154293028,3.00121317590229,33.2879672903177,3.39442799430159
three_point,三点法,missile_three_point,missile,3.17392477231148,2587.57636388977,0,1829.11753912481,48.6833930060867,41.3166069939133,0,1000,5493.28109820337,35.2558970210241,3.01029553571285,33.3193592874094,3.3976290871408
three_point,三点法,missile_three_point,missile,3.18392477231148,2595.08456095564,0,1835.72261080629,48.6394464052591,41.3605535947409,0,1000,5479.2547916981,35.2749966096378,3.01942462395417,33.3507883029029,3.40083395480647
three_point,三点法,missile_three_point,missile,3.19392477231148,2602.58768611525,0,1842.3334434258,48.5954386955569,41.4045613044431,0,1000,5465.22990833775,35.2941142163659,3.02860079153948,33.3822543787015,3.40404260157154
three_point,三点法,missile_three_point,missile,3.20392477231148,2610.08572788583,0,1848.95004109202,48.5513697812522,41.4486302187478,0,1000,5451.20645216162,35.3132498624544,3.03782439288386,33.413757556718,3.40725503170991
three_point,三点法,missile_three_point,missile,3.21392477231148,2617.57867475812,0,1855.57240790649,48.5072395665088,41.4927604334912,0,1000,5437.18442722231,35.3324035691734,3.04709578594799,33.4452978788749,3.4104712494965
three_point,三点法,missile_three_point,missile,3.22392477231148,2625.06651519626,0,1862.20054796352,48.4630479552685,41.5369520447315,0,1000,5423.16383758582,35.3515753578168,3.05641533228252,33.4768753871038,3.41369125920715
three_point,三点法,missile_three_point,missile,3.23392477231148,2632.54923763774,0,1868.83446535014,48.4187948513177,41.5812051486823,0,1000,5409.14468733151,35.3707652497027,3.06578339707318,33.5084901233453,3.4169150651186
three_point,三点法,missile_three_point,missile,3.24392477231148,2640.02683049337,0,1875.47416414605,48.3744801584353,41.6255198415647,0,1000,5395.12698055224,35.3899732661733,3.0752003491865,33.5401421295492,3.42014267150854
three_point,三点法,missile_three_point,missile,3.25392477231148,2647.49928214723,0,1882.1196484235,48.3301037801718,41.6698962198282,0,1000,5381.11072135433,35.4091994285946,3.08466656121622,33.5718314476733,3.42337408265548
three_point,三点法,missile_three_point,missile,3.26392477231148,2654.96658095658,0,1888.77092224729,48.285665619819,41.714334380181,0,1000,5367.09591385766,35.4284437583569,3.09418240953049,33.6035581196842,3.42660930283881
three_point,三点法,missile_three_point,missile,3.27392477231148,2662.42871525183,0,1895.42798967468,48.2411655806778,41.7588344193222,0,1000,5353.0825621957,35.4477062768743,3.10374827431967,33.6353221875562,3.42984833633873
three_point,三点法,missile_three_point,missile,3.28392477231148,2669.8856733365,0,1902.09085475531,48.196603565852,41.803396434148,0,1000,5339.07067051555,35.4669870055852,3.11336453964497,33.6671236932718,3.43309118743626
three_point,三点法,missile_three_point,missile,3.29392477231148,2677.33744348713,0,1908.75952153115,48.1519794782299,41.8480205217701,0,1000,5325.06024297798,35.4862859659518,3.12303159348773,33.6989626788207,3.43633786041316
three_point,三点法,missile_three_point,missile,3.30392477231148,2684.78401395326,0,1915.43399403645,48.107293220641,41.892706779359,0,1000,5311.0512837575,35.5056031794606,3.13274982779956,33.7308391862003,3.43958835955197
three_point,三点法,missile_three_point,missile,3.31392477231148,2692.22537295736,0,1922.11427629763,48.0625446956973,41.9374553043027,0,1000,5297.04379704236,35.5249386676221,3.14251963855314,33.7627532574148,3.44284268913592
three_point,三点法,missile_three_point,missile,3.32392477231148,2699.66150869476,0,1928.80037233326,48.0177338059088,41.9822661940911,0,1000,5283.03778703465,35.5442924519706,3.15234142579392,33.7947049344754,3.44610085344898
three_point,三点法,missile_three_point,missile,3.33392477231148,2707.09240933364,0,1935.49228615395,47.9728604536238,42.0271395463762,0,1000,5269.03325795032,35.563664554065,3.1622155936925,33.8266942593999,3.44936285677575
three_point,三点法,missile_three_point,missile,3.34392477231148,2714.51806301493,0,1942.19002176233,47.9279245410292,42.0720754589708,0,1000,5255.03021401922,35.5830549954877,3.17214255059795,33.8587212742123,3.4526287034015
three_point,三点法,missile_three_point,missile,3.35392477231148,2721.93845785229,0,1948.89358315293,47.8829259701634,42.1170740298366,0,1000,5241.02865948515,35.6024637978457,3.18212270909181,33.8907860209428,3.45589839761211
three_point,三点法,missile_three_point,missile,3.36392477231148,2729.35358193203,0,1955.60297431217,47.8378646428637,42.1621353571363,0,1000,5227.02859860591,35.6218909827696,3.19215648604306,33.9228885416275,3.45917194369407
three_point,三点法,missile_three_point,missile,3.37392477231148,2736.76342331306,0,1962.31819921824,47.7927404608993,42.2072595391007,0,1000,5213.03003565334,35.6413365719146,3.20224430266388,33.9550288783077,3.46244934593441
three_point,三点法,missile_three_point,missile,3.38392477231148,2744.16797002686,0,1969.03926184107,47.7475533258905,42.2524466741095,0,1000,5199.0329749134,35.6608005869594,3.21238658456631,33.9872070730305,3.46573060862073
three_point,三点法,missile_three_point,missile,3.39392477231148,2751.56721007739,0,1975.76616614221,47.7023031392461,42.2976968607539,0,1000,5185.03742068616,35.6802830496074,3.22258376181977,34.0194231678477,3.46901573604113
three_point,三点法,missile_three_point,missile,3.40392477231148,2758.96113144108,0,1982.49891607485,47.6569898022476,42.3430101977524,0,1000,5171.04337728588,35.6997839815856,3.23283626900951,34.051677204816,3.47230473248418
three_point,三点法,missile_three_point,missile,3.41392477231148,2766.34972206672,0,1989.23751558364,47.6116132160239,42.3883867839761,0,1000,5157.05084904106,35.7193034046454,3.243144545296,34.0839692259967,3.47559760223896
three_point,三点法,missile_three_point,missile,3.42392477231148,2773.73296987545,0,1995.98196860472,47.566173281546,42.433826718454,0,1000,5143.05984029449,35.7388413405621,3.25350903447517,34.1162992734551,3.47889434959492
three_point,三点法,missile_three_point,missile,3.43392477231148,2781.11086276068,0,2002.73227906557,47.5206698996331,42.4793301003669,0,1000,5129.07035540326,35.7583978111354,3.26393018503974,34.1486673892607,3.48219497884198
three_point,三点法,missile_three_point,missile,3.44392477231148,2788.48338858806,0,2009.48845088502,47.4751029709699,42.5248970290301,0,1000,5115.08239873885,35.7779728381887,3.27440845024141,34.1810736154868,3.48549949427039
three_point,三点法,missile_three_point,missile,3.45392477231148,2795.8505351954,0,2016.25048797309,47.4294723961015,42.5705276038985,0,1000,5101.09597468718,35.7975664435698,3.28494428815411,34.2135179942098,3.48880790017078
three_point,三点法,missile_three_point,missile,3.46392477231148,2803.21229039263,0,2023.01839423099,47.3837780753698,42.6162219246302,0,1000,5087.1110876486,35.8171786491506,3.2955381617382,34.2460005675097,3.4921202008341
three_point,三点法,missile_three_point,missile,3.47392477231148,2810.56864196175,0,2029.79217355102,47.338019908982,42.661980091018,0,1000,5073.12774203802,35.8368094768269,3.30619053890579,34.278521377469,3.49543640055157
three_point,三点法,missile_three_point,missile,3.48392477231147,2817.91957765675,0,2036.5718298165,47.2921977970239,42.7078022029761,0,1000,5059.1459422849,35.8564589485189,3.31690189258698,34.3110804661732,3.49875650361471
three_point,三点法,missile_three_point,missile,3.49392477231147,2825.26508520359,0,2043.35736690169,47.2463116393954,42.7536883606046,0,1000,5045.1656928333,35.8761270861706,3.32767270079733,34.3436778757099,3.50208051431528
three_point,三点法,missile_three_point,missile,3.50392477231147,2832.60515230011,0,2050.14878867174,47.2003613358489,42.7996386641511,0,1000,5031.18699814197,35.8958139117504,3.33850344670625,34.3763136481688,3.50540843694522
three_point,三点法,missile_three_point,missile,3.51392477231147,2839.93976661602,0,2056.9460989826,47.1543467860158,42.8456532139842,0,1000,5017.20986268434,35.9155194472506,3.34939461870663,34.4089878256415,3.50874027579668
three_point,三点法,missile_three_point,missile,3.52392477231147,2847.26891579279,0,2063.74930168094,47.108267889278,42.891732110722,0,1000,5003.23429094864,35.9352437146877,3.36034671048552,34.441700450221,3.51207603516196
three_point,三点法,missile_three_point,missile,3.53392477231147,2854.59258744364,0,2070.55840060412,47.0621245449489,42.9378754550511,0,1000,4989.26028743787,35.9549867361025,3.37136022109601,34.4744515640016,3.51541571933347
three_point,三点法,missile_three_point,missile,3.54392477231147,2861.91076915346,0,2077.37339958005,47.0159166522508,42.9840833477492,0,1000,4975.28785666991,35.9747485335596,3.38243565503027,34.5072412090786,3.51875933260375
three_point,三点法,missile_three_point,missile,3.55392477231147,2869.22344847879,0,2084.19430242716,46.9696441100932,43.0303558899068,0,1000,4961.31700317755,35.9945291291479,3.39357352229374,34.5400694275477,3.52210687926536
three_point,三点法,missile_three_point,missile,3.56392477231147,2876.5306129477,0,2091.02111295433,46.9233068172774,43.0766931827226,0,1000,4947.34773150853,36.0143285449803,3.40477433848063,34.5729362615053,3.52545836361094
three_point,三点法,missile_three_point,missile,3.57392477231147,2883.83225005979,0,2097.85383496078,46.8769046725637,43.1230953274363,0,1000,4933.38004622558,36.0341468031941,3.41603862485058,34.6058417530476,3.52881378993312
three_point,三点法,missile_three_point,missile,3.58392477231147,2891.12834728615,0,2104.69247223604,46.8304375744375,43.1695624255625,0,1000,4919.41395190652,36.0539839259504,3.42736690840662,34.6387859442709,3.5321731625245
three_point,三点法,missile_three_point,missile,3.59392477231147,2898.41889206923,0,2111.53702855983,46.7839054212515,43.2160945787485,0,1000,4905.44945314424,36.0738399354345,3.43875972197442,34.6717688772707,3.53553648567765
three_point,三点法,missile_three_point,missile,3.60392477231147,2905.70387182285,0,2118.38750770201,46.7373081112346,43.2626918887654,0,1000,4891.48655454682,36.093714853856,3.45021760428288,34.7047905941418,3.53890376368503
three_point,三点法,missile_three_point,missile,3.61392477231147,2912.98327393213,0,2125.24391342251,46.6906455424142,43.3093544575858,0,1000,4877.52526073751,36.1136087034483,3.46174110004597,34.7378511369779,3.54227500083902
three_point,三点法,missile_three_point,missile,3.62392477231147,2920.25708575342,0,2132.10624947124,46.6439176127386,43.3560823872614,0,1000,4863.56557635485,36.1335215064693,3.47333076004607,34.7709505478715,3.54565020143183
three_point,三点法,missile_three_point,missile,3.63392477231147,2927.52529461427,0,2138.974519588,46.5971242199324,43.4028757800676,0,1000,4849.60750605266,36.1534532852006,3.4849871412186,34.804088868913,3.54902936975552
three_point,三点法,missile_three_point,missile,3.64392477231147,2934.78788781334,0,2145.84872750244,46.5502652615333,43.4497347384667,0,1000,4835.65105450012,36.1734040619483,3.49671080673811,34.8372661421912,3.55241251010194
three_point,三点法,missile_three_point,missile,3.65392477231147,2942.04485262037,0,2152.72887693395,46.5033406350521,43.4966593649478,0,1000,4821.69622638184,36.1933738590424,3.50850232610582,34.8704824097924,3.5557996267627
three_point,三点法,missile_three_point,missile,3.66392477231147,2949.29617627615,0,2159.6149715916,46.4563502377337,43.5436497622663,0,1000,4807.74302639786,36.2133626988371,3.52036227523863,34.9037377138003,3.55919072402914
three_point,三点法,missile_three_point,missile,3.67392477231147,2956.54184599238,0,2166.50701517404,46.4092939667135,43.5907060332865,0,1000,4793.79145926375,36.2333706037105,3.53229123655965,34.9370320962958,3.56258580619231
three_point,三点法,missile_three_point,missile,3.68392477231147,2963.78184895173,0,2173.40501136945,46.3621717189324,43.6378282810676,0,1000,4779.84152971062,36.2533975960652,3.54428979909023,34.9703655993565,3.56598487754294
three_point,三点法,missile_three_point,missile,3.69392477231147,2971.01617230768,0,2180.30896385546,46.3149833911406,43.6850166088594,0,1000,4765.89324248521,36.2734436983275,3.55635855854362,35.0037382650565,3.5693879423714
three_point,三点法,missile_three_point,missile,3.70392477231147,2978.24480318452,0,2187.21887629904,46.2677288800919,43.7322711199081,0,1000,4751.94660234991,36.2935089329481,3.56849811742016,35.037150135466,3.57279500496764
three_point,三点法,missile_three_point,missile,3.71392477231147,2985.46772867731,0,2194.13475235644,46.2204080822479,43.7795919177521,0,1000,4738.00161408283,36.3135933224016,3.58070908510418,35.0706012526511,3.57620606962123
three_point,三点法,missile_three_point,missile,3.72392477231147,2992.68493585177,0,2201.05659567312,46.1730208938888,43.8269791061112,0,1000,4724.05828247786,36.3336968891869,3.59299207796243,35.1040916586735,3.57962114062126
three_point,三点法,missile_three_point,missile,3.73392477231147,2999.89641174427,0,2207.98440988366,46.1255672112592,43.8744327887408,0,1000,4710.11661234469,36.3538196558269,3.6053477194444,35.13762139559,3.58304022225633
three_point,三点法,missile_three_point,missile,3.74392477231147,3007.10214336175,0,2214.91819861165,46.0780469303621,43.9219530696379,0,1000,4696.17660850888,36.3739616448685,3.61777664018416,35.1711905054524,3.58646331881452
three_point,三点法,missile_three_point,missile,3.75392477231147,3014.30211768169,0,2221.85796546968,46.0304599470135,43.9695400529865,0,1000,4682.23827581193,36.3941228788829,3.63027947810415,35.204799030307,3.58989043458337
three_point,三点法,missile_three_point,missile,3.76392477231147,3021.49632165202,0,2228.80371405919,45.9828061569534,44.0171938430466,0,1000,4668.3016191113,36.4143033804651,3.64285687852064,35.2384470121943,3.59332157384982
three_point,三点法,missile_three_point,missile,3.77392477231147,3028.6847421911,0,2235.75544797042,45.9350854557292,44.0649145442707,0,1000,4654.36664328048,36.4345031722345,3.65550949425108,35.272134493149,3.5967567409002
three_point,三点法,missile_three_point,missile,3.78392477231147,3035.86736618764,0,2242.71317078232,45.8872977387039,44.1127022612961,0,1000,4640.43335320905,36.4547222768344,3.66823798572337,35.305861515199,3.60019594002019
three_point,三点法,missile_three_point,missile,3.79392477231147,3043.04418050066,0,2249.67688606248,45.8394429011351,44.1605570988649,0,1000,4626.50175380272,36.4749607169322,3.68104302108692,35.3396281203659,3.60363917549478
three_point,三点法,missile_three_point,missile,3.80392477231147,3050.21517195943,0,2256.64659736702,45.7915208380857,44.2084791619143,0,1000,4612.57184998337,36.4952185152194,3.6939252763258,35.3734343506639,3.60708645160824
three_point,三点法,missile_three_point,missile,3.81392477231147,3057.3803273634,0,2263.62230824053,45.743531444445,44.256468555555,0,1000,4598.64364668915,36.5154956944116,3.7068854353738,35.4072802481,3.61053777264407
three_point,三点法,missile_three_point,missile,3.82392477231147,3064.53963348218,0,2270.60402221599,45.6954746149522,44.3045253850478,0,1000,4584.71714887449,36.5357922772484,3.71992419023156,35.4411658546734,3.61399314288503
three_point,三点法,missile_three_point,missile,3.83392477231147,3071.69307705544,0,2277.59174281467,45.6473502442111,44.3526497557889,0,1000,4570.79236151015,36.5561082864935,3.73304224108573,35.4750912123754,3.617452566613
three_point,三点法,missile_three_point,missile,3.84392477231147,3078.84064479289,0,2284.58547354604,45.5991582266845,44.4008417733155,0,1000,4556.86928958331,36.5764437449345,3.74624029643032,35.5090563631887,3.62091604810906
three_point,三点法,missile_three_point,missile,3.85392477231147,3085.98232337423,0,2291.58521790772,45.5508984566225,44.4491015433775,0,1000,4542.94793809762,36.5967986753835,3.75951907319014,35.5430613490874,3.62438359165336
three_point,三点法,missile_three_point,missile,3.86392477231147,3093.11809944904,0,2298.59097938534,45.502570828129,44.497429171871,0,1000,4529.0283120732,36.617173100676,3.77287929684652,35.5771062120366,3.62785520152515
three_point,三点法,missile_three_point,missile,3.87392477231147,3100.2479596368,0,2305.60276145252,45.4541752351684,44.5458247648316,0,1000,4515.11041654676,36.6375670436722,3.78632170156522,35.6111909939917,3.63133088200269
three_point,三点法,missile_three_point,missile,3.88392477231147,3107.37189052677,0,2312.62056757072,45.4057115715022,44.5942884284978,0,1000,4501.19425657161,36.6579805272558,3.7998470303267,35.6453157368987,3.63481063736329
three_point,三点法,missile_three_point,missile,3.89392477231147,3114.48987867798,0,2319.64440118922,45.3571797307616,44.6428202692384,0,1000,4487.27983721776,36.6784135743349,3.81345603505867,35.6794804826933,3.63829447188319
three_point,三点法,missile_three_point,missile,3.90392477231147,3121.60191061914,0,2326.67426574496,45.3085796064754,44.6914203935246,0,1000,4473.36716357192,36.6988662078414,3.82714947677112,35.7136852733008,3.64178238983759
three_point,三点法,missile_three_point,missile,3.91392477231147,3128.70797284863,0,2333.71016466251,45.2599110919015,44.7400889080985,0,1000,4459.4562407376,36.7193384507313,3.84092812569374,35.7479301506356,3.64527439550057
three_point,三点法,missile_three_point,missile,3.92392477231147,3135.80805183438,0,2340.75210135396,45.2111740801876,44.7888259198124,0,1000,4445.54707383512,36.7398303259846,3.85479276141588,35.7822151566012,3.64877049314508
three_point,三点法,missile_three_point,missile,3.93392477231147,3142.90213401389,0,2347.80007921884,45.1623684643256,44.8376315356744,0,1000,4431.63966800173,36.7603418566053,3.86874417302905,35.8165403330894,3.65227068704291
three_point,三点法,missile_three_point,missile,3.94392477231146,3149.9902057941,0,2354.85410164402,45.1134941371171,44.8865058628829,0,1000,4417.73402839159,36.7808730656215,3.882783159272,35.8509057219801,3.65577498146463
three_point,三点法,missile_three_point,missile,3.95392477231146,3157.07225355139,0,2361.91417200363,45.0645509913069,44.9354490086931,0,1000,4403.83016017589,36.8014239760851,3.89691052867859,35.8853113651411,3.65928338067955
three_point,三点法,missile_three_point,missile,3.96392477231146,3164.14826363152,0,2368.98029365896,45.0155389193394,44.9844610806606,0,1000,4389.92806854287,36.8219946110722,3.91112709972815,35.9197573044277,3.66279588895573
three_point,三点法,missile_three_point,missile,3.97392477231146,3171.21822234954,0,2376.05246995841,44.9664578134985,45.0335421865015,0,1000,4376.02775869788,36.8425849936827,3.92543370099894,35.954243581682,3.66631251055987
three_point,三点法,missile_three_point,missile,3.98392477231146,3178.28211598975,0,2383.13070423734,44.9173075660527,45.0826924339473,0,1000,4362.12923586344,36.8631951470405,3.93983117132413,35.988770238733,3.66983324975736
three_point,三点法,missile_three_point,missile,3.99392477231146,3185.33993080568,0,2390.21499981802,44.8680880690219,45.1319119309781,0,1000,4348.23250527932,36.8838250942935,3.95432035995095,36.0233373173959,3.67335811081215
three_point,三点法,missile_three_point,missile,4.00392477231146,3192.39165301999,0,2397.30536000953,44.8187992141784,45.1812007858216,0,1000,4334.33757220254,36.9044748586137,3.9689021267026,36.0579448594722,3.67688709798679
three_point,三点法,missile_three_point,missile,4.01392477231146,3199.43726882441,0,2404.40178810767,44.7694408932569,45.2305591067431,0,1000,4320.44444190747,36.9251444631967,3.98357734214337,36.0925929067484,3.68042021554235
three_point,三点法,missile_three_point,missile,4.02392477231146,3206.47676437975,0,2411.50428739487,44.7200129977742,45.2799870022258,0,1000,4306.5531196859,36.9458339312624,3.99834688774674,36.1272815009969,3.68395746773841
three_point,三点法,missile_three_point,missile,4.03392477231146,3213.51012581575,0,2418.61286114009,44.6705154191175,45.3294845808825,0,1000,4292.66361084705,36.9665432860544,4.01321165606669,36.1620106839744,3.68749885883297
three_point,三点法,missile_three_point,missile,4.04392477231146,3220.53733923113,0,2425.72751259873,44.6209480484861,45.3790519515139,0,1000,4278.77592071765,36.9872725508402,4.02817255091224,36.1967804974223,3.69104439308248
three_point,三点法,missile_three_point,missile,4.05392477231146,3227.55839069343,0,2432.84824501255,44.5713107768823,45.4286892231177,0,1000,4264.89005464201,37.0080217489115,4.0432304875253,36.2315909830662,3.69459407474175
three_point,三点法,missile_three_point,missile,4.06392477231146,3234.57326623904,0,2439.97506160956,44.52160349521,45.47839650479,0,1000,4251.00601798206,37.0287909035835,4.05838639276195,36.2664421826153,3.69814790806395
three_point,三点法,missile_three_point,missile,4.07392477231146,3241.5819518731,0,2447.10796560395,44.4718260941375,45.5281739058625,0,1000,4237.12381611742,37.0495800381956,4.07364120527707,36.3013341377621,3.70170589730052
three_point,三点法,missile_three_point,missile,4.08392477231146,3248.58443356944,0,2454.24696019596,44.4219784642743,45.5780215357257,0,1000,4223.24345444543,37.070389176111,4.08899587571263,36.3362668901822,3.70526804670119
three_point,三点法,missile_three_point,missile,4.09392477231146,3255.58069727058,0,2461.39204857182,44.3720604959628,45.6279395040372,0,1000,4209.36493838127,37.0912183407166,4.10445136688946,36.3712404815336,3.7088343605139
three_point,三点法,missile_three_point,missile,4.10392477231146,3262.57072888759,0,2468.54323390364,44.3220720794044,45.6779279205956,0,1000,4195.48827335793,37.1120675554235,4.12000865400289,36.4062549534567,3.71240484298478
three_point,三点法,missile_three_point,missile,4.11392477231146,3269.5545143001,0,2475.7005193493,44.2720131047178,45.7279868952822,0,1000,4181.61346482635,37.1329368436664,4.13566872482197,36.4413103475733,3.71597949835809
three_point,三点法,missile_three_point,missile,4.12392477231146,3276.53203935625,0,2482.8639080524,44.2218834617275,45.7781165382725,0,1000,4167.74051825542,37.1538262289039,4.15143257989274,36.4764067054872,3.71955833087621
three_point,三点法,missile_three_point,missile,4.13392477231146,3283.50328987257,0,2490.03340314212,44.1716830401714,45.8283169598286,0,1000,4153.86943913209,37.1747357346184,4.1673012327453,36.5115440687826,3.72314134477957
three_point,三点法,missile_three_point,missile,4.14392477231146,3290.468251634,0,2497.20900773314,44.1214117296181,45.8785882703819,0,1000,4140.00023296137,37.1956653843162,4.18327571010503,36.5467224790247,3.72672854430664
three_point,三点法,missile_three_point,missile,4.15392477231146,3297.42691039377,0,2504.39072492554,44.0710694194379,45.9289305805621,0,1000,4126.13290526645,37.2166152015274,4.19935705210789,36.5819419777588,3.73031993369385
three_point,三点法,missile_three_point,missile,4.16392477231146,3304.37925187341,0,2511.57855780472,44.0206559988874,45.9793440011126,0,1000,4112.26746158872,37.2375852098058,4.21554631251994,36.61720260651,3.73391551717559
three_point,三点法,missile_three_point,missile,4.17392477231146,3311.32526176263,0,2518.77250944126,43.9701713570074,46.0298286429926,0,1000,4098.40390748782,37.2585754327291,4.23184455896127,36.6525044067828,3.73751529898414
three_point,三点法,missile_three_point,missile,4.18392477231146,3318.26492571933,0,2525.97258289089,43.919615382716,46.080384617284,0,1000,4084.54224854175,37.2795858938988,4.24825287313423,36.6878474200609,3.74111928334965
three_point,三点法,missile_three_point,missile,4.19392477231146,3325.19822936949,0,2533.17878119431,43.8689879647499,46.1310120352501,0,1000,4070.68249034688,37.30061661694,4.26477235105628,36.7232316878062,3.74472747450008
three_point,三点法,missile_three_point,missile,4.20392477231146,3332.12515830715,0,2540.39110737716,43.8182889916255,46.1817110083745,0,1000,4056.82463851803,37.3216676255016,4.28140410329749,36.7586572514592,3.74833987666117
three_point,三点法,missile_three_point,missile,4.21392477231146,3339.04569809432,0,2547.60956444988,43.7675183517506,46.2324816482494,0,1000,4042.96869868853,37.3427389432563,4.29814925522266,36.794124152438,3.75195649405638
three_point,三点法,missile_three_point,missile,4.22392477231146,3345.95983426099,0,2554.83415540765,43.7166759333835,46.2833240666165,0,1000,4029.11467651029,37.3638305939006,4.31500894723843,36.8296324321382,3.7555773309069
three_point,三点法,missile_three_point,missile,4.23392477231146,3352.86755230499,0,2562.06488323022,43.6657616245959,46.3342383754041,0,1000,4015.26257765384,37.3849426011546,4.3319843350453,36.865182131932,3.75920239143153
three_point,三点法,missile_three_point,missile,4.24392477231146,3359.76883769202,0,2569.30175088189,43.6147753132664,46.3852246867336,0,1000,4001.41240780839,37.406074988762,4.34907658989472,36.9007732931687,3.7628316798467
three_point,三点法,missile_three_point,missile,4.25392477231146,3366.66367585552,0,2576.54476131135,43.563716887101,46.436283112899,0,1000,3987.56417268192,37.4272277804904,4.36628689885139,36.9364059571732,3.7664652003664
three_point,三点法,missile_three_point,missile,4.26392477231146,3373.55205219668,0,2583.79391745163,43.5125862336891,46.4874137663109,0,1000,3973.71787800122,37.4484010001309,4.3836164650609,36.9720801652464,3.77010295720214
three_point,三点法,missile_three_point,missile,4.27392477231146,3380.43395208434,0,2591.04922221994,43.4613832404579,46.538616759542,0,1000,3959.87352951193,37.4695946714984,4.40106650802284,37.0077959586644,3.77374495456292
three_point,三点法,missile_three_point,missile,4.28392477231146,3387.30936085496,0,2598.3106785176,43.410107794581,46.589892205419,0,1000,3946.03113297866,37.4908088184312,4.41863826386943,37.0435533786783,3.77739119665515
three_point,三点法,missile_three_point,missile,4.29392477231146,3394.17826381254,0,2605.57828922995,43.3587597831047,46.6412402168953,0,1000,3932.19069418499,37.5120434647916,4.43633298564995,37.0793524665132,3.78104168768267
three_point,三点法,missile_three_point,missile,4.30392477231146,3401.04064622861,0,2612.85205722623,43.307339092952,46.6926609070481,0,1000,3918.35221893356,37.5332986344652,4.45415194362096,37.1151932633687,3.78469643184663
three_point,三点法,missile_three_point,missile,4.31392477231146,3407.89649334213,0,2620.13198535947,43.2558456108825,46.7441543891175,0,1000,3904.51571304614,37.5545743513614,4.47209642554256,37.1510758104177,3.78835543334551
three_point,三点法,missile_three_point,missile,4.32392477231146,3414.74579035947,0,2627.41807646638,43.2042792234435,46.7957207765565,0,1000,3890.68118236368,37.575870639413,4.49016773698071,37.1870001488063,3.79201869637504
three_point,三点法,missile_three_point,missile,4.33392477231146,3421.58852245433,0,2634.71033336728,43.1526398169509,46.8473601830491,0,1000,3876.84863274638,37.5971875225764,4.50836720161599,37.2229663196531,3.79568622512816
three_point,三点法,missile_three_point,missile,4.34392477231146,3428.4246747677,0,2642.00875886598,43.10092727765,46.89907272235,0,1000,3863.01807007373,37.6185250248317,4.52669616155865,37.2589743640493,3.79935802379501
three_point,三点法,missile_three_point,missile,4.35392477231146,3435.2542324078,0,2649.31335574965,43.0491414916303,46.9508585083697,0,1000,3849.1895002446,37.6398831701824,4.54515597767032,37.2950243230577,3.80303409656281
three_point,三点法,missile_three_point,missile,4.36392477231146,3442.07718045004,0,2656.62412678874,42.9972823447414,47.0027176552586,0,1000,3835.36292917729,37.6612619826556,4.56374802989253,37.3311162377124,3.8067144476159
three_point,三点法,missile_three_point,missile,4.37392477231146,3448.89350393694,0,2663.94107473687,42.9453497226991,47.0546502773009,0,1000,3821.53836280961,37.6826614863018,4.58247371758207,37.3672501490187,3.81039908113563
three_point,三点法,missile_three_point,missile,4.38392477231146,3455.70318787811,0,2671.26420233072,42.8933435110502,47.1066564889498,0,1000,3807.7158070989,37.7040817051952,4.6013344598535,37.4034260979521,3.81408800130035
three_point,三点法,missile_three_point,missile,4.39392477231146,3462.50621725015,0,2678.59351228991,42.8412635951807,47.1587364048193,0,1000,3793.89526802214,37.7255226634331,4.62033169592896,37.4396441254582,3.81778121228536
three_point,三点法,missile_three_point,missile,4.40392477231146,3469.30257699666,0,2685.92900731692,42.7891098602552,47.2108901397448,0,1000,3780.076751576,37.7469843851366,4.63946688549535,37.4759042724523,3.82147871826284
three_point,三点法,missile_three_point,missile,4.41392477231146,3476.09225202812,0,2693.27069009698,42.7368821912982,47.2631178087018,0,1000,3766.26026377689,37.7684668944501,4.65874150906925,37.5122065798187,3.82518052340184
three_point,三点法,missile_three_point,missile,4.42392477231146,3482.87522722187,0,2700.61856329791,42.6845804732146,47.3154195267854,0,1000,3752.44581066103,37.7899702155414,4.67815706836961,37.5485510884103,3.8288866318682
three_point,三点法,missile_three_point,missile,4.43392477231145,3489.65148742207,0,2707.97262957009,42.6322045906697,47.3677954093303,0,1000,3738.63339828454,37.8114943726017,4.69771508669852,37.5849378390485,3.83259704782453
three_point,三点法,missile_three_point,missile,4.44392477231145,3496.42101743961,0,2715.33289154628,42.5797544281949,47.4202455718051,0,1000,3724.82303272346,37.8330393898456,4.71741710933015,37.621366872522,3.83631177543014
three_point,三点法,missile_three_point,missile,4.45392477231145,3503.18380205209,0,2722.69935184156,42.5272298701313,47.4727701298687,0,1000,3711.01472007383,37.8546052915111,4.73726470390817,37.6578382295872,3.84003081884101
three_point,三点法,missile_three_point,missile,4.46392477231145,3509.93982600375,0,2730.0720130532,42.474630800645,47.525369199355,0,1000,3697.20846645179,37.8761921018594,4.75725946085185,37.6943519509671,3.84375418220973
three_point,三点法,missile_three_point,missile,4.47392477231145,3516.6890740054,0,2737.45087776053,42.4219571037711,47.5780428962289,0,1000,3683.4042779936,37.8977998451752,4.777402993771,37.730908077351,3.84748186968547
three_point,三点法,missile_three_point,missile,4.48392477231145,3523.43153073442,0,2744.83594852487,42.3692086633405,47.6307913366595,0,1000,3669.60216085571,37.9194285457665,4.79769693989,37.7675066493942,3.8512138854139
three_point,三点法,missile_three_point,missile,4.49392477231145,3530.16718083464,0,2752.22722788938,42.3163853629909,47.6836146370091,0,1000,3655.80212121487,37.9410782279644,4.81814296048126,37.8041477077173,3.85495023353718
three_point,三点法,missile_three_point,missile,4.50392477231145,3536.89600891634,0,2759.62471837898,42.2634870862354,47.7365129137646,0,1000,3642.00416526812,37.9627489161234,4.83874274130811,37.840831292906,3.85869091819388
three_point,三点法,missile_three_point,missile,4.51392477231145,3543.61799955617,0,2767.02842250021,42.2105137163913,47.7894862836087,0,1000,3628.20829923293,37.9844406346212,4.85949799307766,37.8775574455102,3.86243594351896
three_point,三点法,missile_three_point,missile,4.52392477231145,3550.33313729709,0,2774.43834274112,42.1574651366075,47.8425348633925,0,1000,3614.41452934722,38.0061534078587,4.88041045190366,37.914326206044,3.8661853136437
three_point,三点法,missile_three_point,missile,4.53392477231145,3557.04140664836,0,2781.85448157119,42.1043412298551,47.8956587701449,0,1000,3600.62286186945,38.0278872602602,4.90148187977974,37.9511376149848,3.86993903269565
three_point,三点法,missile_three_point,missile,4.54392477231145,3563.74279208543,0,2789.27684144117,42.051141878941,47.948858121059,0,1000,3586.83330307866,38.0496422162729,4.92271406506324,37.9879917127731,3.87369710479859
three_point,三点法,missile_three_point,missile,4.55392477231145,3570.43727804993,0,2796.70542478299,41.9978669665196,48.0021330334804,0,1000,3573.04585927458,38.0714183003673,4.94410882296997,38.0248885398118,3.87745953407247
three_point,三点法,missile_three_point,missile,4.56392477231145,3577.1248489496,0,2804.14023400964,41.9445163750162,48.0554836249838,0,1000,3559.26053677763,38.093215537037,4.96566799608012,38.061828136466,3.88122632463339
three_point,三点法,missile_three_point,missile,4.57392477231145,3583.80548915823,0,2811.58127151506,41.8910899867084,48.1089100132916,0,1000,3545.47734192906,38.1150339507988,4.98739345485564,38.0988105430622,3.8849974805935
three_point,三点法,missile_three_point,missile,4.58392477231145,3590.47918301563,0,2819.02853967402,41.8375876837491,48.1624123162509,0,1000,3531.69628109097,38.1368735661925,5.00928709816948,38.135835799888,3.88877300606099
three_point,三点法,missile_three_point,missile,4.59392477231145,3597.14591482755,0,2826.48204084198,41.7840093480219,48.2159906519781,0,1000,3517.9173606464,38.158734407781,5.03135085384682,38.1729039471915,3.89255290514003
three_point,三点法,missile_three_point,missile,4.60392477231145,3603.80566886565,0,2833.94177735504,41.7303548613341,48.2696451386659,0,1000,3504.14058699937,38.1806165001503,5.05358667921878,38.2100150251808,3.89633718193071
three_point,三点法,missile_three_point,missile,4.61392477231145,3610.45842936745,0,2841.40775152973,41.6766241053138,48.3233758946862,0,1000,3490.36596657498,38.2025198679093,5.07599656168892,38.2471690740236,3.90012584052898
three_point,三点法,missile_three_point,missile,4.62392477231145,3617.10418053625,0,2848.87996566296,41.6228169613005,48.3771830386995,0,1000,3476.59350581946,38.2244445356901,5.09858251931274,38.2843661338466,3.90391888502665
three_point,三点法,missile_three_point,missile,4.63392477231145,3623.74290654111,0,2856.3584220319,41.5689333105648,48.4310666894352,0,1000,3462.82321120024,38.2463905281475,5.12134660139071,38.321606244735,3.90771631951125
three_point,三点法,missile_three_point,missile,4.64392477231145,3630.37459151677,0,2863.84312289381,41.5149730341742,48.4850269658258,0,1000,3449.05508920603,38.2683578699596,5.14429088907516,38.3588894467321,3.91151814806607
three_point,三点法,missile_three_point,missile,4.65392477231145,3636.99921956362,0,2871.33407048598,41.4609360130155,48.5390639869845,0,1000,3435.28914634687,38.2903465858271,5.1674174959912,38.3962157798387,3.91532437477005
three_point,三点法,missile_three_point,missile,4.66392477231145,3643.61677474763,0,2878.83126702556,41.4068221278222,48.5931778721778,0,1000,3421.52538915419,38.3123567004738,5.19072856887243,38.4335852840125,3.91913500369774
three_point,三点法,missile_three_point,missile,4.67392477231145,3650.22724110032,0,2886.33471470948,41.3526312591614,48.6473687408386,0,1000,3407.76382418093,38.3343882386464,5.21422628821151,38.4709979991676,3.92295003891926
three_point,三点法,missile_three_point,missile,4.68392477231145,3656.8306026187,0,2893.8444157143,41.2983632873811,48.7016367126189,0,1000,3394.00445800156,38.3564412251143,5.23791286892614,38.5084539651742,3.92676948450023
three_point,三点法,missile_three_point,missile,4.69392477231145,3663.42684326519,0,2901.3603721961,41.2440180926367,48.7559819073633,0,1000,3380.24729721215,38.3785156846699,5.26179056104094,38.545953221858,3.93059334450174
three_point,三点法,missile_three_point,missile,4.70392477231145,3670.01594696762,0,2908.88258629038,41.189595555008,48.810404444992,0,1000,3366.49234843047,38.4006116421282,5.2858616503855,38.5834958089993,3.93442162298026
three_point,三点法,missile_three_point,missile,4.71392477231145,3676.59789761914,0,2916.41106011188,41.1350955543084,48.8649044456916,0,1000,3352.73961829605,38.4227291223273,5.31012845930927,38.6210817663331,3.93825432398761
three_point,三点法,missile_three_point,missile,4.72392477231145,3683.17267907818,0,2923.94579575453,41.0805179701865,48.9194820298135,0,1000,3338.98911347022,38.4448681501277,5.33459334741351,38.6587111335481,3.94209145157093
three_point,三点法,missile_three_point,missile,4.73392477231145,3689.74027516839,0,2931.48679529125,41.0258626821913,48.9741373178087,0,1000,3325.24084063622,38.4670287504129,5.35925871230102,38.6963839502862,3.94593300977258
three_point,三点法,missile_three_point,missile,4.74392477231145,3696.30066967863,0,2939.0340607739,40.9711295695761,49.0288704304239,0,1000,3311.49480649925,38.4892109480889,5.38412699034402,38.7341002561424,3.94977900263009
three_point,三点法,missile_three_point,missile,4.75392477231145,3702.85384636284,0,2946.5875942331,40.9163185115018,49.0836814884982,0,1000,3297.75101778654,38.5114147680845,5.40920065747071,38.7718600906636,3.95362943417615
three_point,三点法,missile_three_point,missile,4.76392477231145,3709.39978894008,0,2954.14739767813,40.8614293869451,49.1385706130549,0,1000,3284.00948124744,38.5336402353511,5.43448222997104,38.8096634933485,3.95748430843851
three_point,三点法,missile_three_point,missile,4.77392477231145,3715.93848109441,0,2961.71347309681,40.8064620746552,49.1935379253448,0,1000,3270.27020365345,38.5558873748628,5.45997426532236,38.8475105036471,3.96134362943993
three_point,三点法,missile_three_point,missile,4.78392477231145,3722.46990647487,0,2969.28582245535,40.7514164533046,49.2485835466954,0,1000,3256.53319179833,38.5781562116161,5.48567936303521,38.8854011609599,3.96520740119816
three_point,三点法,missile_three_point,missile,4.79392477231145,3728.99404869544,0,2976.86444769824,40.6962924012632,49.3037075987368,0,1000,3242.79845249817,38.6004467706302,5.51160016552028,38.9233355046375,3.96907562772583
three_point,三点法,missile_three_point,missile,4.80392477231145,3735.51089133495,0,2984.44935074814,40.6410897967751,49.3589102032249,0,1000,3229.06599259143,38.6227590769468,5.53773935897676,38.9613135739799,3.97294831303043
three_point,三点法,missile_three_point,missile,4.81392477231145,3742.02041793706,0,2992.0405335057,40.585808517961,49.414191482039,0,1000,3215.33581893903,38.6450931556302,5.56409967430291,38.9993354082362,3.97682546111427
three_point,三点法,missile_three_point,missile,4.82392477231145,3748.52261201022,0,2999.6379978495,40.5304484427252,49.4695515572748,0,1000,3201.60793842445,38.6674490317669,5.5906838880294,39.0374010466039,3.98070707597436
three_point,三点法,missile_three_point,missile,4.83392477231145,3755.01745702759,0,3007.24174563585,40.4750094487556,49.5249905512444,0,1000,3187.88235795374,38.6898267304662,5.61749482327622,39.0755105282283,3.98459316160242
three_point,三点法,missile_three_point,missile,4.84392477231145,3761.50493642699,0,3014.85177869872,40.4194914135966,49.5805085864034,0,1000,3174.15908445565,38.7122262768596,5.64453535073369,39.113663892202,3.98848372198478
three_point,三点法,missile_three_point,missile,4.85392477231145,3767.9850336109,0,3022.46809884959,40.3638942146283,49.6361057853717,0,1000,3160.43812488167,38.7346476961009,5.67180838966839,39.1518611775643,3.99237876110234
three_point,三点法,missile_three_point,missile,4.86392477231145,3774.45773194634,0,3030.09070787731,40.3082177289767,49.6917822710233,0,1000,3146.71948620612,38.7570910133665,5.69931690895469,39.1901024233006,3.99627828293052
three_point,三点法,missile_three_point,missile,4.87392477231145,3780.92301476486,0,3037.71960754798,40.2524618337383,49.7475381662617,0,1000,3133.0031754262,38.779556253855,5.72706392813281,39.228387668342,4.00018229143918
three_point,三点法,missile_three_point,missile,4.88392477231145,3787.38086536251,0,3045.3547996048,40.1966264057175,49.8033735942825,0,1000,3119.28919956211,38.8020434427872,5.75505251849387,39.2667169515646,4.00409079059257
three_point,三点法,missile_three_point,missile,4.89392477231145,3793.83126699973,0,3052.99628576797,40.1407113214885,49.8592886785115,0,1000,3105.57756565706,38.8245526054063,5.78328580419307,39.3050903117889,4.00800378434929
three_point,三点法,missile_three_point,missile,4.90392477231144,3800.27420290136,0,3060.64406773455,40.0847164576334,49.9152835423666,0,1000,3091.86828077738,38.8470837669776,5.81176696339177,39.3435077877793,4.01192127666219
three_point,三点法,missile_three_point,missile,4.91392477231144,3806.70965625657,0,3068.29814717828,40.0286416903756,49.9713583096244,0,1000,3078.16135201261,38.8696369527888,5.84049922942915,39.3819694182433,4.01584327147836
three_point,三点法,missile_three_point,missile,4.92392477231144,3813.13761021879,0,3075.95852574954,39.9724868957965,50.0275131042035,0,1000,3064.45678647554,38.8922121881494,5.86948589202468,39.4204752418314,4.01976977273905
three_point,三点法,missile_three_point,missile,4.93392477231144,3819.55804790568,0,3083.6252050751,39.916251949865,50.083748050135,0,1000,3050.75459130229,38.9148094983915,5.89873029851199,39.4590252971359,4.02370078437957
three_point,三点法,missile_three_point,missile,4.94392477231144,3825.9709523991,0,3091.29818675811,39.8599367283253,50.1400632716747,0,1000,3037.0547736524,38.9374289088689,5.9282358551055,39.497619622691,4.02763631032932
three_point,三点法,missile_three_point,missile,4.95392477231144,3832.37630674503,0,3098.97747237785,39.8035411068009,50.1964588931991,0,1000,3023.35734070889,38.9600704449577,5.95800602820039,39.5362582569715,4.03157635451163
three_point,三点法,missile_three_point,missile,4.96392477231144,3838.77409395354,0,3106.66306348966,39.7470649606189,50.2529350393811,0,1000,3009.66229967836,38.9827341320559,5.98804434570735,39.5749412383926,4.03552092084377
three_point,三点法,missile_three_point,missile,4.97392477231144,3845.16429699873,0,3114.35496162481,39.6905081649459,50.3094918350541,0,1000,2995.96965779103,39.0054199955835,6.01835439842284,39.6136686053094,4.03947001323687
three_point,三点法,missile_three_point,missile,4.98392477231144,3851.54689881868,0,3122.05316829033,39.6338705948541,50.3661294051459,0,1000,2982.27942230083,39.0281280609825,6.04893984143634,39.6524403960159,4.04342363559584
three_point,三点法,missile_three_point,missile,4.99392477231144,3857.92188231542,0,3129.75768496888,39.577152125254,50.422847874746,0,1000,2968.59160048549,39.0508583537168,6.07980439557532,39.691256648745,4.04738179181933
three_point,三点法,missile_three_point,missile,5.00392477231144,3864.28923035488,0,3137.46851311861,39.5203526307401,50.4796473692599,0,1000,2954.90619964659,39.0736108992723,6.11095184888959,39.7301174016672,4.05134448579965
three_point,三点法,missile_three_point,missile,5.01392477231144,3870.64892576682,0,3145.18565417307,39.4634719857776,50.5365280142224,0,1000,2941.22322710965,39.0963857231565,6.14238605817588,39.7690226928904,4.05531172142275
three_point,三点法,missile_three_point,missile,5.02392477231144,3877.0009513448,0,3152.90910954099,39.4065100647362,50.5934899352638,0,1000,2927.54269022421,39.119182850899,6.17411095054419,39.8079725604593,4.05928350256808
three_point,三点法,missile_three_point,missile,5.03392477231144,3883.34528984613,0,3160.63888060619,39.3494667416677,50.6505332583323,0,1000,2913.8645963639,39.142002308051,6.20613052502709,39.8469670423546,4.06325983310862
three_point,三点法,missile_three_point,missile,5.04392477231144,3889.68192399182,0,3168.37496872746,39.2923418905396,50.7076581094604,0,1000,2900.18895292652,39.1648441201854,6.23844885423355,39.8860061764927,4.06724071691074
three_point,三点法,missile_three_point,missile,5.05392477231144,3896.01083646654,0,3176.11737523835,39.2351353851295,50.7648646148705,0,1000,2886.5157673341,39.1877083128971,6.27107008604843,39.9250900007246,4.07122615783418
three_point,三点法,missile_three_point,missile,5.06392477231144,3902.33200991857,0,3183.86610144711,39.1778470989868,50.8221529010132,0,1000,2872.84504703302,39.2105949118023,6.30399844537945,39.9642185528357,4.07521615973199
three_point,三点法,missile_three_point,missile,5.07392477231144,3908.64542695974,0,3191.62114863647,39.1204769055193,50.8795230944807,0,1000,2859.17679949403,39.233503942539,6.33723823595297,40.003391870545,4.07921072645041
three_point,三点法,missile_three_point,missile,5.08392477231144,3914.95107016541,0,3199.38251806357,39.063024677894,50.936975322106,0,1000,2845.51103221237,39.2564354307668,6.37079384216026,40.0426099915044,4.0832098618289
three_point,三点法,missile_three_point,missile,5.09392477231144,3921.24892207439,0,3207.15021095977,39.0054902891364,50.9945097108636,0,1000,2831.84775270783,39.279389402167,6.40466973095587,40.0818729532983,4.08721356969998
three_point,三点法,missile_three_point,missile,5.10392477231144,3927.53896518892,0,3214.92422853052,38.947873612154,51.052126387846,0,1000,2818.18696852483,39.302365882442,6.43887045380993,40.1211807934427,4.09122185388922
three_point,三点法,missile_three_point,missile,5.11392477231144,3933.82118197464,0,3222.70457195522,38.8901745195701,51.1098254804299,0,1000,2804.5286872325,39.3253648973162,6.47340064871609,40.1605335493848,4.09523471821517
three_point,三点法,missile_three_point,missile,5.12392477231144,3940.09555486048,0,3230.49124238707,38.832392883841,51.167607116159,0,1000,2790.87291642477,39.3483864725349,6.50826504225694,40.1999312585022,4.09925216648929
three_point,三点法,missile_three_point,missile,5.13392477231144,3946.36206623868,0,3238.28424095292,38.7745285772715,51.2254714227285,0,1000,2777.21966372041,39.3714306338653,6.54346845172889,40.2393739581023,4.10327420251588
three_point,三点法,missile_three_point,missile,5.14392477231144,3952.62069846471,0,3246.08356875315,38.7165814719606,51.2834185280394,0,1000,2763.56893676315,39.3944974070955,6.57901578732854,40.2788616854217,4.107300830092
three_point,三点法,missile_three_point,missile,5.15392477231144,3958.87143385724,0,3253.88922686149,38.6585514398348,51.3414485601652,0,1000,2749.92074322176,39.4175868180354,6.6149120544026,40.3183944776254,4.11133205300744
three_point,三点法,missile_three_point,missile,5.16392477231144,3965.11425469808,0,3261.7012163249,38.600438352628,51.399561647372,0,1000,2736.27509079008,39.4406988925156,6.65116235576337,40.3579723718065,4.11536787504464
three_point,三点法,missile_three_point,missile,5.17392477231144,3971.34914323215,0,3269.5195381634,38.5422420819198,51.4577579180802,0,1000,2722.63198718716,39.4638336563885,6.68777189407241,40.397595404985,4.11940829997859
three_point,三点法,missile_three_point,missile,5.18392477231144,3977.57608166743,0,3277.34419336994,38.4839624990302,51.5160375009698,0,1000,2708.99144015729,39.4869911355272,6.72474597429427,40.4372636141077,4.12345333157681
three_point,三点法,missile_three_point,missile,5.19392477231144,3983.7950521749,0,3285.17518291025,38.4255994751839,51.5744005248161,0,1000,2695.35345747013,39.5101713558264,6.76209000622307,40.4769770360472,4.12750297359926
three_point,三点法,missile_three_point,missile,5.20392477231144,3990.00603688854,0,3293.01250772268,38.367152881372,51.632847118628,0,1000,2681.71804692073,39.5333743432016,6.79980950708433,40.5167357076013,4.13155722979828
three_point,三点法,missile_three_point,missile,5.21392477231144,3996.20901790522,0,3300.85616871806,38.3086225883738,51.6913774116262,0,1000,2668.08521632966,39.5566001235893,6.83791010421462,40.5565396654923,4.1356161039185
three_point,三点法,missile_three_point,missile,5.22392477231144,4002.40397728471,0,3308.70616677954,38.2500084668313,51.7499915331687,0,1000,2654.45497354308,39.5798487229474,6.87639753782179,40.5963889463666,4.1396795996968
three_point,三点法,missile_three_point,missile,5.23392477231144,4008.59089704961,0,3316.56250276246,38.1913103872009,51.8086896127991,0,1000,2640.82732643279,39.6031201672543,6.9152776638288,40.6362835867937,4.14374772086224
three_point,三点法,missile_three_point,missile,5.24392477231144,4014.76975918532,0,3324.42517749416,38.1325282197437,51.8674717802563,0,1000,2627.20228289635,39.6264144825098,6.95455645680376,40.6762236232656,4.14782047113598
three_point,三点法,missile_three_point,missile,5.25392477231144,4020.94054563999,0,3332.29419177388,38.073661834538,51.926338165462,0,1000,2613.57985085715,39.6497316947342,6.99424001297961,40.7162090921962,4.15189785423118
three_point,三点法,missile_three_point,missile,5.26392477231144,4027.10323832448,0,3340.16954637255,38.0147111013955,51.9852888986045,0,1000,2599.96003826447,39.6730718299688,7.03433455336644,40.7562400299206,4.15597987385301
three_point,三点法,missile_three_point,missile,5.27392477231144,4033.25781911229,0,3348.05124203271,37.9556758900658,52.0443241099342,0,1000,2586.34285309359,39.6964349142757,7.07484642695979,40.7963164726944,4.1600665336985
three_point,三点法,missile_three_point,missile,5.28392477231144,4039.40426983958,0,3355.93927946826,37.8965560700767,52.1034439299233,0,1000,2572.72830334586,39.7198209737378,7.11578211404859,40.836438456693,4.16415783745652
three_point,三点法,missile_three_point,missile,5.29392477231144,4045.54257230505,0,3363.8336593644,37.8373515107091,52.1626484892909,0,1000,2559.11639704879,39.7432300344586,7.15714822962605,40.8766060180109,4.16825378880768
three_point,三点法,missile_three_point,missile,5.30392477231144,4051.67270826997,0,3371.73438237741,37.7780620810991,52.2219379189009,0,1000,2545.50714225609,39.7666621225623,7.19895152690754,40.916819192661,4.17235439142429
three_point,三点法,missile_three_point,missile,5.31392477231144,4057.79465945806,0,3379.64144913453,37.7186876502084,52.2813123497916,0,1000,2531.90054704784,39.7901172641938,7.24119890095931,40.9570780165741,4.17645964897025
three_point,三点法,missile_three_point,missile,5.32392477231144,4063.90840755555,0,3387.55486023379,37.6592280867872,52.3407719132128,0,1000,2518.29661953048,39.8135954855183,7.28389739244213,40.9973825255978,4.18056956510101
three_point,三点法,missile_three_point,missile,5.33392477231144,4070.01393421102,0,3395.47461624386,37.5996832593842,52.4003167406158,0,1000,2504.69536783694,39.8370968127218,7.32705419147397,41.0377327554962,4.18468414346348
three_point,三点法,missile_three_point,missile,5.34392477231144,4076.11122103545,0,3403.40071770386,37.5400530364492,52.4599469635508,0,1000,2491.09680012673,39.8606212720107,7.37067664161653,41.0781287419489,4.18880338769599
three_point,三点法,missile_three_point,missile,5.35392477231144,4082.20024960216,0,3411.33316512328,37.4803372861037,52.5196627138963,0,1000,2477.500924586,39.8841688896116,7.41477224398989,41.1185705205505,4.19292730142816
three_point,三点法,missile_three_point,missile,5.36392477231144,4088.28100144671,0,3419.27195898172,37.4205358763952,52.5794641236047,0,1000,2463.90774942763,39.9077396917719,7.45934866152033,41.1590581268097,4.19705588828088
three_point,三点法,missile_three_point,missile,5.37392477231143,4094.35345806695,0,3427.21709972881,37.3606486751453,52.6393513248547,0,1000,2450.31728289132,39.9313337047588,7.50441372332635,41.1995915961488,4.20118915186622
three_point,三点法,missile_three_point,missile,5.38392477231143,4100.41760092291,0,3435.16858778402,37.3006755499086,52.6993244500914,0,1000,2436.72953324367,39.9549509548603,7.54997542924807,41.2401709639028,4.20532709578733
three_point,三点法,missile_three_point,missile,5.39392477231143,4106.47341143678,0,3443.12642353651,37.2406163681994,52.7593836318006,0,1000,2423.14450877828,39.9785914683841,7.59604195452564,41.2807962653188,4.20946972363843
three_point,三点法,missile_three_point,missile,5.40392477231143,4112.52087099289,0,3451.09060734493,37.1804709972996,52.8195290027004,0,1000,2409.5622178158,40.0022552716585,7.64262165463225,41.3214675355551,4.21361703900466
three_point,三点法,missile_three_point,missile,5.41392477231143,4118.55996093765,0,3459.06113953732,37.1202393041627,52.8797606958373,0,1000,2395.98266870404,40.0259423910317,7.68972307026794,41.3621848096806,4.21776904546207
three_point,三点法,missile_three_point,missile,5.42392477231143,4124.59066257949,0,3467.03802041091,37.0599211556686,52.9400788443314,0,1000,2382.40586981805,40.049652852872,7.7373549325203,41.4029481226741,4.22192574657749
three_point,三点法,missile_three_point,missile,5.43392477231143,4130.61295718886,0,3475.02125023196,36.9995164185989,53.0004835814011,0,1000,2368.83182956022,40.0733866835677,7.7855261681987,41.4437575094237,4.22608714590851
three_point,三点法,missile_three_point,missile,5.44392477231143,4136.62682599819,0,3483.01082923559,36.9390249593757,53.0609750406243,0,1000,2355.26055636033,40.0971439095271,7.83424590534882,41.4846130047255,4.23025324700336
three_point,三点法,missile_three_point,missile,5.45392477231143,4142.63225020181,0,3491.00675762566,36.8784466442877,53.1215533557123,0,1000,2341.69205867567,40.1209245571785,7.88352347895481,41.5255146432836,4.23442405340087
three_point,三点法,missile_three_point,missile,5.46392477231143,4148.62921095595,0,3499.00903557453,36.8177813394333,53.1822186605667,0,1000,2328.1263449911,40.1447286529698,7.93336843683627,41.5664624597088,4.23859956863034
three_point,三点法,missile_three_point,missile,5.47392477231143,4154.61768937867,0,3507.01766322298,36.7570289107734,53.2429710892266,0,1000,2314.56342381917,40.168556223369,7.98379054574819,41.607456488518,4.24277979621155
three_point,三点法,missile_three_point,missile,5.48392477231143,4160.59766654987,0,3515.03264067995,36.6961892240416,53.3038107759584,0,1000,2301.00330370016,40.1924072948636,8.03479979769176,41.6484967641337,4.24696473965459
three_point,三点法,missile_three_point,missile,5.49392477231143,4166.5691235112,0,3523.05396802248,36.6352621446792,53.3647378553208,0,1000,2287.44599320221,40.216281893961,8.08640641644488,41.6895833208829,4.25115440245985
three_point,三点法,missile_three_point,missile,5.50392477231143,4172.53204126603,0,3531.08164529544,36.5742475381269,53.4257524618731,0,1000,2273.89150092138,40.2401800471882,8.13862086432101,41.7307161929965,4.25534878811791
three_point,三点法,missile_three_point,missile,5.51392477231143,4178.48640077947,0,3539.11567251144,36.5131452694873,53.4868547305127,0,1000,2260.33983548175,40.2641017810915,8.19145384916612,41.7718954146086,4.25954790010948
three_point,三点法,missile_three_point,missile,5.52392477231143,4184.43218297824,0,3547.15604965062,36.4519552037299,53.5480447962701,0,1000,2246.7910055355,40.2880471222371,8.2449163316032,41.8131210197555,4.26375174190529
three_point,三点法,missile_three_point,missile,5.53392477231143,4190.36936875071,0,3555.20277666047,36.3906772056287,53.6093227943713,0,1000,2233.245019763,40.3120160972106,8.29901953253491,41.8543930423754,4.26796031696608
three_point,三点法,missile_three_point,missile,5.54392477231143,4196.29793894683,0,3563.25585345573,36.3293111397559,53.6706888602441,0,1000,2219.7018868729,40.3360087326169,8.35377494091503,41.8957115163068,4.27217362874242
three_point,三点法,missile_three_point,missile,5.55392477231143,4202.2178743781,0,3571.31527991812,36.2678568704889,53.7321431295111,0,1000,2206.16161560223,40.3600250550802,8.40919432179994,41.9370764752888,4.27639168067473
three_point,三点法,missile_three_point,missile,5.56392477231143,4208.12915581752,0,3579.38105589626,36.2063142619604,53.7936857380396,0,1000,2192.62421471646,40.3840650912443,8.46528972469221,41.9784879529595,4.28061447619315
three_point,三点法,missile_three_point,missile,5.57392477231143,4214.03176399957,0,3587.45318120544,36.1446831782601,53.8553168217399,0,1000,2179.0896930096,40.408128867772,8.52207349218845,42.0199459828555,4.28484201871745
three_point,三点法,missile_three_point,missile,5.58392477231143,4219.92567962019,0,3595.53165562746,36.0829634831547,53.9170365168453,0,1000,2165.5580593043,40.4322164113453,8.57955826894466,42.0614505984111,4.289074311657
three_point,三点法,missile_three_point,missile,5.59392477231143,4225.81088333669,0,3603.61647891047,36.021155040255,53.978844959745,0,1000,2152.02932245195,40.4563277486653,8.63775701097264,42.1030018329575,4.29331135841062
three_point,三点法,missile_three_point,missile,5.60392477231143,4231.68735576779,0,3611.70765076879,35.9592577129335,54.0407422870665,0,1000,2138.50349133271,40.4804629064524,8.69668299528201,42.1445997197222,4.29755316236657
three_point,三点法,missile_three_point,missile,5.61392477231143,4237.5550774935,0,3619.80517088275,35.8972713644101,54.1027286355899,0,1000,2124.98057485567,40.5046219114457,8.75634982988247,42.1862442918277,4.30179972690243
three_point,三点法,missile_three_point,missile,5.62392477231143,4243.41402905517,0,3627.90903889848,35.8351958577911,54.1648041422089,0,1000,2111.46058195891,40.5288047904035,8.81677146416277,42.2279355822914,4.30605105538501
three_point,三点法,missile_three_point,missile,5.63392477231143,4249.2641909554,0,3636.01925442776,35.7730310558447,54.2269689441553,0,1000,2097.94352160957,40.5530115701028,8.87796219966236,42.2696736240243,4.3103071511703
three_point,三点法,missile_three_point,missile,5.64392477231143,4255.10554365801,0,3644.13581704783,35.7107768211788,54.2892231788213,0,1000,2084.429402804,40.5772422773396,8.9399367012537,42.3114584498301,4.31456801760337
three_point,三点法,missile_three_point,missile,5.65392477231143,4260.93806758803,0,3652.25872630125,35.6484330163038,54.3515669836962,0,1000,2070.91823456776,40.6014969389285,9.00271000875323,42.3532900924049,4.31883365801827
three_point,三点法,missile_three_point,missile,5.66392477231143,4266.76174313167,0,3660.38798169566,35.5859995034651,54.4140004965349,0,1000,2057.4100259558,40.625775581703,9.06629754898067,42.395168584336,4.323104075738
three_point,三点法,missile_three_point,missile,5.67392477231143,4272.57655063625,0,3668.52358270366,35.523476144636,54.476523855364,0,1000,2043.9047860525,40.6500782325149,9.13071514828652,42.4370939581013,4.32737927407436
three_point,三点法,missile_three_point,missile,5.68392477231143,4278.38247041019,0,3676.6655287626,35.4608628017316,54.5391371982684,0,1000,2030.40252397177,40.6744049182349,9.19597904556951,42.4790662460682,4.33165925632792
three_point,三点法,missile_three_point,missile,5.69392477231143,4284.17948272299,0,3684.8138192744,35.3981593363793,54.6018406636208,0,1000,2016.90324885715,40.6987556657521,9.26210590580635,42.5210854804931,4.33594402578792
three_point,三点法,missile_three_point,missile,5.70392477231143,4289.96756780516,0,3692.96845360539,35.3353656100584,54.6646343899416,0,1000,2003.4069698819,40.7231305019741,9.32911283411734,42.5631516935202,4.34023358573215
three_point,三点法,missile_three_point,missile,5.71392477231143,4295.74670584825,0,3701.12943108611,35.2724814840714,54.7275185159286,0,1000,1989.91369624909,40.7475294538268,9.39701739039299,42.6052649171812,4.34452793942694
three_point,三点法,missile_three_point,missile,5.72392477231143,4301.51687700475,0,3709.29675101113,35.2095068194093,54.7904931805907,0,1000,1976.42343719167,40.7719525482544,9.46583760450772,42.6474251833941,4.34882709012701
three_point,三点法,missile_three_point,missile,5.73392477231143,4307.27806138809,0,3717.47041263888,35.1464414769896,54.8535585230104,0,1000,1962.93620197262,40.7963998122195,9.53559199214849,42.6896325239621,4.35313104107541
three_point,三点法,missile_three_point,missile,5.74392477231143,4313.03023907263,0,3725.65041519146,35.0832853175128,54.9167146824872,0,1000,1949.45199988499,40.8208712727027,9.60629957128748,42.7318869705736,4.35743979550342
three_point,三点法,missile_three_point,missile,5.75392477231143,4318.7733900936,0,3733.83675785446,35.0200382013808,54.9799617986192,0,1000,1935.97084025199,40.845366956703,9.67797987932954,42.7741885548005,4.3617533566305
three_point,三点法,missile_three_point,missile,5.76392477231143,4324.50749444705,0,3742.02943977676,34.9566999889532,55.0433000110468,0,1000,1922.49273242712,40.8698868912371,9.75065299096687,42.8165373080978,4.36607172766417
three_point,三点法,missile_three_point,missile,5.77392477231143,4330.2325320899,0,3750.22846007036,34.8932705402875,55.1067294597125,0,1000,1909.01768579426,40.89443110334,9.82433953677556,42.8589332618026,4.37039491179992
three_point,三点法,missile_three_point,missile,5.78392477231143,4335.94848293981,0,3758.43381781021,34.8297497152004,55.1702502847996,0,1000,1895.54570976773,40.9189996200643,9.89906072258947,42.9013764471335,4.37472291222114
three_point,三点法,missile_three_point,missile,5.79392477231143,4341.65532687522,0,3766.64551203399,34.7661373734723,55.2338626265277,0,1000,1882.07681379241,40.9435924684809,9.97483834969055,42.9438668951892,4.37905573209906
three_point,三点法,missile_three_point,missile,5.80392477231143,4347.35304373531,0,3774.86354174194,34.702433374558,55.297566625442,0,1000,1868.61100734382,40.9682096756781,10.051694835855,42.9864046369483,4.38339337459258
three_point,三点法,missile_three_point,missile,5.81392477231143,4353.04161331993,0,3783.08790589666,34.6386375777382,55.3613624222618,0,1000,1855.14829992824,40.992851268762,10.1296532372991,43.0289897032679,4.38773584284826
three_point,三点法,missile_three_point,missile,5.82392477231143,4358.72101538964,0,3791.31860342296,34.5747498420816,55.4252501579184,0,1000,1841.68870108277,41.0175172748565,10.2087372715682,43.0716221248831,4.39208314000022
three_point,三点法,missile_three_point,missile,5.83392477231143,4364.39122966561,0,3799.55563320763,34.5107700265024,55.4892299734976,0,1000,1828.23222037544,41.0422077211028,10.2889713414189,43.114301932406,4.39643526917
three_point,三点法,missile_three_point,missile,5.84392477231142,4370.05223582966,0,3807.79899409926,34.4466979897114,55.5533020102886,0,1000,1814.77886740533,41.0669226346599,10.3703805597426,43.1570291563245,4.40079223346653
three_point,三点法,missile_three_point,missile,5.85392477231142,4375.70401352417,0,3816.04868490805,34.3825335901713,55.6174664098287,0,1000,1801.32865180261,41.0916620427041,10.4529907755851,43.1998038270021,4.405154035986
three_point,三点法,missile_three_point,missile,5.86392477231142,4381.34654235211,0,3824.30470440564,34.3182766861694,55.6817233138306,0,1000,1787.88158322871,41.116425972429,10.5368286013192,43.2426259746764,4.4095206798118
three_point,三点法,missile_three_point,missile,5.87392477231142,4386.97980187697,0,3832.5670513249,34.2539271358043,55.7460728641957,0,1000,1774.43767137632,41.1412144510455,10.6219214410292,43.2854956294587,4.41389216801443
three_point,三点法,missile_three_point,missile,5.88392477231142,4392.60377162275,0,3840.83572435971,34.1894847969775,55.8105152030225,0,1000,1760.99692596959,41.1660275057819,10.7082975201718,43.3284128213325,4.41826850365135
three_point,三点法,missile_three_point,missile,5.89392477231142,4398.21843107395,0,3849.11072216484,34.1249495273431,55.8750504726569,0,1000,1747.55935676415,41.1908651638834,10.7959859165803,43.3713775801533,4.42264968976698
three_point,三点法,missile_three_point,missile,5.90392477231142,4403.82375967551,0,3857.39204335568,34.0603211844095,55.9396788155905,0,1000,1734.12497354723,41.2157274526124,10.8850165928844,43.4143899356473,4.42703572939253
three_point,三点法,missile_three_point,missile,5.91392477231142,4409.41973683281,0,3865.67968650808,33.9955996254497,56.0044003745503,0,1000,1720.69378613779,41.2406143992483,10.9754204304202,43.4574499174104,4.43142662554597
three_point,三点法,missile_three_point,missile,5.92392477231142,4415.00634191164,0,3873.97365015817,33.9307847075591,56.0692152924409,0,1000,1707.26580438655,41.2655260310874,11.0672292647123,43.5005575549077,4.43582238123189
three_point,三点法,missile_three_point,missile,5.93392477231142,4420.58355423819,0,3882.27393280214,33.8658762876711,56.1341237123289,0,1000,1693.84103817614,41.2904623754427,11.1604759226133,43.5437128774724,4.44022299944144
three_point,三点法,missile_three_point,missile,5.94392477231142,4426.151353099,0,3890.58053289603,33.8008742223774,56.1991257776226,0,1000,1680.41949742119,41.3154234596443,11.2551942611909,43.5869159143045,4.44462848315219
three_point,三点法,missile_three_point,missile,5.95392477231142,4431.70971774093,0,3898.89344885559,33.7357783681471,56.2642216318529,0,1000,1667.00119206842,41.3404093110387,11.3514192084609,43.6301666944705,4.44903883532812
three_point,三点法,missile_three_point,missile,5.96392477231142,4437.25862737117,0,3907.21267905601,33.6705885813623,56.3294114186377,0,1000,1653.58613209672,41.365419956989,11.4491868060672,43.6734652469024,4.45345405891945
three_point,三点法,missile_three_point,missile,5.97392477231142,4442.79806115722,0,3915.53822183177,33.6053047180427,56.3946952819573,0,1000,1640.17432751729,41.3904554248751,11.5485342540206,43.7168116003962,4.45787415686256
three_point,三点法,missile_three_point,missile,5.98392477231142,4448.32799822682,0,3923.87007547643,33.5399266339929,56.4600733660071,0,1000,1626.7657883737,41.4155157420933,11.64949995761,43.7602057836116,4.46229913207993
three_point,三点法,missile_three_point,missile,5.99392477231142,4453.84841766796,0,3932.20823824243,33.4744541849396,56.5255458150604,0,1000,1613.36052474201,41.4406009360559,11.7521235766139,43.8036478250709,4.46672898748002
three_point,三点法,missile_three_point,missile,6.00392477231142,4459.35929852888,0,3940.55270834088,33.4088872263539,56.5911127736461,0,1000,1599.95854673087,41.465711034192,11.856446076942,43.8471377531578,4.47116372595716
three_point,三点法,missile_three_point,missile,6.01392477231142,4464.86061981799,0,3948.90348394135,33.3432256134581,56.6567743865419,0,1000,1586.55986448159,41.4908460639466,11.9625097848486,43.8906755961168,4.4756033503915
three_point,三点法,missile_three_point,missile,6.02392477231142,4470.35236050391,0,3957.26056317171,33.2774692013585,56.7225307986415,0,1000,1573.16448816831,41.5160060527811,12.0703584438694,43.9342613820522,4.48004786364887
three_point,三点法,missile_three_point,missile,6.03392477231142,4475.83449951542,0,3965.62394411787,33.2116178448494,56.7883821551506,0,1000,1559.77242799799,41.5411910281728,12.1800372746425,43.9778951389268,4.48449726858069
three_point,三点法,missile_three_point,missile,6.04392477231142,4481.30701574142,0,3973.99362482363,33.1456713985687,56.8543286014313,0,1000,1546.38369421064,41.5664010176148,12.2915930377841,44.0215768945617,4.48895156802391
three_point,三点法,missile_three_point,missile,6.05392477231142,4486.76988803097,0,3982.36960329045,33.079629717006,56.920370282994,0,1000,1532.99829707929,41.5916360486165,12.4050741000044,44.0653066766344,4.49341076480086
three_point,三点法,missile_three_point,missile,6.06392477231142,4492.2230951932,0,3990.75187747722,33.0134926543199,56.9865073456801,0,1000,1519.61624691021,41.6168961487029,12.5205305036585,44.1090845126786,4.4978748617192
three_point,三点法,missile_three_point,missile,6.07392477231142,4497.66661599733,0,3999.14044530011,32.947260064598,57.052739935402,0,1000,1506.23755404292,41.6421813454147,12.638014039944,44.152910430083,4.50234386157179
three_point,三点法,missile_three_point,missile,6.08392477231142,4503.10042917268,0,4007.53530463232,32.8809318016731,57.1190681983269,0,1000,1492.86222885033,41.6674916663082,12.7575783259682,44.1967844560901,4.5068177671366
three_point,三点法,missile_three_point,missile,6.09392477231142,4508.52451340858,0,4015.93645330388,32.8145077191349,57.1854922808651,0,1000,1479.49028173886,41.6928271389556,12.8792788859286,44.2407066177956,4.51129658117661
three_point,三点法,missile_three_point,missile,6.10392477231142,4513.93884735442,0,4024.34388910146,32.7479876703524,57.2520123296476,0,1000,1466.12172314849,41.7181877909442,13.0031732366615,44.2846769421472,4.51578030643973
three_point,三点法,missile_three_point,missile,6.11392477231142,4519.34340961957,0,4032.75760976815,32.6813715085608,57.3186284914392,0,1000,1452.75656355293,41.7435736498768,13.1293209778387,44.3286954559437,4.52026894565868
three_point,三点法,missile_three_point,missile,6.12392477231142,4524.73817877344,0,4041.17761300324,32.6146590867958,57.3853409132042,0,1000,1439.39481345965,41.7689847433717,13.2577838871079,44.3727621858339,4.52476250155088
three_point,三点法,missile_three_point,missile,6.13392477231142,4530.12313334539,0,4049.60389646202,32.5478502577817,57.4521497422183,0,1000,1426.03648341003,41.7944210990622,13.3886260204961,44.416877158316,4.52926097681839
three_point,三点法,missile_three_point,missile,6.14392477231142,4535.49825182476,0,4058.03645775558,32.4809448741284,57.5190551258716,0,1000,1412.68158397944,41.8198827445968,13.5219138184188,44.4610403997362,4.53376437414776
three_point,三点法,missile_three_point,missile,6.15392477231142,4540.86351266084,0,4066.47529445058,32.4139427881897,57.5860572118103,0,1000,1399.33012577739,41.8453697076392,13.6577162176641,44.5052519362876,4.53827269620998
three_point,三点法,missile_three_point,missile,6.16392477231142,4546.21889426285,0,4074.92040406905,32.3468438521312,57.6531561478688,0,1000,1385.98211944755,41.8708820158678,13.7961047697473,44.5495117940099,4.54278594566033
three_point,三点法,missile_three_point,missile,6.17392477231142,4551.56437499994,0,4083.37178408817,32.2796479179148,57.7203520820852,0,1000,1372.63757566792,41.8964196969761,13.9371537660644,44.5938199987875,4.5473041251383
three_point,三点法,missile_three_point,missile,6.18392477231142,4556.89993320115,0,4091.82943194004,32.2123548372943,57.7876451627057,0,1000,1359.29650515092,41.9219827786722,14.0809403703025,44.6381765763494,4.5518272372675
three_point,三点法,missile_three_point,missile,6.19392477231142,4562.22554715544,0,4100.29334501151,32.1449644617725,57.8550355382275,0,1000,1345.95891864348,41.9475712886792,14.2275447586048,44.6825815522673,4.55635528465555
three_point,三点法,missile_three_point,missile,6.20392477231142,4567.54119511163,0,4108.76352064394,32.0774766427342,57.9225233572658,0,1000,1332.62482692715,41.9731852547344,14.377050268024,44.7270349519554,4.56088826989394
three_point,三点法,missile_three_point,missile,6.21392477231142,4572.84685527843,0,4117.23995613294,32.0098912312475,57.9901087687525,0,1000,1319.29424081821,41.9988247045899,14.5295435538419,44.7715368006689,4.56542619555801
three_point,三点法,missile_three_point,missile,6.22392477231142,4578.14250582437,0,4125.72264872825,31.9422080781822,58.0577919218178,0,1000,1305.96717116779,42.0244896660121,14.6851147563796,44.816087123503,4.56996906420674
three_point,三点法,missile_three_point,missile,6.23392477231142,4583.42812487786,0,4134.21159563343,31.8744270343417,58.1255729656583,0,1000,1292.64362886192,42.0501801667818,14.8438576779729,44.8606859453921,4.57451687838274
three_point,三点法,missile_three_point,missile,6.24392477231142,4588.70369052713,0,4142.70679400568,31.8065479501414,58.1934520498586,0,1000,1279.32362482171,42.0758962346941,15.0058699708415,44.9053332911086,4.57906964061209
three_point,三点法,missile_three_point,missile,6.25392477231142,4593.96918082024,0,4151.20824095566,31.7385706758398,58.2614293241602,0,1000,1266.00717000339,42.1016378975581,15.171253336646,44.9500291852618,4.58362735340426
three_point,三点法,missile_three_point,missile,6.26392477231142,4599.22457376504,0,4159.71593354717,31.6704950615381,58.3295049384619,0,1000,1252.69427539846,42.127405183197,15.3401137385853,44.9947736522974,4.58819001925197
three_point,三点法,missile_three_point,missile,6.27392477231142,4604.46984732921,0,4168.22986879703,31.6023209570815,58.3976790429185,0,1000,1239.38495203378,42.153198119448,15.512561626968,45.0395667164955,4.59275764063116
three_point,三点法,missile_three_point,missile,6.28392477231142,4609.70497944022,0,4176.75004367482,31.5340482120733,58.4659517879267,0,1000,1226.07921097168,42.1790167341621,15.6887121792635,45.0844084019706,4.59733022000077
three_point,三点法,missile_three_point,missile,6.29392477231142,4614.9299479853,0,4185.27645510263,31.4656766760006,58.5343233239994,0,1000,1212.77706331006,42.204861055204,15.8686855557309,45.1292987326697,4.60190775980275
three_point,三点法,missile_three_point,missile,6.30392477231142,4620.1447308115,0,4193.80909995488,31.3972061980434,58.6027938019566,0,1000,1199.47852018248,42.2307311104524,16.0526071718184,45.1742377323718,4.60649026246188
three_point,三点法,missile_three_point,missile,6.31392477231141,4625.3493057256,0,4202.34797505809,31.3286366271928,58.6713633728072,0,1000,1186.18359275834,42.2566269277993,16.2406079886283,45.2192254246866,4.61107773038567
three_point,三点法,missile_three_point,missile,6.32392477231141,4630.54365049417,0,4210.89307719062,31.2599678122685,58.7400321877315,0,1000,1172.89229224288,42.2825485351502,16.4328248228644,45.2642618330536,4.61567016596428
three_point,三点法,missile_three_point,missile,6.33392477231141,4635.72774284351,0,4219.44440308248,31.1911996017917,58.8088003982082,0,1000,1159.60462987739,42.308495960424,16.6294006778015,45.3093469807409,4.6202675715704
three_point,三点法,missile_three_point,missile,6.34392477231141,4640.90156045969,0,4228.00194941511,31.1223318441454,58.8776681558546,0,1000,1146.32061693923,42.3344692315529,16.8304850969596,45.3544808908439,4.62486994955912
three_point,三点法,missile_three_point,missile,6.35392477231141,4646.06508098851,0,4236.56571282112,31.0533643875016,58.9466356124984,0,1000,1133.04026474203,42.3604683764824,17.0362345423217,45.3996635862849,4.62947730226784
three_point,三点法,missile_three_point,missile,6.36392477231141,4651.21828203553,0,4245.13568988409,30.9842970798029,59.0157029201971,0,1000,1119.7635846357,42.3864934231708,17.2468127991052,45.4448950898115,4.63408963201618
three_point,三点法,missile_three_point,missile,6.37392477231141,4656.36114116602,0,4253.71187713831,30.9151297687341,59.0848702312659,0,1000,1106.49058800662,42.4125443995896,17.4623914092872,45.4901754239955,4.63870694110583
three_point,三点法,missile_three_point,missile,6.38392477231141,4661.493635905,0,4262.29427106861,30.8458623017599,59.15413769824,0,1000,1093.2212862777,42.4386213337231,17.6831501362966,45.5355046112322,4.64332923182047
three_point,三点法,missile_three_point,missile,6.39392477231141,4666.61574373719,0,4270.88286811007,30.776494526203,59.223505473797,0,1000,1079.95569090853,42.4647242535685,17.9092774635165,45.5808826737389,4.64795650642563
three_point,三点法,missile_three_point,missile,6.40392477231141,4671.72744210706,0,4279.47766464781,30.7070262891857,59.2929737108143,0,1000,1066.69381339545,42.4908531871356,18.1409711295048,45.626309633554,4.6525887671686
three_point,三点法,missile_three_point,missile,6.41392477231141,4676.8287084188,0,4288.07865701677,30.637457437463,59.362542562537,0,1000,1053.43566527167,42.5170081624466,18.3784387031251,45.671785512536,4.65722601627834
three_point,三点法,missile_three_point,missile,6.42392477231141,4681.91952003629,0,4296.68584150148,30.5677878177211,59.4322121822789,0,1000,1040.1812581074,42.5431892075365,18.6218982021058,45.7173103323623,4.66186825596532
three_point,三点法,missile_three_point,missile,6.43392477231141,4686.99985428317,0,4305.29921433579,30.4980172764154,59.5019827235846,0,1000,1026.93060350995,42.5693963504524,18.8715787588996,45.762884114528,4.66651548842142
three_point,三点法,missile_three_point,missile,6.44392477231141,4692.06968844277,0,4313.91877170269,30.4281456596554,59.5718543403446,0,1000,1013.68371312383,42.5956296192539,19.1277213381204,45.8085068803449,4.67116771581987
three_point,三点法,missile_three_point,missile,6.45392477231141,4697.12899975813,0,4322.54450973403,30.3581728134933,59.6418271865067,0,1000,1000.44059863088,42.6218890420125,19.3905795102772,45.8541786509404,4.67582494031504
three_point,三点法,missile_three_point,missile,6.46392477231141,4702.17776543204,0,4331.17642451032,30.2880985836813,59.7119014163187,0,1000,987.201271750357,42.6481746468118,19.6604202870282,45.8998994472565,4.68048716404241
three_point,三点法,missile_three_point,missile,6.47392477231141,4707.21596262697,0,4339.81451206046,30.217922815785,59.782077184215,0,1000,973.965744239072,42.6744864617477,19.9375250237397,45.9456692900483,4.68515438911844
three_point,三点法,missile_three_point,missile,6.48392477231141,4712.24356846515,0,4348.45876836153,30.1476453551086,59.8523546448914,0,1000,960.734027891486,42.7008245149274,20.2221903957602,45.9914881998833,4.68982661764041
three_point,三点法,missile_three_point,missile,6.49392477231141,4717.26056002849,0,4357.10918933855,30.0772660466987,59.9227339533013,0,1000,947.506134539833,42.7271888344703,20.5147294555339,46.03735619714,4.69450385168636
three_point,三点法,missile_three_point,missile,6.50392477231141,4722.26691435864,0,4365.76577086423,30.0067847355801,59.99321526442,0,1000,934.282076054223,42.7535794485071,20.8154727784703,46.0832733020069,4.69918609331494
three_point,三点法,missile_three_point,missile,6.51392477231141,4727.26260845701,0,4374.42850875873,29.9362012663348,60.0637987336652,0,1000,921.061864342758,42.77999638518,21.1247697063883,46.1292395344813,4.7038733445653
three_point,三点法,missile_three_point,missile,6.52392477231141,4732.24761928468,0,4383.09739878944,29.8655154834083,60.1344845165917,0,1000,907.845511351647,42.806439672643,21.4429896983678,46.1752549143682,4.708565607457
three_point,三点法,missile_three_point,missile,6.53392477231141,4737.22192376252,0,4391.77243667071,29.794727231086,60.205272768914,0,1000,894.633029065319,42.832909339061,21.7705237999892,46.2213194612791,4.71326288398986
three_point,三点法,missile_three_point,missile,6.54392477231141,4742.18549877111,0,4400.45361806364,29.7238363533227,60.2761636466773,0,1000,881.424429506533,42.8594054126101,22.1077862432492,46.2674331946311,4.71796517614385
three_point,三点法,missile_three_point,missile,6.55392477231141,4747.13832115079,0,4409.14093857581,29.6528426939449,60.3471573060551,0,1000,868.219724736499,42.8859279214777,22.4552161909113,46.3135961336451,4.72267248587899
three_point,三点法,missile_three_point,missile,6.56392477231141,4752.08036770165,0,4417.83439376106,29.5817460964672,60.4182539035328,0,1000,855.018926854983,42.9124768938619,22.8132796407394,46.3598082973456,4.7273848151352
three_point,三点法,missile_three_point,missile,6.57392477231141,4757.01161518352,0,4426.53397911922,29.5105464042619,60.4894535957381,0,1000,841.822048000429,42.9390523579719,23.1824715069753,46.4060697045587,4.73210216583224
three_point,三点法,missile_three_point,missile,6.58392477231141,4761.93204031603,0,4435.2396900959,29.4392434604289,60.5607565395711,0,1000,828.629100350071,42.9656543420275,23.5633178986108,46.4523803739113,4.73682453986951
three_point,三点法,missile_three_point,missile,6.59392477231141,4766.84161977855,0,4443.95152208222,29.3678371079061,60.6321628920939,0,1000,815.440096120049,42.9922828742591,23.9563786165081,46.49874032383,4.741551939126
three_point,三点法,missile_three_point,missile,6.60392477231141,4771.74033021027,0,4452.66947041455,29.2963271893654,60.7036728106346,0,1000,802.25504756552,43.0189379829075,24.3622498942957,46.5451495725396,4.74628436546014
three_point,三点法,missile_three_point,missile,6.61392477231141,4776.62814821014,0,4461.39353037431,29.2247135471873,60.7752864528127,0,1000,789.073966980781,43.0456196962241,24.7815674112618,46.5916081380624,4.75102182070967
three_point,三点法,missile_three_point,missile,6.62392477231141,4781.50505033693,0,4470.12369718769,29.1529960236533,60.8470039763467,0,1000,775.896866699379,43.0723280424705,25.2150096092647,46.6381160382167,4.75576430669155
three_point,三点法,missile_three_point,missile,6.63392477231141,4786.37101310921,0,4478.85996602538,29.0811744607651,60.9188255392349,0,1000,762.723759094229,43.0990630499183,25.6633013500657,46.6846732906154,4.76051182520181
three_point,三点法,missile_three_point,missile,6.64392477231141,4791.22601300539,0,4487.60233200238,29.0092487002881,60.9907512997119,0,1000,749.554656577729,43.1258247468493,26.1272179545509,46.7312799126654,4.76526437801547
three_point,三点法,missile_three_point,missile,6.65392477231141,4796.0700264637,0,4496.35079017769,28.937218583768,61.062781416232,0,1000,736.389571601882,43.1526131615553,26.6075896711905,46.7779359215659,4.77002196688634
three_point,三点法,missile_three_point,missile,6.66392477231141,4800.90302988223,0,4505.10533555411,28.8650839524926,61.1349160475074,0,1000,723.228516658407,43.1794283223376,27.105306627911,46.8246413343075,4.77478459354698
three_point,三点法,missile_three_point,missile,6.67392477231141,4805.72499961891,0,4513.86596307795,28.7928446476126,61.2071553523874,0,1000,710.071504278858,43.2062702575074,27.6213243295136,46.8713961676709,4.77955225970855
three_point,三点法,missile_three_point,missile,6.68392477231141,4810.53591199158,0,4522.63266763879,28.7205005100045,61.2794994899955,0,1000,696.918547034743,43.2331389953852,28.1566697720695,46.9182004382254,4.78432496706066
three_point,三点法,missile_three_point,missile,6.69392477231141,4815.33574327793,0,4531.40544406922,28.6480513802514,61.3519486197486,0,1000,683.76965753764,43.2600345643015,28.7124482566177,46.9650541623283,4.78910271727127
three_point,三点法,missile_three_point,missile,6.70392477231141,4820.12446971558,0,4540.18428714462,28.5754970988416,61.4245029011584,0,1000,670.624848439319,43.2869569925954,29.2898509972855,47.0119573561232,4.79388551198658
three_point,三点法,missile_three_point,missile,6.71392477231141,4824.90206750207,0,4548.96919158285,28.5028375059375,61.4971624940625,0,1000,657.484132431853,43.3139063086157,29.8901636340363,47.058910035539,4.79867335283088
three_point,三点法,missile_three_point,missile,6.72392477231141,4829.66851279486,0,4557.76015204404,28.4300724414573,61.5699275585427,0,1000,644.347522247744,43.34088254072,30.5147757780687,47.1059122162883,4.80346624140643
three_point,三点法,missile_three_point,missile,6.73392477231141,4834.42378171137,0,4566.55716313031,28.3572017451698,61.6427982548302,0,1000,631.215030660039,43.3678857172748,31.1651917390297,47.152963913867,4.80826417929333
three_point,三点法,missile_three_point,missile,6.74392477231141,4839.167850329,0,4575.36021938553,28.2842252565721,61.7157747434279,0,1000,618.08667048245,43.3949158666558,31.843042608346,47.200065143552,4.81306716804944
three_point,三点法,missile_three_point,missile,6.75392477231141,4843.90069468512,0,4584.16931529502,28.2111428149466,61.7888571850534,0,1000,604.962454569472,43.421973017247,32.5500999029873,47.2472159204009,4.81787520921017
three_point,三点法,missile_three_point,missile,6.76392477231141,4848.62229077713,0,4592.98444528535,28.1379542593215,61.8620457406786,0,1000,591.842395816504,43.4490571974411,33.2882910099348,47.2944162592502,4.82268830428843
three_point,三点法,missile_three_point,missile,6.77392477231141,4853.33261456244,0,4601.80560372404,28.0646594285031,61.9353405714969,0,1000,578.72650715997,43.4761684356393,34.0597167148546,47.3416661747141,4.82750645477447
three_point,三点法,missile_three_point,missile,6.7839247723114,4858.03164195852,0,4610.63278491931,27.9912581610523,62.0087418389477,0,1000,565.614801577437,43.503306760251,34.8666711506654,47.3889656811836,4.83232966213575
three_point,三点法,missile_three_point,missile,6.7939247723114,4862.7193488429,0,4619.46598311984,27.917750295367,62.082249704633,0,1000,552.507292087738,43.5304721996937,35.7116645649311,47.4363147928248,4.83715792781682
three_point,三点法,missile_three_point,missile,6.8039247723114,4867.39571105322,0,4628.30519251444,27.8441356695237,62.1558643304763,0,1000,539.403991751095,43.557664782393,36.5974493819866,47.4837135235779,4.84199125323917
three_point,三点法,missile_three_point,missile,6.8139247723114,4872.0607043872,0,4637.15040723188,27.7704141214142,62.2295858785858,0,1000,526.304913669231,43.5848845367829,37.5270501298,47.5311618871561,4.84682963980117
three_point,三点法,missile_three_point,missile,6.8239247723114,4876.71430460274,0,4646.00162134055,27.6965854887251,62.3034145112749,0,1000,513.210070985504,43.6121314913045,38.503797917125,47.5786598970438,4.85167308887784
three_point,三点法,missile_three_point,missile,6.8339247723114,4881.35648741787,0,4654.85882884824,27.6226496088185,62.3773503911815,0,1000,500.119476885022,43.639405674407,39.5313702891092,47.6262075664959,4.85652160182079
three_point,三点法,missile_three_point,missile,6.8439247723114,4885.98722851082,0,4663.72202370185,27.5486063188766,62.4513936811234,0,1000,487.033144594765,43.6667071145468,40.613837466358,47.673804908536,4.86137517995809
three_point,三点法,missile_three_point,missile,6.8539247723114,4890.60650352002,0,4672.59119978715,27.4744554558681,62.5255445441319,0,1000,473.951087383708,43.6940358401879,41.7557161929824,47.7214519359555,4.86623382459408
three_point,三点法,missile_three_point,missile,6.8639247723114,4895.21428804415,0,4681.46635092846,27.4001968565579,62.5998031434421,0,1000,460.873318562946,43.7213918798016,42.9620326956206,47.7691486613124,4.87109753700932
three_point,三点法,missile_three_point,missile,6.8739247723114,4899.81055764216,0,4690.34747088845,27.3258303573264,62.6741696426736,0,1000,447.799851485814,43.7487752618663,44.2383966041061,47.8168950969296,4.87596631846039
three_point,三点法,missile_three_point,missile,6.8839247723114,4904.39528783326,0,4699.23455336782,27.2513557944655,62.7486442055345,0,1000,434.730699548015,43.7761860148674,45.5910881269149,47.8646912548938,4.88084017017981
three_point,三点法,missile_three_point,missile,6.8939247723114,4908.96845409703,0,4708.12759200506,27.1767730040022,62.8232269959978,0,1000,421.665876187736,43.8036241672969,47.0271613396604,47.9125371470544,4.88571909337586
three_point,三点法,missile_three_point,missile,6.9039247723114,4913.53003187336,0,4717.02658037616,27.1020818216449,62.8979181783551,0,1000,408.605394885779,43.831089747654,48.5545671716992,47.9604327850217,4.89060308923248
three_point,三点法,missile_three_point,missile,6.9139247723114,4918.07999656253,0,4725.93151199434,27.0272820829825,62.9727179170175,0,1000,395.549269165683,43.858582784444,50.1823006174501,48.0083781801663,4.89549215890914
three_point,三点法,missile_three_point,missile,6.9239247723114,4922.61832352525,0,4734.8423803098,26.9523736232791,63.0476263767209,0,1000,382.497512593846,43.886103306179,51.9205779281871,48.0563733436171,4.90038630354067
three_point,三点法,missile_three_point,missile,6.9339247723114,4927.14498808264,0,4743.75917870941,26.8773562775416,63.1226437224584,0,1000,369.450138779655,43.9136513413771,53.7810511579058,48.1044182862604,4.90528552423717
three_point,三点法,missile_three_point,missile,6.9439247723114,4931.65996551631,0,4752.68190051648,26.8022298806809,63.1977701193191,0,1000,356.407161375604,43.9412269185628,55.7770695849267,48.1525130187385,4.91018982208384
three_point,三点法,missile_three_point,missile,6.9539247723114,4936.1632310684,0,4761.61053899044,26.7269942672487,63.2730057327513,0,1000,343.368594077426,43.9688300662666,57.9240004095486,48.2006575514483,4.91509919814088
three_point,三点法,missile_three_point,missile,6.9639247723114,4940.65475994155,0,4770.54508732659,26.651649271516,63.348350728484,0,1000,330.334450624216,43.9964608130249,60.2396250242499,48.2488518945398,4.92001365344331
three_point,三点法,missile_three_point,missile,6.9739247723114,4945.134527299,0,4779.48553865583,26.5761947276506,63.4238052723494,0,1000,317.304744798557,44.0241191873798,62.7446324826319,48.2970960579153,4.92493318900087
three_point,三点法,missile_three_point,missile,6.9839247723114,4949.60250826461,0,4788.43188604437,26.5006304694501,63.4993695305499,0,1000,304.279490426647,44.0518052178788,65.4632391675092,48.3453900512276,4.92985780579787
three_point,三点法,missile_three_point,missile,6.9939247723114,4954.05867792285,0,4797.38412249344,26.4249563305381,63.5750436694619,0,1000,291.258701378422,44.0795189330753,68.4239739875069,48.3937338838788,4.93478750479305
three_point,三点法,missile_three_point,missile,7.0039247723114,4958.50301131892,0,4806.34224093905,26.3491721443184,63.6508278556816,0,1000,278.242391567691,44.1072603615277,71.6606830919855,48.4421275650189,4.93972228691947
three_point,三点法,missile_three_point,missile,7.0139247723114,4962.93548345871,0,4815.30623425166,26.2732777439011,63.7267222560989,0,1000,265.230574952252,44.1350295317996,75.2138292030477,48.4905711035444,4.94466215308433
three_point,三点法,missile_three_point,missile,7.0239247723114,4967.35606930889,0,4824.27609523593,26.1972729621545,63.8027270378455,0,1000,252.223265534031,44.1628264724596,79.1321915341419,48.5390645080973,4.94960710416884
three_point,三点法,missile_three_point,missile,7.0339247723114,4971.76474379691,0,4833.25181663044,26.1211576316854,63.8788423683146,0,1000,239.220477359201,44.1906512120814,83.475118185165,48.5876077870633,4.95455714102811
three_point,三点法,missile_three_point,missile,7.0439247723114,4976.16148181107,0,4842.2333911074,26.0449315849659,63.9550684150341,0,1000,226.222224518314,44.2185037792432,88.3155524926667,48.6362009485706,4.959512264491
three_point,三点法,missile_three_point,missile,7.0539247723114,4980.54625820057,0,4851.22081127236,25.968594654107,64.031405345893,0,1000,213.22852114643,44.2463842025279,93.7441624488903,48.6848440004887,4.96447247535995
three_point,三点法,missile_three_point,missile,7.0639247723114,4984.9190477755,0,4860.21406966394,25.8921466709793,64.1078533290207,0,1000,200.239381423243,44.2742925105228,99.8750725921433,48.7335369504266,4.9694377744109
three_point,三点法,missile_three_point,missile,7.0739247723114,4989.27982530694,0,4869.21315875354,25.8155874673117,64.1844125326883,0,1000,187.254819573214,44.3022287318193,106.853974038109,48.782279805732,4.97440816239307
three_point,三点法,missile_three_point,missile,7.0839247723114,4993.62856552698,0,4878.21807094504,25.7389168744406,64.2610831255594,0,1000,174.274849865695,44.3301928950134,114.86984929444,48.8310725734893,4.97938364002889
three_point,三点法,missile_three_point,missile,7.0939247723114,4997.96524312873,0,4887.22879857453,25.6621347235621,64.3378652764379,0,1000,161.299486615062,44.3581850287044,124.172342401092,48.8799152605187,4.98436420801382
three_point,三点法,missile_three_point,missile,7.1039247723114,5002.28983276645,0,4896.24533391002,25.5852408456036,64.4147591543964,0,1000,148.328744180845,44.3862051614964,135.098222242474,48.9288078733747,4.98934986701623
three_point,三点法,missile_three_point,missile,7.1139247723114,5006.6023090555,0,4905.26766915115,25.5082350712003,64.4917649287997,0,1000,135.362636967858,44.414253321996,148.11302349041,48.9777504183445,4.99434061767724
three_point,三点法,missile_three_point,missile,7.1239247723114,5010.90264657247,0,4914.29579642891,25.4311172307827,64.5688827692173,0,1000,122.401179426327,44.4423295388143,163.879094273871,49.0267429014467,4.99933646061058
three_point,三点法,missile_three_point,missile,7.1339247723114,5015.19081985516,0,4923.32970780533,25.353887154498,64.646112845502,0,1000,109.444386052026,44.4704338405653,183.371896394705,49.0757853284301,5.00433739640245
three_point,三点法,missile_three_point,missile,7.1439247723114,5019.46680340267,0,4932.36939527319,25.2765446723163,64.7234553276837,0,1000,96.4922713864006,44.4985662558662,208.089826539871,49.1248777047719,5.00934342561139
three_point,三点法,missile_three_point,missile,7.1539247723114,5023.73057167545,0,4941.41485075575,25.1990896138368,64.8009103861632,0,1000,83.5448500167076,44.5267268133372,240.458874448396,49.1740200356767,5.0143545487681
three_point,三点法,missile_three_point,missile,7.1639247723114,5027.98209909531,0,4950.46606610645,25.1215218084779,64.8784781915221,0,1000,70.6021365761403,44.5549155416022,284.681843143722,49.2232123260747,5.01937076637534
three_point,三点法,missile_three_point,missile,7.1739247723114,5032.22136004553,0,4959.5230331086,25.0438410854219,64.9561589145781,0,1000,57.664145743965,44.5831324692875,348.729649191055,49.2724545806207,5.02439207890775
three_point,三点法,missile_three_point,missile,7.1839247723114,5036.44832887086,0,4968.58574347511,24.9660472736063,65.0339527263937,0,1000,44.7308922456503,44.611377625021,449.784308346292,49.3217468036922,5.02941848681173
three_point,三点法,missile_three_point,missile,7.1939247723114,5040.66297987762,0,4977.65418884815,24.8881402016332,65.1118597983668,0,1000,31.8023908530024,44.6396510374331,632.949729954065,49.3710889993884,5.03444999050526
three_point,三点法,missile_three_point,missile,7.2039247723114,5044.8652873337,0,4986.72836079894,24.8101196978798,65.1898803021202,0,1000,18.8786563842929,44.6679527351582,1066.78042621251,49.4204811715284,5.0394865903778
three_point,三点法,missile_three_point,missile,7.2139247723114,5049.05522546866,0,4995.80825082734,24.7319855905406,65.2680144094594,0,1000,5.9597037043998,44.6962827468401,3380.94864784637,49.46992332365,5.04452828679009
three_point,三点法,missile_three_point,missile,7.2239247723114,5053.23276847377,0,5004.89385036166,24.6928901144543,65.3071098855457,0,1000,6.95445227506448,-135.275358898918,-2898.79465187242,49.5194154590082,5.04957508007405
three_point,三点法,target_three_point,target,0,8660.25403784439,0,5000,270,0,0,500,0,NaN,NaN,0,0
three_point,三点法,target_three_point,target,2.00950914520766e-07,8660.25393736893,0,5000,270,0,0,500,0,NaN,NaN,0,0
three_point,三点法,target_three_point,target,1.2057054871246e-06,8660.25343499164,0,5000,270,0,0,500,0,NaN,NaN,0,0
three_point,三点法,target_three_point,target,6.22947835014376e-06,8660.25092310521,0,5000,270,0,0,500,0,NaN,NaN,0,0
three_point,三点法,target_three_point,target,3.13483426652396e-05,8660.23836367305,0,5000,270,0,0,500,0,NaN,NaN,0,0
three_point,三点法,target_three_point,target,0.000156942664240719,8660.17556651227,0,5000,270,0,0,500,0,NaN,NaN,0,0
three_point,三点法,target_three_point,target,0.000784914272118113,8659.86158070833,0,5000,270,0,0,500,0,NaN,NaN,0,0
three_point,三点法,target_three_point,target,0.00392477231150509,8658.29165168863,0,5000,270,0,0,500,0,NaN,NaN,0,0
three_point,三点法,target_three_point,target,0.0139247723115051,8653.29165168863,0,5000,270,0,0,500,0,NaN,NaN,0,0
three_point,三点法,target_three_point,target,0.0239247723115051,8648.29165168863,0,5000,270,0,0,500,0,NaN,NaN,0,0
three_point,三点法,target_three_point,target,0.0339247723115051,8643.29165168863,0,5000,270,0,0,500,0,NaN,NaN,0,0
three_point,三点法,target_three_point,target,0.0439247723115051,8638.29165168863,0,5000,270,0,0,500,0,NaN,NaN,0,0
three_point,三点法,target_three_point,target,0.0539247723115051,8633.29165168863,0,5000,270,0,0,500,0,NaN,NaN,0,0
three_point,三点法,target_three_point,target,0.0639247723115051,8628.29165168863,0,5000,270,0,0,500,0,NaN,NaN,0,0
three_point,三点法,target_three_point,target,0.0739247723115051,8623.29165168863,0,5000,270,0,0,500,0,NaN,NaN,0,0
three_point,三点法,target_three_point,target,0.0839247723115051,8618.29165168863,0,5000,270,0,0,500,0,NaN,NaN,0,0
three_point,三点法,target_three_point,target,0.0939247723115051,8613.29165168863,0,5000,270,0,0,500,0,NaN,NaN,0,0
three_point,三点法,target_three_point,target,0.103924772311505,8608.29165168863,0,5000,270,0,0,500,0,NaN,NaN,0,0
three_point,三点法,target_three_point,target,0.113924772311505,8603.29165168863,0,5000,270,0,0,500,0,NaN,NaN,0,0
three_point,三点法,target_three_point,target,0.123924772311505,8598.29165168863,0,5000,270,0,0,500,0,NaN,NaN,0,0
three_point,三点法,target_three_point,target,0.133924772311505,8593.29165168863,0,5000,270,0,0,500,0,NaN,NaN,0,0
three_point,三点法,target_three_point,target,0.143924772311505,8588.29165168863,0,5000,270,0,0,500,0,NaN,NaN,0,0
three_point,三点法,target_three_point,target,0.153924772311505,8583.29165168863,0,5000,270,0,0,500,0,NaN,NaN,0,0
three_point,三点法,target_three_point,target,0.163924772311505,8578.29165168863,0,5000,270,0,0,500,0,NaN,NaN,0,0
three_point,三点法,target_three_point,target,0.173924772311505,8573.29165168863,0,5000,270,0,0,500,0,NaN,NaN,0,0
three_point,三点法,target_three_point,target,0.183924772311505,8568.29165168863,0,5000,270,0,0,500,0,NaN,NaN,0,0
three_point,三点法,target_three_point,target,0.193924772311505,8563.29165168863,0,5000,270,0,0,500,0,NaN,NaN,0,0
three_point,三点法,target_three_point,target,0.203924772311505,8558.29165168863,0,5000,270,0,0,500,0,NaN,NaN,0,0
three_point,三点法,target_three_point,target,0.213924772311505,8553.29165168863,0,5000,270,0,0,500,0,NaN,NaN,0,0
three_point,三点法,target_three_point,target,0.223924772311505,8548.29165168863,0,5000,270,0,0,500,0,NaN,NaN,0,0
three_point,三点法,target_three_point,target,0.233924772311505,8543.29165168863,0,5000,270,0,0,500,0,NaN,NaN,0,0
three_point,三点法,target_three_point,target,0.243924772311505,8538.29165168863,0,5000,270,0,0,500,0,NaN,NaN,0,0
three_point,三点法,target_three_point,target,0.253924772311505,8533.29165168863,0,5000,270,0,0,500,0,NaN,NaN,0,0
three_point,三点法,target_three_point,target,0.263924772311505,8528.29165168863,0,5000,270,0,0,500,0,NaN,NaN,0,0
three_point,三点法,target_three_point,target,0.273924772311505,8523.29165168863,0,5000,270,0,0,500,0,NaN,NaN,0,0
three_point,三点法,target_three_point,target,0.283924772311505,8518.29165168863,0,5000,270,0,0,500,0,NaN,NaN,0,0
three_point,三点法,target_three_point,target,0.293924772311505,8513.29165168863,0,5000,270,0,0,500,0,NaN,NaN,0,0
three_point,三点法,target_three_point,target,0.303924772311505,8508.29165168863,0,5000,270,0,0,500,0,NaN,NaN,0,0
three_point,三点法,target_three_point,target,0.313924772311505,8503.29165168863,0,5000,270,0,0,500,0,NaN,NaN,0,0
three_point,三点法,target_three_point,target,0.323924772311505,8498.29165168863,0,5000,270,0,0,500,0,NaN,NaN,0,0
three_point,三点法,target_three_point,target,0.333924772311505,8493.29165168863,0,5000,270,0,0,500,0,NaN,NaN,0,0
three_point,三点法,target_three_point,target,0.343924772311505,8488.29165168863,0,5000,270,0,0,500,0,NaN,NaN,0,0
three_point,三点法,target_three_point,target,0.353924772311505,8483.29165168863,0,5000,270,0,0,500,0,NaN,NaN,0,0
three_point,三点法,target_three_point,target,0.363924772311505,8478.29165168863,0,5000,270,0,0,500,0,NaN,NaN,0,0
three_point,三点法,target_three_point,target,0.373924772311505,8473.29165168863,0,5000,270,0,0,500,0,NaN,NaN,0,0
three_point,三点法,target_three_point,target,0.383924772311505,8468.29165168863,0,5000,270,0,0,500,0,NaN,NaN,0,0
three_point,三点法,target_three_point,target,0.393924772311505,8463.29165168863,0,5000,270,0,0,500,0,NaN,NaN,0,0
three_point,三点法,target_three_point,target,0.403924772311505,8458.29165168863,0,5000,270,0,0,500,0,NaN,NaN,0,0
three_point,三点法,target_three_point,target,0.413924772311505,8453.29165168863,0,5000,270,0,0,500,0,NaN,NaN,0,0
three_point,三点法,target_three_point,target,0.423924772311505,8448.29165168863,0,5000,270,0,0,500,0,NaN,NaN,0,0
three_point,三点法,target_three_point,target,0.433924772311505,8443.29165168863,0,5000,270,0,0,500,0,NaN,NaN,0,0
three_point,三点法,target_three_point,target,0.443924772311505,8438.29165168863,0,5000,270,0,0,500,0,NaN,NaN,0,0
three_point,三点法,target_three_point,target,0.453924772311505,8433.29165168863,0,5000,270,0,0,500,0,NaN,NaN,0,0
three_point,三点法,target_three_point,target,0.463924772311505,8428.29165168863,0,5000,270,0,0,500,0,NaN,NaN,0,0
three_point,三点法,target_three_point,target,0.473924772311505,8423.29165168863,0,5000,270,0,0,500,0,NaN,NaN,0,0
three_point,三点法,target_three_point,target,0.483924772311505,8418.29165168863,0,5000,270,0,0,500,0,NaN,NaN,0,0
three_point,三点法,target_three_point,target,0.493924772311505,8413.29165168863,0,5000,270,0,0,500,0,NaN,NaN,0,0
three_point,三点法,target_three_point,target,0.503924772311505,8408.29165168863,0,5000,270,0,0,500,0,NaN,NaN,0,0
three_point,三点法,target_three_point,target,0.513924772311505,8403.29165168863,0,5000,270,0,0,500,0,NaN,NaN,0,0
three_point,三点法,target_three_point,target,0.523924772311505,8398.29165168863,0,5000,270,0,0,500,0,NaN,NaN,0,0
three_point,三点法,target_three_point,target,0.533924772311505,8393.29165168863,0,5000,270,0,0,500,0,NaN,NaN,0,0
three_point,三点法,target_three_point,target,0.543924772311505,8388.29165168863,0,5000,270,0,0,500,0,NaN,NaN,0,0
three_point,三点法,target_three_point,target,0.553924772311505,8383.29165168863,0,5000,270,0,0,500,0,NaN,NaN,0,0
three_point,三点法,target_three_point,target,0.563924772311505,8378.29165168863,0,5000,270,0,0,500,0,NaN,NaN,0,0
three_point,三点法,target_three_point,target,0.573924772311505,8373.29165168863,0,5000,270,0,0,500,0,NaN,NaN,0,0
three_point,三点法,target_three_point,target,0.583924772311505,8368.29165168863,0,5000,270,0,0,500,0,NaN,NaN,0,0
three_point,三点法,target_three_point,target,0.593924772311505,8363.29165168863,0,5000,270,0,0,500,0,NaN,NaN,0,0
three_point,三点法,target_three_point,target,0.603924772311505,8358.29165168863,0,5000,270,0,0,500,0,NaN,NaN,0,0
three_point,三点法,target_three_point,target,0.613924772311505,8353.29165168863,0,5000,270,0,0,500,0,NaN,NaN,0,0
three_point,三点法,target_three_point,target,0.623924772311505,8348.29165168863,0,5000,270,0,0,500,0,NaN,NaN,0,0
three_point,三点法,target_three_point,target,0.633924772311505,8343.29165168863,0,5000,270,0,0,500,0,NaN,NaN,0,0
three_point,三点法,target_three_point,target,0.643924772311505,8338.29165168863,0,5000,270,0,0,500,0,NaN,NaN,0,0
three_point,三点法,target_three_point,target,0.653924772311505,8333.29165168863,0,5000,270,0,0,500,0,NaN,NaN,0,0
three_point,三点法,target_three_point,target,0.663924772311505,8328.29165168863,0,5000,270,0,0,500,0,NaN,NaN,0,0
three_point,三点法,target_three_point,target,0.673924772311505,8323.29165168863,0,5000,270,0,0,500,0,NaN,NaN,0,0
three_point,三点法,target_three_point,target,0.683924772311506,8318.29165168863,0,5000,270,0,0,500,0,NaN,NaN,0,0
three_point,三点法,target_three_point,target,0.693924772311506,8313.29165168863,0,5000,270,0,0,500,0,NaN,NaN,0,0
three_point,三点法,target_three_point,target,0.703924772311506,8308.29165168863,0,5000,270,0,0,500,0,NaN,NaN,0,0
three_point,三点法,target_three_point,target,0.713924772311506,8303.29165168863,0,5000,270,0,0,500,0,NaN,NaN,0,0
three_point,三点法,target_three_point,target,0.723924772311506,8298.29165168863,0,5000,270,0,0,500,0,NaN,NaN,0,0
three_point,三点法,target_three_point,target,0.733924772311506,8293.29165168863,0,5000,270,0,0,500,0,NaN,NaN,0,0
three_point,三点法,target_three_point,target,0.743924772311506,8288.29165168863,0,5000,270,0,0,500,0,NaN,NaN,0,0
three_point,三点法,target_three_point,target,0.753924772311506,8283.29165168863,0,5000,270,0,0,500,0,NaN,NaN,0,0
three_point,三点法,target_three_point,target,0.763924772311506,8278.29165168863,0,5000,270,0,0,500,0,NaN,NaN,0,0
three_point,三点法,target_three_point,target,0.773924772311506,8273.29165168863,0,5000,270,0,0,500,0,NaN,NaN,0,0
three_point,三点法,target_three_point,target,0.783924772311506,8268.29165168863,0,5000,270,0,0,500,0,NaN,NaN,0,0
three_point,三点法,target_three_point,target,0.793924772311506,8263.29165168863,0,5000,270,0,0,500,0,NaN,NaN,0,0
three_point,三点法,target_three_point,target,0.803924772311506,8258.29165168863,0,5000,270,0,0,500,0,NaN,NaN,0,0
three_point,三点法,target_three_point,target,0.813924772311506,8253.29165168863,0,5000,270,0,0,500,0,NaN,NaN,0,0
three_point,三点法,target_three_point,target,0.823924772311506,8248.29165168863,0,5000,270,0,0,500,0,NaN,NaN,0,0
three_point,三点法,target_three_point,target,0.833924772311506,8243.29165168863,0,5000,270,0,0,500,0,NaN,NaN,0,0
three_point,三点法,target_three_point,target,0.843924772311506,8238.29165168863,0,5000,270,0,0,500,0,NaN,NaN,0,0
three_point,三点法,target_three_point,target,0.853924772311506,8233.29165168863,0,5000,270,0,0,500,0,NaN,NaN,0,0
three_point,三点法,target_three_point,target,0.863924772311506,8228.29165168863,0,5000,270,0,0,500,0,NaN,NaN,0,0
three_point,三点法,target_three_point,target,0.873924772311506,8223.29165168863,0,5000,270,0,0,500,0,NaN,NaN,0,0
three_point,三点法,target_three_point,target,0.883924772311506,8218.29165168863,0,5000,270,0,0,500,0,NaN,NaN,0,0
three_point,三点法,target_three_point,target,0.893924772311506,8213.29165168863,0,5000,270,0,0,500,0,NaN,NaN,0,0
three_point,三点法,target_three_point,target,0.903924772311506,8208.29165168863,0,5000,270,0,0,500,0,NaN,NaN,0,0
three_point,三点法,target_three_point,target,0.913924772311506,8203.29165168863,0,5000,270,0,0,500,0,NaN,NaN,0,0
three_point,三点法,target_three_point,target,0.923924772311506,8198.29165168863,0,5000,270,0,0,500,0,NaN,NaN,0,0
three_point,三点法,target_three_point,target,0.933924772311506,8193.29165168863,0,5000,270,0,0,500,0,NaN,NaN,0,0
three_point,三点法,target_three_point,target,0.943924772311506,8188.29165168863,0,5000,270,0,0,500,0,NaN,NaN,0,0
three_point,三点法,target_three_point,target,0.953924772311506,8183.29165168863,0,5000,270,0,0,500,0,NaN,NaN,0,0
three_point,三点法,target_three_point,target,0.963924772311506,8178.29165168863,0,5000,270,0,0,500,0,NaN,NaN,0,0
three_point,三点法,target_three_point,target,0.973924772311506,8173.29165168863,0,5000,270,0,0,500,0,NaN,NaN,0,0
three_point,三点法,target_three_point,target,0.983924772311506,8168.29165168863,0,5000,270,0,0,500,0,NaN,NaN,0,0
three_point,三点法,target_three_point,target,0.993924772311506,8163.29165168863,0,5000,270,0,0,500,0,NaN,NaN,0,0
three_point,三点法,target_three_point,target,1.00392477231151,8158.29165168863,0,5000,270,0,0,500,0,NaN,NaN,0,0
three_point,三点法,target_three_point,target,1.01392477231151,8153.29165168863,0,5000,270,0,0,500,0,NaN,NaN,0,0
three_point,三点法,target_three_point,target,1.02392477231151,8148.29165168863,0,5000,270,0,0,500,0,NaN,NaN,0,0
three_point,三点法,target_three_point,target,1.03392477231151,8143.29165168863,0,5000,270,0,0,500,0,NaN,NaN,0,0
three_point,三点法,target_three_point,target,1.04392477231151,8138.29165168863,0,5000,270,0,0,500,0,NaN,NaN,0,0
three_point,三点法,target_three_point,target,1.05392477231151,8133.29165168863,0,5000,270,0,0,500,0,NaN,NaN,0,0
three_point,三点法,target_three_point,target,1.06392477231151,8128.29165168863,0,5000,270,0,0,500,0,NaN,NaN,0,0
three_point,三点法,target_three_point,target,1.07392477231151,8123.29165168863,0,5000,270,0,0,500,0,NaN,NaN,0,0
three_point,三点法,target_three_point,target,1.08392477231151,8118.29165168863,0,5000,270,0,0,500,0,NaN,NaN,0,0
three_point,三点法,target_three_point,target,1.09392477231151,8113.29165168863,0,5000,270,0,0,500,0,NaN,NaN,0,0
three_point,三点法,target_three_point,target,1.10392477231151,8108.29165168863,0,5000,270,0,0,500,0,NaN,NaN,0,0
three_point,三点法,target_three_point,target,1.11392477231151,8103.29165168863,0,5000,270,0,0,500,0,NaN,NaN,0,0
three_point,三点法,target_three_point,target,1.12392477231151,8098.29165168863,0,5000,270,0,0,500,0,NaN,NaN,0,0
three_point,三点法,target_three_point,target,1.13392477231151,8093.29165168863,0,5000,270,0,0,500,0,NaN,NaN,0,0
three_point,三点法,target_three_point,target,1.14392477231151,8088.29165168863,0,5000,270,0,0,500,0,NaN,NaN,0,0
three_point,三点法,target_three_point,target,1.15392477231151,8083.29165168863,0,5000,270,0,0,500,0,NaN,NaN,0,0
three_point,三点法,target_three_point,target,1.16392477231151,8078.29165168863,0,5000,270,0,0,500,0,NaN,NaN,0,0
three_point,三点法,target_three_point,target,1.17392477231151,8073.29165168863,0,5000,270,0,0,500,0,NaN,NaN,0,0
three_point,三点法,target_three_point,target,1.18392477231151,8068.29165168863,0,5000,270,0,0,500,0,NaN,NaN,0,0
three_point,三点法,target_three_point,target,1.19392477231151,8063.29165168863,0,5000,270,0,0,500,0,NaN,NaN,0,0
three_point,三点法,target_three_point,target,1.20392477231151,8058.29165168863,0,5000,270,0,0,500,0,NaN,NaN,0,0
three_point,三点法,target_three_point,target,1.21392477231151,8053.29165168863,0,5000,270,0,0,500,0,NaN,NaN,0,0
three_point,三点法,target_three_point,target,1.22392477231151,8048.29165168863,0,5000,270,0,0,500,0,NaN,NaN,0,0
three_point,三点法,target_three_point,target,1.23392477231151,8043.29165168863,0,5000,270,0,0,500,0,NaN,NaN,0,0
three_point,三点法,target_three_point,target,1.24392477231151,8038.29165168863,0,5000,270,0,0,500,0,NaN,NaN,0,0
three_point,三点法,target_three_point,target,1.25392477231151,8033.29165168863,0,5000,270,0,0,500,0,NaN,NaN,0,0
three_point,三点法,target_three_point,target,1.26392477231151,8028.29165168863,0,5000,270,0,0,500,0,NaN,NaN,0,0
three_point,三点法,target_three_point,target,1.27392477231151,8023.29165168863,0,5000,270,0,0,500,0,NaN,NaN,0,0
three_point,三点法,target_three_point,target,1.28392477231151,8018.29165168863,0,5000,270,0,0,500,0,NaN,NaN,0,0
three_point,三点法,target_three_point,target,1.29392477231151,8013.29165168863,0,5000,270,0,0,500,0,NaN,NaN,0,0
three_point,三点法,target_three_point,target,1.30392477231151,8008.29165168863,0,5000,270,0,0,500,0,NaN,NaN,0,0
three_point,三点法,target_three_point,target,1.31392477231151,8003.29165168863,0,5000,270,0,0,500,0,NaN,NaN,0,0
three_point,三点法,target_three_point,target,1.32392477231151,7998.29165168863,0,5000,270,0,0,500,0,NaN,NaN,0,0
three_point,三点法,target_three_point,target,1.33392477231151,7993.29165168863,0,5000,270,0,0,500,0,NaN,NaN,0,0
three_point,三点法,target_three_point,target,1.34392477231151,7988.29165168863,0,5000,270,0,0,500,0,NaN,NaN,0,0
three_point,三点法,target_three_point,target,1.35392477231151,7983.29165168863,0,5000,270,0,0,500,0,NaN,NaN,0,0
three_point,三点法,target_three_point,target,1.36392477231151,7978.29165168863,0,5000,270,0,0,500,0,NaN,NaN,0,0
three_point,三点法,target_three_point,target,1.37392477231151,7973.29165168863,0,5000,270,0,0,500,0,NaN,NaN,0,0
three_point,三点法,target_three_point,target,1.38392477231151,7968.29165168863,0,5000,270,0,0,500,0,NaN,NaN,0,0
three_point,三点法,target_three_point,target,1.39392477231151,7963.29165168863,0,5000,270,0,0,500,0,NaN,NaN,0,0
three_point,三点法,target_three_point,target,1.40392477231151,7958.29165168863,0,5000,270,0,0,500,0,NaN,NaN,0,0
three_point,三点法,target_three_point,target,1.41392477231151,7953.29165168863,0,5000,270,0,0,500,0,NaN,NaN,0,0
three_point,三点法,target_three_point,target,1.42392477231151,7948.29165168863,0,5000,270,0,0,500,0,NaN,NaN,0,0
three_point,三点法,target_three_point,target,1.43392477231151,7943.29165168863,0,5000,270,0,0,500,0,NaN,NaN,0,0
three_point,三点法,target_three_point,target,1.44392477231151,7938.29165168863,0,5000,270,0,0,500,0,NaN,NaN,0,0
three_point,三点法,target_three_point,target,1.45392477231151,7933.29165168863,0,5000,270,0,0,500,0,NaN,NaN,0,0
three_point,三点法,target_three_point,target,1.46392477231151,7928.29165168863,0,5000,270,0,0,500,0,NaN,NaN,0,0
three_point,三点法,target_three_point,target,1.47392477231151,7923.29165168863,0,5000,270,0,0,500,0,NaN,NaN,0,0
three_point,三点法,target_three_point,target,1.48392477231151,7918.29165168863,0,5000,270,0,0,500,0,NaN,NaN,0,0
three_point,三点法,target_three_point,target,1.49392477231151,7913.29165168863,0,5000,270,0,0,500,0,NaN,NaN,0,0
three_point,三点法,target_three_point,target,1.50392477231151,7908.29165168863,0,5000,270,0,0,500,0,NaN,NaN,0,0
three_point,三点法,target_three_point,target,1.51392477231151,7903.29165168863,0,5000,270,0,0,500,0,NaN,NaN,0,0
three_point,三点法,target_three_point,target,1.52392477231151,7898.29165168863,0,5000,270,0,0,500,0,NaN,NaN,0,0
three_point,三点法,target_three_point,target,1.53392477231151,7893.29165168863,0,5000,270,0,0,500,0,NaN,NaN,0,0
three_point,三点法,target_three_point,target,1.54392477231151,7888.29165168863,0,5000,270,0,0,500,0,NaN,NaN,0,0
three_point,三点法,target_three_point,target,1.55392477231151,7883.29165168863,0,5000,270,0,0,500,0,NaN,NaN,0,0
three_point,三点法,target_three_point,target,1.56392477231151,7878.29165168863,0,5000,270,0,0,500,0,NaN,NaN,0,0
three_point,三点法,target_three_point,target,1.57392477231151,7873.29165168863,0,5000,270,0,0,500,0,NaN,NaN,0,0
three_point,三点法,target_three_point,target,1.58392477231151,7868.29165168863,0,5000,270,0,0,500,0,NaN,NaN,0,0
three_point,三点法,target_three_point,target,1.59392477231151,7863.29165168863,0,5000,270,0,0,500,0,NaN,NaN,0,0
three_point,三点法,target_three_point,target,1.60392477231151,7858.29165168863,0,5000,270,0,0,500,0,NaN,NaN,0,0
three_point,三点法,target_three_point,target,1.61392477231151,7853.29165168863,0,5000,270,0,0,500,0,NaN,NaN,0,0
three_point,三点法,target_three_point,target,1.62392477231151,7848.29165168863,0,5000,270,0,0,500,0,NaN,NaN,0,0
three_point,三点法,target_three_point,target,1.63392477231151,7843.29165168863,0,5000,270,0,0,500,0,NaN,NaN,0,0
three_point,三点法,target_three_point,target,1.64392477231151,7838.29165168863,0,5000,270,0,0,500,0,NaN,NaN,0,0
three_point,三点法,target_three_point,target,1.65392477231151,7833.29165168863,0,5000,270,0,0,500,0,NaN,NaN,0,0
three_point,三点法,target_three_point,target,1.66392477231151,7828.29165168863,0,5000,270,0,0,500,0,NaN,NaN,0,0
three_point,三点法,target_three_point,target,1.67392477231151,7823.29165168863,0,5000,270,0,0,500,0,NaN,NaN,0,0
three_point,三点法,target_three_point,target,1.68392477231151,7818.29165168863,0,5000,270,0,0,500,0,NaN,NaN,0,0
three_point,三点法,target_three_point,target,1.69392477231151,7813.29165168863,0,5000,270,0,0,500,0,NaN,NaN,0,0
three_point,三点法,target_three_point,target,1.70392477231151,7808.29165168863,0,5000,270,0,0,500,0,NaN,NaN,0,0
three_point,三点法,target_three_point,target,1.71392477231151,7803.29165168863,0,5000,270,0,0,500,0,NaN,NaN,0,0
three_point,三点法,target_three_point,target,1.72392477231151,7798.29165168863,0,5000,270,0,0,500,0,NaN,NaN,0,0
three_point,三点法,target_three_point,target,1.73392477231151,7793.29165168863,0,5000,270,0,0,500,0,NaN,NaN,0,0
three_point,三点法,target_three_point,target,1.74392477231151,7788.29165168863,0,5000,270,0,0,500,0,NaN,NaN,0,0
three_point,三点法,target_three_point,target,1.75392477231151,7783.29165168863,0,5000,270,0,0,500,0,NaN,NaN,0,0
three_point,三点法,target_three_point,target,1.76392477231151,7778.29165168863,0,5000,270,0,0,500,0,NaN,NaN,0,0
three_point,三点法,target_three_point,target,1.77392477231151,7773.29165168863,0,5000,270,0,0,500,0,NaN,NaN,0,0
three_point,三点法,target_three_point,target,1.78392477231151,7768.29165168863,0,5000,270,0,0,500,0,NaN,NaN,0,0
three_point,三点法,target_three_point,target,1.79392477231151,7763.29165168863,0,5000,270,0,0,500,0,NaN,NaN,0,0
three_point,三点法,target_three_point,target,1.80392477231151,7758.29165168863,0,5000,270,0,0,500,0,NaN,NaN,0,0
three_point,三点法,target_three_point,target,1.81392477231151,7753.29165168863,0,5000,270,0,0,500,0,NaN,NaN,0,0
three_point,三点法,target_three_point,target,1.82392477231151,7748.29165168863,0,5000,270,0,0,500,0,NaN,NaN,0,0
three_point,三点法,target_three_point,target,1.83392477231151,7743.29165168863,0,5000,270,0,0,500,0,NaN,NaN,0,0
three_point,三点法,target_three_point,target,1.84392477231151,7738.29165168863,0,5000,270,0,0,500,0,NaN,NaN,0,0
three_point,三点法,target_three_point,target,1.85392477231151,7733.29165168863,0,5000,270,0,0,500,0,NaN,NaN,0,0
three_point,三点法,target_three_point,target,1.86392477231151,7728.29165168863,0,5000,270,0,0,500,0,NaN,NaN,0,0
three_point,三点法,target_three_point,target,1.87392477231151,7723.29165168863,0,5000,270,0,0,500,0,NaN,NaN,0,0
three_point,三点法,target_three_point,target,1.88392477231151,7718.29165168863,0,5000,270,0,0,500,0,NaN,NaN,0,0
three_point,三点法,target_three_point,target,1.89392477231151,7713.29165168863,0,5000,270,0,0,500,0,NaN,NaN,0,0
three_point,三点法,target_three_point,target,1.90392477231151,7708.29165168863,0,5000,270,0,0,500,0,NaN,NaN,0,0
three_point,三点法,target_three_point,target,1.91392477231151,7703.29165168863,0,5000,270,0,0,500,0,NaN,NaN,0,0
three_point,三点法,target_three_point,target,1.92392477231151,7698.29165168863,0,5000,270,0,0,500,0,NaN,NaN,0,0
three_point,三点法,target_three_point,target,1.93392477231151,7693.29165168863,0,5000,270,0,0,500,0,NaN,NaN,0,0
three_point,三点法,target_three_point,target,1.94392477231151,7688.29165168863,0,5000,270,0,0,500,0,NaN,NaN,0,0
three_point,三点法,target_three_point,target,1.95392477231151,7683.29165168863,0,5000,270,0,0,500,0,NaN,NaN,0,0
three_point,三点法,target_three_point,target,1.96392477231151,7678.29165168863,0,5000,270,0,0,500,0,NaN,NaN,0,0
three_point,三点法,target_three_point,target,1.97392477231151,7673.29165168863,0,5000,270,0,0,500,0,NaN,NaN,0,0
three_point,三点法,target_three_point,target,1.98392477231151,7668.29165168863,0,5000,270,0,0,500,0,NaN,NaN,0,0
three_point,三点法,target_three_point,target,1.99392477231151,7663.29165168863,0,5000,270,0,0,500,0,NaN,NaN,0,0
three_point,三点法,target_three_point,target,2.00392477231151,7658.29165168863,0,5000,270,0,0,500,0,NaN,NaN,0,0
three_point,三点法,target_three_point,target,2.01392477231151,7653.29165168863,0,5000,270,0,0,500,0,NaN,NaN,0,0
three_point,三点法,target_three_point,target,2.02392477231151,7648.29165168863,0,5000,270,0,0,500,0,NaN,NaN,0,0
three_point,三点法,target_three_point,target,2.03392477231151,7643.29165168863,0,5000,270,0,0,500,0,NaN,NaN,0,0
three_point,三点法,target_three_point,target,2.04392477231151,7638.29165168863,0,5000,270,0,0,500,0,NaN,NaN,0,0
three_point,三点法,target_three_point,target,2.05392477231151,7633.29165168863,0,5000,270,0,0,500,0,NaN,NaN,0,0
three_point,三点法,target_three_point,target,2.06392477231151,7628.29165168863,0,5000,270,0,0,500,0,NaN,NaN,0,0
three_point,三点法,target_three_point,target,2.0739247723115,7623.29165168863,0,5000,270,0,0,500,0,NaN,NaN,0,0
three_point,三点法,target_three_point,target,2.0839247723115,7618.29165168863,0,5000,270,0,0,500,0,NaN,NaN,0,0
three_point,三点法,target_three_point,target,2.0939247723115,7613.29165168863,0,5000,270,0,0,500,0,NaN,NaN,0,0
three_point,三点法,target_three_point,target,2.1039247723115,7608.29165168863,0,5000,270,0,0,500,0,NaN,NaN,0,0
three_point,三点法,target_three_point,target,2.1139247723115,7603.29165168863,0,5000,270,0,0,500,0,NaN,NaN,0,0
three_point,三点法,target_three_point,target,2.1239247723115,7598.29165168863,0,5000,270,0,0,500,0,NaN,NaN,0,0
three_point,三点法,target_three_point,target,2.1339247723115,7593.29165168863,0,5000,270,0,0,500,0,NaN,NaN,0,0
three_point,三点法,target_three_point,target,2.1439247723115,7588.29165168863,0,5000,270,0,0,500,0,NaN,NaN,0,0
three_point,三点法,target_three_point,target,2.1539247723115,7583.29165168863,0,5000,270,0,0,500,0,NaN,NaN,0,0
three_point,三点法,target_three_point,target,2.1639247723115,7578.29165168863,0,5000,270,0,0,500,0,NaN,NaN,0,0
three_point,三点法,target_three_point,target,2.1739247723115,7573.29165168864,0,5000,270,0,0,500,0,NaN,NaN,0,0
three_point,三点法,target_three_point,target,2.1839247723115,7568.29165168864,0,5000,270,0,0,500,0,NaN,NaN,0,0
three_point,三点法,target_three_point,target,2.1939247723115,7563.29165168864,0,5000,270,0,0,500,0,NaN,NaN,0,0
three_point,三点法,target_three_point,target,2.2039247723115,7558.29165168864,0,5000,270,0,0,500,0,NaN,NaN,0,0
three_point,三点法,target_three_point,target,2.2139247723115,7553.29165168864,0,5000,270,0,0,500,0,NaN,NaN,0,0
three_point,三点法,target_three_point,target,2.2239247723115,7548.29165168864,0,5000,270,0,0,500,0,NaN,NaN,0,0
three_point,三点法,target_three_point,target,2.2339247723115,7543.29165168864,0,5000,270,0,0,500,0,NaN,NaN,0,0
three_point,三点法,target_three_point,target,2.2439247723115,7538.29165168864,0,5000,270,0,0,500,0,NaN,NaN,0,0
three_point,三点法,target_three_point,target,2.2539247723115,7533.29165168864,0,5000,270,0,0,500,0,NaN,NaN,0,0
three_point,三点法,target_three_point,target,2.2639247723115,7528.29165168864,0,5000,270,0,0,500,0,NaN,NaN,0,0
three_point,三点法,target_three_point,target,2.2739247723115,7523.29165168864,0,5000,270,0,0,500,0,NaN,NaN,0,0
three_point,三点法,target_three_point,target,2.2839247723115,7518.29165168864,0,5000,270,0,0,500,0,NaN,NaN,0,0
three_point,三点法,target_three_point,target,2.2939247723115,7513.29165168864,0,5000,270,0,0,500,0,NaN,NaN,0,0
three_point,三点法,target_three_point,target,2.3039247723115,7508.29165168864,0,5000,270,0,0,500,0,NaN,NaN,0,0
three_point,三点法,target_three_point,target,2.3139247723115,7503.29165168864,0,5000,270,0,0,500,0,NaN,NaN,0,0
three_point,三点法,target_three_point,target,2.3239247723115,7498.29165168864,0,5000,270,0,0,500,0,NaN,NaN,0,0
three_point,三点法,target_three_point,target,2.3339247723115,7493.29165168864,0,5000,270,0,0,500,0,NaN,NaN,0,0
three_point,三点法,target_three_point,target,2.3439247723115,7488.29165168864,0,5000,270,0,0,500,0,NaN,NaN,0,0
three_point,三点法,target_three_point,target,2.3539247723115,7483.29165168864,0,5000,270,0,0,500,0,NaN,NaN,0,0
three_point,三点法,target_three_point,target,2.3639247723115,7478.29165168864,0,5000,270,0,0,500,0,NaN,NaN,0,0
three_point,三点法,target_three_point,target,2.3739247723115,7473.29165168864,0,5000,270,0,0,500,0,NaN,NaN,0,0
three_point,三点法,target_three_point,target,2.3839247723115,7468.29165168864,0,5000,270,0,0,500,0,NaN,NaN,0,0
three_point,三点法,target_three_point,target,2.3939247723115,7463.29165168864,0,5000,270,0,0,500,0,NaN,NaN,0,0
three_point,三点法,target_three_point,target,2.4039247723115,7458.29165168864,0,5000,270,0,0,500,0,NaN,NaN,0,0
three_point,三点法,target_three_point,target,2.4139247723115,7453.29165168864,0,5000,270,0,0,500,0,NaN,NaN,0,0
three_point,三点法,target_three_point,target,2.4239247723115,7448.29165168864,0,5000,270,0,0,500,0,NaN,NaN,0,0
three_point,三点法,target_three_point,target,2.4339247723115,7443.29165168864,0,5000,270,0,0,500,0,NaN,NaN,0,0
three_point,三点法,target_three_point,target,2.4439247723115,7438.29165168864,0,5000,270,0,0,500,0,NaN,NaN,0,0
three_point,三点法,target_three_point,target,2.4539247723115,7433.29165168864,0,5000,270,0,0,500,0,NaN,NaN,0,0
three_point,三点法,target_three_point,target,2.4639247723115,7428.29165168864,0,5000,270,0,0,500,0,NaN,NaN,0,0
three_point,三点法,target_three_point,target,2.4739247723115,7423.29165168864,0,5000,270,0,0,500,0,NaN,NaN,0,0
three_point,三点法,target_three_point,target,2.4839247723115,7418.29165168864,0,5000,270,0,0,500,0,NaN,NaN,0,0
three_point,三点法,target_three_point,target,2.4939247723115,7413.29165168864,0,5000,270,0,0,500,0,NaN,NaN,0,0
three_point,三点法,target_three_point,target,2.5039247723115,7408.29165168864,0,5000,270,0,0,500,0,NaN,NaN,0,0
three_point,三点法,target_three_point,target,2.5139247723115,7403.29165168864,0,5000,270,0,0,500,0,NaN,NaN,0,0
three_point,三点法,target_three_point,target,2.5239247723115,7398.29165168864,0,5000,270,0,0,500,0,NaN,NaN,0,0
three_point,三点法,target_three_point,target,2.5339247723115,7393.29165168864,0,5000,270,0,0,500,0,NaN,NaN,0,0
three_point,三点法,target_three_point,target,2.54392477231149,7388.29165168864,0,5000,270,0,0,500,0,NaN,NaN,0,0
three_point,三点法,target_three_point,target,2.55392477231149,7383.29165168864,0,5000,270,0,0,500,0,NaN,NaN,0,0
three_point,三点法,target_three_point,target,2.56392477231149,7378.29165168864,0,5000,270,0,0,500,0,NaN,NaN,0,0
three_point,三点法,target_three_point,target,2.57392477231149,7373.29165168864,0,5000,270,0,0,500,0,NaN,NaN,0,0
three_point,三点法,target_three_point,target,2.58392477231149,7368.29165168864,0,5000,270,0,0,500,0,NaN,NaN,0,0
three_point,三点法,target_three_point,target,2.59392477231149,7363.29165168864,0,5000,270,0,0,500,0,NaN,NaN,0,0
three_point,三点法,target_three_point,target,2.60392477231149,7358.29165168864,0,5000,270,0,0,500,0,NaN,NaN,0,0
three_point,三点法,target_three_point,target,2.61392477231149,7353.29165168864,0,5000,270,0,0,500,0,NaN,NaN,0,0
three_point,三点法,target_three_point,target,2.62392477231149,7348.29165168864,0,5000,270,0,0,500,0,NaN,NaN,0,0
three_point,三点法,target_three_point,target,2.63392477231149,7343.29165168864,0,5000,270,0,0,500,0,NaN,NaN,0,0
three_point,三点法,target_three_point,target,2.64392477231149,7338.29165168864,0,5000,270,0,0,500,0,NaN,NaN,0,0
three_point,三点法,target_three_point,target,2.65392477231149,7333.29165168864,0,5000,270,0,0,500,0,NaN,NaN,0,0
three_point,三点法,target_three_point,target,2.66392477231149,7328.29165168864,0,5000,270,0,0,500,0,NaN,NaN,0,0
three_point,三点法,target_three_point,target,2.67392477231149,7323.29165168864,0,5000,270,0,0,500,0,NaN,NaN,0,0
three_point,三点法,target_three_point,target,2.68392477231149,7318.29165168864,0,5000,270,0,0,500,0,NaN,NaN,0,0
three_point,三点法,target_three_point,target,2.69392477231149,7313.29165168864,0,5000,270,0,0,500,0,NaN,NaN,0,0
three_point,三点法,target_three_point,target,2.70392477231149,7308.29165168864,0,5000,270,0,0,500,0,NaN,NaN,0,0
three_point,三点法,target_three_point,target,2.71392477231149,7303.29165168864,0,5000,270,0,0,500,0,NaN,NaN,0,0
three_point,三点法,target_three_point,target,2.72392477231149,7298.29165168864,0,5000,270,0,0,500,0,NaN,NaN,0,0
three_point,三点法,target_three_point,target,2.73392477231149,7293.29165168864,0,5000,270,0,0,500,0,NaN,NaN,0,0
three_point,三点法,target_three_point,target,2.74392477231149,7288.29165168864,0,5000,270,0,0,500,0,NaN,NaN,0,0
three_point,三点法,target_three_point,target,2.75392477231149,7283.29165168864,0,5000,270,0,0,500,0,NaN,NaN,0,0
three_point,三点法,target_three_point,target,2.76392477231149,7278.29165168864,0,5000,270,0,0,500,0,NaN,NaN,0,0
three_point,三点法,target_three_point,target,2.77392477231149,7273.29165168864,0,5000,270,0,0,500,0,NaN,NaN,0,0
three_point,三点法,target_three_point,target,2.78392477231149,7268.29165168864,0,5000,270,0,0,500,0,NaN,NaN,0,0
three_point,三点法,target_three_point,target,2.79392477231149,7263.29165168864,0,5000,270,0,0,500,0,NaN,NaN,0,0
three_point,三点法,target_three_point,target,2.80392477231149,7258.29165168864,0,5000,270,0,0,500,0,NaN,NaN,0,0
three_point,三点法,target_three_point,target,2.81392477231149,7253.29165168864,0,5000,270,0,0,500,0,NaN,NaN,0,0
three_point,三点法,target_three_point,target,2.82392477231149,7248.29165168864,0,5000,270,0,0,500,0,NaN,NaN,0,0
three_point,三点法,target_three_point,target,2.83392477231149,7243.29165168864,0,5000,270,0,0,500,0,NaN,NaN,0,0
three_point,三点法,target_three_point,target,2.84392477231149,7238.29165168864,0,5000,270,0,0,500,0,NaN,NaN,0,0
three_point,三点法,target_three_point,target,2.85392477231149,7233.29165168864,0,5000,270,0,0,500,0,NaN,NaN,0,0
three_point,三点法,target_three_point,target,2.86392477231149,7228.29165168864,0,5000,270,0,0,500,0,NaN,NaN,0,0
three_point,三点法,target_three_point,target,2.87392477231149,7223.29165168864,0,5000,270,0,0,500,0,NaN,NaN,0,0
three_point,三点法,target_three_point,target,2.88392477231149,7218.29165168864,0,5000,270,0,0,500,0,NaN,NaN,0,0
three_point,三点法,target_three_point,target,2.89392477231149,7213.29165168864,0,5000,270,0,0,500,0,NaN,NaN,0,0
three_point,三点法,target_three_point,target,2.90392477231149,7208.29165168864,0,5000,270,0,0,500,0,NaN,NaN,0,0
three_point,三点法,target_three_point,target,2.91392477231149,7203.29165168864,0,5000,270,0,0,500,0,NaN,NaN,0,0
three_point,三点法,target_three_point,target,2.92392477231149,7198.29165168864,0,5000,270,0,0,500,0,NaN,NaN,0,0
three_point,三点法,target_three_point,target,2.93392477231149,7193.29165168864,0,5000,270,0,0,500,0,NaN,NaN,0,0
three_point,三点法,target_three_point,target,2.94392477231149,7188.29165168864,0,5000,270,0,0,500,0,NaN,NaN,0,0
three_point,三点法,target_three_point,target,2.95392477231149,7183.29165168864,0,5000,270,0,0,500,0,NaN,NaN,0,0
three_point,三点法,target_three_point,target,2.96392477231149,7178.29165168864,0,5000,270,0,0,500,0,NaN,NaN,0,0
three_point,三点法,target_three_point,target,2.97392477231149,7173.29165168864,0,5000,270,0,0,500,0,NaN,NaN,0,0
three_point,三点法,target_three_point,target,2.98392477231149,7168.29165168864,0,5000,270,0,0,500,0,NaN,NaN,0,0
three_point,三点法,target_three_point,target,2.99392477231149,7163.29165168864,0,5000,270,0,0,500,0,NaN,NaN,0,0
three_point,三点法,target_three_point,target,3.00392477231149,7158.29165168864,0,5000,270,0,0,500,0,NaN,NaN,0,0
three_point,三点法,target_three_point,target,3.01392477231148,7153.29165168864,0,5000,270,0,0,500,0,NaN,NaN,0,0
three_point,三点法,target_three_point,target,3.02392477231148,7148.29165168864,0,5000,270,0,0,500,0,NaN,NaN,0,0
three_point,三点法,target_three_point,target,3.03392477231148,7143.29165168864,0,5000,270,0,0,500,0,NaN,NaN,0,0
three_point,三点法,target_three_point,target,3.04392477231148,7138.29165168864,0,5000,270,0,0,500,0,NaN,NaN,0,0
three_point,三点法,target_three_point,target,3.05392477231148,7133.29165168864,0,5000,270,0,0,500,0,NaN,NaN,0,0
three_point,三点法,target_three_point,target,3.06392477231148,7128.29165168864,0,5000,270,0,0,500,0,NaN,NaN,0,0
three_point,三点法,target_three_point,target,3.07392477231148,7123.29165168864,0,5000,270,0,0,500,0,NaN,NaN,0,0
three_point,三点法,target_three_point,target,3.08392477231148,7118.29165168865,0,5000,270,0,0,500,0,NaN,NaN,0,0
three_point,三点法,target_three_point,target,3.09392477231148,7113.29165168865,0,5000,270,0,0,500,0,NaN,NaN,0,0
three_point,三点法,target_three_point,target,3.10392477231148,7108.29165168865,0,5000,270,0,0,500,0,NaN,NaN,0,0
three_point,三点法,target_three_point,target,3.11392477231148,7103.29165168865,0,5000,270,0,0,500,0,NaN,NaN,0,0
three_point,三点法,target_three_point,target,3.12392477231148,7098.29165168865,0,5000,270,0,0,500,0,NaN,NaN,0,0
three_point,三点法,target_three_point,target,3.13392477231148,7093.29165168865,0,5000,270,0,0,500,0,NaN,NaN,0,0
three_point,三点法,target_three_point,target,3.14392477231148,7088.29165168865,0,5000,270,0,0,500,0,NaN,NaN,0,0
three_point,三点法,target_three_point,target,3.15392477231148,7083.29165168865,0,5000,270,0,0,500,0,NaN,NaN,0,0
three_point,三点法,target_three_point,target,3.16392477231148,7078.29165168865,0,5000,270,0,0,500,0,NaN,NaN,0,0
three_point,三点法,target_three_point,target,3.17392477231148,7073.29165168865,0,5000,270,0,0,500,0,NaN,NaN,0,0
three_point,三点法,target_three_point,target,3.18392477231148,7068.29165168865,0,5000,270,0,0,500,0,NaN,NaN,0,0
three_point,三点法,target_three_point,target,3.19392477231148,7063.29165168865,0,5000,270,0,0,500,0,NaN,NaN,0,0
three_point,三点法,target_three_point,target,3.20392477231148,7058.29165168865,0,5000,270,0,0,500,0,NaN,NaN,0,0
three_point,三点法,target_three_point,target,3.21392477231148,7053.29165168865,0,5000,270,0,0,500,0,NaN,NaN,0,0
three_point,三点法,target_three_point,target,3.22392477231148,7048.29165168865,0,5000,270,0,0,500,0,NaN,NaN,0,0
three_point,三点法,target_three_point,target,3.23392477231148,7043.29165168865,0,5000,270,0,0,500,0,NaN,NaN,0,0
three_point,三点法,target_three_point,target,3.24392477231148,7038.29165168865,0,5000,270,0,0,500,0,NaN,NaN,0,0
three_point,三点法,target_three_point,target,3.25392477231148,7033.29165168865,0,5000,270,0,0,500,0,NaN,NaN,0,0
three_point,三点法,target_three_point,target,3.26392477231148,7028.29165168865,0,5000,270,0,0,500,0,NaN,NaN,0,0
three_point,三点法,target_three_point,target,3.27392477231148,7023.29165168865,0,5000,270,0,0,500,0,NaN,NaN,0,0
three_point,三点法,target_three_point,target,3.28392477231148,7018.29165168865,0,5000,270,0,0,500,0,NaN,NaN,0,0
three_point,三点法,target_three_point,target,3.29392477231148,7013.29165168865,0,5000,270,0,0,500,0,NaN,NaN,0,0
three_point,三点法,target_three_point,target,3.30392477231148,7008.29165168865,0,5000,270,0,0,500,0,NaN,NaN,0,0
three_point,三点法,target_three_point,target,3.31392477231148,7003.29165168865,0,5000,270,0,0,500,0,NaN,NaN,0,0
three_point,三点法,target_three_point,target,3.32392477231148,6998.29165168865,0,5000,270,0,0,500,0,NaN,NaN,0,0
three_point,三点法,target_three_point,target,3.33392477231148,6993.29165168865,0,5000,270,0,0,500,0,NaN,NaN,0,0
three_point,三点法,target_three_point,target,3.34392477231148,6988.29165168865,0,5000,270,0,0,500,0,NaN,NaN,0,0
three_point,三点法,target_three_point,target,3.35392477231148,6983.29165168865,0,5000,270,0,0,500,0,NaN,NaN,0,0
three_point,三点法,target_three_point,target,3.36392477231148,6978.29165168865,0,5000,270,0,0,500,0,NaN,NaN,0,0
three_point,三点法,target_three_point,target,3.37392477231148,6973.29165168865,0,5000,270,0,0,500,0,NaN,NaN,0,0
three_point,三点法,target_three_point,target,3.38392477231148,6968.29165168865,0,5000,270,0,0,500,0,NaN,NaN,0,0
three_point,三点法,target_three_point,target,3.39392477231148,6963.29165168865,0,5000,270,0,0,500,0,NaN,NaN,0,0
three_point,三点法,target_three_point,target,3.40392477231148,6958.29165168865,0,5000,270,0,0,500,0,NaN,NaN,0,0
three_point,三点法,target_three_point,target,3.41392477231148,6953.29165168865,0,5000,270,0,0,500,0,NaN,NaN,0,0
three_point,三点法,target_three_point,target,3.42392477231148,6948.29165168865,0,5000,270,0,0,500,0,NaN,NaN,0,0
three_point,三点法,target_three_point,target,3.43392477231148,6943.29165168865,0,5000,270,0,0,500,0,NaN,NaN,0,0
three_point,三点法,target_three_point,target,3.44392477231148,6938.29165168865,0,5000,270,0,0,500,0,NaN,NaN,0,0
three_point,三点法,target_three_point,target,3.45392477231148,6933.29165168865,0,5000,270,0,0,500,0,NaN,NaN,0,0
three_point,三点法,target_three_point,target,3.46392477231148,6928.29165168865,0,5000,270,0,0,500,0,NaN,NaN,0,0
three_point,三点法,target_three_point,target,3.47392477231148,6923.29165168865,0,5000,270,0,0,500,0,NaN,NaN,0,0
three_point,三点法,target_three_point,target,3.48392477231147,6918.29165168865,0,5000,270,0,0,500,0,NaN,NaN,0,0
three_point,三点法,target_three_point,target,3.49392477231147,6913.29165168865,0,5000,270,0,0,500,0,NaN,NaN,0,0
three_point,三点法,target_three_point,target,3.50392477231147,6908.29165168865,0,5000,270,0,0,500,0,NaN,NaN,0,0
three_point,三点法,target_three_point,target,3.51392477231147,6903.29165168865,0,5000,270,0,0,500,0,NaN,NaN,0,0
three_point,三点法,target_three_point,target,3.52392477231147,6898.29165168865,0,5000,270,0,0,500,0,NaN,NaN,0,0
three_point,三点法,target_three_point,target,3.53392477231147,6893.29165168865,0,5000,270,0,0,500,0,NaN,NaN,0,0
three_point,三点法,target_three_point,target,3.54392477231147,6888.29165168865,0,5000,270,0,0,500,0,NaN,NaN,0,0
three_point,三点法,target_three_point,target,3.55392477231147,6883.29165168865,0,5000,270,0,0,500,0,NaN,NaN,0,0
three_point,三点法,target_three_point,target,3.56392477231147,6878.29165168865,0,5000,270,0,0,500,0,NaN,NaN,0,0
three_point,三点法,target_three_point,target,3.57392477231147,6873.29165168865,0,5000,270,0,0,500,0,NaN,NaN,0,0
three_point,三点法,target_three_point,target,3.58392477231147,6868.29165168865,0,5000,270,0,0,500,0,NaN,NaN,0,0
three_point,三点法,target_three_point,target,3.59392477231147,6863.29165168865,0,5000,270,0,0,500,0,NaN,NaN,0,0
three_point,三点法,target_three_point,target,3.60392477231147,6858.29165168865,0,5000,270,0,0,500,0,NaN,NaN,0,0
three_point,三点法,target_three_point,target,3.61392477231147,6853.29165168865,0,5000,270,0,0,500,0,NaN,NaN,0,0
three_point,三点法,target_three_point,target,3.62392477231147,6848.29165168865,0,5000,270,0,0,500,0,NaN,NaN,0,0
three_point,三点法,target_three_point,target,3.63392477231147,6843.29165168865,0,5000,270,0,0,500,0,NaN,NaN,0,0
three_point,三点法,target_three_point,target,3.64392477231147,6838.29165168865,0,5000,270,0,0,500,0,NaN,NaN,0,0
three_point,三点法,target_three_point,target,3.65392477231147,6833.29165168865,0,5000,270,0,0,500,0,NaN,NaN,0,0
three_point,三点法,target_three_point,target,3.66392477231147,6828.29165168865,0,5000,270,0,0,500,0,NaN,NaN,0,0
three_point,三点法,target_three_point,target,3.67392477231147,6823.29165168865,0,5000,270,0,0,500,0,NaN,NaN,0,0
three_point,三点法,target_three_point,target,3.68392477231147,6818.29165168865,0,5000,270,0,0,500,0,NaN,NaN,0,0
three_point,三点法,target_three_point,target,3.69392477231147,6813.29165168865,0,5000,270,0,0,500,0,NaN,NaN,0,0
three_point,三点法,target_three_point,target,3.70392477231147,6808.29165168865,0,5000,270,0,0,500,0,NaN,NaN,0,0
three_point,三点法,target_three_point,target,3.71392477231147,6803.29165168865,0,5000,270,0,0,500,0,NaN,NaN,0,0
three_point,三点法,target_three_point,target,3.72392477231147,6798.29165168865,0,5000,270,0,0,500,0,NaN,NaN,0,0
three_point,三点法,target_three_point,target,3.73392477231147,6793.29165168865,0,5000,270,0,0,500,0,NaN,NaN,0,0
three_point,三点法,target_three_point,target,3.74392477231147,6788.29165168865,0,5000,270,0,0,500,0,NaN,NaN,0,0
three_point,三点法,target_three_point,target,3.75392477231147,6783.29165168865,0,5000,270,0,0,500,0,NaN,NaN,0,0
three_point,三点法,target_three_point,target,3.76392477231147,6778.29165168865,0,5000,270,0,0,500,0,NaN,NaN,0,0
three_point,三点法,target_three_point,target,3.77392477231147,6773.29165168865,0,5000,270,0,0,500,0,NaN,NaN,0,0
three_point,三点法,target_three_point,target,3.78392477231147,6768.29165168865,0,5000,270,0,0,500,0,NaN,NaN,0,0
three_point,三点法,target_three_point,target,3.79392477231147,6763.29165168865,0,5000,270,0,0,500,0,NaN,NaN,0,0
three_point,三点法,target_three_point,target,3.80392477231147,6758.29165168865,0,5000,270,0,0,500,0,NaN,NaN,0,0
three_point,三点法,target_three_point,target,3.81392477231147,6753.29165168865,0,5000,270,0,0,500,0,NaN,NaN,0,0
three_point,三点法,target_three_point,target,3.82392477231147,6748.29165168865,0,5000,270,0,0,500,0,NaN,NaN,0,0
three_point,三点法,target_three_point,target,3.83392477231147,6743.29165168865,0,5000,270,0,0,500,0,NaN,NaN,0,0
three_point,三点法,target_three_point,target,3.84392477231147,6738.29165168865,0,5000,270,0,0,500,0,NaN,NaN,0,0
three_point,三点法,target_three_point,target,3.85392477231147,6733.29165168865,0,5000,270,0,0,500,0,NaN,NaN,0,0
three_point,三点法,target_three_point,target,3.86392477231147,6728.29165168865,0,5000,270,0,0,500,0,NaN,NaN,0,0
three_point,三点法,target_three_point,target,3.87392477231147,6723.29165168865,0,5000,270,0,0,500,0,NaN,NaN,0,0
three_point,三点法,target_three_point,target,3.88392477231147,6718.29165168865,0,5000,270,0,0,500,0,NaN,NaN,0,0
three_point,三点法,target_three_point,target,3.89392477231147,6713.29165168865,0,5000,270,0,0,500,0,NaN,NaN,0,0
three_point,三点法,target_three_point,target,3.90392477231147,6708.29165168865,0,5000,270,0,0,500,0,NaN,NaN,0,0
three_point,三点法,target_three_point,target,3.91392477231147,6703.29165168865,0,5000,270,0,0,500,0,NaN,NaN,0,0
three_point,三点法,target_three_point,target,3.92392477231147,6698.29165168865,0,5000,270,0,0,500,0,NaN,NaN,0,0
three_point,三点法,target_three_point,target,3.93392477231147,6693.29165168865,0,5000,270,0,0,500,0,NaN,NaN,0,0
three_point,三点法,target_three_point,target,3.94392477231146,6688.29165168865,0,5000,270,0,0,500,0,NaN,NaN,0,0
three_point,三点法,target_three_point,target,3.95392477231146,6683.29165168865,0,5000,270,0,0,500,0,NaN,NaN,0,0
three_point,三点法,target_three_point,target,3.96392477231146,6678.29165168865,0,5000,270,0,0,500,0,NaN,NaN,0,0
three_point,三点法,target_three_point,target,3.97392477231146,6673.29165168865,0,5000,270,0,0,500,0,NaN,NaN,0,0
three_point,三点法,target_three_point,target,3.98392477231146,6668.29165168865,0,5000,270,0,0,500,0,NaN,NaN,0,0
three_point,三点法,target_three_point,target,3.99392477231146,6663.29165168865,0,5000,270,0,0,500,0,NaN,NaN,0,0
three_point,三点法,target_three_point,target,4.00392477231146,6658.29165168865,0,5000,270,0,0,500,0,NaN,NaN,0,0
three_point,三点法,target_three_point,target,4.01392477231146,6653.29165168865,0,5000,270,0,0,500,0,NaN,NaN,0,0
three_point,三点法,target_three_point,target,4.02392477231146,6648.29165168865,0,5000,270,0,0,500,0,NaN,NaN,0,0
three_point,三点法,target_three_point,target,4.03392477231146,6643.29165168865,0,5000,270,0,0,500,0,NaN,NaN,0,0
three_point,三点法,target_three_point,target,4.04392477231146,6638.29165168865,0,5000,270,0,0,500,0,NaN,NaN,0,0
three_point,三点法,target_three_point,target,4.05392477231146,6633.29165168865,0,5000,270,0,0,500,0,NaN,NaN,0,0
three_point,三点法,target_three_point,target,4.06392477231146,6628.29165168866,0,5000,270,0,0,500,0,NaN,NaN,0,0
three_point,三点法,target_three_point,target,4.07392477231146,6623.29165168866,0,5000,270,0,0,500,0,NaN,NaN,0,0
three_point,三点法,target_three_point,target,4.08392477231146,6618.29165168866,0,5000,270,0,0,500,0,NaN,NaN,0,0
three_point,三点法,target_three_point,target,4.09392477231146,6613.29165168866,0,5000,270,0,0,500,0,NaN,NaN,0,0
three_point,三点法,target_three_point,target,4.10392477231146,6608.29165168866,0,5000,270,0,0,500,0,NaN,NaN,0,0
three_point,三点法,target_three_point,target,4.11392477231146,6603.29165168866,0,5000,270,0,0,500,0,NaN,NaN,0,0
three_point,三点法,target_three_point,target,4.12392477231146,6598.29165168866,0,5000,270,0,0,500,0,NaN,NaN,0,0
three_point,三点法,target_three_point,target,4.13392477231146,6593.29165168866,0,5000,270,0,0,500,0,NaN,NaN,0,0
three_point,三点法,target_three_point,target,4.14392477231146,6588.29165168866,0,5000,270,0,0,500,0,NaN,NaN,0,0
three_point,三点法,target_three_point,target,4.15392477231146,6583.29165168866,0,5000,270,0,0,500,0,NaN,NaN,0,0
three_point,三点法,target_three_point,target,4.16392477231146,6578.29165168866,0,5000,270,0,0,500,0,NaN,NaN,0,0
three_point,三点法,target_three_point,target,4.17392477231146,6573.29165168866,0,5000,270,0,0,500,0,NaN,NaN,0,0
three_point,三点法,target_three_point,target,4.18392477231146,6568.29165168866,0,5000,270,0,0,500,0,NaN,NaN,0,0
three_point,三点法,target_three_point,target,4.19392477231146,6563.29165168866,0,5000,270,0,0,500,0,NaN,NaN,0,0
three_point,三点法,target_three_point,target,4.20392477231146,6558.29165168866,0,5000,270,0,0,500,0,NaN,NaN,0,0
three_point,三点法,target_three_point,target,4.21392477231146,6553.29165168866,0,5000,270,0,0,500,0,NaN,NaN,0,0
three_point,三点法,target_three_point,target,4.22392477231146,6548.29165168866,0,5000,270,0,0,500,0,NaN,NaN,0,0
three_point,三点法,target_three_point,target,4.23392477231146,6543.29165168866,0,5000,270,0,0,500,0,NaN,NaN,0,0
three_point,三点法,target_three_point,target,4.24392477231146,6538.29165168866,0,5000,270,0,0,500,0,NaN,NaN,0,0
three_point,三点法,target_three_point,target,4.25392477231146,6533.29165168866,0,5000,270,0,0,500,0,NaN,NaN,0,0
three_point,三点法,target_three_point,target,4.26392477231146,6528.29165168866,0,5000,270,0,0,500,0,NaN,NaN,0,0
three_point,三点法,target_three_point,target,4.27392477231146,6523.29165168866,0,5000,270,0,0,500,0,NaN,NaN,0,0
three_point,三点法,target_three_point,target,4.28392477231146,6518.29165168866,0,5000,270,0,0,500,0,NaN,NaN,0,0
three_point,三点法,target_three_point,target,4.29392477231146,6513.29165168866,0,5000,270,0,0,500,0,NaN,NaN,0,0
three_point,三点法,target_three_point,target,4.30392477231146,6508.29165168866,0,5000,270,0,0,500,0,NaN,NaN,0,0
three_point,三点法,target_three_point,target,4.31392477231146,6503.29165168866,0,5000,270,0,0,500,0,NaN,NaN,0,0
three_point,三点法,target_three_point,target,4.32392477231146,6498.29165168866,0,5000,270,0,0,500,0,NaN,NaN,0,0
three_point,三点法,target_three_point,target,4.33392477231146,6493.29165168866,0,5000,270,0,0,500,0,NaN,NaN,0,0
three_point,三点法,target_three_point,target,4.34392477231146,6488.29165168866,0,5000,270,0,0,500,0,NaN,NaN,0,0
three_point,三点法,target_three_point,target,4.35392477231146,6483.29165168866,0,5000,270,0,0,500,0,NaN,NaN,0,0
three_point,三点法,target_three_point,target,4.36392477231146,6478.29165168866,0,5000,270,0,0,500,0,NaN,NaN,0,0
three_point,三点法,target_three_point,target,4.37392477231146,6473.29165168866,0,5000,270,0,0,500,0,NaN,NaN,0,0
three_point,三点法,target_three_point,target,4.38392477231146,6468.29165168866,0,5000,270,0,0,500,0,NaN,NaN,0,0
three_point,三点法,target_three_point,target,4.39392477231146,6463.29165168866,0,5000,270,0,0,500,0,NaN,NaN,0,0
three_point,三点法,target_three_point,target,4.40392477231146,6458.29165168866,0,5000,270,0,0,500,0,NaN,NaN,0,0
three_point,三点法,target_three_point,target,4.41392477231146,6453.29165168866,0,5000,270,0,0,500,0,NaN,NaN,0,0
three_point,三点法,target_three_point,target,4.42392477231146,6448.29165168866,0,5000,270,0,0,500,0,NaN,NaN,0,0
three_point,三点法,target_three_point,target,4.43392477231145,6443.29165168866,0,5000,270,0,0,500,0,NaN,NaN,0,0
three_point,三点法,target_three_point,target,4.44392477231145,6438.29165168866,0,5000,270,0,0,500,0,NaN,NaN,0,0
three_point,三点法,target_three_point,target,4.45392477231145,6433.29165168866,0,5000,270,0,0,500,0,NaN,NaN,0,0
three_point,三点法,target_three_point,target,4.46392477231145,6428.29165168866,0,5000,270,0,0,500,0,NaN,NaN,0,0
three_point,三点法,target_three_point,target,4.47392477231145,6423.29165168866,0,5000,270,0,0,500,0,NaN,NaN,0,0
three_point,三点法,target_three_point,target,4.48392477231145,6418.29165168866,0,5000,270,0,0,500,0,NaN,NaN,0,0
three_point,三点法,target_three_point,target,4.49392477231145,6413.29165168866,0,5000,270,0,0,500,0,NaN,NaN,0,0
three_point,三点法,target_three_point,target,4.50392477231145,6408.29165168866,0,5000,270,0,0,500,0,NaN,NaN,0,0
three_point,三点法,target_three_point,target,4.51392477231145,6403.29165168866,0,5000,270,0,0,500,0,NaN,NaN,0,0
three_point,三点法,target_three_point,target,4.52392477231145,6398.29165168866,0,5000,270,0,0,500,0,NaN,NaN,0,0
three_point,三点法,target_three_point,target,4.53392477231145,6393.29165168866,0,5000,270,0,0,500,0,NaN,NaN,0,0
three_point,三点法,target_three_point,target,4.54392477231145,6388.29165168866,0,5000,270,0,0,500,0,NaN,NaN,0,0
three_point,三点法,target_three_point,target,4.55392477231145,6383.29165168866,0,5000,270,0,0,500,0,NaN,NaN,0,0
three_point,三点法,target_three_point,target,4.56392477231145,6378.29165168866,0,5000,270,0,0,500,0,NaN,NaN,0,0
three_point,三点法,target_three_point,target,4.57392477231145,6373.29165168866,0,5000,270,0,0,500,0,NaN,NaN,0,0
three_point,三点法,target_three_point,target,4.58392477231145,6368.29165168866,0,5000,270,0,0,500,0,NaN,NaN,0,0
three_point,三点法,target_three_point,target,4.59392477231145,6363.29165168866,0,5000,270,0,0,500,0,NaN,NaN,0,0
three_point,三点法,target_three_point,target,4.60392477231145,6358.29165168866,0,5000,270,0,0,500,0,NaN,NaN,0,0
three_point,三点法,target_three_point,target,4.61392477231145,6353.29165168866,0,5000,270,0,0,500,0,NaN,NaN,0,0
three_point,三点法,target_three_point,target,4.62392477231145,6348.29165168866,0,5000,270,0,0,500,0,NaN,NaN,0,0
three_point,三点法,target_three_point,target,4.63392477231145,6343.29165168866,0,5000,270,0,0,500,0,NaN,NaN,0,0
three_point,三点法,target_three_point,target,4.64392477231145,6338.29165168866,0,5000,270,0,0,500,0,NaN,NaN,0,0
three_point,三点法,target_three_point,target,4.65392477231145,6333.29165168866,0,5000,270,0,0,500,0,NaN,NaN,0,0
three_point,三点法,target_three_point,target,4.66392477231145,6328.29165168866,0,5000,270,0,0,500,0,NaN,NaN,0,0
three_point,三点法,target_three_point,target,4.67392477231145,6323.29165168866,0,5000,270,0,0,500,0,NaN,NaN,0,0
three_point,三点法,target_three_point,target,4.68392477231145,6318.29165168866,0,5000,270,0,0,500,0,NaN,NaN,0,0
three_point,三点法,target_three_point,target,4.69392477231145,6313.29165168866,0,5000,270,0,0,500,0,NaN,NaN,0,0
three_point,三点法,target_three_point,target,4.70392477231145,6308.29165168866,0,5000,270,0,0,500,0,NaN,NaN,0,0
three_point,三点法,target_three_point,target,4.71392477231145,6303.29165168866,0,5000,270,0,0,500,0,NaN,NaN,0,0
three_point,三点法,target_three_point,target,4.72392477231145,6298.29165168866,0,5000,270,0,0,500,0,NaN,NaN,0,0
three_point,三点法,target_three_point,target,4.73392477231145,6293.29165168866,0,5000,270,0,0,500,0,NaN,NaN,0,0
three_point,三点法,target_three_point,target,4.74392477231145,6288.29165168866,0,5000,270,0,0,500,0,NaN,NaN,0,0
three_point,三点法,target_three_point,target,4.75392477231145,6283.29165168866,0,5000,270,0,0,500,0,NaN,NaN,0,0
three_point,三点法,target_three_point,target,4.76392477231145,6278.29165168866,0,5000,270,0,0,500,0,NaN,NaN,0,0
three_point,三点法,target_three_point,target,4.77392477231145,6273.29165168866,0,5000,270,0,0,500,0,NaN,NaN,0,0
three_point,三点法,target_three_point,target,4.78392477231145,6268.29165168866,0,5000,270,0,0,500,0,NaN,NaN,0,0
three_point,三点法,target_three_point,target,4.79392477231145,6263.29165168866,0,5000,270,0,0,500,0,NaN,NaN,0,0
three_point,三点法,target_three_point,target,4.80392477231145,6258.29165168866,0,5000,270,0,0,500,0,NaN,NaN,0,0
three_point,三点法,target_three_point,target,4.81392477231145,6253.29165168866,0,5000,270,0,0,500,0,NaN,NaN,0,0
three_point,三点法,target_three_point,target,4.82392477231145,6248.29165168866,0,5000,270,0,0,500,0,NaN,NaN,0,0
three_point,三点法,target_three_point,target,4.83392477231145,6243.29165168866,0,5000,270,0,0,500,0,NaN,NaN,0,0
three_point,三点法,target_three_point,target,4.84392477231145,6238.29165168866,0,5000,270,0,0,500,0,NaN,NaN,0,0
three_point,三点法,target_three_point,target,4.85392477231145,6233.29165168866,0,5000,270,0,0,500,0,NaN,NaN,0,0
three_point,三点法,target_three_point,target,4.86392477231145,6228.29165168866,0,5000,270,0,0,500,0,NaN,NaN,0,0
three_point,三点法,target_three_point,target,4.87392477231145,6223.29165168866,0,5000,270,0,0,500,0,NaN,NaN,0,0
three_point,三点法,target_three_point,target,4.88392477231145,6218.29165168866,0,5000,270,0,0,500,0,NaN,NaN,0,0
three_point,三点法,target_three_point,target,4.89392477231145,6213.29165168866,0,5000,270,0,0,500,0,NaN,NaN,0,0
three_point,三点法,target_three_point,target,4.90392477231144,6208.29165168866,0,5000,270,0,0,500,0,NaN,NaN,0,0
three_point,三点法,target_three_point,target,4.91392477231144,6203.29165168866,0,5000,270,0,0,500,0,NaN,NaN,0,0
three_point,三点法,target_three_point,target,4.92392477231144,6198.29165168866,0,5000,270,0,0,500,0,NaN,NaN,0,0
three_point,三点法,target_three_point,target,4.93392477231144,6193.29165168866,0,5000,270,0,0,500,0,NaN,NaN,0,0
three_point,三点法,target_three_point,target,4.94392477231144,6188.29165168866,0,5000,270,0,0,500,0,NaN,NaN,0,0
three_point,三点法,target_three_point,target,4.95392477231144,6183.29165168866,0,5000,270,0,0,500,0,NaN,NaN,0,0
three_point,三点法,target_three_point,target,4.96392477231144,6178.29165168866,0,5000,270,0,0,500,0,NaN,NaN,0,0
three_point,三点法,target_three_point,target,4.97392477231144,6173.29165168867,0,5000,270,0,0,500,0,NaN,NaN,0,0
three_point,三点法,target_three_point,target,4.98392477231144,6168.29165168867,0,5000,270,0,0,500,0,NaN,NaN,0,0
three_point,三点法,target_three_point,target,4.99392477231144,6163.29165168867,0,5000,270,0,0,500,0,NaN,NaN,0,0
three_point,三点法,target_three_point,target,5.00392477231144,6158.29165168867,0,5000,270,0,0,500,0,NaN,NaN,0,0
three_point,三点法,target_three_point,target,5.01392477231144,6153.29165168867,0,5000,270,0,0,500,0,NaN,NaN,0,0
three_point,三点法,target_three_point,target,5.02392477231144,6148.29165168867,0,5000,270,0,0,500,0,NaN,NaN,0,0
three_point,三点法,target_three_point,target,5.03392477231144,6143.29165168867,0,5000,270,0,0,500,0,NaN,NaN,0,0
three_point,三点法,target_three_point,target,5.04392477231144,6138.29165168867,0,5000,270,0,0,500,0,NaN,NaN,0,0
three_point,三点法,target_three_point,target,5.05392477231144,6133.29165168867,0,5000,270,0,0,500,0,NaN,NaN,0,0
three_point,三点法,target_three_point,target,5.06392477231144,6128.29165168867,0,5000,270,0,0,500,0,NaN,NaN,0,0
three_point,三点法,target_three_point,target,5.07392477231144,6123.29165168867,0,5000,270,0,0,500,0,NaN,NaN,0,0
three_point,三点法,target_three_point,target,5.08392477231144,6118.29165168867,0,5000,270,0,0,500,0,NaN,NaN,0,0
three_point,三点法,target_three_point,target,5.09392477231144,6113.29165168867,0,5000,270,0,0,500,0,NaN,NaN,0,0
three_point,三点法,target_three_point,target,5.10392477231144,6108.29165168867,0,5000,270,0,0,500,0,NaN,NaN,0,0
three_point,三点法,target_three_point,target,5.11392477231144,6103.29165168867,0,5000,270,0,0,500,0,NaN,NaN,0,0
three_point,三点法,target_three_point,target,5.12392477231144,6098.29165168867,0,5000,270,0,0,500,0,NaN,NaN,0,0
three_point,三点法,target_three_point,target,5.13392477231144,6093.29165168867,0,5000,270,0,0,500,0,NaN,NaN,0,0
three_point,三点法,target_three_point,target,5.14392477231144,6088.29165168867,0,5000,270,0,0,500,0,NaN,NaN,0,0
three_point,三点法,target_three_point,target,5.15392477231144,6083.29165168867,0,5000,270,0,0,500,0,NaN,NaN,0,0
three_point,三点法,target_three_point,target,5.16392477231144,6078.29165168867,0,5000,270,0,0,500,0,NaN,NaN,0,0
three_point,三点法,target_three_point,target,5.17392477231144,6073.29165168867,0,5000,270,0,0,500,0,NaN,NaN,0,0
three_point,三点法,target_three_point,target,5.18392477231144,6068.29165168867,0,5000,270,0,0,500,0,NaN,NaN,0,0
three_point,三点法,target_three_point,target,5.19392477231144,6063.29165168867,0,5000,270,0,0,500,0,NaN,NaN,0,0
three_point,三点法,target_three_point,target,5.20392477231144,6058.29165168867,0,5000,270,0,0,500,0,NaN,NaN,0,0
three_point,三点法,target_three_point,target,5.21392477231144,6053.29165168867,0,5000,270,0,0,500,0,NaN,NaN,0,0
three_point,三点法,target_three_point,target,5.22392477231144,6048.29165168867,0,5000,270,0,0,500,0,NaN,NaN,0,0
three_point,三点法,target_three_point,target,5.23392477231144,6043.29165168867,0,5000,270,0,0,500,0,NaN,NaN,0,0
three_point,三点法,target_three_point,target,5.24392477231144,6038.29165168867,0,5000,270,0,0,500,0,NaN,NaN,0,0
three_point,三点法,target_three_point,target,5.25392477231144,6033.29165168867,0,5000,270,0,0,500,0,NaN,NaN,0,0
three_point,三点法,target_three_point,target,5.26392477231144,6028.29165168867,0,5000,270,0,0,500,0,NaN,NaN,0,0
three_point,三点法,target_three_point,target,5.27392477231144,6023.29165168867,0,5000,270,0,0,500,0,NaN,NaN,0,0
three_point,三点法,target_three_point,target,5.28392477231144,6018.29165168867,0,5000,270,0,0,500,0,NaN,NaN,0,0
three_point,三点法,target_three_point,target,5.29392477231144,6013.29165168867,0,5000,270,0,0,500,0,NaN,NaN,0,0
three_point,三点法,target_three_point,target,5.30392477231144,6008.29165168867,0,5000,270,0,0,500,0,NaN,NaN,0,0
three_point,三点法,target_three_point,target,5.31392477231144,6003.29165168867,0,5000,270,0,0,500,0,NaN,NaN,0,0
three_point,三点法,target_three_point,target,5.32392477231144,5998.29165168867,0,5000,270,0,0,500,0,NaN,NaN,0,0
three_point,三点法,target_three_point,target,5.33392477231144,5993.29165168867,0,5000,270,0,0,500,0,NaN,NaN,0,0
three_point,三点法,target_three_point,target,5.34392477231144,5988.29165168867,0,5000,270,0,0,500,0,NaN,NaN,0,0
three_point,三点法,target_three_point,target,5.35392477231144,5983.29165168867,0,5000,270,0,0,500,0,NaN,NaN,0,0
three_point,三点法,target_three_point,target,5.36392477231144,5978.29165168867,0,5000,270,0,0,500,0,NaN,NaN,0,0
three_point,三点法,target_three_point,target,5.37392477231143,5973.29165168867,0,5000,270,0,0,500,0,NaN,NaN,0,0
three_point,三点法,target_three_point,target,5.38392477231143,5968.29165168867,0,5000,270,0,0,500,0,NaN,NaN,0,0
three_point,三点法,target_three_point,target,5.39392477231143,5963.29165168867,0,5000,270,0,0,500,0,NaN,NaN,0,0
three_point,三点法,target_three_point,target,5.40392477231143,5958.29165168867,0,5000,270,0,0,500,0,NaN,NaN,0,0
three_point,三点法,target_three_point,target,5.41392477231143,5953.29165168867,0,5000,270,0,0,500,0,NaN,NaN,0,0
three_point,三点法,target_three_point,target,5.42392477231143,5948.29165168867,0,5000,270,0,0,500,0,NaN,NaN,0,0
three_point,三点法,target_three_point,target,5.43392477231143,5943.29165168867,0,5000,270,0,0,500,0,NaN,NaN,0,0
three_point,三点法,target_three_point,target,5.44392477231143,5938.29165168867,0,5000,270,0,0,500,0,NaN,NaN,0,0
three_point,三点法,target_three_point,target,5.45392477231143,5933.29165168867,0,5000,270,0,0,500,0,NaN,NaN,0,0
three_point,三点法,target_three_point,target,5.46392477231143,5928.29165168867,0,5000,270,0,0,500,0,NaN,NaN,0,0
three_point,三点法,target_three_point,target,5.47392477231143,5923.29165168867,0,5000,270,0,0,500,0,NaN,NaN,0,0
three_point,三点法,target_three_point,target,5.48392477231143,5918.29165168867,0,5000,270,0,0,500,0,NaN,NaN,0,0
three_point,三点法,target_three_point,target,5.49392477231143,5913.29165168867,0,5000,270,0,0,500,0,NaN,NaN,0,0
three_point,三点法,target_three_point,target,5.50392477231143,5908.29165168867,0,5000,270,0,0,500,0,NaN,NaN,0,0
three_point,三点法,target_three_point,target,5.51392477231143,5903.29165168867,0,5000,270,0,0,500,0,NaN,NaN,0,0
three_point,三点法,target_three_point,target,5.52392477231143,5898.29165168867,0,5000,270,0,0,500,0,NaN,NaN,0,0
three_point,三点法,target_three_point,target,5.53392477231143,5893.29165168867,0,5000,270,0,0,500,0,NaN,NaN,0,0
three_point,三点法,target_three_point,target,5.54392477231143,5888.29165168867,0,5000,270,0,0,500,0,NaN,NaN,0,0
three_point,三点法,target_three_point,target,5.55392477231143,5883.29165168867,0,5000,270,0,0,500,0,NaN,NaN,0,0
three_point,三点法,target_three_point,target,5.56392477231143,5878.29165168867,0,5000,270,0,0,500,0,NaN,NaN,0,0
three_point,三点法,target_three_point,target,5.57392477231143,5873.29165168867,0,5000,270,0,0,500,0,NaN,NaN,0,0
three_point,三点法,target_three_point,target,5.58392477231143,5868.29165168867,0,5000,270,0,0,500,0,NaN,NaN,0,0
three_point,三点法,target_three_point,target,5.59392477231143,5863.29165168867,0,5000,270,0,0,500,0,NaN,NaN,0,0
three_point,三点法,target_three_point,target,5.60392477231143,5858.29165168867,0,5000,270,0,0,500,0,NaN,NaN,0,0
three_point,三点法,target_three_point,target,5.61392477231143,5853.29165168867,0,5000,270,0,0,500,0,NaN,NaN,0,0
three_point,三点法,target_three_point,target,5.62392477231143,5848.29165168867,0,5000,270,0,0,500,0,NaN,NaN,0,0
three_point,三点法,target_three_point,target,5.63392477231143,5843.29165168867,0,5000,270,0,0,500,0,NaN,NaN,0,0
three_point,三点法,target_three_point,target,5.64392477231143,5838.29165168867,0,5000,270,0,0,500,0,NaN,NaN,0,0
three_point,三点法,target_three_point,target,5.65392477231143,5833.29165168867,0,5000,270,0,0,500,0,NaN,NaN,0,0
three_point,三点法,target_three_point,target,5.66392477231143,5828.29165168867,0,5000,270,0,0,500,0,NaN,NaN,0,0
three_point,三点法,target_three_point,target,5.67392477231143,5823.29165168867,0,5000,270,0,0,500,0,NaN,NaN,0,0
three_point,三点法,target_three_point,target,5.68392477231143,5818.29165168867,0,5000,270,0,0,500,0,NaN,NaN,0,0
three_point,三点法,target_three_point,target,5.69392477231143,5813.29165168867,0,5000,270,0,0,500,0,NaN,NaN,0,0
three_point,三点法,target_three_point,target,5.70392477231143,5808.29165168867,0,5000,270,0,0,500,0,NaN,NaN,0,0
three_point,三点法,target_three_point,target,5.71392477231143,5803.29165168867,0,5000,270,0,0,500,0,NaN,NaN,0,0
three_point,三点法,target_three_point,target,5.72392477231143,5798.29165168867,0,5000,270,0,0,500,0,NaN,NaN,0,0
three_point,三点法,target_three_point,target,5.73392477231143,5793.29165168867,0,5000,270,0,0,500,0,NaN,NaN,0,0
three_point,三点法,target_three_point,target,5.74392477231143,5788.29165168867,0,5000,270,0,0,500,0,NaN,NaN,0,0
three_point,三点法,target_three_point,target,5.75392477231143,5783.29165168867,0,5000,270,0,0,500,0,NaN,NaN,0,0
three_point,三点法,target_three_point,target,5.76392477231143,5778.29165168867,0,5000,270,0,0,500,0,NaN,NaN,0,0
three_point,三点法,target_three_point,target,5.77392477231143,5773.29165168867,0,5000,270,0,0,500,0,NaN,NaN,0,0
three_point,三点法,target_three_point,target,5.78392477231143,5768.29165168867,0,5000,270,0,0,500,0,NaN,NaN,0,0
three_point,三点法,target_three_point,target,5.79392477231143,5763.29165168867,0,5000,270,0,0,500,0,NaN,NaN,0,0
three_point,三点法,target_three_point,target,5.80392477231143,5758.29165168867,0,5000,270,0,0,500,0,NaN,NaN,0,0
three_point,三点法,target_three_point,target,5.81392477231143,5753.29165168867,0,5000,270,0,0,500,0,NaN,NaN,0,0
three_point,三点法,target_three_point,target,5.82392477231143,5748.29165168867,0,5000,270,0,0,500,0,NaN,NaN,0,0
three_point,三点法,target_three_point,target,5.83392477231143,5743.29165168867,0,5000,270,0,0,500,0,NaN,NaN,0,0
three_point,三点法,target_three_point,target,5.84392477231142,5738.29165168867,0,5000,270,0,0,500,0,NaN,NaN,0,0
three_point,三点法,target_three_point,target,5.85392477231142,5733.29165168867,0,5000,270,0,0,500,0,NaN,NaN,0,0
three_point,三点法,target_three_point,target,5.86392477231142,5728.29165168867,0,5000,270,0,0,500,0,NaN,NaN,0,0
three_point,三点法,target_three_point,target,5.87392477231142,5723.29165168867,0,5000,270,0,0,500,0,NaN,NaN,0,0
three_point,三点法,target_three_point,target,5.88392477231142,5718.29165168867,0,5000,270,0,0,500,0,NaN,NaN,0,0
three_point,三点法,target_three_point,target,5.89392477231142,5713.29165168867,0,5000,270,0,0,500,0,NaN,NaN,0,0
three_point,三点法,target_three_point,target,5.90392477231142,5708.29165168867,0,5000,270,0,0,500,0,NaN,NaN,0,0
three_point,三点法,target_three_point,target,5.91392477231142,5703.29165168867,0,5000,270,0,0,500,0,NaN,NaN,0,0
three_point,三点法,target_three_point,target,5.92392477231142,5698.29165168867,0,5000,270,0,0,500,0,NaN,NaN,0,0
three_point,三点法,target_three_point,target,5.93392477231142,5693.29165168867,0,5000,270,0,0,500,0,NaN,NaN,0,0
three_point,三点法,target_three_point,target,5.94392477231142,5688.29165168867,0,5000,270,0,0,500,0,NaN,NaN,0,0
three_point,三点法,target_three_point,target,5.95392477231142,5683.29165168868,0,5000,270,0,0,500,0,NaN,NaN,0,0
three_point,三点法,target_three_point,target,5.96392477231142,5678.29165168868,0,5000,270,0,0,500,0,NaN,NaN,0,0
three_point,三点法,target_three_point,target,5.97392477231142,5673.29165168868,0,5000,270,0,0,500,0,NaN,NaN,0,0
three_point,三点法,target_three_point,target,5.98392477231142,5668.29165168868,0,5000,270,0,0,500,0,NaN,NaN,0,0
three_point,三点法,target_three_point,target,5.99392477231142,5663.29165168868,0,5000,270,0,0,500,0,NaN,NaN,0,0
three_point,三点法,target_three_point,target,6.00392477231142,5658.29165168868,0,5000,270,0,0,500,0,NaN,NaN,0,0
three_point,三点法,target_three_point,target,6.01392477231142,5653.29165168868,0,5000,270,0,0,500,0,NaN,NaN,0,0
three_point,三点法,target_three_point,target,6.02392477231142,5648.29165168868,0,5000,270,0,0,500,0,NaN,NaN,0,0
three_point,三点法,target_three_point,target,6.03392477231142,5643.29165168868,0,5000,270,0,0,500,0,NaN,NaN,0,0
three_point,三点法,target_three_point,target,6.04392477231142,5638.29165168868,0,5000,270,0,0,500,0,NaN,NaN,0,0
three_point,三点法,target_three_point,target,6.05392477231142,5633.29165168868,0,5000,270,0,0,500,0,NaN,NaN,0,0
three_point,三点法,target_three_point,target,6.06392477231142,5628.29165168868,0,5000,270,0,0,500,0,NaN,NaN,0,0
three_point,三点法,target_three_point,target,6.07392477231142,5623.29165168868,0,5000,270,0,0,500,0,NaN,NaN,0,0
three_point,三点法,target_three_point,target,6.08392477231142,5618.29165168868,0,5000,270,0,0,500,0,NaN,NaN,0,0
three_point,三点法,target_three_point,target,6.09392477231142,5613.29165168868,0,5000,270,0,0,500,0,NaN,NaN,0,0
three_point,三点法,target_three_point,target,6.10392477231142,5608.29165168868,0,5000,270,0,0,500,0,NaN,NaN,0,0
three_point,三点法,target_three_point,target,6.11392477231142,5603.29165168868,0,5000,270,0,0,500,0,NaN,NaN,0,0
three_point,三点法,target_three_point,target,6.12392477231142,5598.29165168868,0,5000,270,0,0,500,0,NaN,NaN,0,0
three_point,三点法,target_three_point,target,6.13392477231142,5593.29165168868,0,5000,270,0,0,500,0,NaN,NaN,0,0
three_point,三点法,target_three_point,target,6.14392477231142,5588.29165168868,0,5000,270,0,0,500,0,NaN,NaN,0,0
three_point,三点法,target_three_point,target,6.15392477231142,5583.29165168868,0,5000,270,0,0,500,0,NaN,NaN,0,0
three_point,三点法,target_three_point,target,6.16392477231142,5578.29165168868,0,5000,270,0,0,500,0,NaN,NaN,0,0
three_point,三点法,target_three_point,target,6.17392477231142,5573.29165168868,0,5000,270,0,0,500,0,NaN,NaN,0,0
three_point,三点法,target_three_point,target,6.18392477231142,5568.29165168868,0,5000,270,0,0,500,0,NaN,NaN,0,0
three_point,三点法,target_three_point,target,6.19392477231142,5563.29165168868,0,5000,270,0,0,500,0,NaN,NaN,0,0
three_point,三点法,target_three_point,target,6.20392477231142,5558.29165168868,0,5000,270,0,0,500,0,NaN,NaN,0,0
three_point,三点法,target_three_point,target,6.21392477231142,5553.29165168868,0,5000,270,0,0,500,0,NaN,NaN,0,0
three_point,三点法,target_three_point,target,6.22392477231142,5548.29165168868,0,5000,270,0,0,500,0,NaN,NaN,0,0
three_point,三点法,target_three_point,target,6.23392477231142,5543.29165168868,0,5000,270,0,0,500,0,NaN,NaN,0,0
three_point,三点法,target_three_point,target,6.24392477231142,5538.29165168868,0,5000,270,0,0,500,0,NaN,NaN,0,0
three_point,三点法,target_three_point,target,6.25392477231142,5533.29165168868,0,5000,270,0,0,500,0,NaN,NaN,0,0
three_point,三点法,target_three_point,target,6.26392477231142,5528.29165168868,0,5000,270,0,0,500,0,NaN,NaN,0,0
three_point,三点法,target_three_point,target,6.27392477231142,5523.29165168868,0,5000,270,0,0,500,0,NaN,NaN,0,0
three_point,三点法,target_three_point,target,6.28392477231142,5518.29165168868,0,5000,270,0,0,500,0,NaN,NaN,0,0
three_point,三点法,target_three_point,target,6.29392477231142,5513.29165168868,0,5000,270,0,0,500,0,NaN,NaN,0,0
three_point,三点法,target_three_point,target,6.30392477231142,5508.29165168868,0,5000,270,0,0,500,0,NaN,NaN,0,0
three_point,三点法,target_three_point,target,6.31392477231141,5503.29165168868,0,5000,270,0,0,500,0,NaN,NaN,0,0
three_point,三点法,target_three_point,target,6.32392477231141,5498.29165168868,0,5000,270,0,0,500,0,NaN,NaN,0,0
three_point,三点法,target_three_point,target,6.33392477231141,5493.29165168868,0,5000,270,0,0,500,0,NaN,NaN,0,0
three_point,三点法,target_three_point,target,6.34392477231141,5488.29165168868,0,5000,270,0,0,500,0,NaN,NaN,0,0
three_point,三点法,target_three_point,target,6.35392477231141,5483.29165168868,0,5000,270,0,0,500,0,NaN,NaN,0,0
three_point,三点法,target_three_point,target,6.36392477231141,5478.29165168868,0,5000,270,0,0,500,0,NaN,NaN,0,0
three_point,三点法,target_three_point,target,6.37392477231141,5473.29165168868,0,5000,270,0,0,500,0,NaN,NaN,0,0
three_point,三点法,target_three_point,target,6.38392477231141,5468.29165168868,0,5000,270,0,0,500,0,NaN,NaN,0,0
three_point,三点法,target_three_point,target,6.39392477231141,5463.29165168868,0,5000,270,0,0,500,0,NaN,NaN,0,0
three_point,三点法,target_three_point,target,6.40392477231141,5458.29165168868,0,5000,270,0,0,500,0,NaN,NaN,0,0
three_point,三点法,target_three_point,target,6.41392477231141,5453.29165168868,0,5000,270,0,0,500,0,NaN,NaN,0,0
three_point,三点法,target_three_point,target,6.42392477231141,5448.29165168868,0,5000,270,0,0,500,0,NaN,NaN,0,0
three_point,三点法,target_three_point,target,6.43392477231141,5443.29165168868,0,5000,270,0,0,500,0,NaN,NaN,0,0
three_point,三点法,target_three_point,target,6.44392477231141,5438.29165168868,0,5000,270,0,0,500,0,NaN,NaN,0,0
three_point,三点法,target_three_point,target,6.45392477231141,5433.29165168868,0,5000,270,0,0,500,0,NaN,NaN,0,0
three_point,三点法,target_three_point,target,6.46392477231141,5428.29165168868,0,5000,270,0,0,500,0,NaN,NaN,0,0
three_point,三点法,target_three_point,target,6.47392477231141,5423.29165168868,0,5000,270,0,0,500,0,NaN,NaN,0,0
three_point,三点法,target_three_point,target,6.48392477231141,5418.29165168868,0,5000,270,0,0,500,0,NaN,NaN,0,0
three_point,三点法,target_three_point,target,6.49392477231141,5413.29165168868,0,5000,270,0,0,500,0,NaN,NaN,0,0
three_point,三点法,target_three_point,target,6.50392477231141,5408.29165168868,0,5000,270,0,0,500,0,NaN,NaN,0,0
three_point,三点法,target_three_point,target,6.51392477231141,5403.29165168868,0,5000,270,0,0,500,0,NaN,NaN,0,0
three_point,三点法,target_three_point,target,6.52392477231141,5398.29165168868,0,5000,270,0,0,500,0,NaN,NaN,0,0
three_point,三点法,target_three_point,target,6.53392477231141,5393.29165168868,0,5000,270,0,0,500,0,NaN,NaN,0,0
three_point,三点法,target_three_point,target,6.54392477231141,5388.29165168868,0,5000,270,0,0,500,0,NaN,NaN,0,0
three_point,三点法,target_three_point,target,6.55392477231141,5383.29165168868,0,5000,270,0,0,500,0,NaN,NaN,0,0
three_point,三点法,target_three_point,target,6.56392477231141,5378.29165168868,0,5000,270,0,0,500,0,NaN,NaN,0,0
three_point,三点法,target_three_point,target,6.57392477231141,5373.29165168868,0,5000,270,0,0,500,0,NaN,NaN,0,0
three_point,三点法,target_three_point,target,6.58392477231141,5368.29165168868,0,5000,270,0,0,500,0,NaN,NaN,0,0
three_point,三点法,target_three_point,target,6.59392477231141,5363.29165168868,0,5000,270,0,0,500,0,NaN,NaN,0,0
three_point,三点法,target_three_point,target,6.60392477231141,5358.29165168868,0,5000,270,0,0,500,0,NaN,NaN,0,0
three_point,三点法,target_three_point,target,6.61392477231141,5353.29165168868,0,5000,270,0,0,500,0,NaN,NaN,0,0
three_point,三点法,target_three_point,target,6.62392477231141,5348.29165168868,0,5000,270,0,0,500,0,NaN,NaN,0,0
three_point,三点法,target_three_point,target,6.63392477231141,5343.29165168868,0,5000,270,0,0,500,0,NaN,NaN,0,0
three_point,三点法,target_three_point,target,6.64392477231141,5338.29165168868,0,5000,270,0,0,500,0,NaN,NaN,0,0
three_point,三点法,target_three_point,target,6.65392477231141,5333.29165168868,0,5000,270,0,0,500,0,NaN,NaN,0,0
three_point,三点法,target_three_point,target,6.66392477231141,5328.29165168868,0,5000,270,0,0,500,0,NaN,NaN,0,0
three_point,三点法,target_three_point,target,6.67392477231141,5323.29165168868,0,5000,270,0,0,500,0,NaN,NaN,0,0
three_point,三点法,target_three_point,target,6.68392477231141,5318.29165168868,0,5000,270,0,0,500,0,NaN,NaN,0,0
three_point,三点法,target_three_point,target,6.69392477231141,5313.29165168868,0,5000,270,0,0,500,0,NaN,NaN,0,0
three_point,三点法,target_three_point,target,6.70392477231141,5308.29165168868,0,5000,270,0,0,500,0,NaN,NaN,0,0
three_point,三点法,target_three_point,target,6.71392477231141,5303.29165168868,0,5000,270,0,0,500,0,NaN,NaN,0,0
three_point,三点法,target_three_point,target,6.72392477231141,5298.29165168868,0,5000,270,0,0,500,0,NaN,NaN,0,0
three_point,三点法,target_three_point,target,6.73392477231141,5293.29165168868,0,5000,270,0,0,500,0,NaN,NaN,0,0
three_point,三点法,target_three_point,target,6.74392477231141,5288.29165168868,0,5000,270,0,0,500,0,NaN,NaN,0,0
three_point,三点法,target_three_point,target,6.75392477231141,5283.29165168868,0,5000,270,0,0,500,0,NaN,NaN,0,0
three_point,三点法,target_three_point,target,6.76392477231141,5278.29165168868,0,5000,270,0,0,500,0,NaN,NaN,0,0
three_point,三点法,target_three_point,target,6.77392477231141,5273.29165168868,0,5000,270,0,0,500,0,NaN,NaN,0,0
three_point,三点法,target_three_point,target,6.7839247723114,5268.29165168868,0,5000,270,0,0,500,0,NaN,NaN,0,0
three_point,三点法,target_three_point,target,6.7939247723114,5263.29165168868,0,5000,270,0,0,500,0,NaN,NaN,0,0
three_point,三点法,target_three_point,target,6.8039247723114,5258.29165168868,0,5000,270,0,0,500,0,NaN,NaN,0,0
three_point,三点法,target_three_point,target,6.8139247723114,5253.29165168868,0,5000,270,0,0,500,0,NaN,NaN,0,0
three_point,三点法,target_three_point,target,6.8239247723114,5248.29165168868,0,5000,270,0,0,500,0,NaN,NaN,0,0
three_point,三点法,target_three_point,target,6.8339247723114,5243.29165168868,0,5000,270,0,0,500,0,NaN,NaN,0,0
three_point,三点法,target_three_point,target,6.8439247723114,5238.29165168868,0,5000,270,0,0,500,0,NaN,NaN,0,0
three_point,三点法,target_three_point,target,6.8539247723114,5233.29165168869,0,5000,270,0,0,500,0,NaN,NaN,0,0
three_point,三点法,target_three_point,target,6.8639247723114,5228.29165168869,0,5000,270,0,0,500,0,NaN,NaN,0,0
three_point,三点法,target_three_point,target,6.8739247723114,5223.29165168869,0,5000,270,0,0,500,0,NaN,NaN,0,0
three_point,三点法,target_three_point,target,6.8839247723114,5218.29165168869,0,5000,270,0,0,500,0,NaN,NaN,0,0
three_point,三点法,target_three_point,target,6.8939247723114,5213.29165168869,0,5000,270,0,0,500,0,NaN,NaN,0,0
three_point,三点法,target_three_point,target,6.9039247723114,5208.29165168869,0,5000,270,0,0,500,0,NaN,NaN,0,0
three_point,三点法,target_three_point,target,6.9139247723114,5203.29165168869,0,5000,270,0,0,500,0,NaN,NaN,0,0
three_point,三点法,target_three_point,target,6.9239247723114,5198.29165168869,0,5000,270,0,0,500,0,NaN,NaN,0,0
three_point,三点法,target_three_point,target,6.9339247723114,5193.29165168869,0,5000,270,0,0,500,0,NaN,NaN,0,0
three_point,三点法,target_three_point,target,6.9439247723114,5188.29165168869,0,5000,270,0,0,500,0,NaN,NaN,0,0
three_point,三点法,target_three_point,target,6.9539247723114,5183.29165168869,0,5000,270,0,0,500,0,NaN,NaN,0,0
three_point,三点法,target_three_point,target,6.9639247723114,5178.29165168869,0,5000,270,0,0,500,0,NaN,NaN,0,0
three_point,三点法,target_three_point,target,6.9739247723114,5173.29165168869,0,5000,270,0,0,500,0,NaN,NaN,0,0
three_point,三点法,target_three_point,target,6.9839247723114,5168.29165168869,0,5000,270,0,0,500,0,NaN,NaN,0,0
three_point,三点法,target_three_point,target,6.9939247723114,5163.29165168869,0,5000,270,0,0,500,0,NaN,NaN,0,0
three_point,三点法,target_three_point,target,7.0039247723114,5158.29165168869,0,5000,270,0,0,500,0,NaN,NaN,0,0
three_point,三点法,target_three_point,target,7.0139247723114,5153.29165168869,0,5000,270,0,0,500,0,NaN,NaN,0,0
three_point,三点法,target_three_point,target,7.0239247723114,5148.29165168869,0,5000,270,0,0,500,0,NaN,NaN,0,0
three_point,三点法,target_three_point,target,7.0339247723114,5143.29165168869,0,5000,270,0,0,500,0,NaN,NaN,0,0
three_point,三点法,target_three_point,target,7.0439247723114,5138.29165168869,0,5000,270,0,0,500,0,NaN,NaN,0,0
three_point,三点法,target_three_point,target,7.0539247723114,5133.29165168869,0,5000,270,0,0,500,0,NaN,NaN,0,0
three_point,三点法,target_three_point,target,7.0639247723114,5128.29165168869,0,5000,270,0,0,500,0,NaN,NaN,0,0
three_point,三点法,target_three_point,target,7.0739247723114,5123.29165168869,0,5000,270,0,0,500,0,NaN,NaN,0,0
three_point,三点法,target_three_point,target,7.0839247723114,5118.29165168869,0,5000,270,0,0,500,0,NaN,NaN,0,0
three_point,三点法,target_three_point,target,7.0939247723114,5113.29165168869,0,5000,270,0,0,500,0,NaN,NaN,0,0
three_point,三点法,target_three_point,target,7.1039247723114,5108.29165168869,0,5000,270,0,0,500,0,NaN,NaN,0,0
three_point,三点法,target_three_point,target,7.1139247723114,5103.29165168869,0,5000,270,0,0,500,0,NaN,NaN,0,0
three_point,三点法,target_three_point,target,7.1239247723114,5098.29165168869,0,5000,270,0,0,500,0,NaN,NaN,0,0
three_point,三点法,target_three_point,target,7.1339247723114,5093.29165168869,0,5000,270,0,0,500,0,NaN,NaN,0,0
three_point,三点法,target_three_point,target,7.1439247723114,5088.29165168869,0,5000,270,0,0,500,0,NaN,NaN,0,0
three_point,三点法,target_three_point,target,7.1539247723114,5083.29165168869,0,5000,270,0,0,500,0,NaN,NaN,0,0
three_point,三点法,target_three_point,target,7.1639247723114,5078.29165168869,0,5000,270,0,0,500,0,NaN,NaN,0,0
three_point,三点法,target_three_point,target,7.1739247723114,5073.29165168869,0,5000,270,0,0,500,0,NaN,NaN,0,0
three_point,三点法,target_three_point,target,7.1839247723114,5068.29165168869,0,5000,270,0,0,500,0,NaN,NaN,0,0
three_point,三点法,target_three_point,target,7.1939247723114,5063.29165168869,0,5000,270,0,0,500,0,NaN,NaN,0,0
three_point,三点法,target_three_point,target,7.2039247723114,5058.29165168869,0,5000,270,0,0,500,0,NaN,NaN,0,0
three_point,三点法,target_three_point,target,7.2139247723114,5053.29165168869,0,5000,270,0,0,500,0,NaN,NaN,0,0
three_point,三点法,target_three_point,target,7.2239247723114,5048.29165168869,0,5000,270,0,0,500,0,NaN,NaN,0,0
