time_s,x_M_m,y_M_m,sigma_rad,sigma_deg,lambda_m,x_T_m,y_T_m,r_m,q_rad,q_deg,qdot_rad_s,qdot_deg_s,a_n_m_s2,n_g
0,0,0,0.523598775598299,30,0,8660.25403784439,5000,10000,0.523598775598299,30,0.0249999999999998,1.43239448782704,24.9999999999998,2.5492905324448
2.32038129184932e-07,0.000200950914184256,0.000116019065175319,0.523598781399252,30.0000003323701,0,8660.25392182532,5000,9999.99966748641,0.523598781399252,30.0000003323701,0.0250000010824724,1.43239454984816,25.0000010824724,2.54929064282629
1.39222877510959e-06,0.00120570547501022,0.000696114408537521,0.523598810404023,30.0000019942211,0,8660.25334173,5000,9999.99800491849,0.523598810404023,30.0000019942211,0.0250000064948369,1.4323948599538,25.0000064948369,2.54929119473387
7.19318200473289e-06,0.00622947802675691,0.00359659156248882,0.52359895542797,30.0000103034812,0,8660.25044125338,5000,9999.98969207898,0.52359895542797,30.0000103034812,0.0250000335566897,1.43239641048375,25.0000335566897,2.54929395427487
3.61979481528494e-05,0.0313483344758953,0.0180989882607752,0.523599680550059,30.0000518499165,0,8660.23593887031,5000,9999.94812788461,0.523599680550059,30.0000518499165,0.0250001688667146,1.4324041631771,25.0001688667146,2.54930775205749
0.000181221778893432,0.156942458979536,0.0906112449682734,0.523603306219376,30.0002595854663,0,8660.16342695494,5000,9999.74030699162,0.523603306219376,30.0002595854663,0.0250008454358669,1.43244292773408,25.0008454358669,2.54937674291087
0.000906340932596344,0.784909137674697,0.45317935925991,0.523621436037868,30.0012983475492,0,8659.80086737809,5000,9998.70120449857,0.523621436037868,30.0012983475492,0.0250042287573801,1.43263677777752,25.0042287573801,2.54972174569094
0.0045319367011109,3.92464390159082,2.26619074364741,0.523712121945817,30.006494267336,0,8657.98806949383,5000,9993.50574134809,0.523712121945817,30.006494267336,0.0250211572669218,1.43360670992771,25.0211572669218,2.55144797325506
0.0145319367011109,12.5837050201374,7.26825631924563,0.523962567365781,30.0208437328983,0,8652.98806949383,5000,9979.17621078882,0.523962567365781,30.0208437328983,0.0250679519657321,1.43628784867312,25.067951965732,2.55621970456089
0.0245319367011109,21.2415119505148,12.2724923879837,0.524213481491088,30.0352200532986,0,8647.98806949383,5000,9964.84730732363,0.524213481491088,30.0352200532986,0.0251148984516695,1.43897768418031,25.1148984516695,2.56100691384616
0.0345319367011109,29.8980617983281,17.2789026993452,0.524464865843104,30.0496233157048,0,8642.98806949383,5000,9950.51903239972,0.524464865843104,30.0496233157048,0.0251619974245386,1.44167625654511,25.1619974245386,2.56580967247109
0.0445319367011109,38.5533516585617,22.2874910141043,0.524716721950214,30.0640536076868,0,8637.98806949383,5000,9936.19138746961,0.524716721950214,30.0640536076868,0.025209249588325,1.44438360610293,25.209249588325,2.57062805222221
0.0545319367011109,47.2073786155263,27.2982611043745,0.524969051347867,30.0785110172194,0,8632.98806949383,5000,9921.86437399113,0.524969051347867,30.0785110172194,0.0252566556512254,1.44709977343045,25.2566556512254,2.57546212531551
0.0645319367011109,55.8601397428052,32.3112167536564,0.52522185557861,30.092995632684,0,8627.98806949383,5000,9907.53799342749,0.52522185557861,30.092995632684,0.025304216325679,1.44982479934744,25.304216325679,2.58031196439957
0.0745319367011109,64.5116321032002,37.3263617568876,0.525475136192141,30.1075075428718,0,8622.98806949383,5000,9893.21224724729,0.525475136192141,30.1075075428718,0.0253519323283986,1.45255872491851,25.3519323283986,2.58517764255873
0.0845319367011109,73.161852748677,42.3436999204914,0.525728894745342,30.1220468369856,0,8617.98806949383,5000,9878.88713692455,0.525728894745342,30.1220468369856,0.0253998043804018,1.45530159145492,25.3998043804018,2.59005923331635
0.0945319367011109,81.8107987203108,47.3632350624261,0.52598313280233,30.1366136046426,0,8612.98806949383,5000,9864.56266393873,0.525983132802331,30.1366136046426,0.0254478332070432,1.45805344051644,25.4478332070432,2.594956810638
0.104531936701111,90.4584670482309,52.3849710122353,0.526237851934497,30.151207935877,0,8607.98806949383,5000,9850.23882977477,0.526237851934497,30.151207935877,0.0254960195380461,1.46081431391313,25.4960195380461,2.59987044893476
0.114531936701111,99.1048547515652,57.4089116110976,0.526493053720552,30.1658299211422,0,8602.98806949383,5000,9835.91563592311,0.526493053720553,30.1658299211422,0.025544364107535,1.46358425370722,25.544364107535,2.60480022306649
0.124531936701111,107.749958838385,62.4350607118766,0.526748739746571,30.1804796513135,0,8597.98806949383,5000,9821.5930838797,0.526748739746571,30.1804796513135,0.025592867654068,1.46636330221498,25.592867654068,2.60974620834515
0.134531936701111,116.393776305647,67.4634221791724,0.527004911606033,30.1951572176907,0,8592.98806949383,5000,9807.27117514606,0.527004911606034,30.1951572176907,0.02564153092067,1.46915150200859,25.64153092067,2.61470848053821
0.144531936701111,125.03630413914,72.4939998893713,0.527261570899875,30.2098627120007,0,8587.98806949383,5000,9792.94991122932,0.527261570899876,30.2098627120007,0.0256903546548654,1.47194889591806,25.6903546548654,2.61968711587193
0.154531936701111,133.677539313425,77.526797730698,0.527518719236529,30.2245962263997,0,8582.98806949383,5000,9778.62929364218,0.527518719236529,30.2245962263998,0.0257393396087123,1.47475552703312,25.7393396087123,2.62468219103488
0.164531936701111,142.317478791778,82.5618196032664,0.52777635823197,30.2393578534765,0,8577.98806949383,5000,9764.309323903,0.52777635823197,30.2393578534765,0.0257884865388352,1.47757143870519,25.7884865388352,2.62969378318133
0.174531936701111,150.956119526135,87.5990694191316,0.528034489509764,30.2541476862544,0,8572.98806949383,5000,9749.99000353582,0.528034489509764,30.2541476862544,0.0258377962064601,1.48039667454929,25.8377962064601,2.6347219699347
0.184531936701111,159.593458457033,92.6385511023419,0.52829311470111,30.2689658181943,0,8567.98806949383,5000,9735.67133407037,0.52829311470111,30.2689658181943,0.0258872693774483,1.48323127844605,25.8872693774483,2.63976682939111
0.194531936701111,168.229492513548,97.6802685889911,0.528552235444892,30.2838123431973,0,8562.98806949383,5000,9721.35331704211,0.528552235444892,30.2838123431973,0.0259369068223312,1.48607529454365,25.9369068223312,2.6448284401229
0.204531936701111,176.864218613241,102.724225827271,0.52881185338772,30.2986873556072,0,8557.98806949383,5000,9707.03595399227,0.52881185338772,30.2986873556072,0.0259867093163452,1.48892876725988,25.9867093163452,2.64990688118218
0.214531936701111,185.497633662098,107.770426777524,0.529071970183982,30.3135909502135,0,8552.98806949383,5000,9692.71924646784,0.529071970183982,30.3135909502135,0.0260366776394671,1.49179174128411,26.0366776394671,2.65500223210445
0.224531936701111,194.129734554467,112.818875412298,0.529332587495888,30.3285232222538,0,8547.98806949383,5000,9678.40319602166,0.529332587495888,30.3285232222538,0.0260868125764495,1.49466426157935,26.0868125764495,2.66011457291221
0.234531936701111,202.760518173002,117.869575716398,0.529593706993521,30.3434842674167,0,8542.98806949383,5000,9664.08780421239,0.529593706993522,30.3434842674168,0.026137114916857,1.49754637338433,26.137114916857,2.66524398411863
0.244531936701111,211.389981388601,122.92253168694,0.529855330354884,30.3584741818448,0,8537.98806949383,5000,9649.77307260459,0.529855330354884,30.3584741818449,0.0261875854551021,1.50043812221553,26.1875854551021,2.67039054673126
0.254531936701111,220.018121060345,127.977747333406,0.530117459265947,30.3734930621371,0,8532.98806949383,5000,9635.45900276872,0.530117459265947,30.3734930621371,0.0262382249904822,1.50333955386931,26.2382249904822,2.67555434225574
0.264531936701111,228.644934035439,133.035226677698,0.530380095420698,30.3885410053519,0,8527.98806949383,5000,9621.14559628117,0.530380095420698,30.3885410053519,0.0262890343272159,1.50625071442401,26.2890343272159,2.68073545269953
0.274531936701111,237.270417149146,138.094973754194,0.530643240521192,30.4036181090097,0,8522.98806949383,5000,9606.83285472432,0.530643240521193,30.4036181090098,0.0263400142744806,1.50917165024208,26.3400142744806,2.68593396057579
0.284531936701111,245.89456722473,143.1569926098,0.530906896277602,30.4187244710964,0,8517.98806949383,5000,9592.52077968652,0.530906896277603,30.4187244710964,0.0263911656464501,1.51210240797224,26.3911656464501,2.69114994890713
0.294531936701111,254.517381073391,148.22128730401,0.531171064408267,30.4338601900653,0,8512.98806949383,5000,9578.20937276219,0.531171064408267,30.4338601900653,0.0264424892623322,1.51504303455164,26.4424892623322,2.6963835012295
0.304531936701111,263.138855494203,153.287861908956,0.531435746639742,30.449025364841,0,8507.98806949383,5000,9563.89863555179,0.531435746639743,30.449025364841,0.0264939859464072,1.51799357720805,26.4939859464072,2.70163470159608
0.314531936701111,271.758987274049,158.356720509469,0.531700944706853,30.4642200948214,0,8502.98806949383,5000,9549.58856966186,0.531700944706854,30.4642200948215,0.0265456565280662,1.5209540834621,26.5456565280662,2.70690363458125
0.324531936701111,280.377773187563,163.427867203132,0.531966660352744,30.4794444798815,0,8497.98806949383,5000,9535.27917670511,0.531966660352744,30.4794444798816,0.0265975018418502,1.52392460112945,26.5975018418502,2.7121903852845
0.334531936701111,288.995209997057,168.50130610034,0.532232895328929,30.4946986203757,0,8492.98806949383,5000,9520.97045830036,0.53223289532893,30.4946986203758,0.0266495227274894,1.52690517832311,26.6495227274894,2.71749503933447
0.344531936701111,297.611294452465,173.577041324352,0.532499651395349,30.5099826171411,0,8487.98806949383,5000,9506.66241607266,0.532499651395349,30.5099826171411,0.0267017200299425,1.52989586345564,26.7017200299425,2.72281768289299
0.354531936701111,306.226023291275,178.655077011354,0.532766930320418,30.5252965715003,0,8482.98806949383,5000,9492.35505165325,0.532766930320418,30.5252965715004,0.0267540945994372,1.5328967052415,26.7540945994372,2.72815840265913
0.364531936701111,314.839393238461,183.735417310512,0.533034733881079,30.5406405852648,0,8477.98806949383,5000,9478.04836667966,0.533034733881079,30.5406405852648,0.0268066472915101,1.53590775269933,26.8066472915101,2.73351728587337
0.374531936701111,323.451401006423,188.818066384033,0.533303063862859,30.5560147607376,0,8472.98806949383,5000,9463.74236279568,0.533303063862859,30.5560147607376,0.0268593789670476,1.53892905515428,26.8593789670476,2.73889442032168
0.384531936701111,332.062043294914,193.903028407223,0.533571922059918,30.5714192007166,0,8467.98806949383,5000,9449.43704165143,0.533571922059919,30.5714192007167,0.026912290492327,1.54196066224039,26.912290492327,2.74428989433976
0.394531936701111,340.67131679098,198.990307568541,0.533841310275109,30.5868540084976,0,8462.98806949383,5000,9435.1324049034,0.53384131027511,30.5868540084977,0.0269653827390577,1.54500262390293,26.9653827390577,2.74970379681723
0.404531936701111,349.279218168888,204.079908069667,0.534111230320028,30.6023192878774,0,8457.98806949383,5000,9420.82845421444,0.534111230320028,30.6023192878775,0.0270186565844235,1.54805499040082,27.0186565844235,2.75513621720195
0.414531936701111,357.885744090064,209.171834125551,0.534381684015068,30.617815143157,0,8452.98806949383,5000,9406.52519125386,0.534381684015069,30.617815143157,0.0270721129111244,1.55111781230905,27.0721129111244,2.76058724550427
0.424531936701111,366.490891203016,214.266089964483,0.534652673189482,30.6333416791446,0,8447.98806949383,5000,9392.22261769738,0.534652673189482,30.6333416791446,0.0271257526074193,1.55419114052111,27.1257526074193,2.76605697230138
0.434531936701111,375.094656143276,219.362679828143,0.534924199681428,30.6488990011591,0,8442.98806949383,5000,9377.92073522725,0.534924199681428,30.6488990011591,0.0271795765671691,1.55727502625146,27.1795765671691,2.77154548874173
0.444531936701111,383.697035533325,224.461607971669,0.535196265338034,30.6644872150331,0,8437.98806949383,5000,9363.61954553223,0.535196265338035,30.6644872150331,0.0272335856898799,1.56036952103799,27.2335856898799,2.77705288654942
0.454531936701111,392.298025982523,229.562878663713,0.535468872015452,30.6801064271162,0,8432.98806949383,5000,9349.31905030763,0.535468872015452,30.6801064271163,0.0272877808807471,1.56347467674459,27.2877808807471,2.78257925802869
0.464531936701111,400.897624087043,234.666496186507,0.535742021578912,30.6957567442783,0,8427.98806949383,5000,9335.01925125537,0.535742021578913,30.6957567442784,0.0273421630506991,1.5665905455636,27.3421630506991,2.78812469606839
0.474531936701111,409.4958264298,239.772464835918,0.536015715902785,30.7114382739129,0,8422.98806949383,5000,9320.72015008399,0.536015715902785,30.7114382739129,0.0273967331164424,1.56971718001844,27.3967331164424,2.79368929414656
0.484531936701111,418.092629580378,244.880788921516,0.536289956870635,30.7271511239403,0,8417.98806949383,5000,9306.4217485087,0.536289956870635,30.7271511239403,0.0274514920005061,1.57285463296614,27.4514920005061,2.799273146335
0.494531936701111,426.688030094958,249.99147276663,0.536564746375283,30.7428954028112,0,8412.98806949383,5000,9292.12404825141,0.536564746375284,30.7428954028112,0.0275064406312879,1.57600295759996,27.5064406312879,2.80487634730392
0.504531936701111,435.282024516251,255.104520708416,0.536840086318863,30.7586712195097,0,8407.98806949383,5000,9277.82705104076,0.536840086318864,30.7586712195097,0.0275615799430994,1.57916220745202,27.5615799430994,2.81049899232658
0.514531936701111,443.874609373423,260.219937097919,0.537115978612882,30.7744786835571,0,8402.98806949383,5000,9263.53075861218,0.537115978612883,30.7744786835572,0.0276169108762126,1.58233243639592,27.6169108762126,2.81614117728405
0.524531936701111,452.465781182022,265.337726300132,0.537392425178279,30.7903179050153,0,8397.98806949383,5000,9249.23517270788,0.537392425178279,30.7903179050153,0.0276724343769065,1.58551369864948,27.6724343769065,2.82180299866993
0.534531936701111,461.055536443904,270.457892694064,0.537669427945486,30.8061889944897,0,8392.98806949383,5000,9234.94029507694,0.537669427945486,30.8061889944897,0.0277281513975145,1.58870604877735,27.7281513975145,2.82748455359521
0.544531936701111,469.643871647161,275.580440672803,0.53794698885449,30.8220920631334,0,8387.98806949383,5000,9220.64612747531,0.53794698885449,30.8220920631334,0.0277840628964715,1.59190954169384,27.7840628964715,2.83318593979305
0.554531936701111,478.230783266049,280.70537464358,0.538225109854891,30.8380272226503,0,8382.98806949383,5000,9206.35267166587,0.538225109854892,30.8380272226504,0.0278401698383623,1.59512423266557,27.8401698383623,2.83890725562372
0.564531936701111,486.816267760907,285.832699027832,0.538503792905969,30.8539945852989,0,8377.98806949383,5000,9192.05992941844,0.538503792905969,30.8539945852989,0.0278964731939699,1.59835017731431,27.8964731939699,2.84464860007953
0.574531936701111,495.400321578088,290.962418261271,0.538783039976739,30.8699942638954,0,8372.98806949383,5000,9177.76790250984,0.538783039976739,30.8699942638955,0.0279529739403244,1.60158743161976,27.9529739403244,2.85041007278983
0.584531936701111,503.98294114988,296.094536793946,0.539062853046021,30.8860263718179,0,8367.98806949383,5000,9163.47659272395,0.539062853046022,30.886026371818,0.0280096730607522,1.60483605192238,28.0096730607522,2.85619177402602
0.594531936701111,512.564122894431,301.229059090312,0.539343234102499,30.9020910230095,0,8362.98806949383,5000,9149.18600185167,0.5393432341025,30.9020910230096,0.0280665715449264,1.60809609492626,28.0665715449264,2.86199380470665
0.604531936701111,521.143863215671,306.365989629292,0.539624185144785,30.9181883319823,0,8357.98806949383,5000,9134.89613169105,0.539624185144786,30.9181883319823,0.0281236703889163,1.61136761770195,28.1236703889163,2.86781626640252
0.614531936701111,529.722158503237,311.505332904349,0.539905708181484,30.9343184138209,0,8352.98806949383,5000,9120.60698404727,0.539905708181485,30.9343184138209,0.0281809705952386,1.61465067768945,28.1809705952386,2.87365926134191
0.624531936701111,538.299005132392,316.647093423548,0.54018780523126,30.9504813841861,0,8347.98806949383,5000,9106.31856073269,0.540187805231261,30.9504813841862,0.0282384731729088,1.61794533270107,28.2384731729088,2.87952289241574
0.634531936701111,546.874399463949,321.791275709629,0.540470478322898,30.9666773593189,0,8342.98806949383,5000,9092.03086356691,0.540470478322899,30.9666773593189,0.0282961791374927,1.62125164092446,28.2961791374927,2.88540726318291
0.644531936701111,555.448337844193,326.937884300069,0.540753729495373,30.9829064560438,0,8337.98806949383,5000,9077.74389437679,0.540753729495373,30.9829064560439,0.0283540895111583,1.62456966092553,28.3540895111583,2.89131247787556
0.654531936701111,564.020816604798,332.086923747154,0.541037560797914,30.9991687917731,0,8332.98806949383,5000,9063.45765499649,0.541037560797914,30.9991687917732,0.0284122053227293,1.62789945165152,28.4122053227293,2.89723864140448
0.664531936701111,572.59183206275,337.238398618048,0.541321974290072,31.0154644845104,0,8327.98806949383,5000,9049.17214726751,0.541321974290072,31.0154644845104,0.0284705276077375,1.63124107243405,28.4705276077375,2.90318585936457
0.674531936701111,581.161380520266,342.39231349486,0.541606972041787,31.0317936528544,0,8322.98806949383,5000,9034.88737303875,0.541606972041787,31.0317936528544,0.0285290574084771,1.63459458299217,28.5290574084771,2.90915423804022
0.684531936701111,589.729458264712,347.548672974714,0.541892556133456,31.0481564160031,0,8317.98806949383,5000,9020.60333416653,0.541892556133457,31.0481564160031,0.0285877957740584,1.63796004343548,28.5877957740584,2.91514388441093
0.694531936701111,598.29606156852,352.707481669822,0.542178728656003,31.0645528937577,0,8312.98806949383,5000,9006.32003251463,0.542178728656004,31.0645528937577,0.0286467437604632,1.64133751426726,28.6467437604632,2.92115490615686
0.704531936701111,606.861186689111,357.86874420755,0.542465491710944,31.080983206526,0,8307.98806949383,5000,8992.03746995433,0.542465491710945,31.0809832065261,0.0287059024305992,1.64472705638767,28.7059024305992,2.92718741166445
0.714531936701111,615.424829868806,363.03246523049,0.54275284741046,31.0974474753273,0,8302.98806949383,5000,8977.75564836449,0.54275284741046,31.0974474753273,0.0287652728543566,1.64812873109687,28.7652728543566,2.93324151003213
0.724531936701111,623.986987334745,368.198649396535,0.543040797877466,31.1139458217956,0,8297.98806949383,5000,8963.47456963152,0.543040797877466,31.1139458217956,0.028824856108664,1.65154260009833,28.824856108664,2.93931731107605
0.734531936701111,632.547655298806,373.367301378945,0.543329345245681,31.1304783681839,0,8292.98806949383,5000,8949.19423564949,0.543329345245682,31.130478368184,0.0288846532775452,1.65496872550206,28.8846532775452,2.94541492533589
0.744531936701111,641.106829957516,378.538425866423,0.543618491659701,31.1470452373686,0,8287.98806949383,5000,8934.91464832013,0.543618491659702,31.1470452373687,0.0289446654521767,1.65840716982785,28.9446654521767,2.95153446408067
0.754531936701111,649.664507491966,383.712027563186,0.543908239275071,31.1636465528533,0,8282.98806949383,5000,8920.6358095529,0.543908239275071,31.1636465528533,0.0290048937309459,1.66185799600866,29.0048937309459,2.95767603931474
0.764531936701111,658.22068406773,388.888111189038,0.544198590258352,31.1802824387728,0,8277.98806949383,5000,8906.35772126502,0.544198590258353,31.1802824387728,0.0290653392195092,1.66532126739394,29.0653392195092,2.96383976378368
0.774531936701111,666.775355834773,394.066681479446,0.544489546787203,31.1969530198977,0,8272.98806949383,5000,8892.0803853815,0.544489546787203,31.1969530198977,0.0291260030308512,1.66879704775302,29.1260030308512,2.97002575098032
0.784531936701111,675.328518927367,399.247743185609,0.544781111050446,31.2136584216383,0,8267.98806949383,5000,8877.8038038352,0.544781111050446,31.2136584216384,0.0291868862853444,1.6722854012785,29.1868862853444,2.97623411515089
0.794531936701111,683.880169464004,404.431301074537,0.545073285248145,31.2303987700492,0,8262.98806949383,5000,8863.52797856689,0.545073285248146,31.2303987700492,0.0292479901108095,1.67578639258976,29.2479901108095,2.98246497130106
0.804531936701111,692.430303547304,409.617359929122,0.545366071591682,31.2471741918329,0,8257.98806949383,5000,8849.25291152524,0.545366071591683,31.2471741918329,0.029309315642576,1.67930008673637,29.309315642576,2.98871843520224
0.814531936701111,700.978917263932,414.805924548217,0.545659472303827,31.2639848143449,0,8252.98806949383,5000,8834.97860466692,0.545659472303827,31.2639848143449,0.0293708640235436,1.68282654920168,29.3708640235436,2.99499462339776
0.824531936701111,709.526006684502,419.996999746708,0.545953489618818,31.2808307655977,0,8247.98806949383,5000,8820.70505995664,0.545953489618818,31.2808307655977,0.0294326364042443,1.6863658459063,29.4326364042443,3.00129365320923
0.834531936701111,718.071567863493,425.190590355594,0.546248125782437,31.297712174265,0,8242.98806949383,5000,8806.43227936714,0.546248125782438,31.297712174265,0.029494633942905,1.68991804321176,29.494633942905,3.00761564274294
0.844531936701111,726.615596839153,430.386701222059,0.546543383052088,31.3146291696865,0,8237.98806949383,5000,8792.16026487931,0.546543383052089,31.3146291696866,0.0295568578055106,1.69348320792406,29.5568578055106,3.01396071089624
0.854531936701111,735.158089633413,435.585337209555,0.546839263696872,31.3315818818723,0,8232.98806949383,5000,8777.88901848218,0.546839263696873,31.3315818818723,0.0296193091658675,1.69706140729736,29.6193091658675,3.02032897736408
0.864531936701112,743.699042251788,440.786503197872,0.547135769997669,31.348570441507,0,8227.98806949383,5000,8763.618542173,0.54713576999767,31.348570441507,0.0296819892056687,1.70065270903768,29.6819892056687,3.02672056264562
0.874531936701112,752.238450683292,445.990204083225,0.547432904247215,31.3655949799547,0,8222.98806949383,5000,8749.34883795724,0.547432904247216,31.3655949799548,0.0297448991145584,1.70425718130662,29.7448991145584,3.0331355880508
0.884531936701112,760.776310900338,451.196444778325,0.547730668750182,31.3826556292636,0,8217.98806949383,5000,8735.07990784872,0.547730668750183,31.3826556292636,0.0298080400901977,1.70787489272508,29.8080400901977,3.03957417570706
0.894531936701112,769.312618858649,456.405230212462,0.54802906582326,31.39975252217,0,8212.98806949383,5000,8720.81175386956,0.548029065823261,31.39975252217,0.029871413338331,1.71150591237716,29.871413338331,3.04603644856613
0.904531936701112,777.847370497159,461.616565331583,0.548328097795236,31.4168857921037,0,8207.98806949383,5000,8706.54437805031,0.548328097795237,31.4168857921037,0.0299350200728532,1.71515030981389,29.9350200728532,3.05252253041081
0.914531936701112,786.380561737921,466.830455098373,0.548627767007078,31.4340555731922,0,8202.98806949383,5000,8692.27778242993,0.548627767007078,31.4340555731923,0.0299988615158767,1.71880815505716,29.9988615158767,3.05903254586191
0.924531936701112,794.912188486009,472.046904492335,0.548928075812016,31.4512620002658,0,8197.98806949383,5000,8678.01196905588,0.548928075812016,31.4512620002658,0.0300629388978006,1.72247951860365,30.0629388978006,3.06556662038521
0.934531936701112,803.442246629422,477.26591850987,0.549229026575625,31.4685052088618,0,8192.98806949383,5000,8663.74693998418,0.549229026575626,31.4685052088619,0.030127253457379,1.72616447142873,30.127253457379,3.07212488029847
0.944531936701112,811.970732038987,482.48750216436,0.549530621675912,31.4857853352301,0,8187.98806949383,5000,8649.4826972794,0.549530621675912,31.4857853352301,0.0301918064417909,1.72986308499051,30.1918064417909,3.07870745277856
0.954531936701112,820.497640568258,487.711660486252,0.549832863503395,31.5031025163372,0,8182.98806949383,5000,8635.21924301476,0.549832863503395,31.5031025163372,0.0302565991067105,1.73357543123381,30.2565991067105,3.08531446586862
0.964531936701112,829.022968053422,492.938398523134,0.550135754461194,31.5204568898718,0,8177.98806949383,5000,8620.95657927218,0.550135754461195,31.5204568898718,0.0303216327163783,1.73730158259428,30.3216327163783,3.09194604848529
0.974531936701112,837.546710313193,498.167721339826,0.550439296965114,31.5378485942492,0,8172.98806949383,5000,8606.69470814229,0.550439296965114,31.5378485942492,0.0303869085436729,1.74104161200248,30.3869085436729,3.09860233042608
0.984531936701112,846.068863148718,503.399634018457,0.550743493443731,31.5552777686167,0,8167.98806949383,5000,8592.43363172453,0.550743493443731,31.5552777686167,0.0304524278701834,1.74479559288807,30.4524278701834,3.10528344237669
0.994531936701112,854.589422343473,508.634141658553,0.551048346338482,31.5727445528583,0,8162.98806949383,5000,8578.17335212715,0.551048346338482,31.5727445528583,0.0305181919862823,1.74856359918395,30.5181919862823,3.11198951591851
1.00453193670111,863.108383663159,513.871249377121,0.551353858103751,31.5902490875998,0,8157.98806949383,5000,8563.91387146731,0.551353858103752,31.5902490875998,0.0305842021912,1.75234570533052,30.5842021912,3.11872068353617
1.01453193670111,871.625742855603,519.110962308732,0.551660031206961,31.6077915142142,0,8152.98806949383,5000,8549.65519187109,0.551660031206962,31.6077915142142,0.030650459793099,1.75614198628,30.650459793099,3.12547707862512
1.02453193670111,880.141495650655,524.353285605611,0.551966868128659,31.6253719748263,0,8147.98806949383,5000,8535.39731547356,0.55196686812866,31.6253719748263,0.0307169661091494,1.75995251750065,30.7169661091494,3.13225883549932
1.03453193670111,888.655637760079,529.598224437719,0.552274371362611,31.6429906123183,0,8142.98806949383,5000,8521.14024441885,0.552274371362612,31.6429906123183,0.0307837224656052,1.76377737498123,30.7837224656052,3.13906608939905
1.04453193670111,897.168164877453,534.84578399284,0.55258254341589,31.6606475703351,0,8137.98806949383,5000,8506.88398086016,0.55258254341589,31.6606475703351,0.0308507301978808,1.76761663523537,30.8507301978808,3.14589897649869
1.05453193670111,905.679072678063,540.095969476673,0.552891386808969,31.678342993289,0,8132.98806949383,5000,8492.62852695986,0.55289138680897,31.6783429932891,0.0309179906506294,1.771470375306,30.9179906506294,3.15275763391468
1.06453193670111,914.188356818794,545.348786112914,0.553200904075816,31.6960770263658,0,8127.98806949383,5000,8478.37388488949,0.553200904075817,31.6960770263658,0.0309855051778207,1.77533867276988,30.9855051778207,3.15964219971353
1.07453193670111,922.696012938023,550.604239143348,0.553511097763984,31.7138498155294,0,8122.98806949383,5000,8464.12005682988,0.553511097763985,31.7138498155294,0.0310532751428205,1.77922160574212,31.0532751428205,3.16655281291986
1.08453193670111,931.202036655516,555.862333827937,0.553821970434707,31.7316615075278,0,8117.98806949383,5000,8449.86704497113,0.553821970434708,31.7316615075278,0.0311213019184711,1.78311925288078,31.1213019184711,3.1734896135246
1.09453193670111,939.706423572311,561.12307544491,0.554133524662996,31.7495122498982,0,8112.98806949383,5000,8435.61485151273,0.554133524662997,31.7495122498982,0.0311895868871713,1.78703169339149,31.1895868871713,3.18045274249323
1.10453193670111,948.209169270617,566.386469290853,0.554445763037733,31.7674021909726,0,8107.98806949383,5000,8421.36347866358,0.554445763037734,31.7674021909727,0.0312581314409589,1.79095900703213,31.2581314409589,3.18744234177409
1.11453193670111,956.710269313696,571.652520680798,0.55475868816177,31.7853314798836,0,8102.98806949383,5000,8407.11292864204,0.554758688161771,31.7853314798836,0.0313269369815929,1.79490127411757,31.3269369815929,3.19445855430682
1.12453193670111,965.209719245757,576.921234948318,0.555072302652025,31.8033002665693,0,8097.98806949383,5000,8392.86320367601,0.555072302652026,31.8033002665694,0.0313960049206369,1.79885857552446,31.3960049206369,3.20150152403082
1.13453193670111,973.707514591843,582.192617445614,0.555386609139581,31.8213087017799,0,8092.98806949383,5000,8378.61430600297,0.555386609139582,31.8213087017799,0.0314653366795428,1.80283099269599,31.4653366795428,3.20857139589389
1.14453193670111,982.203650857716,587.466673543613,0.555701610269786,31.8393569370825,0,8087.98806949383,5000,8364.36623787003,0.555701610269787,31.8393569370825,0.031534933689737,1.80681860764684,31.534933689737,3.21566831586087
1.15453193670111,990.698123529745,592.743408632056,0.556017308702351,31.8574451248673,0,8082.98806949383,5000,8350.11900153402,0.556017308702352,31.8574451248674,0.0316047973927049,1.81082150296806,31.6047973927049,3.22279243092238
1.16453193670111,999.190928074791,598.022828119596,0.556333707111453,31.8755734183536,0,8077.98806949383,5000,8335.87259926149,0.556333707111454,31.8755734183536,0.0316749292400789,1.81483976183205,31.6749292400789,3.22994388910371
1.17453193670111,1007.68205994009,603.304937433889,0.556650808185839,31.8937419715949,0,8072.98806949383,5000,8321.62703332884,0.55665080818584,31.893741971595,0.0317453306937254,1.81887346799757,31.7453306937254,3.23712283947376
1.18453193670111,1016.17151455314,608.589742021689,0.556968614628922,31.9119509394856,0,8067.98806949383,5000,8307.38230602232,0.556968614628923,31.9119509394857,0.0318160032258334,1.82292270581487,31.8160032258334,3.24432943215404
1.19453193670111,1024.65928732159,613.877247348946,0.557287129158891,31.9302004777665,0,8062.98806949383,5000,8293.13841963809,0.557287129158892,31.9302004777665,0.0318869483190045,1.82698756023073,31.8869483190045,3.25156381832782
1.20453193670111,1033.1453736331,619.167458900901,0.557606354508814,31.9484907430306,0,8057.98806949383,5000,8278.89537648234,0.557606354508815,31.9484907430307,0.0319581674663427,1.83106811679373,31.9581674663427,3.25882615024934
1.21453193670111,1041.62976885524,624.460382182181,0.557926293426743,31.9668218927299,0,8052.98806949383,5000,8264.65317887127,0.557926293426744,31.96682189273,0.032029662171546,1.83516446165941,32.029662171546,3.26611658125313
1.22453193670111,1050.11246833537,629.756022716899,0.558246948675818,31.9851940851807,0,8047.98806949383,5000,8250.4118291312,0.558246948675819,31.9851940851807,0.0321014339489989,1.83927668159561,32.1014339489989,3.27343526576342
1.23453193670111,1058.59346740052,635.054386048749,0.55856832303438,32.00360747957,0,8042.98806949383,5000,8236.17132959863,0.558568323034381,32.00360747957,0.0321734843238651,1.84340486398778,32.1734843238651,3.28078235930364
1.24453193670111,1067.07276135725,640.355477741108,0.558890419296073,32.0220622359619,0,8037.98806949383,5000,8221.93168262026,0.558890419296074,32.022062235962,0.0322458148321822,1.84754909684439,32.2458148321822,3.28815801850604
1.25453193670111,1075.55034549155,645.659303377133,0.559213240269957,32.0405585153038,0,8032.98806949383,5000,8207.69289055311,0.559213240269958,32.0405585153038,0.0323184270209568,1.85170946880238,32.3184270209568,3.29556240112136
1.26453193670111,1084.02621506872,650.965868559862,0.559536788780619,32.0590964794325,0,8027.98806949383,5000,8193.45495576453,0.55953678878062,32.0590964794325,0.0323913224482602,1.85588606913267,32.3913224482602,3.30299566602868
1.27453193670111,1092.5003653332,656.275178912312,0.55986106766828,32.0776762910806,0,8022.98806949383,5000,8179.21788063229,0.559861067668281,32.0776762910807,0.0324645026833262,1.86007898774573,32.4645026833262,3.31045797324532
1.28453193670111,1100.97279150851,661.587240077584,0.560186079788912,32.0962981138834,0,8017.98806949383,5000,8164.98166754463,0.560186079788913,32.0962981138835,0.0325379693066489,1.86428831519719,32.5379693066489,3.31794948393681
1.29453193670111,1109.44348879709,666.902057718964,0.560511828014346,32.1149621123847,0,8012.98806949383,5000,8150.74631890035,0.560511828014347,32.1149621123847,0.0326117239100819,1.86851414269357,32.6117239100819,3.32547036042705
1.30453193670111,1117.91245238014,672.219637520024,0.56083831523239,32.1336684520436,0,8007.98806949383,5000,8136.51183710882,0.560838315232391,32.1336684520436,0.0326857680969387,1.87275656209794,32.6857680969387,3.33302076620852
1.31453193670111,1126.37967741756,677.539985184723,0.561165544346944,32.1524172992413,0,8002.98806949383,5000,8122.27822459011,0.561165544346945,32.1524172992414,0.0327601034820939,1.87701566593581,32.7601034820939,3.34060086595258
1.32453193670111,1134.84515904779,682.863106437519,0.561493518278114,32.1712088212877,0,7997.98806949383,5000,8108.04548377499,0.561493518278114,32.1712088212877,0.0328347316920854,1.88129154740094,32.8347316920854,3.34821082551997
1.33453193670111,1143.30889238764,688.189007023464,0.561822239962328,32.1900431864276,0,7992.98806949383,5000,8093.81361710507,0.561822239962329,32.1900431864276,0.032909654365218,1.88558430036128,32.909654365218,3.35585081197126
1.34453193670111,1151.77087253223,693.517692708316,0.562151712352461,32.2089205638483,0,7987.98806949383,5000,8079.58262703277,0.562151712352462,32.2089205638483,0.0329848731516677,1.88989401936494,32.9848731516677,3.3635209935776
1.35453193670111,1160.23109455481,698.849169278642,0.562481938417945,32.2278411236857,0,7982.98806949383,5000,8065.35251602148,0.562481938417946,32.2278411236858,0.0330603897135879,1.89422079964631,33.0603897135879,3.37122153983143
1.36453193670111,1168.68955350663,704.183442541926,0.562812921144897,32.2468050370318,0,7977.98806949383,5000,8051.12328654557,0.562812921144898,32.2468050370319,0.033136205725215,1.89856473713206,33.136205725215,3.37895262145738
1.37453193670111,1177.14624441684,709.520518326675,0.563144663536235,32.2658124759411,0,7972.98806949383,5000,8036.89494109047,0.563144663536236,32.2658124759411,0.0332123228729775,1.90292592844742,33.2123228729775,3.38671441042329
1.38453193670111,1185.6011622923,714.860402482527,0.563477168611805,32.2848636134379,0,7967.98806949383,5000,8022.66748215274,0.563477168611806,32.2848636134379,0.033288742855604,1.90730447092238,33.288742855604,3.39450707995125
1.39453193670111,1194.05430211749,720.203100880362,0.563810439408499,32.3039586235234,0,7962.98806949383,5000,8008.44091224014,0.5638104394085,32.3039586235235,0.0333654673842337,1.911700462598,33.3654673842337,3.40233080452894
1.40453193670111,1202.50565885435,725.548619412409,0.564144478980387,32.323097681183,0,7957.98806949383,5000,7994.21523387171,0.564144478980388,32.323097681183,0.0334424981825281,1.91611400223278,33.4424981825281,3.41018575992088
1.41453193670111,1210.95522744215,730.896963992359,0.564479290398835,32.3422809623928,0,7952.98806949383,5000,7979.99044957781,0.564479290398836,32.3422809623929,0.0335198369867826,1.92054518930916,33.5198369867826,3.41807212317995
1.42453193670111,1219.40300279735,736.248140555473,0.564814876752638,32.3615086441279,0,7947.98806949383,5000,7965.76656190021,0.564814876752639,32.361508644128,0.0335974855460411,1.92499412403994,33.5974855460411,3.42599007265897
1.43453193670111,1227.84897981344,741.602155058696,0.565151241148144,32.3807809043689,0,7942.98806949383,5000,7951.54357339217,0.565151241148145,32.3807809043689,0.0336754456222104,1.92946090737496,33.6754456222104,3.43393978802245
1.44453193670111,1236.29315336085,746.959013480767,0.565488386709387,32.4000979221096,0,7937.98806949383,5000,7937.32148661846,0.565488386709388,32.4000979221097,0.0337537189901762,1.93394564100768,33.7537189901762,3.44192145025837
1.45453193670111,1244.73551828672,752.318721822335,0.565826316578212,32.4194598773648,0,7932.98806949383,5000,7923.10030415553,0.565826316578213,32.4194598773648,0.033832307437921,1.93844842738194,33.832307437921,3.44993524169018
1.46453193670111,1253.17606941486,757.681286106073,0.566165033914413,32.438866951177,0,7927.98806949383,5000,7908.88002859146,0.566165033914414,32.4388669511771,0.0339112127666423,1.94296936969876,33.9112127666423,3.45798134598893
1.47453193670111,1261.61480154552,763.04671237679,0.566504541895862,32.458319325625,0,7922.98806949383,5000,7894.66066252613,0.566504541895863,32.4583193256251,0.0339904367908727,1.9475085719232,33.9904367908727,3.46605994818543
1.48453193670111,1270.05170945528,768.415006701547,0.566844843718641,32.4778171838309,0,7917.98806949383,5000,7880.44220857125,0.566844843718642,32.4778171838309,0.0340699813386007,1.9520661387913,34.0699813386007,3.47417123468266
1.49453193670111,1278.4867878969,773.786175169778,0.567185942597183,32.4973607099679,0,7912.98806949383,5000,7866.22466935044,0.567185942597183,32.497360709968,0.034149848251394,1.95664217581709,34.149848251394,3.48231539326824
1.50453193670111,1286.92003159917,779.160223893401,0.567527841764402,32.5169500892686,0,7907.98806949383,5000,7852.0080474993,0.567527841764403,32.5169500892687,0.0342300393845225,1.96123678929973,34.2300393845225,3.49049261312706
1.51453193670111,1295.35143526678,784.537159006938,0.567870544471836,32.5365855080323,0,7902.98806949383,5000,7837.7923456655,0.567870544471837,32.5365855080324,0.0343105566070838,1.96585008633061,34.3105566070838,3.49870308485404
1.52453193670111,1303.78099358011,789.916986667636,0.568214053989784,32.5562671536333,0,7897.98806949383,5000,7823.57756650883,0.568214053989784,32.5562671536333,0.03439140180213,1.97048217480066,34.39140180213,3.50694700046703
1.53453193670111,1312.20870119515,795.299713055584,0.568558373607443,32.5759952145287,0,7892.98806949383,5000,7809.36371270131,0.568558373607444,32.5759952145288,0.0344725768667948,1.97513316340766,34.4725768667948,3.51522455341986
1.54453193670111,1320.63455274328,800.685344373834,0.568903506633054,32.5957698802669,0,7887.98806949383,5000,7795.15078692725,0.568903506633055,32.5957698802669,0.0345540837124238,1.97980316166362,34.5540837124238,3.52353593861551
1.55453193670111,1329.05854283119,806.073886848521,0.569249456394045,32.6155913414952,0,7882.98806949383,5000,7780.93879188329,0.569249456394046,32.6155913414952,0.0346359242647041,1.9844922799023,34.6359242647041,3.53188135241944
1.56453193670111,1337.48066604065,811.465346728987,0.56959622623717,32.6354597899686,0,7877.98806949383,5000,7766.72773027857,0.569596226237171,32.6354597899687,0.0347181004637974,1.98920062928678,34.7181004637974,3.54026099267308
1.57453193670111,1345.90091692838,816.859730287902,0.569943819528658,32.655375418558,0,7872.98806949383,5000,7752.5176048347,0.569943819528659,32.655375418558,0.0348006142644729,1.99392832181707,34.8006142644729,3.5486750587074
1.58453193670111,1354.31929002594,822.257043821391,0.570292239654361,32.6753384212582,0,7867.98806949383,5000,7738.30841828592,0.570292239654362,32.6753384212582,0.0348834676362423,1.99867547033788,34.8834676362423,3.55712375135672
1.59453193670111,1362.73577983947,827.657293649153,0.570641490019899,32.6953489931969,0,7862.98806949383,5000,7724.10017337915,0.5706414900199,32.695348993197,0.0349666625634969,2.00344218854647,34.9666625634969,3.56560727297262
1.60453193670111,1371.15038084963,833.060486114589,0.570991574050812,32.7154073306432,0,7857.98806949383,5000,7709.89287287408,0.570991574050813,32.7154073306432,0.0350502010456449,2.00822859100048,35.0502010456449,3.574125827438
1.61453193670111,1379.56308751136,838.466627584932,0.571342495192709,32.7355136310157,0,7852.98806949383,5000,7695.68651954321,0.57134249519271,32.7355136310158,0.0351340850972511,2.01303479312597,35.1340850972511,3.58267962018131
1.62453193670111,1387.97389425379,843.875724451366,0.57169425691142,32.7556680928922,0,7847.98806949383,5000,7681.481116172,0.571694256911421,32.7556680928922,0.0352183167481781,2.01786091122551,35.2183167481781,3.59126885819093
1.63453193670111,1396.38279547999,849.287783129162,0.572046862693153,32.7758709160174,0,7842.98806949383,5000,7667.27666555889,0.572046862693154,32.7758709160174,0.0353028980437289,2.02270706248632,35.3028980437289,3.59989375002972
1.64453193670111,1404.78978556688,854.7028100578,0.572400316044644,32.7961223013126,0,7837.98806949383,5000,7653.07317051545,0.572400316044646,32.7961223013126,0.0353878310447909,2.02757336498855,35.3878310447909,3.60855450584969
1.65453193670111,1413.19485886501,860.120811701105,0.57275462049332,32.8164224508844,0,7832.98806949383,5000,7638.87063386638,0.572754620493321,32.8164224508845,0.0354731178279815,2.03245993771362,35.4731178279815,3.61725133740691
1.66453193670111,1421.59800969844,865.541794547371,0.573109779587451,32.8367715680338,0,7827.98806949383,5000,7624.66905844967,0.573109779587452,32.8367715680339,0.0355587604857961,2.03736690055267,35.558760485796,3.62598445807651
1.67453193670111,1429.99923236451,870.9657651095,0.573465796896312,32.8571698572651,0,7822.98806949383,5000,7610.46844711663,0.573465796896313,32.8571698572652,0.0356447611267562,2.04229437431511,35.6447611267563,3.63475408286788
1.68453193670111,1438.39852113372,876.392729925127,0.573822676010344,32.8776175242955,0,7817.98806949383,5000,7596.26880273203,0.573822676010345,32.8776175242956,0.0357311218755612,2.04724248073723,35.7311218755612,3.64356042844001
1.69453193670111,1446.79587024953,881.822695556758,0.574180420541317,32.8981147760642,0,7812.98806949383,5000,7582.07012817412,0.574180420541319,32.8981147760643,0.0358178448732397,2.05221134249093,35.8178448732397,3.65240371311709
1.70453193670111,1455.19127392819,887.255668591903,0.574539034122495,32.9186618207417,0,7807.98806949383,5000,7567.87242633479,0.574539034122496,32.9186618207418,0.035904932277304,2.05720108319256,35.904932277304,3.66128415690414
1.71453193670111,1463.58472635858,892.691655643211,0.574898520408797,32.9392588677397,0,7802.98806949383,5000,7553.6757001196,0.574898520408798,32.9392588677397,0.0359923862619061,2.06221182741186,35.9923862619061,3.67020198150297
1.72453193670111,1471.97622170199,898.130663348606,0.575258883076969,32.95990612772,0,7797.98806949383,5000,7539.47995244789,0.57525888307697,32.9599061277201,0.0360802090179948,2.06724370068096,36.0802090179948,3.67915741032818
1.73453193670111,1480.36575409199,903.572698371425,0.575620125825753,32.980603812605,0,7792.98806949383,5000,7525.28518625289,0.575620125825754,32.9806038126051,0.0361684027534753,2.07229682950348,36.1684027534753,3.68815066852344
1.74453193670111,1488.75331763424,909.017767400554,0.575982252376052,33.0013521355868,0,7787.98806949383,5000,7511.09140448177,0.575982252376053,33.0013521355869,0.0362569696933701,2.07737134136384,36.2569696933701,3.69718198297789
1.75453193670111,1497.13890640627,914.46587715057,0.576345266471107,33.0221513111372,0,7782.98806949383,5000,7496.89861009575,0.576345266471108,33.0221513111373,0.0363459120799818,2.08246736473651,36.3459120799818,3.70625158234278
1.76453193670111,1505.52251445735,919.917034361878,0.576709171876671,33.043001555018,0,7777.98806949383,5000,7482.70680607021,0.576709171876672,33.0430015550181,0.0364352321730582,2.08758502909551,36.4352321730582,3.71535969704825
1.77453193670111,1513.90413580825,925.371245800855,0.577073972381179,33.0639030842906,0,7772.98806949383,5000,7468.51599539476,0.57707397238118,33.0639030842907,0.0365249322499585,2.09272446492389,36.5249322499585,3.72450655932031
1.78453193670111,1522.28376445111,930.828518259988,0.577439671795931,33.0848561173263,0,7767.98806949383,5000,7454.32618107333,0.577439671795932,33.0848561173264,0.0366150146058219,2.09788580372346,36.6150146058219,3.73369240319803
1.79453193670111,1530.66139434922,936.288858558022,0.577806273955267,33.1058608738166,0,7762.98806949383,5000,7440.13736612428,0.577806273955268,33.1058608738167,0.0367054815537383,2.1030691780245,36.7054815537383,3.74291746455092
1.80453193670111,1539.03701943683,941.752273540099,0.578173782716748,33.1269175747836,0,7757.98806949383,5000,7425.94955358047,0.578173782716749,33.1269175747836,0.0367963354249199,2.10827472139563,36.7963354249199,3.75218198109649
1.81453193670111,1547.41063361895,947.218770077906,0.578542201961339,33.14802644259,0,7752.98806949383,5000,7411.76274648941,0.57854220196134,33.1480264425901,0.0368875785688763,2.11350256845384,36.8875785688763,3.76148619241803
1.82453193670111,1555.7822307712,952.688355069821,0.578911535593593,33.1691877009504,0,7747.98806949383,5000,7397.57694791329,0.578911535593594,33.1691877009505,0.0369792133535901,2.11875285487453,36.9792133535901,3.77083033998258
1.83453193670111,1564.15180473956,958.161035441058,0.579281787541834,33.1904015749411,0,7742.98806949383,5000,7383.39216092911,0.579281787541835,33.1904015749412,0.0370712421656957,2.12402571740178,37.0712421656957,3.78021466715909
1.84453193670111,1572.51934934022,963.636818143818,0.579652961758347,33.2116682910114,0,7737.98806949383,5000,7369.20838862878,0.579652961758349,33.2116682910115,0.0371636674106593,2.12932129385866,37.1636674106593,3.78963941923687
1.85453193670111,1580.88485835936,969.115710157434,0.580025062219569,33.2329880769943,0,7732.98806949383,5000,7355.02563411921,0.58002506221957,33.2329880769944,0.0372564915129611,2.13463972315764,37.2564915129611,3.7991048434441
1.86453193670111,1589.24832555295,974.597718488527,0.580398092926274,33.2543611621173,0,7727.98806949383,5000,7340.84390052241,0.580398092926276,33.2543611621174,0.0373497169162805,2.13998114531125,37.3497169162805,3.80861118896673
1.87453193670111,1597.60974464655,980.082850171152,0.580772057903773,33.2757877770136,0,7722.98806949383,5000,7326.66319097561,0.580772057903774,33.2757877770137,0.0374433460836821,2.14534570144268,37.4433460836821,3.81815870696742
1.88453193670111,1605.96910933512,985.571112266953,0.581146961202102,33.2972681537334,0,7717.98806949383,5000,7312.48350863133,0.581146961202103,33.2972681537335,0.0375373814978042,2.15073353379665,37.5373814978042,3.82774765060487
1.89453193670111,1614.3264132828,991.062511865316,0.581522806896224,33.3188025257548,0,7712.98806949383,5000,7298.30485665749,0.581522806896225,33.3188025257549,0.0376318256610508,2.15614478575032,37.6318256610508,3.83737827505324
1.90453193670111,1622.68165012272,996.557056083523,0.581899599086225,33.3403911279954,0,7707.98806949383,5000,7284.12723823753,0.581899599086227,33.3403911279955,0.0377266810957834,2.16157960182438,37.7266810957834,3.84705083752183
1.91453193670111,1631.03481345676,1002.05475206691,0.582277341897517,33.3620341968238,0,7702.98806949383,5000,7269.95065657051,0.582277341897518,33.3620341968239,0.0378219503445175,2.16703812769422,37.8219503445175,3.85676559727507
1.92453193670111,1639.38589685538,1007.55560698902,0.582656039481036,33.3837319700712,0,7697.98806949383,5000,7255.7751148712,0.582656039481038,33.3837319700713,0.0379176359701196,2.17252051020129,37.9176359701196,3.8665228156526
1.93453193670111,1647.73489385741,1013.05962805176,0.583035696013452,33.4054846870432,0,7692.98806949383,5000,7241.60061637019,0.583035696013453,33.4054846870433,0.0380137405560071,2.1780268973645,38.0137405560071,3.8763227560897
1.94453193670111,1656.08179796977,1018.56682248557,0.583416315697369,33.4272925885313,0,7687.98806949383,5000,7227.42716431401,0.58341631569737,33.4272925885314,0.0381102667063511,2.18355743839185,38.1102667063511,3.88616568413791
1.95453193670111,1664.42660266734,1024.07719754957,0.583797902761541,33.4491559168251,0,7682.98806949383,5000,7213.25476196522,0.583797902761543,33.4491559168252,0.0382072170462805,2.18911228369217,38.2072170462805,3.89605186748589
1.96453193670111,1672.7693013927,1029.59076053174,0.584180461461078,33.4710749157246,0,7677.98806949383,5000,7199.08341260254,0.58418046146108,33.4710749157247,0.0383045942220892,2.19469158488691,38.3045942220892,3.9059815759805
1.97453193670111,1681.10988755591,1035.10751874905,0.584563996077659,33.4930498305519,0,7672.98806949383,5000,7184.91311952093,0.584563996077661,33.493049830552,0.0384024009014456,2.20029549482222,38.4024009014456,3.91595508164823
1.98453193670111,1689.4483545343,1040.62747954765,0.584948510919748,33.5150809081637,0,7667.98806949383,5000,7170.74388603174,0.584948510919749,33.5150809081638,0.0385006397736044,2.20592416758104,38.5006397736044,3.92597265871672
1.99453193670111,1697.78469567225,1046.15065030305,0.585334010322809,33.5371683969639,0,7662.98806949383,5000,7156.57571546276,0.58533401032281,33.537168396964,0.0385993135496209,2.21157775849541,38.5993135496209,3.9360345836367
2.00453193670111,1706.11890428096,1051.67703842023,0.585720498649527,33.559312546916,0,7657.98806949383,5000,7142.40861115841,0.585720498649529,33.559312546916,0.0386984249625682,2.21725642415887,38.6984249625682,3.94614113510405
2.01453193670111,1714.45097363822,1057.20665133387,0.586107980290032,33.5815136095556,0,7652.98806949383,5000,7128.24257647978,0.586107980290033,33.5815136095557,0.0387979767677563,2.22296032243906,38.7979767677563,3.95629259408221
2.02453193670111,1722.78089698818,1062.73949650848,0.586496459662113,33.6037718380038,0,7647.98806949383,5000,7114.0776148048,0.586496459662115,33.6037718380039,0.0388979717429546,2.22868961249043,38.8979717429546,3.96648924382481
2.03453193670111,1731.10866754113,1068.27558143858,0.586885941211456,33.6260874869794,0,7642.98806949383,5000,7099.91372952832,0.586885941211458,33.6260874869795,0.0389984126886159,2.23444445476713,38.9984126886159,3.97673136989858
2.04453193670111,1739.43427847327,1073.81491364887,0.587276429411863,33.6484608128123,0,7637.98806949383,5000,7085.75092406225,0.587276429411864,33.6484608128124,0.0390993024281046,2.240225011036,39.0993024281046,3.98701926020655
2.05453193670111,1747.75772292646,1079.35750069441,0.587667928765484,33.6708920734569,0,7632.98806949383,5000,7071.58920183566,0.587667928765485,33.670892073457,0.0392006438079259,2.2460314443898,39.2006438079259,3.99735320501149
2.06453193670111,1756.07899400799,1084.90335016079,0.588060443803052,33.693381528505,0,7627.98806949383,5000,7057.42856629489,0.588060443803054,33.6933815285051,0.0393024396979594,2.2518639192605,39.3024396979594,4.00773349695966
2.07453193670111,1764.39808479036,1090.45246966429,0.588453979084119,33.7159294391996,0,7622.98806949383,5000,7043.26902090371,0.58845397908412,33.7159294391997,0.039404692991694,2.2577226014328,39.404692991694,4.01816043110482
2.08453193670111,1772.71498831101,1096.00486685207,0.588848539197287,33.7385360684484,0,7617.98806949383,5000,7029.11056914338,0.588848539197289,33.7385360684485,0.0395074066064667,2.26360765805781,39.5074066064667,4.02863430493254
2.09453193670111,1781.02969757209,1101.56054940236,0.589244128760454,33.7612016808373,0,7612.98806949383,5000,7014.95321451285,0.589244128760455,33.7612016808373,0.0396105834837033,2.26951925766681,39.6105834837033,4.0391554183848
2.10453193670111,1789.34220554022,1107.11952502462,0.589640752421053,33.7839265426446,0,7607.98806949383,5000,7000.79696052878,0.589640752421054,33.7839265426447,0.0397142265891634,2.2754575701853,39.7142265891634,4.04972407388491
2.11453193670111,1797.65250514624,1112.68180145972,0.590038414856296,33.806710921855,0,7602.98806949383,5000,6986.64181072577,0.590038414856298,33.806710921855,0.0398183389131866,2.28142276694712,39.8183389131866,4.06034057636263
2.12453193670111,1805.96058928496,1118.24738648011,0.590437120773426,33.8295550881734,0,7597.98806949383,5000,6972.48776865641,0.590437120773427,33.8295550881734,0.0399229234709427,2.28741502070879,39.9229234709427,4.07100523327974
2.13453193670111,1814.2664508149,1123.81628789005,0.590836874909959,33.8524593130396,0,7592.98806949383,5000,6958.33483789144,0.59083687490996,33.8524593130397,0.0400279833026853,2.293434505664,40.0279833026853,4.0817183546558
2.14453193670111,1822.57008255807,1129.38851352575,0.591237682033942,33.8754238696426,0,7587.98806949383,5000,6944.18302201985,0.591237682033943,33.8754238696427,0.0401335214740073,2.29948139745828,40.1335214740073,4.09248025309431
2.15453193670111,1830.87147729966,1134.96407125556,0.591639546944205,33.8984490329351,0,7582.98806949383,5000,6930.03232464906,0.591639546944207,33.8984490329352,0.0402395410761001,2.30555587320385,40.2395410761001,4.10329124380906
2.16453193670111,1839.17062778784,1140.54296898018,0.592042474470621,33.9215350796483,0,7577.98806949383,5000,6915.88274940497,0.592042474470622,33.9215350796484,0.0403460452260163,2.31165811149468,40.3460452260164,4.11415164465096
2.17453193670111,1847.46752673344,1146.12521463282,0.59244646947436,33.944682288307,0,7572.98806949383,5000,6901.73429993217,0.592446469474361,33.944682288307,0.040453037066935,2.31778829242165,40.453037066935,4.12506177613507
2.18453193670111,1855.76216680974,1151.71081617941,0.592851536848158,33.9678909392441,0,7567.98806949383,5000,6887.58697989402,0.59285153684816,33.9678909392442,0.0405605197684305,2.32394659758801,40.5605197684305,4.13602196146803
2.19453193670111,1864.05454065218,1157.29978161879,0.593257681516581,33.9911613146164,0,7562.98806949383,5000,6873.4407929728,0.593257681516583,33.9911613146165,0.0406684965267444,2.3301332101249,40.6684965267444,4.14703252657578
2.20453193670111,1872.3446408581,1162.89211898289,0.59366490843629,34.0144936984199,0,7557.98806949383,5000,6859.29574286984,0.593664908436291,34.01449369842,0.0407769705650608,2.33634831470717,40.7769705650609,4.15809380013163
2.21453193670111,1880.63245998645,1168.48783633693,0.594073222596314,34.0378883765047,0,7552.98806949383,5000,6845.15183330566,0.594073222596315,34.0378883765048,0.0408859451337857,2.34259209756936,40.8859451337857,4.16920611358473
2.22453193670111,1888.91799055757,1174.08694177962,0.594482629018324,34.0613456365914,0,7547.98806949383,5000,6831.00906802011,0.594482629018325,34.0613456365915,0.0409954235108278,2.34886474652182,40.9954235108278,4.18036980118877
2.23453193670111,1897.20122505283,1179.68944344335,0.594893132756907,34.0848657682866,0,7542.98806949383,5000,6816.86745077247,0.594893132756909,34.0848657682867,0.0411054090018856,2.35516645096711,41.1054090018856,4.19158520003117
2.24453193670111,1905.48215591446,1185.2953494944,0.595304738899851,34.1084490630989,0,7537.98806949383,5000,6802.72698534166,0.595304738899852,34.108449063099,0.0412159049407353,2.36149740191653,41.2159049407353,4.20285265006249
2.25453193670111,1913.76077554515,1190.90466813313,0.595717452568419,34.1320958144552,0,7532.98806949383,5000,6788.58767552631,0.59571745256842,34.1320958144553,0.0413269146895243,2.36785779200695,41.3269146895243,4.21417249412637
2.26453193670111,1922.0370763079,1196.51740759417,0.596131278917641,34.1558063177169,0,7527.98806949383,5000,6774.44952514494,0.596131278917642,34.155806317717,0.041438441639067,2.37424781551771,41.438441639067,4.22554507798963
2.27453193670111,1930.3110505256,1202.13357614666,0.596546223136599,34.1795808701966,0,7522.98806949383,5000,6760.31253803609,0.5965462231366,34.1795808701967,0.0415504892091451,2.38066766838788,41.5504892091451,4.23697075037297
2.28453193670111,1938.58269048087,1207.7531820944,0.596962290448719,34.2034197711744,0,7517.98806949383,5000,6746.17671805846,0.59696229044872,34.2034197711745,0.0416630608488108,2.38711754823359,41.6630608488108,4.24844986298183
2.29453193670111,1946.85198841565,1213.37623377612,0.597379486112066,34.2273233219153,0,7512.98806949383,5000,6732.04206909106,0.597379486112067,34.2273233219154,0.0417761600366949,2.39359765436571,41.7761600366949,4.25998277053784
2.30453193670111,1955.11893653103,1219.00273956563,0.597797815419639,34.2512918256859,0,7507.98806949383,5000,6717.90859503338,0.59779781541964,34.251291825686,0.0418897902813176,2.40010818780763,41.8897902813176,4.27156983081048
2.31453193670111,1963.38352698683,1224.63270787207,0.598217283699673,34.2753255877715,0,7502.98806949383,5000,6703.77629980547,0.598217283699675,34.2753255877716,0.0420039551214038,2.40664935131336,42.0039551214038,4.28321140464928
2.32453193670111,1971.64575190142,1230.26614714009,0.598637896315946,34.2994249154939,0,7497.98806949383,5000,6689.64518734818,0.598637896315947,34.2994249154939,0.0421186581262023,2.41322134938578,42.1186581262023,4.29490785601631
2.33453193670111,1979.90560335131,1235.90306585011,0.599059658668077,34.3235901182285,0,7492.98806949383,5000,6675.51526162323,0.599059658668078,34.3235901182286,0.0422339028958087,2.41982438829519,42.2339028958087,4.30665955201916
2.34453193670111,1988.16307337095,1241.54347251845,0.599482576191845,34.3478215074225,0,7487.98806949383,5000,6661.38652661341,0.599482576191847,34.3478215074226,0.0423496930614927,2.426458676098,42.3496930614927,4.3184668629443
2.3545319367011,1996.41815395234,1247.18737569763,0.599906654359499,34.3721193966127,0,7482.98806949383,5000,6647.25898632272,0.599906654359501,34.3721193966128,0.0424660322860292,2.43312442265577,42.4660322860292,4.33033016229082
2.3645319367011,2004.67083704477,1252.83478397657,0.600331898680074,34.3964841014436,0,7477.98806949383,5000,6633.1326447765,0.600331898680075,34.3964841014437,0.0425829242640341,2.43982183965438,42.5829242640341,4.34224982680468
2.3745319367011,2012.92111455449,1258.48570598076,0.60075831469971,34.4209159396855,0,7472.98806949383,5000,6619.00750602165,0.600758314699712,34.4209159396856,0.0427003727223033,2.44655114062352,42.7003727223033,4.35422623651331
2.3845319367011,2021.16897834439,1264.14015037253,0.601185908001981,34.4454152312537,0,7467.98806949383,5000,6604.8835741267,0.601185908001983,34.4454152312538,0.0428183814201573,2.4533125409564,42.8183814201573,4.36625977476073
2.3945319367011,2029.4144202337,1269.79812585126,0.601614684208216,34.4699822982266,0,7462.98806949383,5000,6590.76085318204,0.601614684208217,34.4699822982267,0.0429369541497895,2.46010625792966,42.9369541497895,4.37835082824303
2.4045319367011,2037.65743199767,1275.45964115359,0.602044648977831,34.4946174648648,0,7457.98806949383,5000,6576.63934730006,0.602044648977832,34.4946174648649,0.0430560947366181,2.46693251072366,43.0560947366181,4.39049978704432
2.4145319367011,2045.89800536721,1281.12470505368,0.602475808008665,34.5193210576306,0,7452.98806949383,5000,6562.51906061529,0.602475808008667,34.5193210576307,0.0431758070396445,2.47379152044286,43.1758070396445,4.4027070446732
2.4245319367011,2054.1361320286,1286.7933263634,0.602908167037317,34.5440934052067,0,7447.98806949383,5000,6548.39999728459,0.602908167037319,34.5440934052068,0.0432960949518141,2.48068351013662,43.2960949518141,4.41497299809966
2.4345319367011,2062.37180362318,1292.46551393257,0.603341731839485,34.5689348385164,0,7442.98806949383,5000,6534.2821614873,0.603341731839487,34.5689348385165,0.0434169624003832,2.48760870482014,43.4169624003832,4.42729804779239
2.4445319367011,2070.60501174694,1298.14127664921,0.603776508230315,34.5938456907429,0,7437.98806949383,5000,6520.16555742542,0.603776508230317,34.593845690743,0.0435384133472899,2.49456733149576,43.5384133472899,4.43968259775662
2.4545319367011,2078.83574795026,1303.82062343975,0.604212502064745,34.6188262973494,0,7432.98806949383,5000,6506.05018932376,0.604212502064747,34.6188262973495,0.0436604517895301,2.50155961917448,43.6604517895301,4.4521270555725
2.4645319367011,2087.06400373754,1309.50356326929,0.604649719237861,34.6438769960996,0,7427.98806949383,5000,6491.93606143012,0.604649719237863,34.6438769960997,0.0437830817595378,2.50858579889774,43.7830817595378,4.46463183243389
2.4745319367011,2095.28977056685,1315.1901051418,0.605088165685252,34.6689981270776,0,7422.98806949383,5000,6477.82317801547,0.605088165685254,34.6689981270777,0.0439063073255711,2.51564610375955,43.9063073255711,4.47719734318764
2.4845319367011,2103.51303984961,1320.88025810039,0.60552784738337,34.6941900327089,0,7417.98806949384,5000,6463.71154337409,0.605527847383372,34.694190032709,0.0440301325921022,2.52274076892887,44.0301325921022,4.48982400637345
2.4945319367011,2111.73380295022,1326.57403122755,0.605968770349895,34.7194530577812,0,7412.98806949384,5000,6449.60116182378,0.605968770349897,34.7194530577813,0.0441545617002136,2.52987003167223,44.1545617002136,4.50251224426421
2.5045319367011,2119.95205118571,1332.27143364538,0.606410940644102,34.7447875494653,0,7407.98806949384,5000,6435.49203770604,0.606410940644104,34.7447875494654,0.0442795988279983,2.53703413137673,44.2795988279983,4.51526248290683
2.5145319367011,2128.16777582538,1337.97247451582,0.606854364367235,34.7701938573368,0,7402.98806949384,5000,6421.3841753862,0.606854364367236,34.7701938573369,0.0444052481909656,2.54423330957326,44.4052481909656,4.52807515216365
2.5245319367011,2136.38096809048,1343.67716304094,0.607299047662879,34.7956723333972,0,7397.98806949384,5000,6407.27757925365,0.607299047662881,34.7956723333973,0.0445315140424529,2.55146780996011,44.5315140424529,4.54095068575435
2.5345319367011,2144.5916191538,1349.38550846315,0.607744996717347,34.821223332096,0,7392.98806949384,5000,6393.172253722,0.607744996717348,34.8212233320961,0.0446584006740414,2.55873787842676,44.6584006740414,4.55388952129845
2.5445319367011,2152.7997201393,1355.09752006547,0.608192217760057,34.8468472103528,0,7387.98806949384,5000,6379.06820322924,0.608192217760058,34.8468472103528,0.0447859124159787,2.56604376307813,44.7859124159787,4.5668921003583
2.5545319367011,2161.00526212181,1360.81320717176,0.608640717063927,34.8725443275791,0,7382.98806949384,5000,6364.96543223799,0.608640717063929,34.8725443275792,0.0449140536376059,2.57338571425902,44.9140536376059,4.5799588684827
2.5645319367011,2169.20823612658,1366.53257914701,0.609090500945766,34.8983150457015,0,7377.98806949384,5000,6350.8639452356,0.609090500945768,34.8983150457016,0.0450428287477907,2.58076398457894,45.0428287477907,4.59309027525105
2.5745319367011,2177.40863312893,1372.25564539756,0.60954157576667,34.9241597291839,0,7372.98806949384,5000,6336.76374673443,0.609541575766672,34.924159729184,0.0451722421953663,2.58817882893726,45.1722421953663,4.60628677431807
2.5845319367011,2185.6064440539,1377.98241537139,0.609993947932425,34.9500787450508,0,7367.98806949384,5000,6322.66484127194,0.609993947932426,34.9500787450509,0.0453022984695757,2.59563050454866,45.3022984695757,4.61954882345915
2.5945319367011,2193.80165977582,1383.71289855835,0.610447623893913,34.9760724629106,0,7362.98806949384,5000,6308.56723341098,0.610447623893914,34.9760724629107,0.0454330021005224,2.60311927096894,45.4330021005224,4.63287688461629
2.6045319367011,2201.99427111795,1389.44710449045,0.610902610147524,35.002141254979,0,7357.98806949384,5000,6294.47092773992,0.610902610147526,35.0021412549791,0.0455643576596262,2.61064539012117,45.5643576596262,4.64627142394459
2.6145319367011,2210.18426885208,1395.1850427421,0.611358913235572,35.0282854961029,0,7352.98806949384,5000,6280.37592887285,0.611358913235573,35.028285496103,0.0456963697600862,2.61820912632218,45.6963697600862,4.65973291185942
2.6245319367011,2218.37164369815,1400.92672293041,0.611816539746711,35.0545055637845,0,7347.98806949384,5000,6266.28224144982,0.611816539746712,35.0545055637846,0.0458290430573486,2.6258107463094,45.8290430573486,4.6732618230842
2.6345319367011,2226.55638632382,1406.67215471542,0.612275496316364,35.0808018382054,0,7342.98806949384,5000,6252.18987013699,0.612275496316366,35.0808018382055,0.0459623822495822,2.63345051926807,45.9623822495822,4.68685863669879
2.6445319367011,2234.7384873441,1412.42134780039,0.612735789627152,35.1071747022517,0,7337.98806949384,5000,6238.09881962684,0.612735789627154,35.1071747022518,0.0460963920781585,2.64112871685876,46.0963920781585,4.70052383618856
2.6545319367011,2242.91793732093,1418.17431193209,0.613197426409327,35.1336245415383,0,7332.98806949384,5000,6224.00909463843,0.613197426409328,35.1336245415384,0.04623107732814,2.64884561324537,46.23107732814,4.71425790949407
2.6645319367011,2251.09472676277,1423.93105690103,0.613660413441212,35.1601517444346,0,7327.98806949384,5000,6209.92069991751,0.613660413441214,35.1601517444347,0.0463664428287738,2.65660148512336,46.3664428287738,4.72806134906149
2.6745319367011,2259.26884612419,1429.6915925418,0.614124757549646,35.1867567020896,0,7322.98806949384,5000,6195.8336402368,0.614124757549648,35.1867567020897,0.0465024934539922,2.66439661174849,46.5024934539922,4.74193465189358
2.6845319367011,2267.44028580542,1435.4559287333,0.614590465610432,35.2134398084579,0,7317.98806949384,5000,6181.74792039618,0.614590465610434,35.213439808458,0.0466392341229198,2.67223127496584,46.6392341229198,4.75587831960148
2.6945319367011,2275.60903615199,1441.22407539903,0.615057544548794,35.2402014603255,0,7312.98806949384,5000,6167.6635452229,0.615057544548796,35.2402014603256,0.0467766698003882,2.6801057592393,46.7766698003882,4.76989285845709
2.7045319367011,2283.77508745425,1446.99604250741,0.615526001339834,35.2670420573363,0,7307.98806949384,5000,6153.58051957177,0.615526001339835,35.2670420573364,0.0469148054974564,2.6880203516814,46.9148054974564,4.78397877944623
2.7145319367011,2291.93842994695,1452.771840072,0.615995843008996,35.2939620020187,0,7302.98806949384,5000,6139.49884832542,0.615995843008998,35.2939620020188,0.0470536462719393,2.6959753420836,47.0536462719393,4.7981365983225
2.7245319367011,2300.09905380884,1458.55147815188,0.616467076632542,35.3209616998126,0,7297.98806949384,5000,6125.41853639448,0.616467076632544,35.3209616998126,0.0471931972289431,2.70397102294693,47.193197228943,4.81236683566183
2.7345319367011,2308.25694916216,1464.33496685185,0.616939709338021,35.3480415590964,0,7292.98806949384,5000,6111.33958871781,0.616939709338023,35.3480415590965,0.0473334635214071,2.71200768951307,47.3334635214071,4.82667001691781
2.7445319367011,2316.41210607228,1470.12231632279,0.617413748304754,35.3752019912149,0,7287.98806949384,5000,6097.26201026276,0.617413748304756,35.375201991215,0.0474744503506544,2.72008563979587,47.4744503506544,4.84104667247779
2.7545319367011,2324.56451454717,1475.91353676192,0.617889200764319,35.4024434105071,0,7282.98806949384,5000,6083.18580602531,0.617889200764321,35.4024434105072,0.0476161629669487,2.72820517461329,47.6161629669487,4.85549733771968
2.7645319367011,2332.71416453702,1481.70863841313,0.618366074001044,35.4297662343341,0,7277.98806949384,5000,6069.11098103039,0.618366074001045,35.4297662343342,0.0477586066700597,2.73636659761976,47.7586066700597,4.87002255306957
2.7745319367011,2340.86104593373,1487.50763156725,0.618844375352503,35.4571708831082,0,7272.98806949384,5000,6055.03754033203,0.618844375352505,35.4571708831083,0.0479017868098353,2.744570215339,47.9017868098353,4.88462286406013
2.7845319367011,2349.00514857047,1493.31052656237,0.619324112210025,35.4846577803211,0,7267.98806949384,5000,6040.96548901366,0.619324112210027,35.4846577803212,0.0480457087867826,2.75281633719726,48.0457087867826,4.89929882138984
2.7945319367011,2357.14646222121,1499.11733378414,0.619805292019196,35.5122273525735,0,7262.98806949384,5000,6026.89483218829,0.619805292019198,35.5122273525736,0.0481903780526564,2.76110527555708,48.1903780526564,4.91405098098295
2.8045319367011,2365.28497660025,1504.9280636661,0.620287922280381,35.5398800296046,0,7257.98806949384,5000,6012.82557499877,0.620287922280383,35.5398800296048,0.0483358001110555,2.76943734575146,48.3358001110555,4.92887990405036
2.8145319367011,2373.42068136175,1510.74272668994,0.62077201054924,35.5676162443221,0,7252.98806949384,5000,5998.75772261802,0.620772010549242,35.5676162443222,0.0484819805180278,2.77781286611847,48.4819805180278,4.9437861571513
2.82453193670109,2381.55356609923,1516.5613333859,0.621257564437261,35.5954364328318,0,7247.98806949384,5000,5984.69128024928,0.621257564437263,35.5954364328319,0.0486289248826834,2.78623215803647,48.6289248826834,4.95877031225581
2.83453193670109,2389.6836203451,1522.38389433299,0.621744591612289,35.6233410344691,0,7242.98806949384,5000,5970.62625312635,0.621744591612291,35.6233410344692,0.0487766388678166,2.79469554595966,48.7766388678166,4.9738329468082
2.84453193670109,2397.81083357017,1528.21042015938,0.62223309979907,35.6513304918293,0,7237.98806949384,5000,5956.56264651381,0.622233099799072,35.6513304918294,0.048925128190536,2.80320335745424,48.925128190536,4.98897464379131
2.85453193670109,2405.93519518314,1534.0409215427,0.622723096779793,35.6794052507988,0,7232.98806949384,5000,5942.50046570733,0.622723096779795,35.6794052507989,0.0490743986229034,2.81175592323498,49.0743986229034,5.00419599179163
2.86453193670109,2414.05669453012,1539.87540921035,0.623214590394646,35.7075657605875,0,7227.98806949384,5000,5928.43971603384,0.623214590394648,35.7075657605877,0.0492244559925823,2.82035357720242,49.2244559925823,5.01949758506547
2.87453193670109,2422.1753208941,1545.71389393985,0.623707588542375,35.7358124737602,0,7222.98806949384,5000,5914.38040285184,0.623707588542378,35.7358124737603,0.0493753061834947,2.82899665648044,49.3753061834947,5.03488002360589
2.88453193670109,2430.29106349447,1551.55638655917,0.62420209918085,35.7641458462691,0,7217.98806949384,5000,5900.32253155166,0.624202099180852,35.7641458462692,0.0495269551364874,2.8376855014545,49.5269551364874,5.05034391321066
2.89453193670109,2438.40391148646,1557.40289794703,0.624698130327634,35.7925663374869,0,7212.98806949384,5000,5886.26610755567,0.624698130327636,35.792566337487,0.0496794088500076,2.8464204558103,49.6794088500076,5.06588986555119
2.90453193670109,2446.51385396067,1563.25343903329,0.625195690060568,35.8210744102396,0,7207.98806949384,5000,5872.21113631856,0.62519569006057,35.8210744102397,0.0498326733807881,2.85520186657308,49.8326733807881,5.08151849824233
2.91453193670109,2454.62087994249,1569.10802079924,0.625694786518353,35.8496705308407,0,7202.98806949384,5000,5858.15762332765,0.625694786518355,35.8496705308408,0.0499867548445422,2.86403008414739,49.9867548445422,5.09723043491327
2.92453193670109,2462.72497839163,1574.96665427797,0.626195427901146,35.8783551691243,0,7197.98806949384,5000,5844.10557410308,0.626195427901148,35.8783551691244,0.0501416594166679,2.87290546235747,50.1416594166679,5.11302630527937
2.93453193670109,2470.8261382015,1580.82935055471,0.62669762247116,35.9071287984805,0,7192.98806949384,5000,5830.05499419815,0.626697622471162,35.9071287984806,0.050297393332963,2.88182835848822,50.297393332963,5.12890674521503
2.94453193670109,2478.92434819874,1586.69612076716,0.627201378553269,35.9359918958894,0,7187.98806949384,5000,5816.00588919952,0.627201378553271,35.9359918958895,0.0504539628903491,2.89079913332668,50.4539628903491,5.14487239682757
2.95453193670109,2487.01959714265,1592.56697610588,0.627706704535626,35.9649449419568,0,7182.98806949384,5000,5801.95826472757,0.627706704535628,35.9649449419569,0.0506113744476073,2.89981815120416,50.6113744476073,5.1609239085322
2.96453193670109,2495.11187372462,1598.44192781459,0.628213608870285,35.9939884209496,0,7177.98806949384,5000,5787.91212643659,0.628213608870287,35.9939884209497,0.0507696344261233,2.90888578003896,50.7696344261233,5.17706193512803
2.97453193670109,2503.20116656756,1604.32098719059,0.628722100073828,36.0231228208321,0,7172.98806949384,5000,5773.86748001512,0.62872210007383,36.0231228208323,0.0509287493106438,2.91800239137969,50.9287493106438,5.19328713787519
2.98453193670109,2511.28746422537,1610.20416558505,0.629232186728007,36.0523486333025,0,7167.98806949384,5000,5759.82433118621,0.629232186728009,36.0523486333026,0.0510887256500428,2.9271683604492,51.0887256500427,5.20960018457299
2.99453193670109,2519.37075518235,1616.09147440342,0.629743877480384,36.0816663538296,0,7162.98806949384,5000,5745.78268570772,0.629743877480386,36.0816663538297,0.0512495700581002,2.93638406618917,51.2495700581002,5.22600174963929
3.00453193670109,2527.4510278526,1621.98292510581,0.630257181044989,36.1110764816905,0,7157.98806949384,5000,5731.7425493726,0.630257181044991,36.1110764816906,0.0514112892142907,2.94564989130531,51.4112892142907,5.24249251419096
3.01453193670109,2535.52827057948,1627.8785292073,0.630772106202976,36.1405795200083,0,7152.98806949384,5000,5717.70392800916,0.630772106202978,36.1405795200084,0.0515738898645842,2.95496622231321,51.5738898645843,5.25907316612546
3.02453193670109,2543.60247163498,1633.77829827836,0.631288661803297,36.1701759757905,0,7147.98806949384,5000,5703.66682748141,0.631288661803299,36.1701759757906,0.051737378822258,2.96433344958491,51.737378822258,5.27574440020374
3.03453193670109,2551.67361921913,1639.68224394521,0.631806856763376,36.199866359968,0,7142.98806949384,5000,5689.63125368933,0.631806856763378,36.1998663599681,0.0519017629687201,2.97375196739605,51.9017629687201,5.29250691813413
3.04453193670109,2559.74170145942,1645.59037789021,0.632326700069794,36.2296511874339,0,7137.98806949384,5000,5675.59721256919,0.632326700069797,36.229651187434,0.0520670492543454,2.98322217397377,52.0670492543454,5.30936142865764
3.05453193670109,2567.80670641015,1651.50271185221,0.632848200778986,36.2595309770836,0,7132.98806949384,5000,5661.56471009382,0.632848200778988,36.2595309770838,0.0522332446993237,2.99274447154533,52.2332446993237,5.32630864763438
3.06453193670109,2575.86862205187,1657.41925762699,0.63337136801794,36.2895062518552,0,7127.98806949384,5000,5647.53375227296,0.633371368017942,36.2895062518554,0.0524003563945195,3.00231926638732,52.4003563945195,5.34334929813132
3.07453193670109,2583.92743629069,1663.34002706758,0.633896210984911,36.3195775387698,0,7122.98806949384,5000,5633.50434515355,0.633896210984913,36.3195775387699,0.0525683915023448,3.01194696887574,52.5683915023448,5.36048411051122
3.08453193670109,2591.9831369577,1669.26503208473,0.634422738950137,36.3497453689729,0,7117.98806949384,5000,5619.47649482005,0.63442273895014,36.349745368973,0.052737357257645,3.02162799353668,52.737357257645,5.37771382252298
3.09453193670109,2600.03571180832,1675.19428464723,0.634950961256574,36.3800102777763,0,7112.98806949384,5000,5605.45020739474,0.634950961256576,36.3800102777765,0.0529072609685969,3.03136275909783,52.9072609685969,5.39503917939326
3.10453193670109,2608.08514852166,1681.12779678237,0.635480887320628,36.4103728047006,0,7107.98806949384,5000,5591.42548903807,0.63548088732063,36.4103728047007,0.0530781100176209,3.04115168854073,53.0781100176209,5.41246093391942
3.11453193670109,2616.13143469984,1687.06558057631,0.636012526632904,36.4408334935173,0,7102.98806949384,5000,5577.40234594898,0.636012526632906,36.4408334935174,0.053249911862306,3.05099520915375,53.249911862306,5.42997984656392
3.12453193670109,2624.17455786738,1693.00764817447,0.636545888758963,36.4713928922926,0,7097.98806949384,5000,5563.38078436521,0.636545888758965,36.4713928922927,0.0534226740363486,3.0608937525859,53.4226740363486,5.44759668554997
3.13453193670109,2632.2145054705,1698.954011782,0.637080983340089,36.5020515534314,0,7092.98806949384,5000,5549.36081056365,0.637080983340091,36.5020515534315,0.053596404150505,3.07084775490139,53.596404150505,5.46531222695875
3.14453193670109,2640.25126487648,1704.90468366414,0.637617820094061,36.5328100337215,0,7087.98806949384,5000,5535.34243086066,0.637617820094063,36.5328100337216,0.0537711098935587,3.08085765663506,53.7711098935587,5.48312725482797
3.15453193670109,2648.28482337293,1710.85967614665,0.63815640881594,36.5636688943785,0,7082.98806949384,5000,5521.32565161243,0.638156408815942,36.5636688943787,0.0539467990333011,3.09092390284858,53.9467990333011,5.50104256125191
3.16453193670109,2656.31516816717,1716.81900161624,0.638696759378866,36.5946287010917,0,7077.98806949384,5000,5507.31047921531,0.638696759378868,36.5946287010918,0.0541234794175274,3.1010469431875,54.1234794175274,5.51905894648299
3.17453193670109,2664.34228638548,1722.78267252099,0.639238881734859,36.6256900240698,0,7072.98806949384,5000,5493.29692010616,0.639238881734862,36.6256900240699,0.0543011589750477,3.11122723193917,54.3011589750477,5.53717721903481
3.18453193670109,2672.36616507242,1728.75070137078,0.639782785915638,36.656853438088,0,7067.98806949384,5000,5479.28498076269,0.63978278591564,36.6568534380881,0.0544798457167126,3.12146522809151,54.4798457167126,5.5553981957868
3.19453193670109,2680.38679119015,1734.7231007377,0.640328482033445,36.6881195225349,0,7062.98806949384,5000,5465.27466770382,0.640328482033447,36.6881195225351,0.054659547736454,3.13176139539267,54.659547736454,5.57372270209032
3.20453193670109,2688.40415161766,1740.69988325654,0.640875980281879,36.719488861461,0,7057.98806949384,5000,5451.26598749007,0.640875980281881,36.7194888614611,0.0548402732123425,3.14211620241157,54.8402732123425,5.59215157187648
3.21453193670109,2696.41823315007,1746.68106162518,0.641425290936747,36.7509620436265,0,7052.98806949384,5000,5437.25894672387,0.641425290936749,36.7509620436266,0.0550220304076596,3.15253012259938,55.0220304076596,5.61068564776551
3.22453193670109,2704.4290224979,1752.66664860503,0.641976424356919,36.782539662551,0,7047.98806949384,5000,5423.25355204995,0.641976424356921,36.7825396625511,0.0552048276719875,3.1630036343519,55.2048276719875,5.62932578117782
3.23453193670109,2712.43650628635,1758.65665702153,0.642529390985197,36.8142223165629,0,7042.98806949384,5000,5409.24981015573,0.642529390985199,36.814222316563,0.0553886734423137,3.17353722107292,55.3886734423137,5.64807283244672
3.24453193670109,2720.44067105449,1764.65109976455,0.643084201349193,36.84601060885,0,7037.98806949384,5000,5395.24772777166,0.643084201349196,36.8460106088501,0.0555735762441537,3.1841313712385,55.5735762441537,5.66692767093285
3.25453193670109,2728.44150325456,1770.64998978887,0.643640866062225,36.8779051475106,0,7032.98806949384,5000,5381.24731167162,0.643640866062227,36.8779051475107,0.0557595446926903,3.19478657846224,55.7595446926903,5.68589117514037
3.26453193670109,2736.4389892512,1776.65334011464,0.644199395824213,36.9099065456049,0,7027.98806949384,5000,5367.2485686733,0.644199395824215,36.9099065456051,0.05594658749393,3.20550334156158,55.94658749393,5.70496423283486
3.27453193670109,2744.43311532064,1782.66116382784,0.644759801422596,36.9420154212078,0,7022.98806949384,5000,5353.25150563858,0.644759801422598,36.9420154212079,0.0561347134458777,3.21628216462506,56.1347134458777,5.72414774116316
3.28453193670109,2752.42386764993,1788.67347408074,0.645322093733259,36.9742323974615,0,7017.98806949384,5000,5339.25612947394,0.645322093733262,36.9742323974616,0.0563239314397285,3.22712355708065,56.3239314397285,5.74344260677484
3.29453193670108,2760.41123233618,1794.69028409239,0.645886283721471,37.0065581026296,0,7012.98806949384,5000,5325.26244713081,0.645886283721474,37.0065581026297,0.0565142504610792,3.2380280337651,56.5142504610792,5.76284974594578
3.30453193670108,2768.39519538571,1800.71160714908,0.646452382442833,37.0389931701513,0,7007.98806949384,5000,5311.27046560604,0.646452382442835,37.0389931701514,0.0567056795911564,3.24899611499439,56.7056795911564,5.78237008470338
3.31453193670108,2776.37574271329,1806.73745660485,0.64702040104424,37.0715382386969,0,7002.98806949384,5000,5297.28019194225,0.647020401044242,37.071538238697,0.0568982280080659,3.26002832663523,56.8982280080659,5.80200455895397
3.32453193670108,2784.35286014127,1812.76784588193,0.64759035076486,37.104193952223,0,6997.98806949384,5000,5283.29163322826,0.647590350764862,37.1041939522232,0.0570919049880593,3.27112520017769,57.0919049880593,5.82175411461196
3.33453193670108,2792.32653339881,1818.80278847127,0.648162242937119,37.1369609600301,0,6992.98806949384,5000,5269.3047965995,0.648162242937121,37.1369609600302,0.0572867199068218,3.28228727280896,57.2867199068218,5.84161970773116
3.34453193670108,2800.29674812096,1824.84229793302,0.648736088987702,37.1698399168187,0,6987.98806949384,5000,5255.31968923842,0.648736088987705,37.1698399168189,0.0574826822407787,3.29351508748823,57.4826822407787,5.86160230463805
3.35453193670108,2808.26348984792,1830.88638789703,0.649311900438569,37.2028314827487,0,6982.98806949384,5000,5241.33631837494,0.649311900438571,37.2028314827488,0.0576798015684238,3.30480919302275,57.6798015684238,5.88170288206715
3.36453193670108,2816.22674402408,1836.93507206335,0.649889688907978,37.2359363234971,0,6977.98806949384,5000,5227.35469128686,0.64988968890798,37.2359363234973,0.0578780875716666,3.31617014414508,57.8780875716666,5.90192242729848
3.37453193670108,2824.18649599722,1842.98836420274,0.650469466111531,37.2691551103187,0,6972.98806949384,5000,5213.37481530029,0.650469466111534,37.2691551103188,0.0580775500372025,3.32759850159156,58.0775500372025,5.92226193829723
3.38453193670108,2832.14273101762,1849.0462781572,0.651051243863227,37.3024885201054,0,6967.98806949384,5000,5199.39669779009,0.651051243863229,37.3024885201056,0.0582781988579031,3.33909483218198,58.2781988579031,5.94272242385556
3.39453193670108,2840.09543423715,1855.10882784046,0.651635034076529,37.3359372354487,0,6962.98806949385,5000,5185.42034618033,0.651635034076531,37.3359372354488,0.058480044034229,3.35065970890053,58.480044034229,5.96330490373664
3.40453193670108,2848.04459070839,1861.17602723852,0.65222084876545,37.3695019447006,0,6957.98806949385,5000,5171.4457679447,0.652220848765452,37.3695019447007,0.0586830956756648,3.36229371097801,58.6830956756648,5.98401040882104
3.41453193670108,2855.99018538374,1867.24789041019,0.652808700045647,37.4031833420373,0,6952.98806949385,5000,5157.47297060703,0.652808700045649,37.4031833420374,0.0588873640021765,3.37399742397533,58.8873640021765,6.00483998125522
3.42453193670108,2863.93220311446,1873.32443148757,0.653398600135537,37.4369821275224,0,6947.98806949385,5000,5143.50196174167,0.65339860013554,37.4369821275225,0.0590928593456925,3.38577143986838,59.0928593456925,6.02579467460269
3.43453193670108,2871.87062864977,1879.40566467666,0.653990561357423,37.4708990071718,0,6942.98806949385,5000,5129.53274897401,0.653990561357425,37.470899007172,0.0592995921516073,3.3976163571342,59.2995921516073,6.04687555399726
3.44453193670108,2879.80544663593,1885.49160425785,0.654584596138632,37.5049346930191,0,6937.98806949385,5000,5115.56533998094,0.654584596138635,37.5049346930193,0.05950757298031,3.4095327808385,59.50757298031,6.06808369629894
3.45453193670108,2887.73664161523,1891.5822645865,0.655180717012681,37.5390899031818,0,6932.98806949385,5000,5101.59974249129,0.655180717012684,37.5390899031819,0.0597168125087367,3.42152132272465,59.7168125087367,6.08942019025219
3.46453193670108,2895.66419802509,1897.67766009346,0.655778936620443,37.5733653619285,0,6927.98806949385,5000,5087.63596428635,0.655778936620446,37.5733653619286,0.0599273215319476,3.43358260130406,59.9273215319476,6.11088613664683
3.47453193670108,2903.58810019706,1903.77780528565,0.656379267711339,37.6077617997473,0,6922.98806949385,5000,5073.67401320037,0.656379267711341,37.6077617997475,0.0601391109647301,3.44571724194797,60.1391109647301,6.1324826484814
3.48453193670108,2911.50833235582,1909.88271474662,0.656981723144543,37.6422799534146,0,6917.98806949385,5000,5059.71389712099,0.656981723144546,37.6422799534148,0.0603521918432265,3.45792587698075,60.3521918432265,6.15421085112923
3.49453193670108,2919.42487861823,1915.99240313712,0.657586315890206,37.6769205660653,0,6912.98806949385,5000,5045.75562398978,0.657586315890208,37.6769205660655,0.0605665753265889,3.47020914577473,60.5665753265889,6.17607188250716
3.50453193670108,2927.33772299227,1922.10688519568,0.65819305903069,37.7116843872636,0,6907.98806949385,5000,5031.79920180276,0.658193059030692,37.7116843872637,0.0607822726986605,3.48256769484649,60.7822726986605,6.19806689324698
3.51453193670108,2935.24684937607,1928.22617573915,0.658801965761828,37.7465721730749,0,6902.98806949385,5000,5017.84463861087,0.65880196576183,37.746572173075,0.060999295369684,3.4950021779548,60.999295369684,6.22019704686963
3.52453193670108,2943.15224155682,1934.35028966335,0.659413049394193,37.781584686139,0,6897.98806949385,5000,5003.89194252049,0.659413049394196,37.7815846861391,0.0612176548780381,3.50751325620004,61.2176548780381,6.24246351996228
3.53453193670108,2951.0538832098,1940.47924194361,0.660026323354393,37.8167226957437,0,6892.98806949385,5000,4989.941121694,0.660026323354395,37.8167226957438,0.0614373628920016,3.52010159812535,61.4373628920016,6.26486750235826
3.54453193670108,2958.95175789726,1946.61304763538,0.660641801186371,37.8519869778999,0,6887.98806949385,5000,4975.99218435027,0.660641801186373,37.8519869779,0.0616584312115467,3.53276787981933,61.6584312115467,6.28741019731985
3.55453193670108,2966.84584906739,1952.75172187484,0.661259496552739,37.8873783154175,0,6882.98806949385,5000,4962.04513876521,0.661259496552741,37.8873783154177,0.0618808717701619,3.54551278502051,61.8808717701619,6.31009282172422
3.56453193670108,2974.73614005321,1958.89527987949,0.661879423236118,37.9228974979827,0,6877.98806949385,5000,4948.0999932723,0.661879423236121,37.9228974979829,0.062104696636704,3.55833700522346,62.104696636704,6.33291660625228
3.57453193670108,2982.6226140715,1965.04373694878,0.662501595140504,37.9585453222357,0,6872.98806949385,5000,4934.15675626315,0.662501595140507,37.9585453222358,0.0623299180172814,3.57124123978665,62.3299180172814,6.35588279558069
3.58453193670108,2990.50525422169,1971.19710846474,0.663126026292646,37.9943225918499,0,6867.98806949385,5000,4920.21543618806,0.663126026292649,37.99432259185,0.0625565482571675,3.58422619604217,62.5565482571675,6.37899264857699
3.59453193670108,2998.38404348471,1977.35540989256,0.663752730843451,38.0302301176126,0,6862.98806949385,5000,4906.27604155655,0.663752730843453,38.0302301176128,0.0627845998427469,3.59729258940713,62.7845998427469,6.40224743849805
3.60453193670108,3006.2589647219,1983.51865678127,0.664381723069402,38.0662687175062,0,6857.98806949385,5000,4892.33858093795,0.664381723069405,38.0662687175063,0.0630140854034924,3.61044114349704,63.0140854034924,6.4256484531917
3.61453193670108,3014.13000067382,1989.68686476434,0.665013017374003,38.1024392167905,0,6852.98806949385,5000,4878.40306296199,0.665013017374006,38.1024392167906,0.0632450177139757,3.62367259024094,63.2450177139757,6.44919699530173
3.62453193670108,3021.99713395912,1995.86004956036,0.665646628289236,38.1387424480868,0,6847.98806949385,5000,4864.46949631934,0.665646628289239,38.1387424480869,0.0634774096959118,3.63698766999856,63.4774096959118,6.47289438247636
3.63453193670108,3029.86034707335,2002.03822697366,0.666282570477046,38.1751792514626,0,6842.98806949385,5000,4850.53788976223,0.666282570477049,38.1751792514627,0.0637112744202366,3.65038713167936,63.7112744202366,6.49674194758012
3.64453193670108,3037.71962238774,2008.22141289496,0.66692085873084,38.2117504745177,0,6837.98806949385,5000,4836.60825210503,0.666920858730843,38.2117504745179,0.06394662510922,3.66387173286361,63.94662510922,6.52074103890932
3.65453193670108,3045.57494214808,2014.40962330207,0.667561507977014,38.2484569724718,0,6832.98806949385,5000,4822.68059222486,0.667561507977017,38.2484569724719,0.0641834751386142,3.67744223992544,64.1834751386142,6.54489302041107
3.66453193670108,3053.42628847338,2020.60287426053,0.6682045332765,38.2852996082524,0,6827.98806949385,5000,4808.75491906221,0.668204533276503,38.2852996082526,0.0644218380398378,3.69109942815805,64.4218380398378,6.56919927190609
3.67453193670108,3061.27364335474,2026.80118192429,0.66884994982633,38.3222792525856,0,6822.98806949385,5000,4794.83124162153,0.668849949826333,38.3222792525858,0.0646617275021972,3.7048440819009,64.6617275021972,6.59366118931513
3.68453193670108,3069.11698865405,2033.00456253638,0.669497772961228,38.3593967840862,0,6817.98806949385,5000,4780.90956897188,0.669497772961231,38.3593967840864,0.0649031573751456,3.71867699466922,64.9031573751456,6.61828018488939
3.69453193670108,3076.95630610271,2039.21303242965,0.670148018155223,38.3966530893508,0,6812.98806949385,5000,4766.98991024755,0.670148018155226,38.3966530893509,0.0651461416705793,3.73259896928554,65.1461416705793,6.64305768744467
3.70453193670108,3084.7915773004,2045.42660802738,0.670800701023285,38.4340490630512,0,6807.98806949385,5000,4753.0722746487,0.670800701023288,38.4340490630514,0.0653906945651744,3.74661081801354,65.3906945651744,6.6679951425996
3.71453193670108,3092.62278371373,2051.64530584405,0.671455837322985,38.4715856080298,0,6802.98806949385,5000,4739.15667144204,0.671455837322988,38.47158560803,0.0656368304027622,3.76071336269424,65.6368304027622,6.69309401301792
3.72453193670108,3100.44990667496,2057.86914248604,0.672113442956176,38.5092636353957,0,6797.98806949385,5000,4725.24310996142,0.672113442956179,38.5092636353959,0.0658845636967457,3.77490743488437,65.8845636967457,6.71835577865486
3.73453193670108,3108.27292738064,2064.09813465232,0.672773533970706,38.5470840646228,0,6792.98806949385,5000,4711.33159960858,0.672773533970709,38.5470840646229,0.0661339091325571,3.78919387599721,66.1339091325571,6.74378193700775
3.74453193670108,3116.09182689029,2070.33229913518,0.673436126562147,38.585047823649,0,6787.98806949385,5000,4697.42214985376,0.67343612656215,38.5850478236491,0.0663848815701581,3.80357353744586,66.3848815701581,6.76937400337099
3.75453193670107,3123.90658612504,2076.57165282097,0.674101237075552,38.6231558489769,0,6782.98806949385,5000,4683.51477023638,0.674101237075555,38.623155848977,0.0666374960465824,3.81804728078888,66.6374960465824,6.79513351109527
3.76453193670107,3131.71718586621,2082.81621269086,0.674768882007243,38.6614090857761,0,6777.98806949385,5000,4669.6094703658,0.674768882007246,38.6614090857762,0.0668917677785228,3.83261597787855,66.8917677785228,6.82106201185143
3.77453193670107,3139.52360675396,2089.06599582153,0.675439078006617,38.6998084879867,0,6772.98806949385,5000,4655.70625992192,0.67543907800662,38.6998084879869,0.0671477121649624,3.8472805110116,67.1477121649624,6.84716107589875
3.78453193670107,3147.32582928583,2095.32101938595,0.676111841877983,38.7383550184249,0,6767.98806949385,5000,4641.80514865599,0.676111841877986,38.7383550184251,0.0674053447898521,3.86204177308266,67.4053447898521,6.87343229235795
3.79453193670107,3155.12383381533,2101.58130065415,0.676787190582426,38.7770496488891,0,6762.98806949385,5000,4627.90614639124,0.67678719058243,38.7770496488893,0.0676646814248341,3.87690066774025,67.6646814248341,6.89987726948898
3.80453193670107,3162.91760055049,2107.84685699399,0.677465141239699,38.815893360269,0,6757.98806949385,5000,4614.00926302366,0.677465141239702,38.8158933602691,0.0679257380320132,3.89185810954562,67.9257380320132,6.92649763497354
3.81453193670107,3170.70710955239,2114.11770587191,0.678145711130137,38.8548871426547,0,6752.98806949385,5000,4600.11450852271,0.67814571113014,38.8548871426549,0.0681885307667765,3.90691502413426,68.1885307667765,6.95329503620263
3.82453193670107,3178.49234073363,2120.39386485371,0.678828917696609,38.8940319954492,0,6747.98806949385,5000,4586.22189293209,0.678828917696613,38.8940319954494,0.0684530759806624,3.92207234838031,68.4530759806624,6.98027114056915
3.83453193670107,3186.27327385688,2126.67535160538,0.679514778546493,38.9333289274808,0,6742.98806949385,5000,4572.33142637046,0.679514778546497,38.933328927481,0.0687193902242803,3.93733103056383,68.7193902242803,7.00742763576556
3.84453193670107,3194.04988853332,2132.96218389387,0.68020331145368,38.9727789571185,0,6737.98806949385,5000,4558.44311903225,0.680203311453683,38.9727789571187,0.0689874902502813,3.95269203054103,68.9874902502813,7.03476623008686
3.85453193670107,3201.82216422108,2139.25437958789,0.680894534360609,39.0123831123883,0,6732.98806949385,5000,4544.55698118837,0.680894534360613,39.0123831123885,0.0692573930163818,3.9681563199175,69.2573930163818,7.06228865273888
3.86453193670107,3209.5900802237,2145.55195665875,0.681588465380337,39.0521424310919,0,6727.98806949385,5000,4530.67302318705,0.681588465380341,39.0521424310921,0.0695291156884407,3.98372488222449,69.5291156884407,7.08999665415211
3.87453193670107,3217.35361568853,2151.85493318114,0.682285122798631,39.0920579609267,0,6722.98806949385,5000,4516.79125545464,0.682285122798635,39.0920579609269,0.069802675643591,3.99939871309839,69.802675643591,7.11789200630093
3.88453193670107,3225.11274960512,2158.16332733403,0.6829845250761,39.1321307596075,0,6717.98806949385,5000,4502.91168849635,0.682984525076104,39.1321307596077,0.070078090473427,4.01517882046331,70.078090473427,7.14597650302877
3.89453193670107,3232.86746080357,2164.47715740143,0.683686690850355,39.1723618949908,0,6712.98806949385,5000,4489.03433289712,0.683686690850359,39.172361894991,0.0703553779872494,4.03106622471701,70.3553779872494,7.17425196037886
3.90453193670107,3240.61772795291,2170.7964417733,0.684391638938201,39.2127524452002,0,6707.98806949385,5000,4475.15919932245,0.684391638938205,39.2127524452004,0.0706345562153669,4.04706195892008,70.6345562153669,7.20272021693105
3.91453193670107,3248.36352955941,2177.12119894638,0.685099388337867,39.253303498754,0,6702.98806949385,5000,4461.2862985192,0.685099388337871,39.2533034987542,0.0709156434124593,4.06316706898864,70.9156434124593,7.23138313414462
3.92453193670107,3256.1048439649,2183.45144752506,0.685809958231263,39.2940161546946,0,6697.98806949385,5000,4447.41564131646,0.685809958231267,39.2940161546949,0.0711986580609987,4.07938261389033,71.1986580609987,7.26024259670721
3.93453193670107,3263.84164934501,2189.78720622224,0.686523367986278,39.3348915227205,0,6692.98806949385,5000,4433.5472386264,0.686523367986282,39.3348915227207,0.0714836188747347,4.09570966584401,71.4836188747347,7.2893005128902
3.94453193670107,3271.57392370749,2196.12849386025,0.68723963715911,39.3759307233191,0,6687.98806949385,5000,4419.68110144516,0.687239637159114,39.3759307233193,0.0717705448022408,4.11214931052298,71.7705448022408,7.31855881491037
3.95453193670107,3279.3016448904,2202.4753293717,0.687958785496632,39.4171348879029,0,6682.98806949385,5000,4405.8172408537,0.687958785496636,39.4171348879031,0.072059455030527,4.12870264726194,72.059455030527,7.34801945929823
3.96453193670107,3287.02479056034,2208.82773180042,0.688680832938793,39.458505158947,0,6677.98806949385,5000,4391.95566801874,0.688680832938797,39.4585051589472,0.0723503689887166,4.14537078926766,72.3503689887166,7.37768442727299
3.97453193670107,3294.74333821064,2215.18572030232,0.689405799621062,39.5000426901286,0,6672.98806949385,5000,4378.09639419359,0.689405799621066,39.5000426901288,0.0726433063517916,4.16215486383354,72.6433063517916,7.40755572512444
3.98453193670107,3302.4572651595,2221.54931414638,0.690133705876899,39.5417486464692,0,6667.98806949385,5000,4364.23943071915,0.690133705876903,39.5417486464695,0.0729382870444049,4.17905601255813,72.9382870444049,7.43763538460177
3.99453193670107,3310.1665485482,2227.91853271552,0.69086457224028,39.583624204479,0,6662.98806949385,5000,4350.38478902481,0.690864572240284,39.5836242044793,0.0732353312447647,4.19607539156759,73.2353312447647,7.46792546330956
4.00453193670107,3317.87116533911,2234.29339550756,0.691598419448244,39.6256705523028,0,6657.98806949385,5000,4336.53248062935,0.691598419448248,39.625670552303,0.0735344593885882,4.21321417174226,73.5344593885882,7.49842804511104
4.01453193670107,3325.57109231389,2240.67392213618,0.692335268443492,39.667888889869,0,6652.98806949385,5000,4322.68251714196,0.692335268443495,39.6678888898692,0.07383569217313,4.23047353894747,73.83569217313,7.52914524053882
4.02453193670107,3333.26630607147,2247.06013233187,0.693075140377022,39.7102804290404,0,6647.98806949385,5000,4308.83491026317,0.693075140377026,39.7102804290407,0.0741390505612843,4.24785469426861,74.1390505612843,7.5600791872132
4.03453193670107,3340.95678302611,2253.45204594288,0.693818056610808,39.7528463937681,0,6642.98806949385,5000,4294.98967178585,0.693818056610812,39.7528463937683,0.0744445557857633,4.26535885425045,74.4445557857633,7.59123205026827
4.04453193670107,3348.64249940545,2259.84968293625,0.694564038720517,39.7955880202467,0,6637.98806949385,5000,4281.14681359618,0.694564038720521,39.7955880202469,0.0747522293533536,4.28298725114111,74.7522293533536,7.62260602278592
4.05453193670107,3356.32343124844,2266.25306339874,0.695313108498271,39.8385065570728,0,6632.98806949385,5000,4267.30634767468,0.695313108498275,39.8385065570731,0.0750620930492521,4.30074113314042,75.0620930492521,7.65420332623802
4.06453193670107,3363.99955440334,2272.66220753787,0.696065287955457,39.881603265406,0,6627.98806949385,5000,4253.46828609724,0.696065287955462,39.8816032654063,0.0753741689414828,4.31862176465301,75.3741689414828,7.68602621093674
4.07453193670107,3371.6708445256,2279.07713568291,0.696820599325574,39.924879419132,0,6622.98806949385,5000,4239.6326410361,0.696820599325578,39.9248794191322,0.075688479385397,4.33663042654619,75.688479385397,7.71807695649351
4.08453193670107,3379.33727707582,2285.4978682859,0.697579065067129,39.9683363050283,0,6617.98806949385,5000,4225.799424761,0.697579065067133,39.9683363050286,0.0760050470282581,4.35476841641253,76.0050470282581,7.75035787228647
4.09453193670107,3386.99882731755,2291.9244259227,0.698340707866582,40.0119752229335,0,6612.98806949385,5000,4211.96864964013,0.698340707866586,40.0119752229337,0.0763238948139126,4.37303704883762,76.3238948139126,7.78287129793687
4.10453193670107,3394.65547031521,2298.35682929403,0.699105550641333,40.0557974859178,0,6607.98806949385,5000,4198.1403281413,0.699105550641337,40.0557974859181,0.07664504598755,4.39143765567272,76.64504598755,7.81561960379436
4.11453193670107,3402.30718093184,2304.7950992265,0.699873616542763,40.0998044204577,0,6602.98806949385,5000,4184.31447283299,0.699873616542767,40.0998044204579,0.0769685241005534,4.40997158631267,76.9685241005534,7.84860519143167
4.12453193670107,3409.95393382691,2311.23925667369,0.700644928959315,40.1439973666122,0,6597.98806949385,5000,4170.49109638545,0.700644928959319,40.1439973666124,0.0772943530154417,4.42864020797909,77.2943530154417,7.88183049414853
4.13453193670107,3417.59570345404,2317.68932271723,0.701419511519638,40.1883776782031,0,6592.98806949385,5000,4156.67021157189,0.701419511519642,40.1883776782033,0.0776225569109069,4.447444906009,77.6225569109069,7.91529797748537
4.14453193670107,3425.23246405877,2324.14531856788,0.702197388095766,40.2329467229973,0,6587.98806949385,5000,4142.85183126952,0.70219738809577,40.2329467229975,0.0779531602869476,4.46638708414891,77.9531602869476,7.94901013974676
4.15453193670107,3432.8641896762,2330.60726556663,0.702978582806363,40.2777058828925,0,6582.98806949385,5000,4129.03596846081,0.702978582806368,40.2777058828927,0.0782861879701018,4.48546816485467,78.2861879701018,7.98296951253504
4.16453193670107,3440.49085412867,2337.07518518582,0.703763120020015,40.3226565541057,0,6577.98806949385,5000,4115.22263623457,0.70376312002002,40.3226565541059,0.0786216651187791,4.50468958959696,78.6216651187791,8.01717866129403
4.17453193670107,3448.11243102337,2343.54909903023,0.704551024358572,40.367800147365,0,6572.98806949385,5000,4101.41184778722,0.704551024358576,40.3678001473653,0.078959617228698,4.52405281917286,78.959617228698,8.05164018586347
4.18453193670107,3455.72889374993,2350.02902883827,0.70534232070055,40.4131380881045,0,6567.98806949385,5000,4087.60361642394,0.705342320700554,40.4131380881048,0.0793000701384268,4.54355933402326,79.3000701384268,8.08635672104407
4.19453193670107,3463.34021547795,2356.51499648307,0.706137034184591,40.4586718166622,0,6562.98806949385,5000,4073.79795555993,0.706137034184595,40.4586718166624,0.0796430500350331,4.56321063455664,79.6430500350331,8.12133093717357
4.20453193670107,3470.94636915458,2363.00702397368,0.706935190212971,40.5044027884813,0,6557.98806949385,5000,4059.99487872162,0.706935190212976,40.5044027884816,0.079988583459844,4.58300824147901,79.988583459844,8.15656554071411
4.21453193670107,3478.54732750193,2369.5051334562,0.707736814455179,40.5503324743152,0,6552.98806949385,5000,4046.19439954794,0.707736814455183,40.5503324743154,0.0803366973143175,4.60295369613037,80.3366973143175,8.192063274851
4.22453193670106,3486.14306301456,2376.00934721502,0.70854193285154,40.596462360435,0,6547.98806949385,5000,4032.39653179163,0.708541932851545,40.5964623604353,0.0806874188660305,4.62304856082781,80.6874188660306,8.22782692010325
4.23453193670106,3493.73354795688,2382.51968767396,0.709350571616914,40.6427939488416,0,6542.98806949385,5000,4018.60128932047,0.709350571616919,40.6427939488419,0.0810407757547842,4.64329441921527,81.0407757547842,8.26385929494621
4.24453193670106,3501.31875436051,2389.03617739751,0.710162757244444,40.6893287574803,0,6537.98806949385,5000,4004.80868611865,0.710162757244449,40.6893287574805,0.0813967959988293,4.66369287662026,81.3967959988293,8.30016325644632
4.25453193670106,3508.89865402166,2395.55883909205,0.710978516509375,40.7360683204595,0,6532.98806949385,5000,3991.01873628808,0.71097851650938,40.7360683204598,0.0817555080012159,4.6842455604177,81.7555080012159,8.33674170090866
4.26453193670106,3516.47321849834,2402.08769560709,0.711797876472933,40.7830141882734,0,6527.98806949385,5000,3977.23145404974,0.711797876472938,40.7830141882737,0.0821169405562677,4.7049541204008,82.1169405562677,8.37359756453709
4.27453193670106,3524.04241910771,2408.62276993649,0.712620864486272,40.8301679280276,0,6522.98806949385,5000,3963.44685374505,0.712620864486277,40.8301679280278,0.0824811228561867,4.72582022915953,82.4811228561867,8.41073382410779
4.28453193670106,3531.60622692325,2415.16408521977,0.713447508194484,40.8775311236691,0,6517.98806949385,5000,3949.66494983729,0.713447508194488,40.8775311236694,0.0828480844977891,4.74684558246654,82.8480844977891,8.44815349765609
4.29453193670106,3539.16461277191,2421.71166474333,0.714277835540681,40.9251053762206,0,6512.98806949385,5000,3935.88575691295,0.714277835540686,40.9251053762208,0.0832178554893759,4.76803189967083,83.2178554893759,8.48585964517709
4.30453193670106,3546.71754723131,2428.2655319418,0.715111874770146,40.9728923040173,0,6507.98806949385,5000,3922.10928968325,0.715111874770151,40.9728923040175,0.0835904662577425,4.78938092409936,83.5904662577425,8.52385536934045
4.31453193670106,3554.26500062679,2434.82571039929,0.715949654434552,41.0208935429496,0,6502.98806949385,5000,3908.33556298551,0.715949654434557,41.0208935429499,0.0839659476553284,4.81089442346671,83.9659476553284,8.56214381621944
4.32453193670106,3561.80694302845,2441.39222385076,0.716791203396253,41.0691107467086,0,6497.98806949385,5000,3894.56459178468,0.716791203396258,41.0691107467089,0.0843443309675126,4.83257419029304,84.3443309675126,8.6007281760349
4.33453193670106,3569.34334424819,2447.96509618331,0.717636550832654,41.1175455870366,0,6492.98806949385,5000,3880.79639117481,0.717636550832659,41.1175455870369,0.0847256479200563,4.85442204233059,84.7256479200563,8.63961168391411
4.34453193670106,3576.87417383666,2454.54435143754,0.71848572624065,41.1661997539811,0,6487.98806949385,5000,3867.03097638058,0.718485726240655,41.1661997539814,0.0851099306866973,4.87643982299872,85.1099306866973,8.67879762066529
4.35453193670106,3584.39940108014,2461.13001380894,0.719338759441148,41.2150749561542,0,6482.98806949385,5000,3853.26836275884,0.719338759441153,41.2150749561545,0.0854972118968988,4.89862940182799,85.4972118968988,8.71828931356771
4.36453193670106,3591.91899499748,2467.72210764922,0.720195680583658,41.2641729209955,0,6477.98806949386,5000,3839.50856580017,0.720195680583663,41.2641729209958,0.0858875246437582,4.9209926749132,85.8875246437582,8.75809013717816
4.37453193670106,3599.43292433685,2474.32065746774,0.721056520150975,41.3134953950406,0,6472.98806949386,5000,3825.75160113048,0.72105652015098,41.3134953950409,0.0862809024920769,4.94353156537579,86.2809024920769,8.79820351415386
4.38453193670106,3606.94115757258,2480.92568793291,0.721921308963933,41.3630441441933,0,6467.98806949386,5000,3811.99748451262,0.721921308963938,41.3630441441936,0.0866773794865966,4.9662480238358,86.6773794865966,8.83863291609231
4.39453193670106,3614.44366290182,2487.53722387361,0.722790078186249,41.4128209540029,0,6462.98806949386,5000,3798.246231848,0.722790078186254,41.4128209540032,0.0870769901604064,4.98914402889348,87.0769901604064,8.87938186438859
4.40453193670106,3621.94040824127,2494.1552902806,0.723662859329449,41.4628276299468,0,6457.98806949386,5000,3784.49785917827,0.723662859329454,41.4628276299471,0.0874797695435237,5.01222158762099,87.4797695435237,8.92045393111039
4.41453193670106,3629.43136122381,2500.77991230805,0.724539684257879,41.5130659977177,0,6452.98806949386,5000,3770.752382687,0.724539684257884,41.513065997718,0.0878857531716535,5.03548273606423,87.8857531716535,8.96185273989114
4.42453193670106,3636.91648919503,2507.41111527493,0.725420585193808,41.5635379035156,0,6447.98806949386,5000,3757.0098187014,0.725420585193814,41.5635379035159,0.088294977095131,5.05892953975528,88.294977095131,9.00358196684199
4.43453193670106,3644.39575920977,2514.04892466656,0.726305594722621,41.6142452143454,0,6442.98806949386,5000,3743.27018369403,0.726305594722626,41.6142452143457,0.0887074778880497,5.08256409423532,88.7074778880497,9.04564534148254
4.44453193670106,3651.86913802862,2520.69336613606,0.727194745798098,41.6651898183198,0,6437.98806949386,5000,3729.5334942846,0.727194745798103,41.6651898183201,0.0891232926575837,5.10638852558883,89.1232926575837,9.08804664769149
4.45453193670106,3659.33659211432,2527.34446550593,0.728088071747799,41.7163736249672,0,6432.98806949386,5000,3715.79976724175,0.728088071747804,41.7163736249675,0.0895424590535036,5.13040499098874,89.5424590535036,9.13078972467699
4.46453193670106,3666.79808762808,2534.00224876953,0.728985606278534,41.7677985655455,0,6427.98806949386,5000,3702.06901948487,0.728985606278539,41.7677985655458,0.0899650152778954,5.15461567925338,89.9650152778954,9.1738784679677
4.47453193670106,3674.25359042595,2540.66674209268,0.729887383481936,41.8194665933616,0,6422.98806949386,5000,3688.34126808594,0.729887383481941,41.8194665933619,0.0903910000950843,5.17902281141495,90.3910000950843,9.21731683042469
4.48453193670106,3681.70306605502,2547.33797181521,0.730793437840136,41.8713796840958,0,6417.98806949386,5000,3674.6165302714,0.730793437840141,41.8713796840962,0.0908204528417696,5.20362864130032,90.8204528417696,9.26110882327498
4.49453193670106,3689.14647974963,2554.01596445255,0.731703804231535,41.9235398361336,0,6412.98806949386,5000,3660.89482342409,0.73170380423154,41.9235398361339,0.0912534134373767,5.22843545612408,91.2534134373767,9.30525851716709
4.50453193670106,3696.58379642751,2560.70074669736,0.732618517936688,41.9759490709016,0,6407.98806949386,5000,3647.17616508516,0.732618517936694,41.9759490709019,0.0916899223946291,5.2534455770943,91.6899223946291,9.34977004324913
4.51453193670106,3704.01498068579,2567.39234542113,0.733537614644288,42.0286094332115,0,6402.98806949386,5000,3633.46057295602,0.733537614644293,42.0286094332118,0.0921300208303483,5.27866136003132,92.1300208303483,9.39464759427004
4.52453193670106,3711.43999679708,2574.09078767584,0.73446113045726,42.0815229916084,0,6397.98806949386,5000,3619.74806490037,0.734461130457266,42.0815229916087,0.0925737504764865,5.30408519599987,92.5737504764865,9.43989542570465
4.53453193670106,3718.85880870539,2580.79610069561,0.735389101898976,42.1346918387273,0,6392.98806949386,5000,3606.03865894622,0.735389101898981,42.1346918387277,0.0930211536913966,5.3297195119548,93.0211536913966,9.48551785690288
4.54453193670106,3726.27138002196,2587.50831189841,0.736321565919566,42.188118091655,0,6387.98806949386,5000,3592.33237328793,0.736321565919572,42.1881180916553,0.0934722734713481,5.35556677140089,93.4722734713481,9.53151927226403
4.55453193670106,3733.67767402117,2594.22744888771,0.737258559902366,42.2418038922985,0,6382.98806949386,5000,3578.62922628832,0.737258559902371,42.2418038922989,0.0939271534622915,5.3816294750669,93.9271534622915,9.57790412243646
4.56453193670106,3741.07765363619,2600.95353945426,0.738200121670466,42.2957514077616,0,6377.98806949386,5000,3564.92923648081,0.738200121670472,42.2957514077619,0.0943858379718813,5.40791016159442,94.3858379718813,9.62467692554351
4.57453193670106,3748.47128145473,2607.68661157779,0.739146289493395,42.3499628307265,0,6372.98806949386,5000,3551.23242257154,0.739146289493401,42.3499628307268,0.0948483719817607,5.43441140824178,94.8483719817607,9.67184226843629
4.58453193670106,3755.85851971461,2614.42669342878,0.740097102093918,42.4044403798443,0,6367.98806949386,5000,3537.5388034416,0.740097102093924,42.4044403798447,0.0953148011601173,5.46113583160337,95.3148011601173,9.71940480797391
4.59453193670106,3763.23933029933,2621.17381337024,0.741052598654971,42.4591863001319,0,6362.98806949386,5000,3523.84839814925,0.741052598654977,42.4591863001323,0.0957851718745147,5.48808608834489,95.7851718745147,9.76736927233201
4.60453193670106,3770.61367473349,2627.92799995952,0.742012818826715,42.5142028633762,0,6357.98806949386,5000,3510.16122593217,0.742012818826721,42.5142028633765,0.0962595312050081,5.51526487595481,96.2595312050081,9.81574046234016
4.61453193670106,3777.98151417826,2634.68928195011,0.74297780273373,42.5694923685461,0,6352.98806949386,5000,3496.47730620978,0.742977802733736,42.5694923685465,0.0967379269575508,5.54267493351249,96.7379269575508,9.86452325284891
4.62453193670106,3785.34280942663,2641.45768829347,0.743947590982341,42.625057142213,0,6347.98806949386,5000,3482.7966585856,0.743947590982347,42.6250571422133,0.0972204076776992,5.57031904247343,97.2204076776992,9.91372259412737
4.63453193670106,3792.69752089868,2648.23324814096,0.744922224668088,42.6808995389775,0,6342.98806949386,5000,3469.11930284957,0.744922224668094,42.6808995389779,0.0977070226646238,5.59820002747202,97.7070226646238,9.96334351329188
4.64453193670106,3800.04560863677,2655.01599084564,0.745901745383326,42.7370219419063,0,6337.98806949386,5000,3455.44525898052,0.745901745383332,42.7370219419067,0.0981978219854346,5.62632075714237,98.1978219854346,10.0133911157668
4.65453193670106,3807.38703230059,2661.8059459642,0.746886195224986,42.7934267629758,0,6332.98806949386,5000,3441.77454714861,0.746886195224992,42.7934267629761,0.0986928564898274,5.65468414495742,98.6928564898273,10.0638705867781
4.66453193670106,3814.72175116218,2668.60314325893,0.747875616802469,42.8501164435247,0,6327.98806949386,5000,3428.10718771782,0.747875616802475,42.8501164435251,0.0991921778250622,5.68329315008722,99.1921778250622,10.1147871928806
4.67453193670106,3822.04972410086,2675.40761269961,0.748870053245699,42.9070934547158,0,6322.98806949386,5000,3414.44320124848,0.748870053245705,42.9070934547161,0.0996958384512795,5.71215077827638,99.6958384512795,10.1661462835198
4.68453193670106,3829.37090959806,2682.21938446551,0.749869548213333,42.9643602980058,0,6317.98806949386,5000,3400.78260849988,0.749869548213339,42.9643602980061,0.100203891657165,5.74126008274169,100.203891657165,10.2179532926294
4.69453193670105,3836.68526573208,2689.03848894738,0.750874145901123,43.0219195056247,0,6312.98806949386,5000,3387.12543043287,0.750874145901129,43.0219195056251,0.10071639157597,5.77062416509001,100.71639157597,10.270213740265
4.70453193670105,3843.99275017276,2695.86495674945,0.751883891050445,43.0797736410647,0,6307.98806949386,5000,3373.47168821253,0.751883891050451,43.0797736410651,0.101233393201901,5.80024617625729,101.233393201901,10.3229332342748
4.71453193670105,3851.29332017605,2702.69881869149,0.752898828956992,43.1379252995777,0,6302.98806949386,5000,3359.82140321089,0.752898828956998,43.137925299578,0.101754952406885,5.83012931746907,101.754952406885,10.3761174720098
4.72453193670105,3858.58693257849,2709.54010581088,0.753919005479634,43.1963771086834,0,6297.98806949386,5000,3346.17459700967,0.753919005479641,43.1963771086838,0.102281125957716,5.8602768412231,102.281125957716,10.4297722420721
4.73453193670105,3865.87354379163,2716.38884936466,0.754944467049459,43.2551317286873,0,6292.98806949386,5000,3332.5312914031,0.754944467049466,43.2551317286877,0.102811971533604,5.89069205229468,102.811971533604,10.4839034261041
4.74453193670105,3873.1531097963,2723.24508083167,0.755975260678983,43.3141918532079,0,6287.98806949386,5000,3318.89150840076,0.75597526067899,43.3141918532083,0.103347547744129,5.92137830876538,103.347547744129,10.5385170006199
4.75453193670105,3880.42558613683,2730.10883191467,0.757011433971544,43.3735602097159,0,6282.98806949386,5000,3305.2552702305,0.757011433971551,43.3735602097163,0.103887914147611,5.95233902307556,103.887914147611,10.5936190388778
4.76453193670105,3887.69092791513,2736.98013454251,0.758053035130888,43.4332395600822,0,6277.98806949386,5000,3291.62259934135,0.758053035130895,43.4332395600826,0.104433131269911,5.98357766310158,104.433131269911,10.649215712798
4.77453193670105,3894.94908978474,2743.85902087229,0.759100112970936,43.4932327011386,0,6272.98806949386,5000,3277.99351840654,0.759100112970942,43.493232701139,0.10498326062367,6.01509775325826,104.98326062367,10.7053132949244
4.78453193670105,3902.20002594467,2750.74552329163,0.760152716925749,43.5535424652482,0,6267.98806949386,5000,3264.36805032658,0.760152716925756,43.5535424652486,0.105538364728007,6.04690287562714,105.538364728007,10.7619181604326
4.79453193670105,3909.44369013324,2757.63967442081,0.7612108970597,43.6141717208882,0,6262.98806949386,5000,3250.74621823229,0.761210897059707,43.6141717208886,0.106098507128671,6.07899667111155,106.098507128671,10.8190367891861
4.80453193670105,3916.68003562175,2764.54150711512,0.762274704077835,43.6751233732437,0,6257.98806949386,5000,3237.12804548804,0.762274704077842,43.6751233732441,0.106663752418684,6.11138284061891,106.663752418684,10.8766757678396
4.81453193670105,3923.90901520806,2771.45105446709,0.763344189336456,43.7364003648141,0,6252.98806949386,5000,3223.51355569488,0.763344189336463,43.7364003648145,0.107234166259458,6.14406514627114,107.234166259458,10.934841791994
4.82453193670105,3931.13058121005,2778.36834980883,0.764419404853908,43.7980056760311,0,6247.98806949386,5000,3209.90277269389,0.764419404853916,43.7980056760316,0.107809815402435,6.17704741264403,107.809815402435,10.9935416684021
4.83453193670105,3938.344685459,2785.29342671434,0.765500403321598,43.8599423258898,0,6242.98806949386,5000,3196.29572056941,0.765500403321605,43.8599423258903,0.108390767711227,6.21033352803618,108.390767711227,11.0527823172263
4.84453193670105,3945.5512792928,2792.22631900193,0.766587238115218,43.9222133725923,0,6237.98806949386,5000,3182.69242365251,0.766587238115226,43.9222133725927,0.1089770921843,6.24392744576847,108.9770921843,11.1125707743521
4.85453193670105,3952.75031354907,2799.16706073655,0.767679963306222,43.9848219142044,0,6232.98806949386,5000,3169.09290652438,0.767679963306229,43.9848219142049,0.109568858978199,6.27783318551491,109.568858978199,11.1729141937562
4.86453193670105,3959.94173855816,2806.11568623226,0.768778633673513,44.0477710893263,0,6227.98806949386,5000,3155.49719401983,0.76877863367352,44.0477710893267,0.110166139431341,6.31205483466561,110.166139431341,11.2338198499326
4.87453193670105,3967.12550413605,2813.07223005465,0.769883304715391,44.1110640777762,0,6222.98806949386,5000,3141.90531123089,0.769883304715399,44.1110640777767,0.110769006088376,6.34659654972288,110.769006088376,11.2952951403768
4.88453193670105,3974.30155957704,2820.03672702334,0.77099403266174,44.1747041012892,0,6217.98806949386,5000,3128.31728351039,0.770994032661747,44.1747041012897,0.111377532725152,6.38146255773145,111.377532725152,11.3573475881318
4.89453193670105,3981.46985364642,2827.00921221446,0.77211087448646,44.2386944242294,0,6212.98806949386,5000,3114.7331364757,0.772110874486468,44.2386944242298,0.111991794374286,6.41665715774355,111.991794374286,11.419984844395
4.90453193670105,3988.63033457294,2833.98972096321,0.773233887920173,44.3030383543176,0,6207.98806949386,5000,3101.15289601245,0.773233887920181,44.3030383543181,0.112611867351361,6.45218472232003,112.611867351361,11.4832146911902
4.91453193670105,3995.78295004112,2840.97828886641,0.774363131463183,44.3677392433745,0,6202.98806949386,5000,3087.57658827835,0.774363131463191,44.367739243375,0.113237829281773,6.48804969906854,113.237829281773,11.5470450441051
4.92453193670105,4002.92764718355,2847.9749517851,0.77549866439871,44.4328004880783,0,6197.98806949386,5000,3074.00423970714,0.775498664398718,44.4328004880788,0.113869759128243,6.5242566122196,113.869759128243,11.6114839550961
4.93453193670105,4010.06437257285,2854.97974584716,0.776640546806407,44.4982255307396,0,6192.98806949386,5000,3060.43587701249,0.776640546806415,44.4982255307401,0.114507737219004,6.560810064242,114.507737219004,11.6765396153634
4.94453193670105,4017.1930722137,2861.99270744996,0.777788839576155,44.5640178600915,0,6187.98806949386,5000,3046.87152719206,0.777788839576164,44.564017860092,0.115151845276698,6.59771473749828,115.151845276698,11.7422203582975
4.95453193670105,4024.31369153456,2869.01387326307,0.778943604422158,44.6301810120976,0,6182.98806949386,5000,3033.31121753164,0.778943604422167,44.6301810120981,0.115802166447998,6.63497539594177,115.802166447998,11.8085346624993
4.96453193670105,4031.42617537931,2876.04328023092,0.780104903897332,44.6967185707758,0,6177.98806949386,5000,3019.75497560926,0.780104903897341,44.6967185707763,0.116458785333963,6.67259688685612,116.458785333963,11.8754911548758
4.97453193670105,4038.53046799875,2883.08096557561,0.781272801408006,44.7636341690413,0,6172.98806949386,5000,3006.20282929954,0.781272801408015,44.7636341690418,0.117121788021167,6.71058414263875,117.121788021167,11.9430986138148
4.98453193670105,4045.62651304189,2890.12696679965,0.782447361228934,44.8309314895661,0,6167.98806949386,5000,2992.65480677797,0.782447361228943,44.8309314895666,0.117791262113616,6.74894218262942,117.791262113616,12.0113659724387
4.99453193670105,4052.71425354713,2897.18132168877,0.783628648518634,44.8986142656583,0,6162.98806949386,5000,2979.11093652535,0.783628648518643,44.8986142656588,0.118467296765469,6.78767611498518,118.467296765469,12.0803023219416
5.00453193670105,4059.79363193324,2904.2440683148,0.784816729335055,44.9666862821597,0,6157.98806949386,5000,2965.57124733229,0.784816729335064,44.9666862821602,0.119149982714598,6.82679113860316,119.149982714598,12.1499169150115
5.01453193670105,4066.86458999021,2911.31524503848,0.786011670651587,45.0351513763628,0,6152.98806949386,5000,2952.03576830381,0.786011670651596,45.0351513763633,0.119839412317007,6.86629254509257,119.839412317007,12.2202191693398
5.02453193670105,4073.92706886988,2918.39489051243,0.787213540373416,45.1040134389482,0,6147.98806949386,5000,2938.50452886397,0.787213540373426,45.1040134389487,0.120535679582131,6.9061857207973,120.535679582131,12.2912186712211
5.03453193670105,4080.98100907644,2925.48304368405,0.788422407354243,45.1732764149423,0,6142.98806949386,5000,2924.9775587607,0.788422407354253,45.1732764149428,0.12123888020905,6.94647614887075,121.23888020905,12.3629251792458
5.04453193670105,4088.02635045671,2932.57974379852,0.78963834141336,45.2429443046959,0,6137.98806949386,5000,2911.45488807056,0.78963834141337,45.2429443046965,0.121949111623639,6.9871694114043,121.949111623639,12.435348628088
5.05453193670105,4095.0630321903,2939.68503040177,0.79086141335311,45.3130211648845,0,6132.98806949386,5000,2897.93654720377,0.79086141335312,45.313021164885,0.122666473016679,7.0282711916111,122.666473016679,12.5084991323927
5.06453193670105,4102.09099277948,2946.79894334358,0.792091694976733,45.3835111095306,0,6127.98806949386,5000,2884.42256690918,0.792091694976743,45.3835111095311,0.123391065382969,7.06978727606691,123.391065382969,12.5823869907633
5.07453193670105,4109.11017003897,2953.92152278061,0.793329259106601,45.4544183110488,0,6122.98806949386,5000,2870.91297827943,0.793329259106611,45.4544183110493,0.124122991561458,7.1117235570095,124.122991561458,12.6570226898542
5.08453193670105,4116.12050108547,2961.05280917952,0.79457417960287,45.5257470013143,0,6117.98806949386,5000,2857.40781275618,0.79457417960288,45.5257470013149,0.124862356276435,7.15408603469853,124.862356276435,12.7324169085707
5.09453193670105,4123.12192232698,2968.19284332013,0.795826531382539,45.597501472755,0,6112.98806949386,5000,2843.90710213542,0.795826531382548,45.5975014727556,0.125609266179799,7.19688081983784,125.609266179799,12.8085805223801
5.10453193670105,4130.11436945196,2975.34166629859,0.797086390438946,45.6696860794685,0,6107.98806949386,5000,2830.41087857294,0.797086390438956,45.6696860794691,0.126363829894463,7.24011413606176,126.363829894463,12.8855246077368
5.11453193670105,4137.09777741824,2982.4993195306,0.798353833861698,45.7423052383638,0,6102.98806949386,5000,2816.9191745898,0.798353833861708,45.7423052383644,0.127126158058894,7.28379232248765,127.126158058894,12.9632604466249
5.12453193670105,4144.07208044174,2989.66584475467,0.799628939857055,45.8153634303296,0,6097.98806949386,5000,2803.43202307805,0.799628939857065,45.8153634303302,0.127896363372863,7.3279218363366,127.896363372863,13.0417995312225
5.13453193670105,4151.03721198497,2996.8412840354,0.800911787768774,45.8888652014283,0,6092.98806949386,5000,2789.94945730643,0.800911787768785,45.8888652014289,0.128674560644402,7.37250925562439,128.674560644402,13.1211535686908
5.14453193670105,4157.99310474525,3004.02567976681,0.802202458099438,45.9628151641181,0,6087.98806949386,5000,2776.47151092629,0.802202458099449,45.9628151641187,0.129460866838041,7.41756128192491,129.460866838041,13.2013344860927
5.15453193670105,4164.93969064282,3011.2190746757,0.80350103253226,46.0372179985023,0,6082.98806949386,5000,2762.99821797751,0.803501032532271,46.037217998503,0.130255401124341,7.46308474320832,130.255401124341,13.2823544354434
5.16453193670104,4171.87690080857,3018.42151182506,0.804807593953402,46.1120784536084,0,6077.98806949386,5000,2749.52961289463,0.804807593953413,46.112078453609,0.13105828493077,7.50908659675609,131.05828493077,13.3642257988987
5.17453193670104,4178.80466557163,3025.63303461748,0.806122226474802,46.1874013486953,0,6072.98806949386,5000,2736.0657305131,0.806122226474813,46.1874013486959,0.131869641993971,7.55557393215568,131.869641993971,13.4469611940847
5.18453193670104,4185.72291444665,3032.85368679868,0.807445015457534,46.2631915745922,0,6067.98806949386,5000,2722.60660607559,0.807445015457545,46.2631915745928,0.132689598413458,7.60255397437693,132.689598413458,13.5305734795734
5.19453193670104,4192.6315761209,3040.08351246096,0.808776047535709,46.3394540950682,0,6062.98806949386,5000,2709.15227523847,0.808776047535721,46.3394540950688,0.133518282706782,7.65003408693318,133.518282706782,13.6150757605076
5.20453193670104,4199.53057844104,3047.3225560468,0.810115410640942,46.4161939482335,0,6057.98806949386,5000,2695.7027740784,0.810115410640953,46.4161939482342,0.134355825866226,7.69802177512938,134.355825866226,13.700481394383
5.21453193670104,4206.41984839964,3054.5708623524,0.811463194027383,46.4934162479745,0,6052.98806949386,5000,2682.2581390991,0.811463194027396,46.4934162479752,0.135202361417067,7.74652468940034,135.202361417067,13.7868039969885
5.22453193670104,4213.29931212145,3061.82847653138,0.812819488297353,46.5711261854215,0,6047.98806949386,5000,2668.81840723819,0.812819488297365,46.5711261854222,0.136058025477456,7.79555062874168,136.058025477456,13.8740574485126
5.23453193670104,4220.16889484939,3069.09544409836,0.814184385427571,46.6493290304525,0,6042.98806949386,5000,2655.38361587423,0.814184385427583,46.6493290304533,0.136922956819976,7.84510754423665,136.922956819976,13.9622558998207
5.24453193670104,4227.02852093019,3076.37181093275,0.815557978796018,46.7280301332317,0,6037.98806949386,5000,2641.95380283382,0.815557978796031,46.7280301332324,0.13779729693492,7.8952035426819,137.79729693492,14.0514137789072
5.25453193670104,4233.87811379989,3083.65762328242,0.816940363209438,46.8072349257853,0,6032.98806949386,5000,2628.52900639898,0.81694036320945,46.8072349257861,0.138681190095354,7.94584689031523,138.681190095354,14.1415457975306
5.26453193670104,4240.71759596882,3090.95292776753,0.818331634931495,46.8869489236151,0,6027.98806949387,5000,2615.10926531451,0.818331634931508,46.8869489236158,0.139574783424019,7.99704601664882,139.574783424019,14.2326669580355
5.27453193670104,4247.54688900649,3098.25777138437,0.819731891711617,46.9671777273507,0,6022.98806949387,5000,2601.69461879568,0.81973189171163,46.9671777273514,0.140478226962137,8.04880951841132,140.478226962137,14.3247925603684
5.28453193670104,4254.365913526,3105.57220150914,0.821141232814531,47.0479270244419,0,6017.98806949387,5000,2588.28510653592,0.821141232814543,47.0479270244427,0.141391673740167,8.10114616360228,141.391673740167,14.4179382092934
5.29453193670104,4261.17458916825,3112.89626590197,0.822559759050513,47.1292025908923,0,6012.98806949387,5000,2574.88076871479,0.822559759050527,47.1292025908931,0.142315279850603,8.15406489566275,142.315279850603,14.5121198218151
5.30453193670104,4267.97283458571,3120.23001271074,0.823987572806391,47.2110102930349,0,6007.98806949387,5000,2561.48164600606,0.823987572806405,47.2110102930356,0.143249204522852,8.20757483776575,143.249204522852,14.6073536348143
5.31453193670104,4274.76056742594,3127.57349047518,0.825424778077289,47.2933560893512,0,6002.98806949387,5000,2548.08777958595,0.825424778077302,47.293356089352,0.144193610200282,8.26168529723071,144.193610200282,14.7036562129047
5.32453193670104,4281.5377043147,3134.92674813079,0.826871480499161,47.3762460323359,0,5997.98806949387,5000,2534.69921114157,0.826871480499175,47.3762460323367,0.145148662619504,8.31640577006589,145.148662619504,14.8010444565172
5.33453193670104,4288.30416083876,3142.28983501296,0.828327787382138,47.4596862704063,0,5992.98806949387,5000,2521.31598287954,0.828327787382152,47.4596862704071,0.146114530891958,8.3717459456431,146.114530891958,14.8995356102194
5.34453193670104,4295.05985152828,3149.66280086107,0.829793807744685,47.5436830498605,0,5987.98806949387,5000,2507.93813753478,0.829793807744699,47.5436830498613,0.147091387587893,8.42771571150927,147.091387587893,14.9991472712795
5.35453193670104,4301.80468983886,3157.04569582261,0.831269652348622,47.6282427168833,0,5982.98806949387,5000,2494.56571837949,0.831269652348637,47.6282427168841,0.14807940882281,8.48432515833929,148.07940882281,15.0998973984806
5.36453193670104,4308.53858813321,3164.43857045737,0.832755433735023,47.7133717196031,0,5977.98806949387,5000,2481.19876923231,0.832755433735038,47.713371719604,0.149078774346453,8.54158458503494,149.078774346453,15.2018043211956
5.37453193670104,4315.26145766237,3171.84147574165,0.834251266261008,47.7990766102005,0,5972.98806949387,5000,2467.83733446773,0.834251266261023,47.7990766102013,0.150089667634448,8.59950450397512,150.089667634448,15.3048867487315
5.38453193670104,4321.97320854659,3179.25446307254,0.835757266137477,47.8853640470694,0,5967.98806949387,5000,2454.48145902563,0.835757266137492,47.8853640470702,0.151112275982654,8.65809564642221,151.112275982654,15.4091637799508
5.39453193670104,4328.67374975575,3186.6775842722,0.837273551467793,47.9722407970341,0,5962.98806949387,5000,2441.13118842104,0.837273551467808,47.9722407970349,0.152146790604353,8.71736896809012,152.146790604353,15.5146549131817
5.40453193670104,4335.3629890894,3194.11089159224,0.838800242287454,48.059713737622,0,5957.98806949387,5000,2427.78656875422,0.83880024228747,48.0597137376229,0.15319340673034,8.7773356548795,153.19340673034,15.621380056425
5.41453193670104,4342.04083315628,3201.554437718,0.840337460604783,48.1477898593952,0,5952.98806949387,5000,2414.44764672078,0.840337460604798,48.147789859396,0.154252323712046,8.83800712878601,154.252323712046,15.7293595378693
5.42453193670104,4348.7071873535,3209.00827577309,0.84188533044266,48.2364762683411,0,5947.98806949387,5000,2401.11446962217,0.841885330442676,48.236476268342,0.155323745127781,8.89939505398753,155.323745127781,15.838614116725
5.43453193670104,4355.36195584516,3216.47245932373,0.84344397788134,48.3257801883263,0,5942.98806949387,5000,2387.78708537634,0.843443977881356,48.3257801883272,0.156407878892204,8.9615113431166,156.407878892204,15.9491649943869
5.44453193670104,4362.00504154053,3223.94704238333,0.845013531102372,48.4157089636127,0,5937.98806949387,5000,2374.46554252865,0.845013531102388,48.4157089636136,0.157504937369151,9.02436816372473,157.504937369151,16.0610338259397
5.45453193670104,4368.63634607182,3231.43207941694,0.846594120433675,48.5062700614397,0,5932.98806949387,5000,2361.14989026301,0.846594120433691,48.5062700614406,0.158615137487919,9.08797794494502,158.615137487919,16.1742427320154
5.46453193670104,4375.25576977129,3238.92762534587,0.848185878395785,48.5974710746749,0,5927.98806949387,5000,2347.84017841328,0.848185878395801,48.5974710746759,0.159738700863135,9.15235338436038,159.738700863135,16.288814311017
5.47453193670104,4381.86321164801,3246.43373555228,0.849788939749323,48.6893197245332,0,5922.98806949387,5000,2334.53645747492,0.84978893974934,48.6893197245342,0.160875853918349,9.21750745508459,160.875853918349,16.404771651721
5.48453193670104,4388.45856936399,3253.95046588379,0.851403441543721,48.7818238633685,0,5917.98806949387,5000,2321.23877861693,0.851403441543739,48.7818238633695,0.162026828013467,9.28345341306373,162.026828013467,16.5221383462719
5.49453193670104,4395.0417392098,3261.47787265815,0.853029523167239,48.8749914775399,0,5912.98806949387,5000,2307.94719369402,0.853029523167257,48.8749914775409,0.163191859576166,9.35020480460591,163.191859576166,16.6409385035834
5.50453193670104,4401.61261607967,3269.01601266797,0.854667326398313,48.9688306903533,0,5907.98806949387,5000,2294.66175525908,0.854667326398331,48.9688306903543,0.164371190237444,9.41777547414751,164.371190237444,16.7611967631601
5.51453193670104,4408.17109344594,3276.56494318546,0.856316995458288,49.0633497650832,0,5902.98806949387,5000,2281.38251657595,0.856316995458306,49.0633497650842,0.165565066971444,9.48617957226457,165.565066971444,16.8829383093558
5.52453193670104,4414.717063333,3284.12472196713,0.857978677065563,49.1585571080746,0,5897.98806949387,5000,2268.10953163242,0.857978677065582,49.1585571080756,0.166773742239711,9.55543156393811,166.773742239711,17.0061888860835
5.53453193670104,4421.25041629058,3291.69540725869,0.859652520491212,49.25446127193,0,5892.98806949387,5000,2254.84285515363,0.859652520491231,49.254461271931,0.167997474140044,9.62554623708273,167.997474140044,17.1309748119943
5.54453193670104,4427.77104136646,3299.27705779977,0.861338677616102,49.3510709587821,0,5887.98806949387,5000,2241.58254261569,0.861338677616121,49.3510709587832,0.169236526560112,9.69653871134807,169.236526560112,17.2573229961416
5.55453193670104,4434.27882607849,3306.86973282888,0.863037302989588,49.4483950236567,0,5882.98806949387,5000,2228.32865025968,0.863037302989607,49.4483950236578,0.170491169336006,9.7684244472034,170.491169336006,17.3852609541491
5.56453193670104,4440.77365638599,3314.47349208819,0.864748553889805,49.546442477927,0,5877.98806949387,5000,2215.08123510592,0.864748553889824,49.5464424779281,0.171761678415918,9.84121925531537,171.761678415918,17.5148168249012
5.57453193670104,4447.25541666052,3322.08839582852,0.866472590385633,49.6452224928645,0,5872.98806949387,5000,2201.84035496866,0.866472590385653,49.6452224928657,0.173048336029123,9.91493930623044,173.048336029123,17.646019387775
5.58453193670104,4453.72398965582,3329.71450481423,0.868209575400377,49.7447444032868,0,5867.98806949387,5000,2188.60606847101,0.868209575400397,49.744744403288,0.174351430860484,9.98960114037273,174.351430860484,17.7788980804336
5.59453193670104,4460.17925647721,3337.35188032817,0.869959674777214,49.8450177113081,0,5862.98806949387,5000,2175.37843506032,0.869959674777235,49.8450177113092,0.175671258230661,10.0652216783697,175.671258230661,17.9134830172037
5.60453193670104,4466.62109655014,3345.00058417668,0.871723057346482,49.9460520901941,0,5857.98806949387,5000,2162.15751502385,0.871723057346503,49.9460520901953,0.177008120282258,10.1418182317174,177.008120282258,18.0498050080565
5.61453193670104,4473.04938758802,3352.66067869456,0.873499894994853,50.0478573883256,0,5852.98806949387,5000,2148.94336950491,0.873499894994873,50.0478573883268,0.178362326172134,10.2194085137991,178.362326172134,18.1878955782183
5.62453193670104,4479.46400555928,3360.33222675007,0.875290362736461,50.1504436332741,0,5847.98806949387,5000,2135.73606051928,0.875290362736483,50.1504436332754,0.179734192270097,10.2980106512694,179.734192270097,18.327786988431
5.63453193670103,4485.86482465364,3368.01529174998,0.877094638786061,50.2538210359927,0,5842.98806949387,5000,2122.5356509721,0.877094638786082,50.253821035994,0.181124042364234,10.3776431958193,181.124042364234,18.469512255891
5.64453193670103,4492.25171724755,3375.70993764458,0.878912904634256,50.3579999951271,0,5837.98806949387,5000,2109.34220467515,0.878912904634278,50.3579999951284,0.18253220787314,10.4583251363356,182.53220787314,18.6131051758899
5.65453193670103,4498.62455386876,3383.41622893271,0.880745345124904,50.4629911014501,0,5832.98806949387,5000,2096.15578636454,0.880745345124926,50.4629911014514,0.183959028065301,10.5400759114704,183.959028065301,18.7586003441849
5.66453193670103,4504.98320316006,3391.13423066683,0.882592148534734,50.5688051424237,0,5827.98806949387,5000,2082.97646171889,0.882592148534757,50.568805142425,0.185404850285907,10.6229154226374,185.404850285907,18.9060331801285
5.67453193670103,4511.32753184213,3398.86400845806,0.884453506655288,50.6754531068938,0,5822.98806949387,5000,2069.80429737786,0.884453506655311,50.6754531068952,0.186870030191398,10.7068640474494,186.870030191398,19.0554399505844
5.68453193670103,4517.65740467543,3406.60562848121,0.886329614877234,50.7829461899212,0,5817.98806949387,5000,2056.63936096121,0.886329614877258,50.7829461899225,0.188354931992034,10.7919426536172,188.354931992034,19.2068577946632
5.69453193670103,4523.97268442114,3414.35915747985,0.888220672277155,50.8912957977536,0,5812.98806949387,5000,2043.48172108835,0.888220672277179,50.891295797755,0.189859928702808,10.8781726133256,189.859928702808,19.3603247493086
5.70453193670103,4530.27323180117,3422.12466277131,0.890126881706885,51.0005135529452,0,5807.98806949387,5000,2030.33144739834,0.890126881706909,51.0005135529466,0.191385402403033,10.9655758181067,191.385402403033,19.5158797757677
5.71453193670103,4536.55890545714,3429.90221225174,0.892048449885487,51.1106112996257,0,5802.98806949387,5000,2017.18861057035,0.892048449885512,51.1106112996272,0.192931744504952,11.0541746942301,192.931744504952,19.6735627869815
5.72453193670103,4542.8295619083,3437.69187440108,0.893985587493967,51.2216011089277,0,5797.98806949387,5000,2004.05328234477,0.893985587493993,51.2216011089292,0.194499356031723,11.1439922186301,194.499356031723,19.8334146759314
5.73453193670103,4549.08505550839,3445.49371828805,0.89593850927281,51.3334952845746,0,5792.98806949387,5000,1990.92553554473,0.895938509272837,51.3334952845761,0.196088647905155,11.2350519353922,196.088647905155,19.9954773449807
5.74453193670103,4555.32523840144,3453.30781357515,0.897907434122453,51.4463063686375,0,5787.98806949387,5000,1977.8054440982,0.89790743412248,51.4463063686391,0.197700041243606,11.3273779728209,197.700041243606,20.159793736251
5.75453193670103,4561.54996047639,3461.13423052351,0.899892585206775,51.560047147465,0,5782.98806949387,5000,1964.69308306073,0.899892585206802,51.5600471474666,0.199333967670429,11.4209950611128,199.333967670429,20.3264078630754
5.76453193670103,4567.75906932052,3468.97303999784,0.901894190059742,51.674730657793,0,5777.98806949387,5000,1951.58852863866,0.901894190059771,51.6747306577946,0.200990869633416,11.5159285506589,200.990869633416,20.4953648425727
5.77453193670103,4573.95241017177,3476.82431347127,0.903912480695296,51.790370193041,0,5772.98806949387,5000,1938.49185821304,0.903912480695325,51.7903701930426,0.202671200735682,11.6122044310033,202.671200735682,20.6667109293879
5.78453193670103,4580.12982586969,3484.68812303011,0.905947693720607,51.9069793098014,0,5767.98806949387,5000,1925.40315036408,0.905947693720637,51.906979309803,0.204375426078462,11.7098493504838,204.375426078462,20.840493550648
5.79453193670103,4586.29115680523,3492.56454137863,0.908000070452825,52.0245718345283,0,5762.98806949387,5000,1912.32248489631,0.908000070452854,52.02457183453,0.206104022616308,11.8088906365833,206.104022616308,21.0167613421819
5.80453193670103,4592.43624086907,3500.45364184372,0.910069857039437,52.1431618704339,0,5757.98806949387,5000,1899.24994286439,0.910069857039467,52.1431618704357,0.207857479525218,11.9093563170219,207.857479525218,21.1955641860592
5.81453193670103,4598.56491339877,3508.35549837949,0.912157304582385,52.2627638045998,0,5752.98806949387,5000,1886.18560659954,0.912157304582416,52.2627638046016,0.209636298584212,12.0112751416197,209.636298584212,21.3769532495003
5.82453193670103,4604.67700712428,3516.27018557183,0.914262669266057,52.3833923153101,0,5747.98806949387,5000,1873.12955973679,0.914262669266089,52.3833923153119,0.211440994570949,12.114676604964,211.440994570949,21.5609810252175
5.83453193670103,4610.77235211223,3524.19777864283,0.916386212489315,52.5050623796164,0,5742.98806949387,5000,1860.08188724281,0.916386212489347,52.5050623796182,0.213272095671952,12.2195909699132,213.272095671952,21.7477013732469
5.84453193670103,4616.85077570856,3532.13835345511,0.918528201001694,52.6277892811412,0,5737.98806949387,5000,1847.04267544465,0.918528201001727,52.6277892811431,0.215130143908078,12.3260492919749,215.130143908078,21.9371695643342
5.85453193670103,4622.91210247965,3540.0919865161,0.920688907043945,52.7515886181306,0,5732.98806949387,5000,1834.0120120591,0.920688907043978,52.7515886181325,0.217015695575877,12.4340834445937,217.015695575877,22.1294423249405
5.86453193670103,4628.95615415188,3548.05875498211,0.922868608493061,52.8764763117635,0,5727.98806949387,5000,1820.98998622299,0.922868608493096,52.8764763117655,0.218929321705523,12.5437261453883,218.929321705523,22.3245778839383
5.87453193670103,4634.98274954952,3556.03873666237,0.92506758901198,53.0024686147291,0,5722.98806949387,5000,1807.97668852417,0.925067589012015,53.0024686147311,0.220871608536027,12.65501098338,220.871608536027,22.5226360210701
5.88453193670103,4640.99170453088,3564.03201002287,0.92728613820412,53.1295821200809,0,5717.98806949387,5000,1794.97221103349,0.927286138204157,53.1295821200829,0.222843158008492,12.7679724472535,222.843158008492,22.7236781172461
5.89453193670103,4646.98283192279,3572.03865419006,0.929524551772947,53.2578337703794,0,5712.98806949387,5000,1781.97664733753,0.929524551772984,53.2578337703816,0.22484458827818,12.8826459546964,224.84458827818,22.9277672067608
5.90453193670103,4652.95594145315,3580.05874895438,0.931783131686757,53.3872408671338,0,5707.98806949387,5000,1768.99009257235,0.931783131686794,53.3872408671359,0.226876534246236,12.9990678828646,226.876534246236,23.1349680315129
5.91453193670103,4658.91083968169,3588.09237477363,0.934062186348878,53.5178210805529,0,5702.98806949387,5000,1756.01264345808,0.934062186348916,53.5178210805551,0.228939648111909,13.1172756000226,228.939648111909,23.3453470973175
5.92453193670103,4664.84732992877,3596.13961277615,0.936362030773505,53.6495924596207,0,5697.98806949387,5000,1743.04439833454,0.936362030773544,53.649592459623,0.231034599946201,13.2373074984107,231.034599946201,23.558972732401
5.93453193670103,4670.76521220212,3604.20054476374,0.938682986767373,53.782573442505,0,5692.98806949387,5000,1730.08545719787,0.938682986767413,53.7825734425072,0.233162078287883,13.3592030283946,233.162078287883,23.7759151481783
5.94453193670103,4676.66428312161,3612.27525321442,0.941025383117515,53.916782867315,0,5687.98806949387,5000,1717.13592173812,0.941025383117555,53.9167828673173,0.235322790762888,13.4830027339536,235.322790762888,23.9962465024129
5.95453193670103,4682.54433584177,3620.3638212849,0.943389555785332,54.052239983221,0,5682.98806949387,5000,1704.19589537805,0.943389555785372,54.0522399832234,0.237517464728121,13.6087482895687,237.517464728121,24.2200409648678
5.96453193670103,4688.40515997214,3628.4663328128,0.945775848107225,54.18896446195,0,5677.98806949387,5000,1691.26548331286,0.945775848107267,54.1889644619524,0.239746847940806,13.7364825385729,239.746847940806,24.4473747855594
5.97453193670103,4694.24654149537,3636.58287231859,0.94818461100206,54.3269764096718,0,5672.98806949387,5000,1678.34479255124,0.948184611002103,54.3269764096742,0.242011709254515,13.8662495330309,242.011709254515,24.6783263657329
5.98453193670103,4700.06826268287,3644.71352500722,0.950616203185724,54.4662963792927,0,5667.98806949387,5000,1665.43393195749,0.950616203185767,54.4662963792952,0.244312839343113,13.9980945752181,244.312839343113,24.9129763316845
5.99453193670103,4705.87010200805,3652.85837676944,0.953070991393068,54.606945383172,0,5662.98806949387,5000,1652.5330122949,0.953070991393113,54.6069453831746,0.246651051453896,14.1320642607724,246.651051453896,25.1514076115591
6.00453193670103,4711.65183405703,3661.0175141827,0.955549350607538,54.7489449062785,0,5657.98806949387,5000,1639.64214627042,0.955549350607584,54.7489449062811,0.249027182191267,14.268206523595,249.027182191267,25.3937055152643
6.01453193670103,4717.41322943668,3669.19102451179,0.958051664298793,54.8923169198052,0,5652.98806949387,5000,1626.76144858059,0.958051664298839,54.8923169198079,0.251442092332381,14.4065706825842,251.442092332381,25.6399578176422
6.02453193670103,4723.15405468001,3677.37899570896,0.96057832466865,55.037083895261,0,5647.98806949387,5000,1613.89103595892,0.960578324668698,55.0370838952637,0.253896667676243,14.5472074902844,253.896667676243,25.8902548450534
6.03453193670103,4728.87407214867,3685.58151641366,0.963129732905696,55.1832688190586,0,5642.98806949387,5000,1601.03102722459,0.963129732905745,55.1832688190614,0.256391819927838,14.6901691835433,256.391819927838,26.1446895655334
6.04453193670103,4734.57303993259,3693.79867595182,0.965706299448918,55.3308952076199,0,5637.98806949387,5000,1588.18154333263,0.965706299448968,55.3308952076227,0.258928487618943,14.8355095362708,258.928487618943,26.4033576826891
6.05453193670103,4740.25071174656,3702.03056433461,0.968308444260735,55.4799871230188,0,5632.98806949387,5000,1575.34270742565,0.968308444260786,55.4799871230217,0.261507637067369,14.9832839143991,261.507637067369,26.6663577335144
6.06453193670103,4745.90683682372,3710.27727225668,0.970936597109821,55.6305691891867,0,5627.98806949387,5000,1562.51464488707,0.970936597109872,55.6305691891897,0.264130263376469,15.1335493331505,264.130263376469,26.9337911903116
6.07453193670103,4751.54115980577,3718.53889109381,0.973591197864134,55.7826666087011,0,5622.98806949387,5000,1549.69748339604,0.973591197864186,55.7826666087041,0.266797391476847,15.286364516723,266.797391476847,27.2057625669161
6.08453193670103,4757.15342062987,3726.81551289997,0.976272696794581,55.9363051801846,0,5617.98806949387,5000,1536.891352984,0.976272696794634,55.9363051801876,0.269510077212306,15.4417899605101,269.510077212306,27.4823795294322
6.09453193670103,4762.74335441199,3735.10723040375,0.97898155488977,56.0915113163388,0,5612.98806949387,5000,1524.09638609293,0.978981554889825,56.0915113163419,0.272269408472187,15.5998879959797,272.269408472187,27.7637530116999
6.10453193670102,4768.31069132675,3743.41413700402,0.981718244182331,56.2483120626411,0,5607.98806949387,5000,1511.31271763555,0.981718244182387,56.2483120626443,0.275076506372365,15.76072285834,275.076506372365,28.0499973357227
6.11453193670102,4773.85515648341,3751.73632676492,0.984483248087295,56.4067351167328,0,5602.98806949387,5000,1498.54048505723,0.984483248087352,56.4067351167361,0.277932526487305,15.9243607571305,277.932526487305,28.3412303373022
6.12453193670102,4779.37646979806,3760.07389441003,0.987277061753068,56.5668088485275,0,5597.98806949387,5000,1485.7798283999,0.987277061753126,56.5668088485309,0.280838660135685,16.0908699498837,280.838660135685,28.6375734971356
6.13453193670102,4784.87434586175,3768.42693531568,0.990100192425527,56.7285623210734,0,5592.98806949387,5000,1473.03089036805,0.990100192425587,56.7285623210768,0.283796135722263,16.2603208190076,283.796135722263,28.9391520776476
6.14453193670102,4790.34849380446,3776.79554550335,0.992953159825841,56.8920253121998,0,5587.98806949387,5000,1460.2938163967,0.992953159825902,56.8920253122033,0.286806220138794,16.4327859520529,286.806220138794,29.2460952658445
6.15453193670102,4795.79861715471,3785.17982163114,0.9958364965426,57.0572283369852,0,5582.98806949387,5000,1447.56875472158,0.995836496542663,57.0572283369888,0.28987022022698,16.6083402255336,289.87022022698,29.5585363224934
6.16453193670102,4801.22441369472,3793.5798609842,0.9987507484389,57.2242026710812,0,5577.98806949387,5000,1434.85585645157,0.998750748438964,57.2242026710848,0.292989484306572,16.7870608924811,292.989484306572,29.8766127379454
6.17453193670102,4806.62557531086,3801.99576146399,1.00169647507505,57.3929803749316,0,5572.98806949387,5000,1422.1552756435,1.00169647507511,57.3929803749354,0.296165403771962,16.9690276739213,296.165403771962,30.2004663949424
6.18453193670102,4812.00178783926,3810.4276215765,1.00467425014759,57.5635943189274,0,5567.98806949387,5000,1409.4671693793,1.00467425014765,57.5635943189312,0.299399414760748,17.1543228544777,299.399414760748,30.5302437387638
6.19453193670102,4817.35273090643,3818.87554041908,1.00768466194539,57.7360782095379,0,5562.98806949387,5000,1396.79169784572,1.00768466194546,57.7360782095419,0.302692999898004,17.3430313823095,302.692999898004,30.8660959550921
6.20453193670102,4822.67807776457,3827.33961766604,1.01072831382358,57.9104666164655,0,5557.98806949387,5000,1384.12902441665,1.01072831382365,57.9104666164695,0.306047690120148,17.5352409736121,306.047690120148,31.208179155996
6.21453193670102,4827.97749512154,3835.81995355275,1.01380582469613,58.0867950008678,0,5552.98806949387,5000,1371.47931573817,1.0138058246962,58.086795000872,0.30946506658258,17.7310422219169,309.46506658258,31.5566545744551
6.22453193670102,4833.25064296511,3844.31664885831,1.0169178295479,58.2650997446989,0,5547.98806949387,5000,1358.84274181638,1.01691782954798,58.2650997447032,0.312946762655463,17.9305287124403,312.946762655463,31.9116887678731
6.23453193670102,4838.4971743814,3852.8298048865,1.02006497996724,58.4454181812197,0,5542.98806949387,5000,1346.21947610823,1.02006497996732,58.445418181224,0.316494466012297,18.1337971417513,316.494466012297,32.2734538310532
6.24453193670102,4843.7167353672,3861.35952344509,1.02324794469978,58.627788626733,0,5537.98806949388,5000,1333.60969561534,1.02324794469985,58.6277886267375,0.320109920816212,18.3409474430359,320.109920816212,32.6421276191372
6.25453193670102,4848.90896463591,3869.90590682328,1.02646741022473,58.8122504136008,0,5532.98806949388,5000,1321.01358098098,1.02646741022481,58.8122504136053,0.323794930009186,18.5520829172603,323.794930009186,33.0178939810421
6.26453193670102,4854.07349341697,3878.46905776715,1.02972408135458,58.998843924603,0,5527.98806949388,5000,1308.43131659045,1.02972408135466,58.9988439246077,0.327551357709711,18.7673103705464,327.551357709711,33.4009430039525
6.27453193670102,4859.20994524836,3887.04907945308,1.03301868185927,59.1876106287038,0,5522.98806949388,5000,1295.86309067475,1.03301868185936,59.1876106287086,0.331381131724758,18.9867402580975,331.381131724758,33.7914712694711
6.28453193670102,4864.317935762,3895.64607545889,1.0363519551162,59.3785931182898,0,5517.98806949388,5000,1283.30909541794,1.03635195511629,59.3785931182948,0.335286246182261,19.2104868350279,335.286246182261,34.189682122056
6.29453193670102,4869.39707246168,3904.26014973262,1.03972466478709,59.5718351479546,0,5512.98806949388,5000,1270.7695270681,1.03972466478718,59.5718351479596,0.339268764290675,19.4386683144744,339.268764290675,34.5957859504188
6.30453193670102,4874.44695449335,3912.89140655879,1.04313759552313,59.7673816749001,0,5507.98806949388,5000,1258.24458605226,1.04313759552322,59.7673816749053,0.343330821232617,19.6714070333895,343.330821232617,35.0100004825927
6.31453193670102,4879.46717240724,3921.53995052194,1.04659155369981,59.9652789010384,0,5502.98806949388,5000,1245.73447709532,1.0465915536999,59.9652789010438,0.347474627199986,19.9088296264409,347.474627199986,35.4325510954287
6.32453193670102,4884.45730791168,3930.20588646727,1.05008736818277,60.1655743168732,0,5497.98806949388,5000,1233.2394093431,1.05008736818287,60.1655743168787,0.351702470578422,20.1510672084676,351.702470578422,35.863671139321
6.33453193670102,4889.41693361822,3938.88931945825,1.05362589112637,60.3683167472513,0,5492.98806949388,5000,1220.75959648983,1.05362589112647,60.368316747257,0.356016721289479,20.3982555659725,356.016721289479,36.3036022790127
6.34453193670102,4894.34561277753,3947.59035473091,1.05720799880637,60.5735563990767,0,5487.98806949388,5000,1208.29525691018,1.05720799880647,60.5735563990826,0.360419834299366,20.6505353581581,360.419834299366,36.7525948513882
6.35453193670102,4899.24289900595,3956.30909764466,1.06083459248872,60.7813449110841,0,5482.98806949388,5000,1195.84661379596,1.06083459248882,60.7813449110901,0.364914353303677,20.9080523280465,364.914353303678,37.2109082412116
6.36453193670102,4904.10833600213,3965.04565362933,1.064506599336,60.9917354057768,0,5477.98806949388,5000,1183.41389529787,1.06450659933611,60.9917354057829,0.369502914598167,21.1709575242579,369.502914598167,37.678811275835
6.37453193670102,4908.94145725334,3973.80012812828,1.06822497335364,61.2047825436387,0,5472.98806949388,5000,1170.99733467227,1.06822497335376,61.204782543645,0.37418825114618,21.4394075340574,374.18825114618,38.1565826399617
6.38453193670102,4913.74178573106,3982.5726265372,1.07199069637775,61.420542579735,0,5467.98806949388,5000,1158.59717043341,1.07199069637786,61.4205425797415,0.378973196854097,21.7135647283203,378.973196854097,38.6445113116198
6.39453193670102,4918.50883357543,3991.36325413843,1.07580477910684,61.6390734228256,0,5462.98806949388,5000,1146.21364651122,1.07580477910695,61.6390734228323,0.383860691066844,21.9935975191053,383.860691066844,39.1428970205772
6.40453193670102,4923.24210176794,4000.17211603036,1.07966826217968,61.8604346971198,0,5457.98806949388,5000,1133.84701241497,1.0796682621798,61.8604346971267,0.388853783296294,22.2796806305724,388.853783296294,39.6520507305037
6.41453193670102,4927.94107979198,4008.99931705173,1.08358221730162,62.0846878068107,0,5452.98806949388,5000,1121.49752340295,1.08358221730175,62.0846878068179,0.393955638196219,22.5719953840262,393.955638196219,40.1722951462751
6.42453193670102,4932.60524528072,4017.84496170033,1.08754774842196,62.3118960035338,0,5447.98806949388,5000,1109.16544065858,1.08754774842209,62.3118960035411,0.399169540798333,22.8707299979196,399.169540798333,40.7039652479015
6.43453193670102,4937.23406365161,4026.70915404583,1.09156599296504,62.5421244569038,0,5442.98806949388,5000,1096.85103147314,1.09156599296517,62.5421244569114,0.40449890202493,23.1760799037043,404.49890202493,41.2474088526592
6.44453193670102,4941.82698772713,4035.59199763627,1.09563812311796,62.7754403282939,0,5437.98806949388,5000,1084.55456943538,1.0956381231181,62.7754403283018,0.409947264494604,23.4882480784741,409.947264494604,41.8029872071099
6.45453193670102,4946.38345734103,4044.49359539784,1.09976534717782,63.011912848029,0,5432.98806949388,5000,1072.27633462843,1.09976534717796,63.011912848037,0.415518308638671,23.8074453954102,415.518308638671,42.3710756108019
6.46453193670102,4950.90289892948,4053.41404952742,1.10394891096183,63.2516133961765,0,5427.98806949388,5000,1060.0166138342,1.10394891096198,63.2516133961848,0.421215859147033,24.133890993102,421.215859147033,42.9520640735657
6.47453193670102,4955.38472510636,4062.35346137743,1.10819009928355,63.4946155871309,0,5422.98806949388,5000,1047.77570074576,1.1081900992837,63.4946155871394,0.427043891763489,24.4678126648895,427.043891763489,43.5463580084421
6.48453193670102,4959.82833422221,4071.31193133237,1.11249023749893,63.740995358195,0,5417.98806949388,5000,1035.55389618784,1.11249023749908,63.7409953582039,0.433006540451848,24.8094472694516,433.006540451848,44.1543789624233
6.49453193670102,4964.23310990577,4080.28955867663,1.116850693126,63.9908310623804,0,5412.98806949388,5000,1023.35150834606,1.11685069312616,63.9908310623895,0.439108104955601,25.1590411639435,439.108104955601,44.776565387324
6.50453193670102,4968.59842058765,4089.28644145277,1.12127287754219,64.2442035656564,0,5407.98806949388,5000,1011.16885300512,1.12127287754235,64.2442035656659,0.445353058775475,25.5168506610764,445.353058775475,45.4133734532664
6.51453193670102,4972.92361900508,4098.30267630978,1.1257582477636,64.5011963488971,0,5402.98806949388,5000,999.006253796406,1.12575824776377,64.5011963489069,0.451746057590796,25.8831425116264,451.746057590796,46.0652779074195
6.52453193670102,4977.20804168697,4107.33835834043,1.13030830831089,64.7618956147856,0,5397.98806949388,5000,986.864042455463,1.13030830831106,64.7618956147957,0.458291948152405,26.2581944139611,458.291948152405,46.7327729808247
6.53453193670102,4981.45100841841,4116.3935809071,1.13492461316648,65.0263903999571,0,5392.98806949388,5000,974.742559089739,1.13492461316667,65.0263903999675,0.464995777676706,26.6422955522788,464.995777676706,47.4163733463218
6.54453193670102,4985.65182168363,4125.46843545514,1.13960876782845,65.2947726926745,0,5387.98806949388,5000,962.642152457133,1.13960876782864,65.2947726926853,0.471862803772488,27.0357471653733,471.862803772487,48.1166151308028
6.55453193670102,4989.8097660863,4134.56301131304,1.14436243146638,65.5671375563526,0,5382.98806949388,5000,950.563180255796,1.14436243146658,65.5671375563638,0.478898504934319,27.4388631478615,478.898504934319,48.8340569852415
6.56453193670102,4993.92410774643,4143.67739547816,1.14918731918521,65.8435832592657,0,5377.98806949388,5000,938.506009425733,1.14918731918541,65.8435832592773,0.486108591638658,27.8519706859435,486.108591638658,49.5692812161806
6.57453193670101,4997.99409367239,4152.81167238735,1.15408520440316,66.1242114107941,0,5372.98806949388,5000,926.471016462755,1.15408520440337,66.1242114108061,0.493499018081294,28.2754109299084,493.499018081294,50.3228949826183
6.58453193670101,5002.01895110721,4161.96592367106,1.15905792135049,66.4091271045894,0,5367.98806949388,5000,914.458587745345,1.15905792135071,66.4091271046019,0.501075994597447,28.7095397057537,501.075994597447,51.0955315625057
6.59453193670101,5005.99788684779,4171.14022788992,1.16410736769597,66.6984390690627,0,5362.98806949388,5000,902.469119875055,1.16410736769619,66.6984390690756,0.508846000808706,29.1547282684493,508.846000808706,51.8878516933617
6.60453193670101,5009.93008653575,4180.33466025238,1.16923550730865,66.9922598256233,0,5357.98806949388,5000,890.503020031075,1.16923550730888,66.9922598256367,0.516815799544055,29.6113640995535,516.815799544055,52.7005449918224
6.61453193670101,5013.81471391865,4189.5492923121,1.17444437316303,67.2907058551292,0,5352.98806949388,5000,878.560706339627,1.17444437316327,67.2907058551431,0.524992451585573,30.0798517520795,524.992451585573,53.5343314572839
6.62453193670101,5017.65091008011,4198.78419164358,1.1797360703959,67.5938977730339,0,5347.98806949388,5000,866.642608258894,1.17973607039616,67.5938977730483,0.533383331292892,30.5606137457109,533.383331292892,54.3899630651539
6.63453193670101,5021.43779263745,4208.03942149439,1.18511277952414,67.9019605137515,0,5342.98806949388,5000,854.749166980227,1.1851127795244,67.9019605137664,0.541996143164324,31.0540915156841,541.996143164324,55.2682254556168
6.64453193670101,5025.17445490513,4217.31504041216,1.19057675983303,68.2150235247934,0,5337.98806949388,5000,842.880835846386,1.1905767598333,68.2150235248088,0.55083893939657,31.560746418886,550.83893939657,56.1699397242249
6.65453193670101,5028.85996502261,4226.61110184466,1.19613035294545,68.533220971268,0,5332.98806949388,5000,831.038080787649,1.19613035294573,68.5332209712841,0.559920138509344,32.0810608009659,559.920138509344,57.0959643210825
6.66453193670101,5032.49336504468,4235.92765371071,1.20177598658294,68.8566919513733,0,5327.98806949388,5000,819.221380776613,1.20177598658324,68.8566919513901,0.569248545105821,32.615539128526,569.248545105821,58.0471970658503
6.67453193670101,5036.07366999272,4245.26473793977,1.20751617853035,69.1855807235547,0,5322.98806949388,5000,807.431228302594,1.20751617853065,69.1855807235722,0.578833370844845,33.1647091907405,578.833370844845,59.0245772863154
6.68453193670101,5039.59986686477,4254.62238997787,1.21335354081659,69.5200369460453,0,5317.98806949388,5000,795.668129866568,1.21335354081691,69.5200369460635,0.58868425670608,33.7291233750543,588.68425670608,60.0290880888051
6.69453193670101,5043.0709136027,4264.00063825724,1.21929078412492,69.8602159295547,0,5312.98806949388,5000,783.932606497602,1.21929078412525,69.8602159295736,0.598811296635024,34.3093600219433,598.811296635024,61.061758769307
6.70453193670101,5046.48573801423,4273.3995036268,1.22533072244688,70.206278903922,0,5307.98806949388,5000,772.225194291838,1.22533072244722,70.2062789039418,0.609225062660786,34.9060248640562,609.225062660786,62.1236673747698
6.71453193670101,5049.84323664778,4282.81899874053,1.23147627799524,70.5583932996066,0,5302.98806949388,5000,760.546444975064,1.2314762779956,70.5583932996272,0.619936631585999,35.5197525554343,619.936631585999,63.2159434247168
6.72453193670101,5053.14227361787,4292.2591274004,1.23773048639216,70.9167330449455,0,5297.98806949388,5000,748.896926490019,1.23773048639254,70.916733044967,0.630957613355087,36.1512082968937,630.957613355087,64.3397708040041
6.73453193670101,5056.38167937875,4301.71988385023,1.24409650214983,71.2814788801739,0,5292.98806949388,5000,737.277223609582,1.24409650215023,71.2814788801964,0.642300181214349,36.8010895640701,642.300181214349,65.4963908382933
6.74453193670101,5059.56024944374,4311.20125201667,1.25057760446222,71.6528186892663,0,5287.98806949388,5000,725.687938577087,1.25057760446263,71.6528186892898,0.653977103785044,37.470127945072,653.977103785044,66.6871055645959
6.75453193670101,5062.6767430479,4320.70320469306,1.25717720332765,72.0309478507344,0,5282.98806949388,5000,714.129691775006,1.25717720332808,72.030947850759,0.666001779178828,38.1590910951507,666.001779178828,67.9132812100797
6.76453193670101,5065.72988175123,4330.22570266153,1.26389884602328,72.4160696085892,0,5277.98806949388,5000,702.603122423342,1.26389884602373,72.4160696086149,0.678388271293452,38.8687848162907,678.388271293452,69.1763518932002
6.77453193670101,5068.71834797969,4339.76869374848,1.27074622395412,72.8083954647573,0,5272.98806949388,5000,691.108889309113,1.27074622395459,72.8083954647843,0.691151348435671,39.6000552701397,691.151348435671,70.4778235621411
6.78453193670101,5071.64078350127,4349.33211180788,1.27772317990048,73.2081455943323,0,5267.98806949388,5000,679.64767154832,1.27772317990097,73.2081455943606,0.704306524427846,40.3537913332432,704.306524427846,71.8192781865209
6.79453193670101,5074.4957878341,4358.9158756267,1.28483371568964,73.6155492851277,0,5262.98806949388,5000,668.220169381908,1.28483371569015,73.6155492851574,0.717870102364493,41.1309271041098,717.870102364493,73.2023782193198
6.80453193670101,5077.28191658348,4368.51988774587,1.29208200031905,74.0308454031025,0,5257.98806949388,5000,656.827105007219,1.29208200031959,74.0308454031337,0.731859221195413,41.9324445722285,731.859221195413,74.6288713470363
6.81453193670101,5079.99767970489,4378.14403318992,1.29947237856029,74.4542828853313,0,5252.98806949388,5000,645.469223446513,1.29947237856087,74.4542828853641,0.746291905322509,42.7593764597566,746.291905322509,76.1005955471551
6.82453193670101,5082.64153968959,4387.78817809771,1.30700938007488,74.8861212623005,0,5247.98806949388,5000,634.147293454164,1.30700938007548,74.8861212623351,0.761187117408284,43.6128092472237,761.187117408284,77.6194844731161
6.83453193670101,5085.21190966958,4397.45216824593,1.31469772907503,75.3266312114328,0,5242.98806949388,5000,622.862108464168,1.31469772907566,75.3266312114692,0.77656481460501,44.4938863952263,776.56481460501,79.1875731880928
6.84453193670101,5087.70715143863,4407.13582745642,1.32254235456483,75.7760951438595,0,5237.98806949388,5000,611.614487579644,1.3225423545655,75.7760951438979,0.792446008424531,45.4038117747141,792.446008424531,80.8070042700138
6.85453193670101,5090.1255733859,4416.83895587743,1.33054840119921,76.2348078265942,0,5232.98806949388,5000,600.405276606005,1.33054840119992,76.2348078266347,0.80885282847953,46.3438533190961,808.85282847953,82.4800343113632
6.86453193670101,5092.46542833887,4426.56132812814,1.33872124080065,76.7030770423941,0,5227.98806949388,5000,589.23534912952,1.3387212408014,76.7030770424369,0.82580859033761,47.315346911993,825.80859033761,84.2090408383709
6.87453193670101,5094.72491131203,4436.30269129485,1.34706648457612,77.1812242897363,0,5222.98806949388,5000,578.105607642941,1.34706648457691,77.1812242897815,0.843337867739369,48.3197005250279,843.337867739369,85.9965296752071
6.88453193670101,5096.90215715815,4446.06276276581,1.35558999607903,77.6695855254843,0,5217.98806949388,5000,567.01698471988,1.35558999607987,77.6695855255322,0.861466569440516,49.3583986205552,861.466569440516,87.8451427796971
6.89453193670101,5098.99523811877,4455.84122789114,1.36429790496388,78.1685119529706,0,5212.98806949388,5000,555.970444239565,1.36429790496477,78.1685119530214,0.880222020945491,50.4330068346526,880.222020945491,89.7576665778315
6.90453193670101,5101.00216127081,4465.6377374523,1.3731966215838,78.6783708583748,0,5207.98806949388,5000,544.966982663547,1.37319662158474,78.6783708584288,0.899633051405496,51.5451769560107,899.633051405496,91.737040824899
6.91453193670101,5102.92086586628,4475.45190492477,1.38229285248407,79.1995464984368,0,5202.98806949388,5000,534.007630365805,1.38229285248507,79.1995464984942,0.919730085956629,52.6966522165193,919.730085956629,93.7863680213559
6.92453193670101,5104.74922056268,4485.28330351555,1.39159361684736,79.7324410426991,0,5197.98806949388,5000,523.093453017606,1.39159361684842,79.7324410427599,0.94054524377305,53.8892729092989,940.54524377305,95.9089234114657
6.93453193670101,5106.48502054137,4495.13146295593,1.4011062639492,80.2774755736318,0,5192.98806949388,5000,512.225553028257,1.40110626395033,80.2774755736967,0.962112442104902,55.1249823496356,962.112442104902,98.1081655922157
6.94453193670101,5108.1259845125,4504.99586602762,1.41083849168484,80.835091148144,0,5187.98806949388,5000,501.405071042688,1.41083849168604,80.8350911482133,0.984467506559503,56.4058331936272,984.467506559503,100.387747758868
6.95453193670101,5109.66975160489,4514.87594479876,1.42079836623114,81.4057499241269,0,5182.98806949388,5000,490.633187496489,1.42079836623243,81.4057499242009,1.00764828786605,57.7339941283081,1007.64828786605,102.751529611646
6.96453193670101,5111.1138781405,4524.77107654388,1.43099434290945,81.9899363558081,0,5177.98806949388,5000,479.911124228678,1.43099434291084,81.9899363558874,1.0316947853362,59.1117569454195,1031.6947853362,105.20358994521
6.97453193670101,5112.45583429382,4534.68057931949,1.4414352883173,82.5881584618042,0,5172.98806949388,5000,469.240146152014,1.44143528831878,82.5881584618889,1.05664927719365,60.5415440087451,1056.64927719365,107.748239938577
6.98453193670101,5113.69300063764,4544.60370716462,1.45213050379822,83.2009491698438,0,5167.98806949388,5000,458.621562980098,1.45213050379981,83.2009491699348,1.08255645789228,62.0259161218596,1082.55645789228,110.390037157672
6.99453193670101,5114.82266457809,4554.53964489245,1.46308975031999,83.828867742185,0,5162.98806949388,5000,448.056731009865,1.4630897503217,83.8288677422829,1.10946358247063,63.5675807990315,1109.46358247063,113.133800275387
7.00453193670101,5115.84201668345,4564.48750243627,1.47432327483144,84.4725012857478,0,5157.98806949388,5000,437.54705495718,1.47432327483328,84.4725012858532,1.13742061789743,65.1694009366852,1137.42061789743,115.984624504539
7.01453193670101,5116.74814691313,4574.44630870972,1.48584183816699,85.132466350929,0,5152.98806949388,5000,427.093989842329,1.48584183816898,85.1324663510426,1.16648040124251,66.8344038759226,1166.48040124251,118.947897726799
7.02453193670101,5117.53804075591,4584.41500493753,1.49765674456584,85.8094106229248,0,5147.98806949388,5000,416.699042920925,1.49765674456798,85.8094106230475,1.19669880435393,68.565790837832,1196.69880435393,122.0293172851
7.03453193670101,5118.20857528901,4594.39243740899,1.50977987286835,86.5040147091543,0,5142.98806949388,5000,406.363775654361,1.50977987287067,86.5040147092872,1.22813490452938,70.3669467022355,1228.13490452938,125.23490738727
7.044531936701,5118.75651517328,4604.37734960249,1.52222370944616,87.2169940260136,0,5137.98806949388,5000,396.089805712212,1.52222370944868,87.2169940261576,1.26085116042732,72.2414500866575,1260.85116042732,128.571037043977
7.054531936701,5119.17850860379,4614.36837362462,1.5350013829133,87.9491007876769,0,5132.98806949388,5000,385.878808996941,1.53500138291603,87.9491007878334,1.29491359216251,74.1930836650366,1294.91359216251,132.04443843336
7.064531936701,5119.47108323992,4624.36402090281,1.5481267006534,88.7011260989529,0,5127.98806949388,5000,375.732521678855,1.54812670065637,88.7011260991232,1.3303919641576,76.2258446443504,1330.3919641576,135.662225546706
7.074531936701,5119.63064214483,4634.36267206525,1.56161418718161,89.4739021532589,0,5122.98806949388,5000,365.652742226375,1.56161418718486,89.4739021534447,1.36735996886386,78.3439552910389,1367.35996886386,139.431912922748
7.084531936701,5119.65345977088,4644.36256593656,1.57547912433808,90.2683045355385,0,5117.98806949388,5000,355.641333413319,1.57547912434162,90.2683045357416,1.4058954089015,80.5518733668753,1405.8954089015,143.36143422081
7.094531936701,5119.53567803569,4654.36178757227,1.5897375932822,91.0852546283549,0,5112.98806949388,5000,345.700224280881,1.58973759328608,91.0852546285774,1.44608037448371,82.8543022946144,1446.08037448371,147.459160313024
7.104531936701,5119.27330254274,4664.3582552493,1.60440651822139,91.9257221173648,0,5107.98806949388,5000,335.831412027315,1.60440651822565,91.9257221176091,1.48800141215365,85.2562008259105,1488.00141215365,151.733916490713
7.114531936701,5118.86219901162,4674.34970632394,1.61950371176349,92.7907275898196,0,5102.98806949388,5000,326.036963792831,1.61950371176819,92.7907275900885,1.53174967985261,87.7627919260694,1531.74967985261,156.194998276945
7.124531936701,5118.2980899957,4684.33368186333,1.63504792172626,93.6813452165511,0,5097.98806949388,5000,316.319018300739,1.63504792173144,93.6813452168479,1.57742108211773,90.3795705203051,1577.42108211773,160.852185212864
7.134531936701,5117.57655198024,4694.30750995069,1.65105887916817,94.5987055039361,0,5092.98806949388,5000,306.679787308405,1.6510588791739,94.5987055042645,1.62511637774106,93.1123096621506,1625.11637774106,165.715751835852
7.144531936701,5116.69301297137,4704.26828755983,1.66755734731974,95.5439980974521,0,5087.98806949389,5000,297.121556812764,1.66755734732609,95.5439980978161,1.67494125046654,95.9670645840971,1674.94125046654,170.796474888625
7.154531936701,5115.64275070667,4714.21286089008,1.68456517098995,96.5184746124578,0,5082.98806949389,5000,287.646687945026,1.68456517099701,96.5184746128628,1.7270063312096,98.9501739706825,1727.0063312096,176.105635584996
7.164531936701,5114.42089164178,4724.1378040497,1.7021053258953,97.5234514605405,0,5077.98806949389,5000,278.257617477368,1.70210532590319,97.5234514609923,1.78142715780243,102.068257652065,1781.42715780243,181.655015505033
7.174531936701,5113.02241089449,4734.03939597444,1.72020196720484,98.5603126309387,0,5072.98806949389,5000,268.956857850886,1.72020196721366,98.5603126314443,1.83832405534087,105.328209748406,1838.32405534087,187.456884393842
7.184531936701,5111.44213335911,4743.91359546846,1.7388804764083,99.6305123758933,0,5067.98806949389,5000,259.746996618433,1.7388804764182,99.6305123764608,1.89782191677582,108.737186098683,1897.82191677582,193.523977788115
7.194531936701,5109.67473623939,4753.7560142589,1.75816750539187,100.735577735999,0,5062.98806949389,5000,250.630695178117,1.75816750540303,100.735577736638,1.96004985939513,112.302584578552,1960.04985939513,199.869461987033
7.204531936701,5107.71475328931,4763.561887963,1.77809101633953,101.877110826382,0,5057.98806949389,5000,241.610686652951,1.77809101635214,101.877110827105,2.02514072822616,116.032016647409,2025.14072822616,206.506883413414
7.214531936701,5105.55658109642,4773.32604487955,1.79868031576271,103.056790786462,0,5052.98806949389,5000,232.689772749152,1.79868031577701,103.056790787281,2.09323041211114,119.933268162398,2093.23041211114,213.45009887282
7.224531936701,5103.19448779444,4783.04287253658,1.8199660805892,104.276375274727,0,5047.98806949389,5000,223.870819399841,1.81996608060548,104.27637527566,2.16445693224522,124.014247155485,2164.45693224522,220.713182610292
7.234531936701,5100.62262464897,4792.70628195481,1.84198037380749,105.537701365099,0,5042.98806949389,5000,215.156750972219,1.8419803738261,105.537701366165,2.23895925633111,128.282915889522,2238.95925633111,228.310305387784
7.244531936701,5097.83504102303,4802.30966962578,1.86475664665854,106.842685672502,0,5037.98806949389,5000,206.55054278476,1.86475664667989,106.842685673726,2.31687578425956,132.747204094136,2316.87578425957,236.255580066543
7.254531936701,5094.82570329798,4811.84587725497,1.88832972378772,108.193323502141,0,5032.98806949389,5000,198.055211646757,1.88832972381235,108.193323503552,2.39834244351316,137.414899840397,2398.34244351316,244.562867392347
7.264531936701,5091.58851839813,4821.30714938912,1.91273576711222,109.591686779248,0,5027.98806949389,5000,189.673804096046,1.91273576714074,109.591686780882,2.48349032456411,142.293514059099,2483.49032456411,253.245534873184
7.274531936701,5088.11736264333,4830.685089134,1.93801221342263,111.039920473924,0,5022.98806949389,5000,181.409381972671,1.93801221345582,111.039920475826,2.57244277880196,147.390114264258,2572.44277880196,262.316160850236
7.284531936701,5084.40611673115,4839.97061228067,1.96419767992738,112.540237189227,0,5017.98806949389,5000,173.265004927809,1.96419767996623,112.540237191453,2.66531189459088,152.711122646075,2665.31189459088,271.786175155724
7.294531936701,5080.44870772427,4849.15390029649,1.99133183107632,114.094909530731,0,5012.98806949389,5000,165.243709430076,1.99133183112206,114.094909533352,2.76219426180063,158.26207339643,2762.19426180063,281.66542721527
7.304531936701,5076.23915898576,4858.22435280816,2.01945519908852,115.706259823524,0,5007.98806949389,5000,157.348483797888,2.0194551991427,115.706259826628,2.86316593279092,164.047323994557,2863.16593279092,291.961672211297
7.314531936701,5071.77164905788,4867.17054041054,2.0486089496953,117.376646690269,0,5002.98806949389,5000,149.582238760034,2.0486089497599,117.37664669397,2.9682764899865,170.069715304132,2968.2764899865,302.679966144045
7.324531936701,5067.04058051033,4875.98015888194,2.07883458374818,119.108447954606,0,4997.98806949389,5000,141.947773031577,2.07883458382578,119.108447959052,3.07754213896965,176.330175836625,3077.54213896965,313.821961523013
7.334531936701,5062.04065977986,4884.6399861755,2.11017356461238,120.904039292366,0,4992.98806949389,5000,134.447733394022,2.11017356470634,120.904039297749,3.19093776407983,182.827266570686,3190.93776407983,325.385097263574
7.344531936701,5056.76698897138,4893.13584388928,2.14266686077666,122.765768025048,0,4987.98806949389,5000,127.084568794751,2.14266686089142,122.765768031623,3.30838791402519,189.556664465733,3308.38791402519,337.361679475171
7.354531936701,5051.21517047351,4901.45256529105,2.17635439300379,124.695921443873,0,4982.98806949389,5000,119.860478039249,2.17635439314532,124.695921451982,3.42975673161457,196.510585478098,3429.75673161457,349.737854579756
7.364531936701,5045.38142503895,4909.57397238203,2.21127437580137,126.696689078844,0,4977.98806949389,5000,112.777350750891,2.21127437597776,126.69668908895,3.55483690830511,203.677151703217,3554.83690830511,362.492482989105
7.374531936701,5039.26272367008,4917.48286491273,2.24746254423023,128.770118398126,0,4972.98806949389,5000,105.836701428118,2.24746254445265,128.77011841087,3.68333783458279,211.039712442449,3683.33783458279,375.595930779908
7.384531936701,5032.85693320896,4925.1610246944,2.28495125933983,130.918063553274,0,4967.98806949389,5000,99.039596649403,2.28495125962395,130.918063569553,3.81487323422148,218.576135698313,3814.87323422148,389.008808739119
7.394531936701,5026.16297493571,4932.5892389476,2.32376848910209,133.142126991042,0,4962.98806949389,5000,92.3865757740096,2.32376848947028,133.142127012138,3.94894871542518,226.258094907471,3948.94871542519,402.680702933742
7.404531936701,5019.18099471169,4939.7473467547,2.3639366668808,135.443594048493,0,4957.98806949389,5000,85.8775658703124,2.36393666736566,135.443594076273,4.08494984292756,234.050385522378,4084.94984292756,416.548958403487
7.414531936701,5011.91254225377,4946.61431287777,2.4054714364557,137.823361048183,0,4952.98806949389,5000,79.5117920785477,2.40547143710576,137.823361085429,4.22213152583068,241.910316979228,4222.13152583068,430.537597021478
7.424531936701,5004.36075599727,4953.16833319955,2.44838030155725,140.281857922198,0,4947.98806949389,5000,73.2876851791417,2.44838030244659,140.281857973154,4.35960971343486,249.787236904056,4359.60971343486,444.556470704559
7.434531936701,4996.53054872367,4959.38697576463,2.49266120873045,142.818967016233,0,4942.98806949389,5000,67.2027887785519,2.49266120997543,142.818967087565,4.49635657468248,257.622254915205,4496.35657468248,458.500769853362
7.444531936701,4988.42878774802,4965.24736075767,2.53830110485109,145.433940441361,0,4937.98806949389,5000,61.253669214994,2.53830110664052,145.433940543888,4.63120047638536,265.348241375857,4631.20047638536,472.251021132125
7.454531936701,4980.06446206946,4970.72638167852,2.58527452414427,148.125319116159,0,4932.98806949389,5000,55.4358319822171,2.58527452679659,148.125319268126,4.76283213312335,272.890179757259,4762.83213312335,485.673714583814
7.464531936701,4971.44882761242,4975.80096840255,2.63354227307024,150.890857416214,0,4927.98806949389,5000,49.7436491071101,2.63354227714796,150.89085764985,4.88981823419746,280.165947405627,4889.81823419746,498.622693192625
7.474531936701,4962.59552069001,4980.44839072797,2.68305029347825,153.727458037641,0,4922.98806949389,5000,44.1703024143969,2.68305030003291,153.727458413195,5.01062361749647,287.087586011121,5010.62361749647,510.941413989127
7.484531936701,4953.52062929661,4984.64659844711,2.7337287931348,156.631122180016,0,4917.98806949389,5000,38.7077478727222,2.73372880427641,156.631122818383,5.12364262404324,293.563098091012,5123.64262404324,522.466145324167
7.494531936701,4944.24271198223,4988.37459104823,2.78549173605815,159.5969203447,0,4912.98806949389,5000,33.3467061397315,2.78549175642346,159.596921511547,5.22723962167081,299.498768825298,5227.23962167081,533.030099133834
7.504531936701,4934.78275505507,4991.61280706445,2.83823678119566,162.618988821307,0,4907.98806949389,5000,28.0766839149615,2.83823682227674,162.618991175079,5.31979786898107,304.801965755305,5319.79786898107,542.468413676543
7.51453193670099,4925.16406080881,4994.34352016165,2.89184574638035,165.690556270453,0,4902.98806949389,5000,22.886029689775,2.89184584181467,165.690561738437,5.39977505618616,309.384321039484,5399.77505618616,550.623817122683
7.52453193670099,4915.41206233117,4996.55122689389,2.94618566199961,168.804004094534,0,4897.98806949389,5000,17.762025850988,2.9461859375134,168.804019880312,5.46576383868496,313.165199771872,5465.76383868495,557.352800261553
7.53453193670099,4905.55406360809,4998.22301202706,3.00111053301741,171.950967394154,0,4892.98806949389,5000,12.691016284527,3.00111168668461,171.951033494416,5.51656632276932,316.075967698686,5516.56632276932,562.533211929591
7.54453193670099,4895.61890120417,4999.34890914015,3.05646476483499,175.122531255491,0,4887.98806949389,5000,7.6585580822028,3.05647510145332,175.123123500095,5.55166395715076,318.086914019636,5551.66395715076,566.112174611183
7.55453193670099,4885.63637327593,4999.92330724636,3.11169581156784,178.287037131373,0,4882.98806949389,5000,2.64941402963237,3.11264154690047,178.341223774469,5.81987718709171,333.454400104824,5819.87718709171,593.462312521779
7.55671515410621,4883.45377528475,4999.97470743086,3.12440435771394,179.015183189291,0,4881.89646079128,5000,1.55751987006125,3.12535293723948,179.069532792637,5.82212599222355,333.583247147826,5822.12599222355,593.691626827056
7.55889837151143,4881.27069668161,4999.99846154005,3.13684083435678,179.727740812939,0,4880.80485208867,5000,0.465847133329382,3.13829014803645,179.810780369975,6.65572124031,381.344736685341,6655.72124031,678.694685780568
7.55965205891957,4880.51701144416,5000.00016697006,3.14028245350868,179.924931065034,0,4880.4280083846,5000,0.0890032161700286,3.14346865503392,180.107486965109,25.2565276646042,1447.09244033723,25256.5276646042,2575.44907431225
7.55972966357052,4880.43940680939,5000.0001926348,3.14224259891856,180.037239124252,0,4880.38920605913,5000,0.0502011198654968,3.14542992397294,180.219859397805,25.262104911047,1447.41199301971,25262.104911047,2576.0177951744
7.55980726822148,4880.36180226599,5000.00006685627,3.14395391674035,180.135290412847,0,4880.35040373365,5000,0.0113987284098597,3.14745792635287,180.336055375017,49.7440464416463,2850.12391700909,49744.0464416463,5072.48106556737
7.55985526448042,4880.3138101921,5000.00039773159,3.09949156741298,177.587785449152,0,4880.32640560417,5000,0.0126016901934809,6.25161829929936,358.191343676607,-2075.12606447408,-118895.965451957,-2075126.06447408,-211603.969191731
