method_id,method_name,object_id,object_type,time_s,x_m,y_m,z_m,heading_deg,pitch_deg,roll_deg,speed_mps,r_m,q_deg,qdot_deg_s,a_n_m_s2,n_g
pursuit,追踪法,station_pursuit,station,0,0,0,0,0,0,0,0,0,0,0,0,0
pursuit,追踪法,missile_pursuit,missile,0,0,0,0,59.999999833815,30.000000166185,0,1000,10000,30,1.43239448782704,24.9999999999998,2.5492905324448
pursuit,追踪法,missile_pursuit,missile,2.32038129184932e-07,0.000200950914184256,0,0.000116019065175319,59.9999990028896,30.0000009971104,0,1000,9999.99966748641,30.0000003323701,1.43239454984816,25.0000010824724,2.54929064282629
pursuit,追踪法,missile_pursuit,missile,1.39222877510959e-06,0.00120570547501022,0,0.000696114408537521,59.9999946820754,30.0000053179246,0,1000,9999.99800491849,30.0000019942211,1.4323948599538,25.0000064948369,2.54929119473387
pursuit,追踪法,missile_pursuit,missile,7.19318200473289e-06,0.00622947802675691,0,0.00359659156248882,59.9999730779582,30.0000269220418,0,1000,9999.98969207898,30.0000103034812,1.43239641048375,25.0000335566897,2.54929395427487
pursuit,追踪法,missile_pursuit,missile,3.61979481528494e-05,0.0313483344758953,0,0.0180989882607752,59.9998650562009,30.0001349437991,0,1000,9999.94812788461,30.0000518499165,1.4324041631771,25.0001688667146,2.54930775205749
pursuit,追踪法,missile_pursuit,missile,0.000181221778893432,0.156942458979536,0,0.0906112449682734,59.9993249181345,30.0006750818655,0,1000,9999.74030699162,30.0002595854663,1.43244292773408,25.0008454358669,2.54937674291087
pursuit,追踪法,missile_pursuit,missile,0.000906340932596344,0.784909137674697,0,0.45317935925991,59.9966234955392,30.0033765044608,0,1000,9998.70120449857,30.0012983475492,1.43263677777752,25.0042287573801,2.54972174569094
pursuit,追踪法,missile_pursuit,missile,0.0045319367011109,3.92464390159082,0,2.26619074364741,59.9889331054424,30.0110668945576,0,1000,9993.50574134809,30.006494267336,1.43360670992771,25.0211572669218,2.55144797325506
pursuit,追踪法,missile_pursuit,missile,0.0145319367011109,12.5837050201374,0,7.26825631924563,59.9791517912975,30.0208482087025,0,1000,9979.17621078882,30.0208437328983,1.43628784867312,25.067951965732,2.55621970456089
pursuit,追踪法,missile_pursuit,missile,0.0245319367011109,21.2415119505148,0,12.2724923879837,59.9647754563692,30.0352245436309,0,1000,9964.84730732363,30.0352200532986,1.43897768418031,25.1148984516695,2.56100691384616
pursuit,追踪法,missile_pursuit,missile,0.0345319367011109,29.8980617983281,0,17.2789026993452,59.9503721793685,30.0496278206315,0,1000,9950.51903239972,30.0496233157048,1.44167625654511,25.1619974245386,2.56580967247109
pursuit,追踪法,missile_pursuit,missile,0.0445319367011109,38.5533516585617,0,22.2874910141043,59.9359418727238,30.0640581272762,0,1000,9936.19138746961,30.0640536076868,1.44438360610293,25.209249588325,2.57062805222221
pursuit,追踪法,missile_pursuit,missile,0.0545319367011109,47.2073786155263,0,27.2982611043745,59.9214844484608,30.0785155515392,0,1000,9921.86437399113,30.0785110172194,1.44709977343045,25.2566556512254,2.57546212531551
pursuit,追踪法,missile_pursuit,missile,0.0645319367011109,55.8601397428052,0,32.3112167536564,59.906999818198,30.093000181802,0,1000,9907.53799342749,30.092995632684,1.44982479934744,25.304216325679,2.58031196439957
pursuit,追踪法,missile_pursuit,missile,0.0745319367011109,64.5116321032002,0,37.3263617568876,59.8924878931428,30.1075121068572,0,1000,9893.21224724729,30.1075075428718,1.45255872491851,25.3519323283986,2.58517764255873
pursuit,追踪法,missile_pursuit,missile,0.0845319367011109,73.161852748677,0,42.3436999204914,59.8779485840928,30.1220514159072,0,1000,9878.88713692455,30.1220468369856,1.45530159145492,25.3998043804018,2.59005923331635
pursuit,追踪法,missile_pursuit,missile,0.0945319367011109,81.8107987203108,0,47.3632350624261,59.8633818014304,30.1366181985696,0,1000,9864.56266393873,30.1366136046426,1.45805344051644,25.4478332070432,2.594956810638
pursuit,追踪法,missile_pursuit,missile,0.104531936701111,90.4584670482309,0,52.3849710122353,59.8487874551201,30.1512125448799,0,1000,9850.23882977477,30.151207935877,1.46081431391313,25.4960195380461,2.59987044893476
pursuit,追踪法,missile_pursuit,missile,0.114531936701111,99.1048547515652,0,57.4089116110976,59.8341654547096,30.1658345452904,0,1000,9835.91563592311,30.1658299211422,1.46358425370722,25.544364107535,2.60480022306649
pursuit,追踪法,missile_pursuit,missile,0.124531936701111,107.749958838385,0,62.4350607118766,59.8195157093213,30.1804842906788,0,1000,9821.5930838797,30.1804796513135,1.46636330221498,25.592867654068,2.60974620834515
pursuit,追踪法,missile_pursuit,missile,0.134531936701111,116.393776305647,0,67.4634221791724,59.8048381276558,30.1951618723442,0,1000,9807.27117514606,30.1951572176907,1.46915150200859,25.64153092067,2.61470848053821
pursuit,追踪法,missile_pursuit,missile,0.144531936701111,125.03630413914,0,72.4939998893713,59.7901326179877,30.2098673820123,0,1000,9792.94991122932,30.2098627120007,1.47194889591806,25.6903546548654,2.61968711587193
pursuit,追踪法,missile_pursuit,missile,0.154531936701111,133.677539313425,0,77.526797730698,59.7753990881565,30.2246009118435,0,1000,9778.62929364218,30.2245962263998,1.47475552703312,25.7393396087123,2.62468219103488
pursuit,追踪法,missile_pursuit,missile,0.164531936701111,142.317478791778,0,82.5618196032664,59.7606374455746,30.2393625544254,0,1000,9764.309323903,30.2393578534765,1.47757143870519,25.7884865388352,2.62969378318133
pursuit,追踪法,missile_pursuit,missile,0.174531936701111,150.956119526135,0,87.5990694191316,59.7458475972212,30.2541524027788,0,1000,9749.99000353582,30.2541476862544,1.48039667454929,25.8377962064601,2.6347219699347
pursuit,追踪法,missile_pursuit,missile,0.184531936701111,159.593458457033,0,92.6385511023419,59.7310294496316,30.2689705503684,0,1000,9735.67133407037,30.2689658181943,1.48323127844605,25.8872693774483,2.63976682939111
pursuit,追踪法,missile_pursuit,missile,0.194531936701111,168.229492513548,0,97.6802685889911,59.7161829089032,30.2838170910968,0,1000,9721.35331704211,30.2838123431973,1.48607529454365,25.9369068223312,2.6448284401229
pursuit,追踪法,missile_pursuit,missile,0.204531936701111,176.864218613241,0,102.724225827271,59.7013078806969,30.2986921193031,0,1000,9707.03595399227,30.2986873556072,1.48892876725988,25.9867093163452,2.64990688118218
pursuit,追踪法,missile_pursuit,missile,0.214531936701111,185.497633662098,0,107.770426777524,59.6864042702188,30.3135957297812,0,1000,9692.71924646784,30.3135909502135,1.49179174128411,26.0366776394671,2.65500223210445
pursuit,追踪法,missile_pursuit,missile,0.224531936701111,194.129734554467,0,112.818875412298,59.6714719822279,30.3285280177721,0,1000,9678.40319602166,30.3285232222538,1.49466426157935,26.0868125764495,2.66011457291221
pursuit,追踪法,missile_pursuit,missile,0.234531936701111,202.760518173002,0,117.869575716398,59.65651092104,30.3434890789601,0,1000,9664.08780421239,30.3434842674168,1.49754637338433,26.137114916857,2.66524398411863
pursuit,追踪法,missile_pursuit,missile,0.244531936701111,211.389981388601,0,122.92253168694,59.6415209905119,30.3584790094881,0,1000,9649.77307260459,30.3584741818449,1.50043812221553,26.1875854551021,2.67039054673126
pursuit,追踪法,missile_pursuit,missile,0.254531936701111,220.018121060345,0,127.977747333406,59.6265020940456,30.3734979059544,0,1000,9635.45900276872,30.3734930621371,1.50333955386931,26.2382249904822,2.67555434225574
pursuit,追踪法,missile_pursuit,missile,0.264531936701111,228.644934035439,0,133.035226677698,59.6114541345779,30.3885458654221,0,1000,9621.14559628117,30.3885410053519,1.50625071442401,26.2890343272159,2.68073545269953
pursuit,追踪法,missile_pursuit,missile,0.274531936701111,237.270417149146,0,138.094973754194,59.5963770145889,30.4036229854111,0,1000,9606.83285472432,30.4036181090098,1.50917165024208,26.3400142744806,2.68593396057579
pursuit,追踪法,missile_pursuit,missile,0.284531936701111,245.89456722473,0,143.1569926098,59.5812706360929,30.4187293639071,0,1000,9592.52077968652,30.4187244710964,1.51210240797224,26.3911656464501,2.69114994890713
pursuit,追踪法,missile_pursuit,missile,0.294531936701111,254.517381073391,0,148.22128730401,59.5661349006359,30.4338650993641,0,1000,9578.20937276219,30.4338601900653,1.51504303455164,26.4424892623322,2.6963835012295
pursuit,追踪法,missile_pursuit,missile,0.304531936701111,263.138855494203,0,153.287861908956,59.5509697092934,30.4490302907066,0,1000,9563.89863555179,30.449025364841,1.51799357720805,26.4939859464072,2.70163470159608
pursuit,追踪法,missile_pursuit,missile,0.314531936701111,271.758987274049,0,158.356720509469,59.5357749626684,30.4642250373316,0,1000,9549.58856966186,30.4642200948215,1.5209540834621,26.5456565280662,2.70690363458125
pursuit,追踪法,missile_pursuit,missile,0.324531936701111,280.377773187563,0,163.427867203132,59.5205505608823,30.4794494391177,0,1000,9535.27917670511,30.4794444798816,1.52392460112945,26.5975018418502,2.7121903852845
pursuit,追踪法,missile_pursuit,missile,0.334531936701111,288.995209997057,0,168.50130610034,59.5052964035801,30.4947035964199,0,1000,9520.97045830036,30.4946986203758,1.52690517832311,26.6495227274894,2.71749503933447
pursuit,追踪法,missile_pursuit,missile,0.344531936701111,297.611294452465,0,173.577041324352,59.4900123899295,30.5099876100705,0,1000,9506.66241607266,30.5099826171411,1.52989586345564,26.7017200299425,2.72281768289299
pursuit,追踪法,missile_pursuit,missile,0.354531936701111,306.226023291275,0,178.655077011354,59.4746984186021,30.5253015813979,0,1000,9492.35505165325,30.5252965715004,1.5328967052415,26.7540945994372,2.72815840265913
pursuit,追踪法,missile_pursuit,missile,0.364531936701111,314.839393238461,0,183.735417310512,59.4593543877888,30.5406456122112,0,1000,9478.04836667966,30.5406405852648,1.53590775269933,26.8066472915101,2.73351728587337
pursuit,追踪法,missile_pursuit,missile,0.374531936701111,323.451401006423,0,188.818066384033,59.4439801951806,30.5560198048194,0,1000,9463.74236279568,30.5560147607376,1.53892905515428,26.8593789670476,2.73889442032168
pursuit,追踪法,missile_pursuit,missile,0.384531936701111,332.062043294914,0,193.903028407223,59.4285757379851,30.5714242620149,0,1000,9449.43704165143,30.5714192007167,1.54196066224039,26.912290492327,2.74428989433976
pursuit,追踪法,missile_pursuit,missile,0.394531936701111,340.67131679098,0,198.990307568541,59.4131409129044,30.5868590870956,0,1000,9435.1324049034,30.5868540084977,1.54500262390293,26.9653827390577,2.74970379681723
pursuit,追踪法,missile_pursuit,missile,0.404531936701111,349.279218168888,0,204.079908069667,59.3976756161428,30.6023243838572,0,1000,9420.82845421444,30.6023192878775,1.54805499040082,27.0186565844235,2.75513621720195
pursuit,追踪法,missile_pursuit,missile,0.414531936701111,357.885744090064,0,209.171834125551,59.3821797433953,30.6178202566047,0,1000,9406.52519125386,30.617815143157,1.55111781230905,27.0721129111244,2.76058724550427
pursuit,追踪法,missile_pursuit,missile,0.424531936701111,366.490891203016,0,214.266089964483,59.366653189851,30.633346810149,0,1000,9392.22261769738,30.6333416791446,1.55419114052111,27.1257526074193,2.76605697230138
pursuit,追踪法,missile_pursuit,missile,0.434531936701111,375.094656143276,0,219.362679828143,59.3510958502007,30.6489041497993,0,1000,9377.92073522725,30.6488990011591,1.55727502625146,27.1795765671691,2.77154548874173
pursuit,追踪法,missile_pursuit,missile,0.444531936701111,383.697035533325,0,224.461607971669,59.3355076186039,30.6644923813961,0,1000,9363.61954553223,30.6644872150331,1.56036952103799,27.2335856898799,2.77705288654942
pursuit,追踪法,missile_pursuit,missile,0.454531936701111,392.298025982523,0,229.562878663713,59.3198883887071,30.6801116112929,0,1000,9349.31905030763,30.6801064271163,1.56347467674459,27.2877808807471,2.78257925802869
pursuit,追踪法,missile_pursuit,missile,0.464531936701111,400.897624087043,0,234.666496186507,59.304238053645,30.695761946355,0,1000,9335.01925125537,30.6957567442784,1.5665905455636,27.3421630506991,2.78812469606839
pursuit,追踪法,missile_pursuit,missile,0.474531936701111,409.4958264298,0,239.772464835918,59.2885565060244,30.7114434939756,0,1000,9320.72015008399,30.7114382739129,1.56971718001844,27.3967331164424,2.79368929414656
pursuit,追踪法,missile_pursuit,missile,0.484531936701111,418.092629580378,0,244.880788921516,59.2728436379211,30.7271563620789,0,1000,9306.4217485087,30.7271511239403,1.57285463296614,27.4514920005061,2.799273146335
pursuit,追踪法,missile_pursuit,missile,0.494531936701111,426.688030094958,0,249.99147276663,59.2570993408878,30.7429006591122,0,1000,9292.12404825141,30.7428954028112,1.57600295759996,27.5064406312879,2.80487634730392
pursuit,追踪法,missile_pursuit,missile,0.504531936701111,435.282024516251,0,255.104520708416,59.241323505935,30.758676494065,0,1000,9277.82705104076,30.7586712195097,1.57916220745202,27.5615799430994,2.81049899232658
pursuit,追踪法,missile_pursuit,missile,0.514531936701111,443.874609373423,0,260.219937097919,59.2255160235439,30.7744839764561,0,1000,9263.53075861218,30.7744786835572,1.58233243639592,27.6169108762126,2.81614117728405
pursuit,追踪法,missile_pursuit,missile,0.524531936701111,452.465781182022,0,265.337726300132,59.2096767836535,30.7903232163465,0,1000,9249.23517270788,30.7903179050153,1.58551369864948,27.6724343769065,2.82180299866993
pursuit,追踪法,missile_pursuit,missile,0.534531936701111,461.055536443904,0,270.457892694064,59.1938056756525,30.8061943243475,0,1000,9234.94029507694,30.8061889944897,1.58870604877735,27.7281513975145,2.82748455359521
pursuit,追踪法,missile_pursuit,missile,0.544531936701111,469.643871647161,0,275.580440672803,59.1779025883901,30.8220974116099,0,1000,9220.64612747531,30.8220920631334,1.59190954169384,27.7840628964715,2.83318593979305
pursuit,追踪法,missile_pursuit,missile,0.554531936701111,478.230783266049,0,280.70537464358,59.1619674101641,30.8380325898359,0,1000,9206.35267166587,30.8380272226504,1.59512423266557,27.8401698383623,2.83890725562372
pursuit,追踪法,missile_pursuit,missile,0.564531936701111,486.816267760907,0,285.832699027832,59.1460000287131,30.8539999712869,0,1000,9192.05992941844,30.8539945852989,1.59835017731431,27.8964731939699,2.84464860007953
pursuit,追踪法,missile_pursuit,missile,0.574531936701111,495.400321578088,0,290.962418261271,59.1300003312206,30.8699996687794,0,1000,9177.76790250984,30.8699942638955,1.60158743161976,27.9529739403244,2.85041007278983
pursuit,追踪法,missile_pursuit,missile,0.584531936701111,503.98294114988,0,296.094536793946,59.1139682043069,30.8860317956931,0,1000,9163.47659272395,30.886026371818,1.60483605192238,28.0096730607522,2.85619177402602
pursuit,追踪法,missile_pursuit,missile,0.594531936701111,512.564122894431,0,301.229059090312,59.0979035340295,30.9020964659704,0,1000,9149.18600185167,30.9020910230096,1.60809609492626,28.0665715449264,2.86199380470665
pursuit,追踪法,missile_pursuit,missile,0.604531936701111,521.143863215671,0,306.365989629292,59.0818062058768,30.9181937941232,0,1000,9134.89613169105,30.9181883319823,1.61136761770195,28.1236703889163,2.86781626640252
pursuit,追踪法,missile_pursuit,missile,0.614531936701111,529.722158503237,0,311.505332904349,59.0656761047629,30.9343238952371,0,1000,9120.60698404727,30.9343184138209,1.61465067768945,28.1809705952386,2.87365926134191
pursuit,追踪法,missile_pursuit,missile,0.624531936701111,538.299005132392,0,316.647093423548,59.0495131150223,30.9504868849777,0,1000,9106.31856073269,30.9504813841862,1.61794533270107,28.2384731729088,2.87952289241574
pursuit,追踪法,missile_pursuit,missile,0.634531936701111,546.874399463949,0,321.791275709629,59.0333171204168,30.9666828795832,0,1000,9092.03086356691,30.9666773593189,1.62125164092446,28.2961791374927,2.88540726318291
pursuit,追踪法,missile_pursuit,missile,0.644531936701111,555.448337844193,0,326.937884300069,59.0170880041256,30.9829119958744,0,1000,9077.74389437679,30.9829064560439,1.62456966092553,28.3540895111583,2.89131247787556
pursuit,追踪法,missile_pursuit,missile,0.654531936701111,564.020816604798,0,332.086923747154,59.0008256487287,30.9991743512713,0,1000,9063.45765499649,30.9991687917732,1.62789945165152,28.4122053227293,2.89723864140448
pursuit,追踪法,missile_pursuit,missile,0.664531936701111,572.59183206275,0,337.238398618048,58.9845299362244,31.0154700637756,0,1000,9049.17214726751,31.0154644845104,1.63124107243405,28.4705276077375,2.90318585936457
pursuit,追踪法,missile_pursuit,missile,0.674531936701111,581.161380520266,0,342.39231349486,58.9682007480172,31.0317992519828,0,1000,9034.88737303875,31.0317936528544,1.63459458299217,28.5290574084771,2.90915423804022
pursuit,追踪法,missile_pursuit,missile,0.684531936701111,589.729458264712,0,347.548672974714,58.9518379649009,31.0481620350991,0,1000,9020.60333416653,31.0481564160031,1.63796004343548,28.5877957740584,2.91514388441093
pursuit,追踪法,missile_pursuit,missile,0.694531936701111,598.29606156852,0,352.707481669822,58.9354414670755,31.0645585329245,0,1000,9006.32003251463,31.0645528937577,1.64133751426726,28.6467437604632,2.92115490615686
pursuit,追踪法,missile_pursuit,missile,0.704531936701111,606.861186689111,0,357.86874420755,58.9190111341397,31.0809888658603,0,1000,8992.03746995433,31.0809832065261,1.64472705638767,28.7059024305992,2.92718741166445
pursuit,追踪法,missile_pursuit,missile,0.714531936701111,615.424829868806,0,363.03246523049,58.9025468450646,31.0974531549354,0,1000,8977.75564836449,31.0974474753273,1.64812873109687,28.7652728543566,2.93324151003213
pursuit,追踪法,missile_pursuit,missile,0.724531936701111,623.986987334745,0,368.198649396535,58.8860484782188,31.1139515217812,0,1000,8963.47456963152,31.1139458217956,1.65154260009833,28.824856108664,2.93931731107605
pursuit,追踪法,missile_pursuit,missile,0.734531936701111,632.547655298806,0,373.367301378945,58.8695159113532,31.1304840886468,0,1000,8949.19423564949,31.130478368184,1.65496872550206,28.8846532775452,2.94541492533589
pursuit,追踪法,missile_pursuit,missile,0.744531936701111,641.106829957516,0,378.538425866423,58.8529490215843,31.1470509784157,0,1000,8934.91464832013,31.1470452373687,1.65840716982785,28.9446654521767,2.95153446408067
pursuit,追踪法,missile_pursuit,missile,0.754531936701111,649.664507491966,0,383.712027563186,58.8363476854123,31.1636523145877,0,1000,8920.6358095529,31.1636465528533,1.66185799600866,29.0048937309459,2.95767603931474
pursuit,追踪法,missile_pursuit,missile,0.764531936701111,658.22068406773,0,388.888111189038,58.8197117786985,31.1802882213015,0,1000,8906.35772126502,31.1802824387728,1.66532126739394,29.0653392195092,2.96383976378368
pursuit,追踪法,missile_pursuit,missile,0.774531936701111,666.775355834773,0,394.066681479446,58.8030411766702,31.1969588233298,0,1000,8892.0803853815,31.1969530198977,1.66879704775302,29.1260030308512,2.97002575098032
pursuit,追踪法,missile_pursuit,missile,0.784531936701111,675.328518927367,0,399.247743185609,58.7863357539207,31.2136642460793,0,1000,8877.8038038352,31.2136584216384,1.6722854012785,29.1868862853444,2.97623411515089
pursuit,追踪法,missile_pursuit,missile,0.794531936701111,683.880169464004,0,404.431301074537,58.7695953843925,31.2304046156075,0,1000,8863.52797856689,31.2303987700492,1.67578639258976,29.2479901108095,2.98246497130106
pursuit,追踪法,missile_pursuit,missile,0.804531936701111,692.430303547304,0,409.617359929122,58.7528199413831,31.247180058617,0,1000,8849.25291152524,31.2471741918329,1.67930008673637,29.309315642576,2.98871843520224
pursuit,追踪法,missile_pursuit,missile,0.814531936701111,700.978917263932,0,414.805924548217,58.7360092975359,31.2639907024641,0,1000,8834.97860466692,31.2639848143449,1.68282654920168,29.3708640235436,2.99499462339776
pursuit,追踪法,missile_pursuit,missile,0.824531936701111,709.526006684502,0,419.996999746708,58.7191633248363,31.2808366751637,0,1000,8820.70505995664,31.2808307655977,1.6863658459063,29.4326364042443,3.00129365320923
pursuit,追踪法,missile_pursuit,missile,0.834531936701111,718.071567863493,0,425.190590355594,58.7022818946122,31.2977181053878,0,1000,8806.43227936714,31.297712174265,1.68991804321176,29.494633942905,3.00761564274294
pursuit,追踪法,missile_pursuit,missile,0.844531936701111,726.615596839153,0,430.386701222059,58.6853648775223,31.3146351224777,0,1000,8792.16026487931,31.3146291696866,1.69348320792406,29.5568578055106,3.01396071089624
pursuit,追踪法,missile_pursuit,missile,0.854531936701111,735.158089633413,0,435.585337209555,58.6684121435569,31.3315878564431,0,1000,8777.88901848218,31.3315818818723,1.69706140729736,29.6193091658675,3.02032897736408
pursuit,追踪法,missile_pursuit,missile,0.864531936701112,743.699042251788,0,440.786503197872,58.6514235620293,31.3485764379707,0,1000,8763.618542173,31.348570441507,1.70065270903768,29.6819892056687,3.02672056264562
pursuit,追踪法,missile_pursuit,missile,0.874531936701112,752.238450683292,0,445.990204083225,58.6343990015727,31.3656009984274,0,1000,8749.34883795724,31.3655949799548,1.70425718130662,29.7448991145584,3.0331355880508
pursuit,追踪法,missile_pursuit,missile,0.884531936701112,760.776310900338,0,451.196444778325,58.6173383301413,31.3826616698587,0,1000,8735.07990784872,31.3826556292636,1.70787489272508,29.8080400901977,3.03957417570706
pursuit,追踪法,missile_pursuit,missile,0.894531936701112,769.312618858649,0,456.405230212462,58.6002414149966,31.3997585850034,0,1000,8720.81175386956,31.39975252217,1.71150591237716,29.871413338331,3.04603644856613
pursuit,追踪法,missile_pursuit,missile,0.904531936701112,777.847370497159,0,461.616565331583,58.5831081227076,31.4168918772924,0,1000,8706.54437805031,31.4168857921037,1.71515030981389,29.9350200728532,3.05252253041081
pursuit,追踪法,missile_pursuit,missile,0.914531936701112,786.380561737921,0,466.830455098373,58.5659383191457,31.4340616808543,0,1000,8692.27778242993,31.4340555731923,1.71880815505716,29.9988615158767,3.05903254586191
pursuit,追踪法,missile_pursuit,missile,0.924531936701112,794.912188486009,0,472.046904492335,58.5487318694822,31.4512681305178,0,1000,8678.01196905588,31.4512620002658,1.72247951860365,30.0629388978006,3.06556662038521
pursuit,追踪法,missile_pursuit,missile,0.934531936701112,803.442246629422,0,477.26591850987,58.5314886381815,31.4685113618185,0,1000,8663.74693998418,31.4685052088619,1.72616447142873,30.127253457379,3.07212488029847
pursuit,追踪法,missile_pursuit,missile,0.944531936701112,811.970732038987,0,482.48750216436,58.5142084889846,31.4857915110154,0,1000,8649.4826972794,31.4857853352301,1.72986308499051,30.1918064417909,3.07870745277856
pursuit,追踪法,missile_pursuit,missile,0.954531936701112,820.497640568258,0,487.711660486252,58.4968912849292,31.5031087150707,0,1000,8635.21924301476,31.5031025163372,1.73357543123381,30.2565991067105,3.08531446586862
pursuit,追踪法,missile_pursuit,missile,0.964531936701112,829.022968053422,0,492.938398523134,58.4795368883257,31.5204631116743,0,1000,8620.95657927218,31.5204568898718,1.73730158259428,30.3216327163783,3.09194604848529
pursuit,追踪法,missile_pursuit,missile,0.974531936701112,837.546710313193,0,498.167721339826,58.4621451607546,31.5378548392454,0,1000,8606.69470814229,31.5378485942492,1.74104161200248,30.3869085436729,3.09860233042608
pursuit,追踪法,missile_pursuit,missile,0.984531936701112,846.068863148718,0,503.399634018457,58.4447159630755,31.5552840369245,0,1000,8592.43363172453,31.5552777686167,1.74479559288807,30.4524278701834,3.10528344237669
pursuit,追踪法,missile_pursuit,missile,0.994531936701112,854.589422343473,0,508.634141658553,58.4272491553966,31.5727508446034,0,1000,8578.17335212715,31.5727445528583,1.74856359918395,30.5181919862823,3.11198951591851
pursuit,追踪法,missile_pursuit,missile,1.00453193670111,863.108383663159,0,513.871249377121,58.4097445970927,31.5902554029073,0,1000,8563.91387146731,31.5902490875998,1.75234570533052,30.5842021912,3.11872068353617
pursuit,追踪法,missile_pursuit,missile,1.01453193670111,871.625742855603,0,519.110962308732,58.3922021467923,31.6077978532077,0,1000,8549.65519187109,31.6077915142142,1.75614198628,30.650459793099,3.12547707862512
pursuit,追踪法,missile_pursuit,missile,1.02453193670111,880.141495650655,0,524.353285605611,58.3746216623646,31.6253783376353,0,1000,8535.39731547356,31.6253719748263,1.75995251750065,30.7169661091494,3.13225883549932
pursuit,追踪法,missile_pursuit,missile,1.03453193670111,888.655637760079,0,529.598224437719,58.3570030009311,31.6429969990689,0,1000,8521.14024441885,31.6429906123183,1.76377737498123,30.7837224656052,3.13906608939905
pursuit,追踪法,missile_pursuit,missile,1.04453193670111,897.168164877453,0,534.84578399284,58.3393460188463,31.6606539811537,0,1000,8506.88398086016,31.6606475703351,1.76761663523537,30.8507301978808,3.14589897649869
pursuit,追踪法,missile_pursuit,missile,1.05453193670111,905.679072678063,0,540.095969476673,58.3216505716948,31.6783494283052,0,1000,8492.62852695986,31.6783429932891,1.771470375306,30.9179906506294,3.15275763391468
pursuit,追踪法,missile_pursuit,missile,1.06453193670111,914.188356818794,0,545.348786112914,58.3039165142905,31.6960834857095,0,1000,8478.37388488949,31.6960770263658,1.77533867276988,30.9855051778207,3.15964219971353
pursuit,追踪法,missile_pursuit,missile,1.07453193670111,922.696012938023,0,550.604239143348,58.2861437006699,31.7138562993301,0,1000,8464.12005682988,31.7138498155294,1.77922160574212,31.0532751428205,3.16655281291986
pursuit,追踪法,missile_pursuit,missile,1.08453193670111,931.202036655516,0,555.862333827937,58.2683319840825,31.7316680159175,0,1000,8449.86704497113,31.7316615075278,1.78311925288078,31.1213019184711,3.1734896135246
pursuit,追踪法,missile_pursuit,missile,1.09453193670111,939.706423572311,0,561.12307544491,58.2504812169887,31.7495187830113,0,1000,8435.61485151273,31.7495122498982,1.78703169339149,31.1895868871713,3.18045274249323
pursuit,追踪法,missile_pursuit,missile,1.10453193670111,948.209169270617,0,566.386469290853,58.2325912510591,31.7674087489409,0,1000,8421.36347866358,31.7674021909727,1.79095900703213,31.2581314409589,3.18744234177409
pursuit,追踪法,missile_pursuit,missile,1.11453193670111,956.710269313696,0,571.652520680798,58.2146619371566,31.7853380628435,0,1000,8407.11292864204,31.7853314798836,1.79490127411757,31.3269369815929,3.19445855430682
pursuit,追踪法,missile_pursuit,missile,1.12453193670111,965.209719245757,0,576.921234948318,58.1966931253465,31.8033068746535,0,1000,8392.86320367601,31.8033002665694,1.79885857552446,31.3960049206369,3.20150152403082
pursuit,追踪法,missile_pursuit,missile,1.13453193670111,973.707514591843,0,582.192617445614,58.1786846648769,31.8213153351231,0,1000,8378.61430600297,31.8213087017799,1.80283099269599,31.4653366795428,3.20857139589389
pursuit,追踪法,missile_pursuit,missile,1.14453193670111,982.203650857716,0,587.466673543613,58.1606364041766,31.8393635958234,0,1000,8364.36623787003,31.8393569370825,1.80681860764684,31.534933689737,3.21566831586087
pursuit,追踪法,missile_pursuit,missile,1.15453193670111,990.698123529745,0,592.743408632056,58.1425481908554,31.8574518091446,0,1000,8350.11900153402,31.8574451248674,1.81082150296806,31.6047973927049,3.22279243092238
pursuit,追踪法,missile_pursuit,missile,1.16453193670111,999.190928074791,0,598.022828119596,58.1244198716886,31.8755801283114,0,1000,8335.87259926149,31.8755734183536,1.81483976183205,31.6749292400789,3.22994388910371
pursuit,追踪法,missile_pursuit,missile,1.17453193670111,1007.68205994009,0,603.304937433889,58.1062512926269,31.8937487073732,0,1000,8321.62703332884,31.893741971595,1.81887346799757,31.7453306937254,3.23712283947376
pursuit,追踪法,missile_pursuit,missile,1.18453193670111,1016.17151455314,0,608.589742021689,58.0880422987879,31.9119577012121,0,1000,8307.38230602232,31.9119509394857,1.82292270581487,31.8160032258334,3.24432943215404
pursuit,追踪法,missile_pursuit,missile,1.19453193670111,1024.65928732159,0,613.877247348946,58.0697927344162,31.9302072655838,0,1000,8293.13841963809,31.9302004777665,1.82698756023073,31.8869483190045,3.25156381832782
pursuit,追踪法,missile_pursuit,missile,1.20453193670111,1033.1453736331,0,619.167458900901,58.051502442905,31.948497557095,0,1000,8278.89537648234,31.9484907430307,1.83106811679373,31.9581674663427,3.25882615024934
pursuit,追踪法,missile_pursuit,missile,1.21453193670111,1041.62976885524,0,624.460382182181,58.0331712668132,31.9668287331868,0,1000,8264.65317887127,31.96682189273,1.83516446165941,32.029662171546,3.26611658125313
pursuit,追踪法,missile_pursuit,missile,1.22453193670111,1050.11246833537,0,629.756022716899,58.0147990478361,31.9852009521639,0,1000,8250.4118291312,31.9851940851807,1.83927668159561,32.1014339489989,3.27343526576342
pursuit,追踪法,missile_pursuit,missile,1.23453193670111,1058.59346740052,0,635.054386048749,57.9963856267721,32.0036143732279,0,1000,8236.17132959863,32.00360747957,1.84340486398778,32.1734843238651,3.28078235930364
pursuit,追踪法,missile_pursuit,missile,1.24453193670111,1067.07276135725,0,640.355477741108,57.9779308435449,32.0220691564551,0,1000,8221.93168262026,32.022062235962,1.84754909684439,32.2458148321822,3.28815801850604
pursuit,追踪法,missile_pursuit,missile,1.25453193670111,1075.55034549155,0,645.659303377133,57.9594345372385,32.0405654627615,0,1000,8207.69289055311,32.0405585153038,1.85170946880238,32.3184270209568,3.29556240112136
pursuit,追踪法,missile_pursuit,missile,1.26453193670111,1084.02621506872,0,650.965868559862,57.9408965459879,32.0591034540121,0,1000,8193.45495576453,32.0590964794325,1.85588606913267,32.3913224482602,3.30299566602868
pursuit,追踪法,missile_pursuit,missile,1.27453193670111,1092.5003653332,0,656.275178912312,57.9223167070561,32.0776832929439,0,1000,8179.21788063229,32.0776762910807,1.86007898774573,32.4645026833262,3.31045797324532
pursuit,追踪法,missile_pursuit,missile,1.28453193670111,1100.97279150851,0,661.587240077584,57.9036948568488,32.0963051431512,0,1000,8164.98166754463,32.0962981138835,1.86428831519719,32.5379693066489,3.31794948393681
pursuit,追踪法,missile_pursuit,missile,1.29453193670111,1109.44348879709,0,666.902057718964,57.885030830767,32.114969169233,0,1000,8150.74631890035,32.1149621123847,1.86851414269357,32.6117239100819,3.32547036042705
pursuit,追踪法,missile_pursuit,missile,1.30453193670111,1117.91245238014,0,672.219637520024,57.866324463358,32.133675536642,0,1000,8136.51183710882,32.1336684520436,1.87275656209794,32.6857680969387,3.33302076620852
pursuit,追踪法,missile_pursuit,missile,1.31453193670111,1126.37967741756,0,677.539985184723,57.847575588292,32.152424411708,0,1000,8122.27822459011,32.1524172992414,1.87701566593581,32.7601034820939,3.34060086595258
pursuit,追踪法,missile_pursuit,missile,1.32453193670111,1134.84515904779,0,682.863106437519,57.8287840382065,32.1712159617935,0,1000,8108.04548377499,32.1712088212877,1.88129154740094,32.8347316920854,3.34821082551997
pursuit,追踪法,missile_pursuit,missile,1.33453193670111,1143.30889238764,0,688.189007023464,57.8099496448585,32.1900503551415,0,1000,8093.81361710507,32.1900431864276,1.88558430036128,32.909654365218,3.35585081197126
pursuit,追踪法,missile_pursuit,missile,1.34453193670111,1151.77087253223,0,693.517692708316,57.79107223909,32.20892776091,0,1000,8079.58262703277,32.2089205638483,1.88989401936494,32.9848731516677,3.3635209935776
pursuit,追踪法,missile_pursuit,missile,1.35453193670111,1160.23109455481,0,698.849169278642,57.7721516507311,32.227848349269,0,1000,8065.35251602148,32.2278411236858,1.89422079964631,33.0603897135879,3.37122153983143
pursuit,追踪法,missile_pursuit,missile,1.36453193670111,1168.68955350663,0,704.183442541926,57.7531877087123,32.2468122912878,0,1000,8051.12328654557,32.2468050370319,1.89856473713206,33.136205725215,3.37895262145738
pursuit,追踪法,missile_pursuit,missile,1.37453193670111,1177.14624441684,0,709.520518326675,57.7341802409745,32.2658197590255,0,1000,8036.89494109047,32.2658124759411,1.90292592844742,33.2123228729775,3.38671441042329
pursuit,追踪法,missile_pursuit,missile,1.38453193670111,1185.6011622923,0,714.860402482527,57.7151290744728,32.2848709255272,0,1000,8022.66748215274,32.2848636134379,1.90730447092238,33.288742855604,3.39450707995125
pursuit,追踪法,missile_pursuit,missile,1.39453193670111,1194.05430211749,0,720.203100880362,57.6960340352215,32.3039659647785,0,1000,8008.44091224014,32.3039586235235,1.911700462598,33.3654673842337,3.40233080452894
pursuit,追踪法,missile_pursuit,missile,1.40453193670111,1202.50565885435,0,725.548619412409,57.676894948229,32.3231050517711,0,1000,7994.21523387171,32.323097681183,1.91611400223278,33.4424981825281,3.41018575992088
pursuit,追踪法,missile_pursuit,missile,1.41453193670111,1210.95522744215,0,730.896963992359,57.657711637526,32.342288362474,0,1000,7979.99044957781,32.3422809623929,1.92054518930916,33.5198369867826,3.41807212317995
pursuit,追踪法,missile_pursuit,missile,1.42453193670111,1219.40300279735,0,736.248140555473,57.6384839261177,32.3615160738823,0,1000,7965.76656190021,32.361508644128,1.92499412403994,33.5974855460411,3.42599007265897
pursuit,追踪法,missile_pursuit,missile,1.43453193670111,1227.84897981344,0,741.602155058696,57.6192116360525,32.3807883639475,0,1000,7951.54357339217,32.3807809043689,1.92946090737496,33.6754456222104,3.43393978802245
pursuit,追踪法,missile_pursuit,missile,1.44453193670111,1236.29315336085,0,746.959013480767,57.5998945883113,32.4001054116887,0,1000,7937.32148661846,32.4000979221097,1.93394564100768,33.7537189901762,3.44192145025837
pursuit,追踪法,missile_pursuit,missile,1.45453193670111,1244.73551828672,0,752.318721822335,57.5805326028751,32.4194673971249,0,1000,7923.10030415553,32.4194598773648,1.93844842738194,33.832307437921,3.44993524169018
pursuit,追踪法,missile_pursuit,missile,1.46453193670111,1253.17606941486,0,757.681286106073,57.5611254987321,32.4388745012679,0,1000,7908.88002859146,32.4388669511771,1.94296936969876,33.9112127666423,3.45798134598893
pursuit,追踪法,missile_pursuit,missile,1.47453193670111,1261.61480154552,0,763.04671237679,57.5416730937653,32.4583269062347,0,1000,7894.66066252613,32.4583193256251,1.9475085719232,33.9904367908727,3.46605994818543
pursuit,追踪法,missile_pursuit,missile,1.48453193670111,1270.05170945528,0,768.415006701547,57.5221752048553,32.4778247951447,0,1000,7880.44220857125,32.4778171838309,1.9520661387913,34.0699813386007,3.47417123468266
pursuit,追踪法,missile_pursuit,missile,1.49453193670111,1278.4867878969,0,773.786175169778,57.5026316478281,32.4973683521718,0,1000,7866.22466935044,32.497360709968,1.95664217581709,34.149848251394,3.48231539326824
pursuit,追踪法,missile_pursuit,missile,1.50453193670111,1286.92003159917,0,779.160223893401,57.4830422374894,32.5169577625106,0,1000,7852.0080474993,32.5169500892687,1.96123678929973,34.2300393845225,3.49049261312706
pursuit,追踪法,missile_pursuit,missile,1.51453193670111,1295.35143526678,0,784.537159006938,57.4634067875074,32.5365932124926,0,1000,7837.7923456655,32.5365855080324,1.96585008633061,34.3105566070838,3.49870308485404
pursuit,追踪法,missile_pursuit,missile,1.52453193670111,1303.78099358011,0,789.916986667636,57.4437251104957,32.5562748895043,0,1000,7823.57756650883,32.5562671536333,1.97048217480066,34.39140180213,3.50694700046703
pursuit,追踪法,missile_pursuit,missile,1.53453193670111,1312.20870119515,0,795.299713055584,57.4239970179984,32.5760029820016,0,1000,7809.36371270131,32.5759952145288,1.97513316340766,34.4725768667948,3.51522455341986
pursuit,追踪法,missile_pursuit,missile,1.54453193670111,1320.63455274328,0,800.685344373834,57.4042223204822,32.5957776795178,0,1000,7795.15078692725,32.5957698802669,1.97980316166362,34.5540837124238,3.52353593861551
pursuit,追踪法,missile_pursuit,missile,1.55453193670111,1329.05854283119,0,806.073886848521,57.3844008273149,32.6155991726852,0,1000,7780.93879188329,32.6155913414952,1.9844922799023,34.6359242647041,3.53188135241944
pursuit,追踪法,missile_pursuit,missile,1.56453193670111,1337.48066604065,0,811.465346728987,57.3645323466811,32.6354676533189,0,1000,7766.72773027857,32.6354597899687,1.98920062928678,34.7181004637974,3.54026099267308
pursuit,追踪法,missile_pursuit,missile,1.57453193670111,1345.90091692838,0,816.859730287902,57.3446166857647,32.6553833142354,0,1000,7752.5176048347,32.655375418558,1.99392832181707,34.8006142644729,3.5486750587074
pursuit,追踪法,missile_pursuit,missile,1.58453193670111,1354.31929002594,0,822.257043821391,57.3246536505496,32.6753463494504,0,1000,7738.30841828592,32.6753384212582,1.99867547033788,34.8834676362423,3.55712375135672
pursuit,追踪法,missile_pursuit,missile,1.59453193670111,1362.73577983947,0,827.657293649153,57.3046430458942,32.6953569541058,0,1000,7724.10017337915,32.695348993197,2.00344218854647,34.9666625634969,3.56560727297262
pursuit,追踪法,missile_pursuit,missile,1.60453193670111,1371.15038084963,0,833.060486114589,57.2845846755379,32.7154153244621,0,1000,7709.89287287408,32.7154073306432,2.00822859100048,35.0502010456449,3.574125827438
pursuit,追踪法,missile_pursuit,missile,1.61453193670111,1379.56308751136,0,838.466627584932,57.2644783420728,32.7355216579272,0,1000,7695.68651954321,32.7355136310158,2.01303479312597,35.1340850972511,3.58267962018131
pursuit,追踪法,missile_pursuit,missile,1.62453193670111,1387.97389425379,0,843.875724451366,57.244323846914,32.755676153086,0,1000,7681.481116172,32.7556680928922,2.01786091122551,35.2183167481781,3.59126885819093
pursuit,追踪法,missile_pursuit,missile,1.63453193670111,1396.38279547999,0,849.287783129162,57.2241209902941,32.7758790097059,0,1000,7667.27666555889,32.7758709160174,2.02270706248632,35.3028980437289,3.59989375002972
pursuit,追踪法,missile_pursuit,missile,1.64453193670111,1404.78978556688,0,854.7028100578,57.2038695713059,32.7961304286941,0,1000,7653.07317051545,32.7961223013126,2.02757336498855,35.3878310447909,3.60855450584969
pursuit,追踪法,missile_pursuit,missile,1.65453193670111,1413.19485886501,0,860.120811701105,57.1835693878535,32.8164306121466,0,1000,7638.87063386638,32.8164224508845,2.03245993771362,35.4731178279815,3.61725133740691
pursuit,追踪法,missile_pursuit,missile,1.66453193670111,1421.59800969844,0,865.541794547371,57.1632202366277,32.8367797633723,0,1000,7624.66905844967,32.8367715680339,2.03736690055267,35.558760485796,3.62598445807651
pursuit,追踪法,missile_pursuit,missile,1.67453193670111,1429.99923236451,0,870.9657651095,57.1428219131032,32.8571780868968,0,1000,7610.46844711663,32.8571698572652,2.04229437431511,35.6447611267563,3.63475408286788
pursuit,追踪法,missile_pursuit,missile,1.68453193670111,1438.39852113372,0,876.392729925127,57.1223742115874,32.8776257884126,0,1000,7596.26880273203,32.8776175242956,2.04724248073723,35.7311218755612,3.64356042844001
pursuit,追踪法,missile_pursuit,missile,1.69453193670111,1446.79587024953,0,881.822695556758,57.1018769251221,32.8981230748779,0,1000,7582.07012817412,32.8981147760643,2.05221134249093,35.8178448732397,3.65240371311709
pursuit,追踪法,missile_pursuit,missile,1.70453193670111,1455.19127392819,0,887.255668591903,57.081329845554,32.918670154446,0,1000,7567.87242633479,32.9186618207418,2.05720108319256,35.904932277304,3.66128415690414
pursuit,追踪法,missile_pursuit,missile,1.71453193670111,1463.58472635858,0,892.691655643211,57.060732763448,32.939267236552,0,1000,7553.6757001196,32.9392588677397,2.06221182741186,35.9923862619061,3.67020198150297
pursuit,追踪法,missile_pursuit,missile,1.72453193670111,1471.97622170199,0,898.130663348606,57.0400854681269,32.9599145318731,0,1000,7539.47995244789,32.9599061277201,2.06724370068096,36.0802090179948,3.67915741032818
pursuit,追踪法,missile_pursuit,missile,1.73453193670111,1480.36575409199,0,903.572698371425,57.0193877477157,32.9806122522843,0,1000,7525.28518625289,32.9806038126051,2.07229682950348,36.1684027534753,3.68815066852344
pursuit,追踪法,missile_pursuit,missile,1.74453193670111,1488.75331763424,0,909.017767400554,56.9986393889949,33.0013606110051,0,1000,7511.09140448177,33.0013521355869,2.07737134136384,36.2569696933701,3.69718198297789
pursuit,追踪法,missile_pursuit,missile,1.75453193670111,1497.13890640627,0,914.46587715057,56.9778401774883,33.0221598225117,0,1000,7496.89861009575,33.0221513111373,2.08246736473651,36.3459120799818,3.70625158234278
pursuit,追踪法,missile_pursuit,missile,1.76453193670111,1505.52251445735,0,919.917034361878,56.9569898974251,33.0430101025749,0,1000,7482.70680607021,33.0430015550181,2.08758502909551,36.4352321730582,3.71535969704825
pursuit,追踪法,missile_pursuit,missile,1.77453193670111,1513.90413580825,0,925.371245800855,56.9360883317425,33.0639116682575,0,1000,7468.51599539476,33.0639030842907,2.09272446492389,36.5249322499585,3.72450655932031
pursuit,追踪法,missile_pursuit,missile,1.78453193670111,1522.28376445111,0,930.828518259988,56.9151352621008,33.0848647378992,0,1000,7454.32618107333,33.0848561173264,2.09788580372346,36.6150146058219,3.73369240319803
pursuit,追踪法,missile_pursuit,missile,1.79453193670111,1530.66139434922,0,936.288858558022,56.894130468789,33.105869531211,0,1000,7440.13736612428,33.1058608738167,2.1030691780245,36.7054815537383,3.74291746455092
pursuit,追踪法,missile_pursuit,missile,1.80453193670111,1539.03701943683,0,941.752273540099,56.8730737307584,33.1269262692416,0,1000,7425.94955358047,33.1269175747836,2.10827472139563,36.7963354249199,3.75218198109649
pursuit,追踪法,missile_pursuit,missile,1.81453193670111,1547.41063361895,0,947.218770077906,56.8519648256626,33.1480351743374,0,1000,7411.76274648941,33.1480264425901,2.11350256845384,36.8875785688763,3.76148619241803
pursuit,追踪法,missile_pursuit,missile,1.82453193670111,1555.7822307712,0,952.688355069821,56.8308035297889,33.1691964702111,0,1000,7397.57694791329,33.1691877009505,2.11875285487453,36.9792133535901,3.77083033998258
pursuit,追踪法,missile_pursuit,missile,1.83453193670111,1564.15180473956,0,958.161035441058,56.8095896180456,33.1904103819544,0,1000,7383.39216092911,33.1904015749412,2.12402571740178,37.0712421656957,3.78021466715909
pursuit,追踪法,missile_pursuit,missile,1.84453193670111,1572.51934934022,0,963.636818143818,56.7883228640076,33.2116771359924,0,1000,7369.20838862878,33.2116682910115,2.12932129385866,37.1636674106593,3.78963941923687
pursuit,追踪法,missile_pursuit,missile,1.85453193670111,1580.88485835936,0,969.115710157434,56.7670030398279,33.2329969601721,0,1000,7355.02563411921,33.2329880769944,2.13463972315764,37.2564915129611,3.7991048434441
pursuit,追踪法,missile_pursuit,missile,1.86453193670111,1589.24832555295,0,974.597718488527,56.7456299162616,33.2543700837385,0,1000,7340.84390052241,33.2543611621174,2.13998114531125,37.3497169162805,3.80861118896673
pursuit,追踪法,missile_pursuit,missile,1.87453193670111,1597.60974464655,0,980.082850171152,56.7242032626858,33.2757967373142,0,1000,7326.66319097561,33.2757877770137,2.14534570144268,37.4433460836821,3.81815870696742
pursuit,追踪法,missile_pursuit,missile,1.88453193670111,1605.96910933512,0,985.571112266953,56.7027228470534,33.2972771529466,0,1000,7312.48350863133,33.2972681537335,2.15073353379665,37.5373814978042,3.82774765060487
pursuit,追踪法,missile_pursuit,missile,1.89453193670111,1614.3264132828,0,991.062511865316,56.6811884358896,33.3188115641104,0,1000,7298.30485665749,33.3188025257549,2.15614478575032,37.6318256610508,3.83737827505324
pursuit,追踪法,missile_pursuit,missile,1.90453193670111,1622.68165012272,0,996.557056083523,56.659599794252,33.3404002057481,0,1000,7284.12723823753,33.3403911279955,2.16157960182438,37.7266810957834,3.84705083752183
pursuit,追踪法,missile_pursuit,missile,1.91453193670111,1631.03481345676,0,1002.05475206691,56.6379566857627,33.3620433142373,0,1000,7269.95065657051,33.3620341968239,2.16703812769422,37.8219503445175,3.85676559727507
pursuit,追踪法,missile_pursuit,missile,1.92453193670111,1639.38589685538,0,1007.55560698902,56.6162588726559,33.3837411273441,0,1000,7255.7751148712,33.3837319700713,2.17252051020129,37.9176359701196,3.8665228156526
pursuit,追踪法,missile_pursuit,missile,1.93453193670111,1647.73489385741,0,1013.05962805176,56.5945061155672,33.4054938844328,0,1000,7241.60061637019,33.4054846870433,2.1780268973645,38.0137405560071,3.8763227560897
pursuit,追踪法,missile_pursuit,missile,1.94453193670111,1656.08179796977,0,1018.56682248557,56.5726981736834,33.4273018263166,0,1000,7227.42716431401,33.4272925885314,2.18355743839185,38.1102667063511,3.88616568413791
pursuit,追踪法,missile_pursuit,missile,1.95453193670111,1664.42660266734,0,1024.07719754957,56.550834804746,33.449165195254,0,1000,7213.25476196522,33.4491559168252,2.18911228369217,38.2072170462805,3.89605186748589
pursuit,追踪法,missile_pursuit,missile,1.96453193670111,1672.7693013927,0,1029.59076053174,56.528915764948,33.471084235052,0,1000,7199.08341260254,33.4710749157247,2.19469158488691,38.3045942220892,3.9059815759805
pursuit,追踪法,missile_pursuit,missile,1.97453193670111,1681.10988755591,0,1035.10751874905,56.5069408089923,33.4930591910077,0,1000,7184.91311952093,33.493049830552,2.20029549482222,38.4024009014456,3.91595508164823
pursuit,追踪法,missile_pursuit,missile,1.98453193670111,1689.4483545343,0,1040.62747954765,56.4849096899671,33.5150903100329,0,1000,7170.74388603174,33.5150809081638,2.20592416758104,38.5006397736044,3.92597265871672
pursuit,追踪法,missile_pursuit,missile,1.99453193670111,1697.78469567225,0,1046.15065030305,56.4628221595067,33.5371778404933,0,1000,7156.57571546276,33.537168396964,2.21157775849541,38.5993135496209,3.9360345836367
pursuit,追踪法,missile_pursuit,missile,2.00453193670111,1706.11890428096,0,1051.67703842023,56.4406779676573,33.5593220323427,0,1000,7142.40861115841,33.559312546916,2.21725642415887,38.6984249625682,3.94614113510405
pursuit,追踪法,missile_pursuit,missile,2.01453193670111,1714.45097363822,0,1057.20665133387,56.4184768628253,33.5815231371747,0,1000,7128.24257647978,33.5815136095557,2.22296032243906,38.7979767677563,3.95629259408221
pursuit,追踪法,missile_pursuit,missile,2.02453193670111,1722.78089698818,0,1062.73949650848,56.3962185919122,33.6037814080878,0,1000,7114.0776148048,33.6037718380039,2.22868961249043,38.8979717429546,3.96648924382481
pursuit,追踪法,missile_pursuit,missile,2.03453193670111,1731.10866754113,0,1068.27558143858,56.3739029002215,33.6260970997785,0,1000,7099.91372952832,33.6260874869795,2.23444445476713,38.9984126886159,3.97673136989858
pursuit,追踪法,missile_pursuit,missile,2.04453193670111,1739.43427847327,0,1073.81491364887,56.3515295314084,33.6484704685916,0,1000,7085.75092406225,33.6484608128124,2.240225011036,39.0993024281046,3.98701926020655
pursuit,追踪法,missile_pursuit,missile,2.05453193670111,1747.75772292646,0,1079.35750069441,56.3290982274769,33.6709017725231,0,1000,7071.58920183566,33.670892073457,2.2460314443898,39.2006438079259,3.99735320501149
pursuit,追踪法,missile_pursuit,missile,2.06453193670111,1756.07899400799,0,1084.90335016079,56.3066087288787,33.6933912711213,0,1000,7057.42856629489,33.6933815285051,2.2518639192605,39.3024396979594,4.00773349695966
pursuit,追踪法,missile_pursuit,missile,2.07453193670111,1764.39808479036,0,1090.45246966429,56.2840607743986,33.7159392256014,0,1000,7043.26902090371,33.7159294391997,2.2577226014328,39.404692991694,4.01816043110482
pursuit,追踪法,missile_pursuit,missile,2.08453193670111,1772.71498831101,0,1096.00486685207,56.2614541010667,33.7385458989333,0,1000,7029.11056914338,33.7385360684485,2.26360765805781,39.5074066064667,4.02863430493254
pursuit,追踪法,missile_pursuit,missile,2.09453193670111,1781.02969757209,0,1101.56054940236,56.2387884442761,33.7612115557239,0,1000,7014.95321451285,33.7612016808373,2.26951925766681,39.6105834837033,4.0391554183848
pursuit,追踪法,missile_pursuit,missile,2.10453193670111,1789.34220554022,0,1107.11952502462,56.2160635377766,33.7839364622234,0,1000,7000.79696052878,33.7839265426447,2.2754575701853,39.7142265891634,4.04972407388491
pursuit,追踪法,missile_pursuit,missile,2.11453193670111,1797.65250514624,0,1112.68180145972,56.1932791136319,33.8067208863681,0,1000,6986.64181072577,33.806710921855,2.28142276694712,39.8183389131866,4.06034057636263
pursuit,追踪法,missile_pursuit,missile,2.12453193670111,1805.96058928496,0,1118.24738648011,56.1704349020837,33.8295650979163,0,1000,6972.48776865641,33.8295550881734,2.28741502070879,39.9229234709427,4.07100523327974
pursuit,追踪法,missile_pursuit,missile,2.13453193670111,1814.2664508149,0,1123.81628789005,56.1475306316722,33.8524693683278,0,1000,6958.33483789144,33.8524593130397,2.293434505664,40.0279833026853,4.0817183546558
pursuit,追踪法,missile_pursuit,missile,2.14453193670111,1822.57008255807,0,1129.38851352575,56.1245660292498,33.8754339707502,0,1000,6944.18302201985,33.8754238696427,2.29948139745828,40.1335214740073,4.09248025309431
pursuit,追踪法,missile_pursuit,missile,2.15453193670111,1830.87147729966,0,1134.96407125556,56.101540819844,33.8984591801561,0,1000,6930.03232464906,33.8984490329352,2.30555587320385,40.2395410761001,4.10329124380906
pursuit,追踪法,missile_pursuit,missile,2.16453193670111,1839.17062778784,0,1140.54296898018,56.0784547267133,33.9215452732867,0,1000,6915.88274940497,33.9215350796484,2.31165811149468,40.3460452260164,4.11415164465096
pursuit,追踪法,missile_pursuit,missile,2.17453193670111,1847.46752673344,0,1146.12521463282,56.0553074713321,33.9446925286679,0,1000,6901.73429993217,33.944682288307,2.31778829242165,40.453037066935,4.12506177613507
pursuit,追踪法,missile_pursuit,missile,2.18453193670111,1855.76216680974,0,1151.71081617941,56.0320987733639,33.9679012266361,0,1000,6887.58697989402,33.9678909392442,2.32394659758801,40.5605197684305,4.13602196146803
pursuit,追踪法,missile_pursuit,missile,2.19453193670111,1864.05454065218,0,1157.29978161879,56.008828350652,33.991171649348,0,1000,6873.4407929728,33.9911613146165,2.3301332101249,40.6684965267444,4.14703252657578
pursuit,追踪法,missile_pursuit,missile,2.20453193670111,1872.3446408581,0,1162.89211898289,55.985495919196,34.014504080804,0,1000,6859.29574286984,34.01449369842,2.33634831470717,40.7769705650609,4.15809380013163
pursuit,追踪法,missile_pursuit,missile,2.21453193670111,1880.63245998645,0,1168.48783633693,55.962101193169,34.0378988068311,0,1000,6845.15183330566,34.0378883765048,2.34259209756936,40.8859451337857,4.16920611358473
pursuit,追踪法,missile_pursuit,missile,2.22453193670111,1888.91799055757,0,1174.08694177962,55.9386438848236,34.0613561151764,0,1000,6831.00906802011,34.0613456365915,2.34886474652182,40.9954235108278,4.18036980118877
pursuit,追踪法,missile_pursuit,missile,2.23453193670111,1897.20122505283,0,1179.68944344335,55.9151237045504,34.0848762954496,0,1000,6816.86745077247,34.0848657682867,2.35516645096711,41.1054090018856,4.19158520003117
pursuit,追踪法,missile_pursuit,missile,2.24453193670111,1905.48215591446,0,1185.2953494944,55.8915403608141,34.1084596391859,0,1000,6802.72698534166,34.108449063099,2.36149740191653,41.2159049407353,4.20285265006249
pursuit,追踪法,missile_pursuit,missile,2.25453193670111,1913.76077554515,0,1190.90466813313,55.8678935602302,34.1321064397698,0,1000,6788.58767552631,34.1320958144553,2.36785779200695,41.3269146895243,4.21417249412637
pursuit,追踪法,missile_pursuit,missile,2.26453193670111,1922.0370763079,0,1196.51740759417,55.844183007414,34.1558169925861,0,1000,6774.44952514494,34.155806317717,2.37424781551771,41.438441639067,4.22554507798963
pursuit,追踪法,missile_pursuit,missile,2.27453193670111,1930.3110505256,0,1202.13357614666,55.8204084050584,34.1795915949416,0,1000,6760.31253803609,34.1795808701967,2.38066766838788,41.5504892091451,4.23697075037297
pursuit,追踪法,missile_pursuit,missile,2.28453193670111,1938.58269048087,0,1207.7531820944,55.7965694538772,34.2034305461228,0,1000,6746.17671805846,34.2034197711745,2.38711754823359,41.6630608488108,4.24844986298183
pursuit,追踪法,missile_pursuit,missile,2.29453193670111,1946.85198841565,0,1213.37623377612,55.7726658525882,34.2273341474118,0,1000,6732.04206909106,34.2273233219154,2.39359765436571,41.7761600366949,4.25998277053784
pursuit,追踪法,missile_pursuit,missile,2.30453193670111,1955.11893653103,0,1219.00273956563,55.7486972979465,34.2513027020535,0,1000,6717.90859503338,34.251291825686,2.40010818780763,41.8897902813176,4.27156983081048
pursuit,追踪法,missile_pursuit,missile,2.31453193670111,1963.38352698683,0,1224.63270787207,55.7246634846514,34.2753365153486,0,1000,6703.77629980547,34.2753255877716,2.40664935131336,42.0039551214038,4.28321140464928
pursuit,追踪法,missile_pursuit,missile,2.32453193670111,1971.64575190142,0,1230.26614714009,55.7005641053407,34.2994358946593,0,1000,6689.64518734818,34.2994249154939,2.41322134938578,42.1186581262023,4.29490785601631
pursuit,追踪法,missile_pursuit,missile,2.33453193670111,1979.90560335131,0,1235.90306585011,55.6763988506768,34.3236011493232,0,1000,6675.51526162323,34.3235901182286,2.41982438829519,42.2339028958087,4.30665955201916
pursuit,追踪法,missile_pursuit,missile,2.34453193670111,1988.16307337095,0,1241.54347251845,55.6521674092799,34.3478325907201,0,1000,6661.38652661341,34.3478215074226,2.426458676098,42.3496930614927,4.3184668629443
pursuit,追踪法,missile_pursuit,missile,2.3545319367011,1996.41815395234,0,1247.18737569763,55.6278694674682,34.3721305325318,0,1000,6647.25898632272,34.3721193966128,2.43312442265577,42.4660322860292,4.33033016229082
pursuit,追踪法,missile_pursuit,missile,2.3645319367011,2004.67083704477,0,1252.83478397657,55.6035047096581,34.3964952903419,0,1000,6633.1326447765,34.3964841014437,2.43982183965438,42.5829242640341,4.34224982680468
pursuit,追踪法,missile_pursuit,missile,2.3745319367011,2012.92111455449,0,1258.48570598076,55.5790728181033,34.4209271818967,0,1000,6619.00750602165,34.4209159396856,2.44655114062352,42.7003727223033,4.35422623651331
pursuit,追踪法,missile_pursuit,missile,2.3845319367011,2021.16897834439,0,1264.14015037253,55.5545734728445,34.4454265271555,0,1000,6604.8835741267,34.4454152312538,2.4533125409564,42.8183814201573,4.36625977476073
pursuit,追踪法,missile_pursuit,missile,2.3945319367011,2029.4144202337,0,1269.79812585126,55.5300063518543,34.4699936481457,0,1000,6590.76085318204,34.4699822982267,2.46010625792966,42.9369541497895,4.37835082824303
pursuit,追踪法,missile_pursuit,missile,2.4045319367011,2037.65743199767,0,1275.45964115359,55.5053711308179,34.4946288691821,0,1000,6576.63934730006,34.4946174648649,2.46693251072366,43.0560947366181,4.39049978704432
pursuit,追踪法,missile_pursuit,missile,2.4145319367011,2045.89800536721,0,1281.12470505368,55.4806674832262,34.5193325167738,0,1000,6562.51906061529,34.5193210576307,2.47379152044286,43.1758070396445,4.4027070446732
pursuit,追踪法,missile_pursuit,missile,2.4245319367011,2054.1361320286,0,1286.7933263634,55.4558950805082,34.5441049194918,0,1000,6548.39999728459,34.5440934052068,2.48068351013662,43.2960949518141,4.41497299809966
pursuit,追踪法,missile_pursuit,missile,2.4345319367011,2062.37180362318,0,1292.46551393257,55.4310535916901,34.5689464083099,0,1000,6534.2821614873,34.5689348385165,2.48760870482014,43.4169624003832,4.42729804779239
pursuit,追踪法,missile_pursuit,missile,2.4445319367011,2070.60501174694,0,1298.14127664921,55.4061426835462,34.5938573164538,0,1000,6520.16555742542,34.593845690743,2.49456733149576,43.5384133472899,4.43968259775662
pursuit,追踪法,missile_pursuit,missile,2.4545319367011,2078.83574795026,0,1303.82062343975,55.3811620206374,34.6188379793626,0,1000,6506.05018932376,34.6188262973495,2.50155961917448,43.6604517895301,4.4521270555725
pursuit,追踪法,missile_pursuit,missile,2.4645319367011,2087.06400373754,0,1309.50356326929,55.3561112651915,34.6438887348085,0,1000,6491.93606143012,34.6438769960997,2.50858579889774,43.7830817595378,4.46463183243389
pursuit,追踪法,missile_pursuit,missile,2.4745319367011,2095.28977056685,0,1315.1901051418,55.3309900771572,34.6690099228428,0,1000,6477.82317801547,34.6689981270777,2.51564610375955,43.9063073255711,4.47719734318764
pursuit,追踪法,missile_pursuit,missile,2.4845319367011,2103.51303984961,0,1320.88025810039,55.3057981140772,34.6942018859228,0,1000,6463.71154337409,34.694190032709,2.52274076892887,44.0301325921022,4.48982400637345
pursuit,追踪法,missile_pursuit,missile,2.4945319367011,2111.73380295022,0,1326.57403122755,55.2805350311321,34.7194649688679,0,1000,6449.60116182378,34.7194530577813,2.52987003167223,44.1545617002136,4.50251224426421
pursuit,追踪法,missile_pursuit,missile,2.5045319367011,2119.95205118571,0,1332.27143364538,55.2552004811757,34.7447995188244,0,1000,6435.49203770604,34.7447875494654,2.53703413137673,44.2795988279983,4.51526248290683
pursuit,追踪法,missile_pursuit,missile,2.5145319367011,2128.16777582538,0,1337.97247451582,55.2297941146461,34.7702058853539,0,1000,6421.3841753862,34.7701938573369,2.54423330957326,44.4052481909656,4.52807515216365
pursuit,追踪法,missile_pursuit,missile,2.5245319367011,2136.38096809048,0,1343.67716304094,55.2043155795277,34.7956844204723,0,1000,6407.27757925365,34.7956723333973,2.55146780996011,44.5315140424529,4.54095068575435
pursuit,追踪法,missile_pursuit,missile,2.5345319367011,2144.5916191538,0,1349.38550846315,55.1787645213164,34.8212354786836,0,1000,6393.172253722,34.8212233320961,2.55873787842676,44.6584006740414,4.55388952129845
pursuit,追踪法,missile_pursuit,missile,2.5445319367011,2152.7997201393,0,1355.09752006547,55.1531405831496,34.8468594168504,0,1000,6379.06820322924,34.8468472103528,2.56604376307813,44.7859124159787,4.5668921003583
pursuit,追踪法,missile_pursuit,missile,2.5545319367011,2161.00526212181,0,1360.81320717176,55.1274434056265,34.8725565943735,0,1000,6364.96543223799,34.8725443275792,2.57338571425902,44.9140536376059,4.5799588684827
pursuit,追踪法,missile_pursuit,missile,2.5645319367011,2169.20823612658,0,1366.53257914701,55.101672626752,34.898327373248,0,1000,6350.8639452356,34.8983150457016,2.58076398457894,45.0428287477907,4.59309027525105
pursuit,追踪法,missile_pursuit,missile,2.5745319367011,2177.40863312893,0,1372.25564539756,55.0758278820954,34.9241721179046,0,1000,6336.76374673443,34.924159729184,2.58817882893726,45.1722421953663,4.60628677431807
pursuit,追踪法,missile_pursuit,missile,2.5845319367011,2185.6064440539,0,1377.98241537139,55.0499088046356,34.9500911953644,0,1000,6322.66484127194,34.9500787450509,2.59563050454866,45.3022984695757,4.61954882345915
pursuit,追踪法,missile_pursuit,missile,2.5945319367011,2193.80165977582,0,1383.71289855835,55.0239150247423,34.9760849752577,0,1000,6308.56723341098,34.9760724629107,2.60311927096894,45.4330021005224,4.63287688461629
pursuit,追踪法,missile_pursuit,missile,2.6045319367011,2201.99427111795,0,1389.44710449045,54.9978461702033,35.0021538297967,0,1000,6294.47092773992,35.0021412549791,2.61064539012117,45.5643576596262,4.64627142394459
pursuit,追踪法,missile_pursuit,missile,2.6145319367011,2210.18426885208,0,1395.1850427421,54.9717018661649,35.0282981338351,0,1000,6280.37592887285,35.028285496103,2.61820912632218,45.6963697600862,4.65973291185942
pursuit,追踪法,missile_pursuit,missile,2.6245319367011,2218.37164369815,0,1400.92672293041,54.9454817351038,35.0545182648962,0,1000,6266.28224144982,35.0545055637846,2.6258107463094,45.8290430573486,4.6732618230842
pursuit,追踪法,missile_pursuit,missile,2.6345319367011,2226.55638632382,0,1406.67215471542,54.9191853968671,35.0808146031329,0,1000,6252.18987013699,35.0808018382055,2.63345051926807,45.9623822495822,4.68685863669879
pursuit,追踪法,missile_pursuit,missile,2.6445319367011,2234.7384873441,0,1412.42134780039,54.8928124685441,35.1071875314559,0,1000,6238.09881962684,35.1071747022518,2.64112871685876,46.0963920781585,4.70052383618856
pursuit,追踪法,missile_pursuit,missile,2.6545319367011,2242.91793732093,0,1418.17431193209,54.8663625645429,35.1336374354571,0,1000,6224.00909463843,35.1336245415384,2.64884561324537,46.23107732814,4.71425790949407
pursuit,追踪法,missile_pursuit,missile,2.6645319367011,2251.09472676277,0,1423.93105690103,54.839835296487,35.160164703513,0,1000,6209.92069991751,35.1601517444347,2.65660148512336,46.3664428287738,4.72806134906149
pursuit,追踪法,missile_pursuit,missile,2.6745319367011,2259.26884612419,0,1429.6915925418,54.8132302731461,35.1867697268539,0,1000,6195.8336402368,35.1867567020897,2.66439661174849,46.5024934539922,4.74193465189358
pursuit,追踪法,missile_pursuit,missile,2.6845319367011,2267.44028580542,0,1435.4559287333,54.7865471006358,35.2134528993642,0,1000,6181.74792039618,35.213439808458,2.67223127496584,46.6392341229198,4.75587831960148
pursuit,追踪法,missile_pursuit,missile,2.6945319367011,2275.60903615199,0,1441.22407539903,54.7597853821556,35.2402146178444,0,1000,6167.6635452229,35.2402014603256,2.6801057592393,46.7766698003882,4.76989285845709
pursuit,追踪法,missile_pursuit,missile,2.7045319367011,2283.77508745425,0,1446.99604250741,54.7329447180525,35.2670552819476,0,1000,6153.58051957177,35.2670420573364,2.6880203516814,46.9148054974564,4.78397877944623
pursuit,追踪法,missile_pursuit,missile,2.7145319367011,2291.93842994695,0,1452.771840072,54.7060247058103,35.2939752941897,0,1000,6139.49884832542,35.2939620020188,2.6959753420836,47.0536462719393,4.7981365983225
pursuit,追踪法,missile_pursuit,missile,2.7245319367011,2300.09905380884,0,1458.55147815188,54.6790249399443,35.3209750600557,0,1000,6125.41853639448,35.3209616998126,2.70397102294693,47.193197228943,4.81236683566183
pursuit,追踪法,missile_pursuit,missile,2.7345319367011,2308.25694916216,0,1464.33496685185,54.651945012116,35.348054987884,0,1000,6111.33958871781,35.3480415590965,2.71200768951307,47.3334635214071,4.82667001691781
pursuit,追踪法,missile_pursuit,missile,2.7445319367011,2316.41210607228,0,1470.12231632279,54.6247845109568,35.3752154890433,0,1000,6097.26201026276,35.375201991215,2.72008563979587,47.4744503506544,4.84104667247779
pursuit,追踪法,missile_pursuit,missile,2.7545319367011,2324.56451454717,0,1475.91353676192,54.5975430221031,35.4024569778969,0,1000,6083.18580602531,35.4024434105072,2.72820517461329,47.6161629669487,4.85549733771968
pursuit,追踪法,missile_pursuit,missile,2.7645319367011,2332.71416453702,0,1481.70863841313,54.5702201282025,35.4297798717975,0,1000,6069.11098103039,35.4297662343342,2.73636659761976,47.7586066700597,4.87002255306957
pursuit,追踪法,missile_pursuit,missile,2.7745319367011,2340.86104593373,0,1487.50763156725,54.5428154088374,35.4571845911626,0,1000,6055.03754033203,35.4571708831083,2.744570215339,47.9017868098353,4.88462286406013
pursuit,追踪法,missile_pursuit,missile,2.7845319367011,2349.00514857047,0,1493.31052656237,54.5153284405229,35.4846715594771,0,1000,6040.96548901366,35.4846577803212,2.75281633719726,48.0457087867826,4.89929882138984
pursuit,追踪法,missile_pursuit,missile,2.7945319367011,2357.14646222121,0,1499.11733378414,54.487758796626,35.512241203374,0,1000,6026.89483218829,35.5122273525736,2.76110527555708,48.1903780526564,4.91405098098295
pursuit,追踪法,missile_pursuit,missile,2.8045319367011,2365.28497660025,0,1504.9280636661,54.4601060474593,35.5398939525407,0,1000,6012.82557499877,35.5398800296048,2.76943734575146,48.3358001110555,4.92887990405036
pursuit,追踪法,missile_pursuit,missile,2.8145319367011,2373.42068136175,0,1510.74272668994,54.4323697600663,35.5676302399337,0,1000,5998.75772261802,35.5676162443222,2.77781286611847,48.4819805180278,4.9437861571513
pursuit,追踪法,missile_pursuit,missile,2.82453193670109,2381.55356609923,0,1516.5613333859,54.4045494983158,35.5954505016842,0,1000,5984.69128024928,35.5954364328319,2.78623215803647,48.6289248826834,4.95877031225581
pursuit,追踪法,missile_pursuit,missile,2.83453193670109,2389.6836203451,0,1522.38389433299,54.3766448229352,35.6233551770648,0,1000,5970.62625312635,35.6233410344692,2.79469554595966,48.7766388678166,4.9738329468082
pursuit,追踪法,missile_pursuit,missile,2.84453193670109,2397.81083357017,0,1528.21042015938,54.3486552912547,35.6513447087453,0,1000,5956.56264651381,35.6513304918294,2.80320335745424,48.925128190536,4.98897464379131
pursuit,追踪法,missile_pursuit,missile,2.85453193670109,2405.93519518314,0,1534.0409215427,54.3205804574145,35.6794195425855,0,1000,5942.50046570733,35.6794052507989,2.81175592323498,49.0743986229034,5.00419599179163
pursuit,追踪法,missile_pursuit,missile,2.86453193670109,2414.05669453012,0,1539.87540921035,54.2924198722086,35.7075801277914,0,1000,5928.43971603384,35.7075657605877,2.82035357720242,49.2244559925823,5.01949758506547
pursuit,追踪法,missile_pursuit,missile,2.87453193670109,2422.1753208941,0,1545.71389393985,54.2641730830364,35.7358269169636,0,1000,5914.38040285184,35.7358124737603,2.82899665648044,49.3753061834947,5.03488002360589
pursuit,追踪法,missile_pursuit,missile,2.88453193670109,2430.29106349447,0,1551.55638655917,54.2358396339672,35.7641603660328,0,1000,5900.32253155166,35.7641458462692,2.8376855014545,49.5269551364874,5.05034391321066
pursuit,追踪法,missile_pursuit,missile,2.89453193670109,2438.40391148646,0,1557.40289794703,54.2074190656163,35.7925809343837,0,1000,5886.26610755567,35.792566337487,2.8464204558103,49.6794088500076,5.06588986555119
pursuit,追踪法,missile_pursuit,missile,2.90453193670109,2446.51385396067,0,1563.25343903329,54.1789109151327,35.8210890848673,0,1000,5872.21113631856,35.8210744102397,2.85520186657308,49.8326733807881,5.08151849824233
pursuit,追踪法,missile_pursuit,missile,2.91453193670109,2454.62087994249,0,1569.10802079924,54.1503147162419,35.8496852837581,0,1000,5858.15762332765,35.8496705308408,2.86403008414739,49.9867548445422,5.09723043491327
pursuit,追踪法,missile_pursuit,missile,2.92453193670109,2462.72497839163,0,1574.96665427797,54.1216299990615,35.8783700009385,0,1000,5844.10557410308,35.8783551691244,2.87290546235747,50.1416594166679,5.11302630527937
pursuit,追踪法,missile_pursuit,missile,2.93453193670109,2470.8261382015,0,1580.82935055471,54.0928562901916,35.9071437098084,0,1000,5830.05499419815,35.9071287984806,2.88182835848822,50.297393332963,5.12890674521503
pursuit,追踪法,missile_pursuit,missile,2.94453193670109,2478.92434819874,0,1586.69612076716,54.0639931126806,35.9360068873194,0,1000,5816.00588919952,35.9359918958895,2.89079913332668,50.4539628903491,5.14487239682757
pursuit,追踪法,missile_pursuit,missile,2.95453193670109,2487.01959714265,0,1592.56697610588,54.0350399859256,35.9649600140745,0,1000,5801.95826472757,35.9649449419569,2.89981815120416,50.6113744476073,5.1609239085322
pursuit,追踪法,missile_pursuit,missile,2.96453193670109,2495.11187372462,0,1598.44192781459,54.0059964255981,35.9940035744019,0,1000,5787.91212643659,35.9939884209497,2.90888578003896,50.7696344261233,5.17706193512803
pursuit,追踪法,missile_pursuit,missile,2.97453193670109,2503.20116656756,0,1604.32098719059,53.9768619437347,36.0231380562654,0,1000,5773.86748001512,36.0231228208323,2.91800239137969,50.9287493106438,5.19328713787519
pursuit,追踪法,missile_pursuit,missile,2.98453193670109,2511.28746422537,0,1610.20416558505,53.9476360487238,36.0523639512762,0,1000,5759.82433118621,36.0523486333026,2.9271683604492,51.0887256500427,5.20960018457299
pursuit,追踪法,missile_pursuit,missile,2.99453193670109,2519.37075518235,0,1616.09147440342,53.9183182449752,36.0816817550248,0,1000,5745.78268570772,36.0816663538297,2.93638406618917,51.2495700581002,5.22600174963929
pursuit,追踪法,missile_pursuit,missile,3.00453193670109,2527.4510278526,0,1621.98292510581,53.8889080332333,36.1110919667667,0,1000,5731.7425493726,36.1110764816906,2.94564989130531,51.4112892142907,5.24249251419096
pursuit,追踪法,missile_pursuit,missile,3.01453193670109,2535.52827057948,0,1627.8785292073,53.8594049104355,36.1405950895645,0,1000,5717.70392800916,36.1405795200084,2.95496622231321,51.5738898645843,5.25907316612546
pursuit,追踪法,missile_pursuit,missile,3.02453193670109,2543.60247163498,0,1633.77829827836,53.8298083695056,36.1701916304944,0,1000,5703.66682748141,36.1701759757906,2.96433344958491,51.737378822258,5.27574440020374
pursuit,追踪法,missile_pursuit,missile,3.03453193670109,2551.67361921913,0,1639.68224394521,53.8001178995041,36.1998821004959,0,1000,5689.63125368933,36.1998663599681,2.97375196739605,51.9017629687201,5.29250691813413
pursuit,追踪法,missile_pursuit,missile,3.04453193670109,2559.74170145942,0,1645.59037789021,53.7703329855542,36.2296670144458,0,1000,5675.59721256919,36.229651187434,2.98322217397377,52.0670492543454,5.30936142865764
pursuit,追踪法,missile_pursuit,missile,3.05453193670109,2567.80670641015,0,1651.50271185221,53.7404531087493,36.2595468912507,0,1000,5661.56471009382,36.2595309770838,2.99274447154533,52.2332446993237,5.32630864763438
pursuit,追踪法,missile_pursuit,missile,3.06453193670109,2575.86862205187,0,1657.41925762699,53.7104777461565,36.2895222538435,0,1000,5647.53375227296,36.2895062518554,3.00231926638732,52.4003563945195,5.34334929813132
pursuit,追踪法,missile_pursuit,missile,3.07453193670109,2583.92743629069,0,1663.34002706758,53.6804063707113,36.3195936292887,0,1000,5633.50434515355,36.3195775387699,3.01194696887574,52.5683915023448,5.36048411051122
pursuit,追踪法,missile_pursuit,missile,3.08453193670109,2591.9831369577,0,1669.26503208473,53.6502384512775,36.3497615487225,0,1000,5619.47649482005,36.349745368973,3.02162799353668,52.737357257645,5.37771382252298
pursuit,追踪法,missile_pursuit,missile,3.09453193670109,2600.03571180832,0,1675.19428464723,53.6199734525742,36.3800265474258,0,1000,5605.45020739474,36.3800102777765,3.03136275909783,52.9072609685969,5.39503917939326
pursuit,追踪法,missile_pursuit,missile,3.10453193670109,2608.08514852166,0,1681.12779678237,53.5896108350009,36.4103891649991,0,1000,5591.42548903807,36.4103728047007,3.04115168854073,53.0781100176209,5.41246093391942
pursuit,追踪法,missile_pursuit,missile,3.11453193670109,2616.13143469984,0,1687.06558057631,53.5591500548435,36.4408499451565,0,1000,5577.40234594898,36.4408334935174,3.05099520915375,53.249911862306,5.42997984656392
pursuit,追踪法,missile_pursuit,missile,3.12453193670109,2624.17455786738,0,1693.00764817447,53.5285905640175,36.4714094359825,0,1000,5563.38078436521,36.4713928922927,3.0608937525859,53.4226740363486,5.44759668554997
pursuit,追踪法,missile_pursuit,missile,3.13453193670109,2632.2145054705,0,1698.954011782,53.4979318100755,36.5020681899245,0,1000,5549.36081056365,36.5020515534315,3.07084775490139,53.596404150505,5.46531222695875
pursuit,追踪法,missile_pursuit,missile,3.14453193670109,2640.25126487648,0,1704.90468366414,53.4671732362462,36.5328267637538,0,1000,5535.34243086066,36.5328100337216,3.08085765663506,53.7711098935587,5.48312725482797
pursuit,追踪法,missile_pursuit,missile,3.15453193670109,2648.28482337293,0,1710.85967614665,53.4363142813067,36.5636857186933,0,1000,5521.32565161243,36.5636688943787,3.09092390284858,53.9467990333011,5.50104256125191
pursuit,追踪法,missile_pursuit,missile,3.16453193670109,2656.31516816717,0,1716.81900161624,53.4053543795642,36.5946456204358,0,1000,5507.31047921531,36.5946287010918,3.1010469431875,54.1234794175274,5.51905894648299
pursuit,追踪法,missile_pursuit,missile,3.17453193670109,2664.34228638548,0,1722.78267252099,53.3742929607576,36.6257070392424,0,1000,5493.29692010616,36.6256900240699,3.11122723193917,54.3011589750477,5.53717721903481
pursuit,追踪法,missile_pursuit,missile,3.18453193670109,2672.36616507242,0,1728.75070137078,53.3431294501903,36.6568705498097,0,1000,5479.28498076269,36.6568534380881,3.12146522809151,54.4798457167126,5.5553981957868
pursuit,追踪法,missile_pursuit,missile,3.19453193670109,2680.38679119015,0,1734.7231007377,53.3118632684365,36.6881367315636,0,1000,5465.27466770382,36.6881195225351,3.13176139539267,54.659547736454,5.57372270209032
pursuit,追踪法,missile_pursuit,missile,3.20453193670109,2688.40415161766,0,1740.69988325654,53.2804938313528,36.7195061686472,0,1000,5451.26598749007,36.7194888614611,3.14211620241157,54.8402732123425,5.59215157187648
pursuit,追踪法,missile_pursuit,missile,3.21453193670109,2696.41823315007,0,1746.68106162518,53.249020550255,36.750979449745,0,1000,5437.25894672387,36.7509620436266,3.15253012259938,55.0220304076596,5.61068564776551
pursuit,追踪法,missile_pursuit,missile,3.22453193670109,2704.4290224979,0,1752.66664860503,53.2174428316306,36.7825571683694,0,1000,5423.25355204995,36.7825396625511,3.1630036343519,55.2048276719875,5.62932578117782
pursuit,追踪法,missile_pursuit,missile,3.23453193670109,2712.43650628635,0,1758.65665702153,53.1857600770892,36.8142399229108,0,1000,5409.24981015573,36.814222316563,3.17353722107292,55.3886734423137,5.64807283244672
pursuit,追踪法,missile_pursuit,missile,3.24453193670109,2720.44067105449,0,1764.65109976455,53.1539716834368,36.8460283165632,0,1000,5395.24772777166,36.8460106088501,3.1841313712385,55.5735762441537,5.66692767093285
pursuit,追踪法,missile_pursuit,missile,3.25453193670109,2728.44150325456,0,1770.64998978887,53.1220770426076,36.8779229573924,0,1000,5381.24731167162,36.8779051475107,3.19478657846224,55.7595446926903,5.68589117514037
pursuit,追踪法,missile_pursuit,missile,3.26453193670109,2736.4389892512,0,1776.65334011464,53.0900755415148,36.9099244584852,0,1000,5367.2485686733,36.9099065456051,3.20550334156158,55.94658749393,5.70496423283486
pursuit,追踪法,missile_pursuit,missile,3.27453193670109,2744.43311532064,0,1782.66116382784,53.0579665620472,36.9420334379528,0,1000,5353.25150563858,36.9420154212079,3.21628216462506,56.1347134458777,5.72414774116316
pursuit,追踪法,missile_pursuit,missile,3.28453193670109,2752.42386764993,0,1788.67347408074,53.0257494810849,36.9742505189151,0,1000,5339.25612947394,36.9742323974616,3.22712355708065,56.3239314397285,5.74344260677484
pursuit,追踪法,missile_pursuit,missile,3.29453193670108,2760.41123233618,0,1794.69028409239,52.9934236703533,37.0065763296467,0,1000,5325.26244713081,37.0065581026297,3.2380280337651,56.5142504610792,5.76284974594578
pursuit,追踪法,missile_pursuit,missile,3.30453193670108,2768.39519538571,0,1800.71160714908,52.9609884963793,37.0390115036207,0,1000,5311.27046560604,37.0389931701514,3.24899611499439,56.7056795911564,5.78237008470338
pursuit,追踪法,missile_pursuit,missile,3.31453193670108,2776.37574271329,0,1806.73745660485,52.9284433204965,37.0715566795035,0,1000,5297.28019194225,37.071538238697,3.26002832663523,56.8982280080659,5.80200455895397
pursuit,追踪法,missile_pursuit,missile,3.32453193670108,2784.35286014127,0,1812.76784588193,52.8957874987761,37.1042125012239,0,1000,5283.29163322826,37.1041939522232,3.27112520017769,57.0919049880593,5.82175411461196
pursuit,追踪法,missile_pursuit,missile,3.33453193670108,2792.32653339881,0,1818.80278847127,52.8630203818484,37.1369796181516,0,1000,5269.3047965995,37.1369609600302,3.28228727280896,57.2867199068218,5.84161970773116
pursuit,追踪法,missile_pursuit,missile,3.34453193670108,2800.29674812096,0,1824.84229793302,52.8301413150181,37.169858684982,0,1000,5255.31968923842,37.1698399168189,3.29351508748823,57.4826822407787,5.86160230463805
pursuit,追踪法,missile_pursuit,missile,3.35453193670108,2808.26348984792,0,1830.88638789703,52.7971496381454,37.2028503618546,0,1000,5241.33631837494,37.2028314827488,3.30480919302275,57.6798015684238,5.88170288206715
pursuit,追踪法,missile_pursuit,missile,3.36453193670108,2816.22674402408,0,1836.93507206335,52.7640446855136,37.2359553144864,0,1000,5227.35469128686,37.2359363234973,3.31617014414508,57.8780875716666,5.90192242729848
pursuit,追踪法,missile_pursuit,missile,3.37453193670108,2824.18649599722,0,1842.98836420274,52.7308257858826,37.2691742141174,0,1000,5213.37481530029,37.2691551103188,3.32759850159156,58.0775500372025,5.92226193829723
pursuit,追踪法,missile_pursuit,missile,3.38453193670108,2832.14273101762,0,1849.0462781572,52.6974922623345,37.3025077376655,0,1000,5199.39669779009,37.3024885201056,3.33909483218198,58.2781988579031,5.94272242385556
pursuit,追踪法,missile_pursuit,missile,3.39453193670108,2840.09543423715,0,1855.10882784046,52.6640434322651,37.3359565677349,0,1000,5185.42034618033,37.3359372354488,3.35065970890053,58.480044034229,5.96330490373664
pursuit,追踪法,missile_pursuit,missile,3.40453193670108,2848.04459070839,0,1861.17602723852,52.6304786073035,37.3695213926965,0,1000,5171.4457679447,37.3695019447007,3.36229371097801,58.6830956756648,5.98401040882104
pursuit,追踪法,missile_pursuit,missile,3.41453193670108,2855.99018538374,0,1867.24789041019,52.5967970933023,37.4032029066977,0,1000,5157.47297060703,37.4031833420374,3.37399742397533,58.8873640021765,6.00483998125522
pursuit,追踪法,missile_pursuit,missile,3.42453193670108,2863.93220311446,0,1873.32443148757,52.5629981901554,37.4370018098446,0,1000,5143.50196174167,37.4369821275225,3.38577143986838,59.0928593456925,6.02579467460269
pursuit,追踪法,missile_pursuit,missile,3.43453193670108,2871.87062864977,0,1879.40566467666,52.5290811918451,37.4709188081549,0,1000,5129.53274897401,37.470899007172,3.3976163571342,59.2995921516073,6.04687555399726
pursuit,追踪法,missile_pursuit,missile,3.44453193670108,2879.80544663593,0,1885.49160425785,52.495045386309,37.504954613691,0,1000,5115.56533998094,37.5049346930193,3.4095327808385,59.50757298031,6.06808369629894
pursuit,追踪法,missile_pursuit,missile,3.45453193670108,2887.73664161523,0,1891.5822645865,52.4608900554053,37.5391099445947,0,1000,5101.59974249129,37.5390899031819,3.42152132272465,59.7168125087367,6.08942019025219
pursuit,追踪法,missile_pursuit,missile,3.46453193670108,2895.66419802509,0,1897.67766009346,52.4266144749231,37.5733855250769,0,1000,5087.63596428635,37.5733653619286,3.43358260130406,59.9273215319476,6.11088613664683
pursuit,追踪法,missile_pursuit,missile,3.47453193670108,2903.58810019706,0,1903.77780528565,52.3922179143138,37.6077820856862,0,1000,5073.67401320037,37.6077617997475,3.44571724194797,60.1391109647301,6.1324826484814
pursuit,追踪法,missile_pursuit,missile,3.48453193670108,2911.50833235582,0,1909.88271474662,52.3576996367985,37.6423003632015,0,1000,5059.71389712099,37.6422799534148,3.45792587698075,60.3521918432265,6.15421085112923
pursuit,追踪法,missile_pursuit,missile,3.49453193670108,2919.42487861823,0,1915.99240313712,52.3230588992064,37.6769411007936,0,1000,5045.75562398978,37.6769205660655,3.47020914577473,60.5665753265889,6.17607188250716
pursuit,追踪法,missile_pursuit,missile,3.50453193670108,2927.33772299227,0,1922.10688519568,52.2882949520097,37.7117050479903,0,1000,5031.79920180276,37.7116843872637,3.48256769484649,60.7822726986605,6.19806689324698
pursuit,追踪法,missile_pursuit,missile,3.51453193670108,2935.24684937607,0,1928.22617573915,52.2534070391044,37.7465929608956,0,1000,5017.84463861087,37.746572173075,3.4950021779548,60.999295369684,6.22019704686963
pursuit,追踪法,missile_pursuit,missile,3.52453193670108,2943.15224155682,0,1934.35028966335,52.2183943977997,37.7816056022003,0,1000,5003.89194252049,37.7815846861391,3.50751325620004,61.2176548780381,6.24246351996228
pursuit,追踪法,missile_pursuit,missile,3.53453193670108,2951.0538832098,0,1940.47924194361,52.1832562588613,37.8167437411387,0,1000,4989.941121694,37.8167226957438,3.52010159812535,61.4373628920016,6.26486750235826
pursuit,追踪法,missile_pursuit,missile,3.54453193670108,2958.95175789726,0,1946.61304763538,52.1479918462375,37.8520081537625,0,1000,4975.99218435027,37.8519869779,3.53276787981933,61.6584312115467,6.28741019731985
pursuit,追踪法,missile_pursuit,missile,3.55453193670108,2966.84584906739,0,1952.75172187484,52.1126003771105,37.8873996228895,0,1000,4962.04513876521,37.8873783154177,3.54551278502051,61.8808717701619,6.31009282172422
pursuit,追踪法,missile_pursuit,missile,3.56453193670108,2974.73614005321,0,1958.89527987949,52.0770810617851,37.9229189382149,0,1000,4948.0999932723,37.9228974979829,3.55833700522346,62.104696636704,6.33291660625228
pursuit,追踪法,missile_pursuit,missile,3.57453193670108,2982.6226140715,0,1965.04373694878,52.041433103588,37.958566896412,0,1000,4934.15675626315,37.9585453222358,3.57124123978665,62.3299180172814,6.35588279558069
pursuit,追踪法,missile_pursuit,missile,3.58453193670108,2990.50525422169,0,1971.19710846474,52.0056556988331,37.9943443011669,0,1000,4920.21543618806,37.99432259185,3.58422619604217,62.5565482571675,6.37899264857699
pursuit,追踪法,missile_pursuit,missile,3.59453193670108,2998.38404348471,0,1977.35540989256,51.9697480367385,38.0302519632615,0,1000,4906.27604155655,38.0302301176128,3.59729258940713,62.7845998427469,6.40224743849805
pursuit,追踪法,missile_pursuit,missile,3.60453193670108,3006.2589647219,0,1983.51865678127,51.9337092993078,38.0662907006922,0,1000,4892.33858093795,38.0662687175063,3.61044114349704,63.0140854034924,6.4256484531917
pursuit,追踪法,missile_pursuit,missile,3.61453193670108,3014.13000067382,0,1989.68686476434,51.8975386612527,38.1024613387473,0,1000,4878.40306296199,38.1024392167906,3.62367259024094,63.2450177139757,6.44919699530173
pursuit,追踪法,missile_pursuit,missile,3.62453193670108,3021.99713395912,0,1995.86004956036,51.8612352899372,38.1387647100628,0,1000,4864.46949631934,38.1387424480869,3.63698766999856,63.4774096959118,6.47289438247636
pursuit,追踪法,missile_pursuit,missile,3.63453193670108,3029.86034707335,0,2002.03822697366,51.8247983452848,38.1752016547152,0,1000,4850.53788976223,38.1751792514627,3.65038713167936,63.7112744202366,6.49674194758012
pursuit,追踪法,missile_pursuit,missile,3.64453193670108,3037.71962238774,0,2008.22141289496,51.7882269797151,38.2117730202849,0,1000,4836.60825210503,38.2117504745179,3.66387173286361,63.94662510922,6.52074103890932
pursuit,追踪法,missile_pursuit,missile,3.65453193670108,3045.57494214808,0,2014.40962330207,51.7515203379465,38.2484796620535,0,1000,4822.68059222486,38.2484569724719,3.67744223992544,64.1834751386142,6.54489302041107
pursuit,追踪法,missile_pursuit,missile,3.66453193670108,3053.42628847338,0,2020.60287426053,51.7146775570167,38.2853224429833,0,1000,4808.75491906221,38.2852996082526,3.69109942815805,64.4218380398378,6.56919927190609
pursuit,追踪法,missile_pursuit,missile,3.67453193670108,3061.27364335474,0,2026.80118192429,51.6776977662786,38.3223022337214,0,1000,4794.83124162153,38.3222792525858,3.7048440819009,64.6617275021972,6.59366118931513
pursuit,追踪法,missile_pursuit,missile,3.68453193670108,3069.11698865405,0,2033.00456253638,51.6405800869962,38.3594199130038,0,1000,4780.90956897188,38.3593967840864,3.71867699466922,64.9031573751456,6.61828018488939
pursuit,追踪法,missile_pursuit,missile,3.69453193670108,3076.95630610271,0,2039.21303242965,51.6033236325942,38.3966763674058,0,1000,4766.98991024755,38.3966530893509,3.73259896928554,65.1461416705793,6.64305768744467
pursuit,追踪法,missile_pursuit,missile,3.70453193670108,3084.7915773004,0,2045.42660802738,51.5659275084579,38.4340724915421,0,1000,4753.0722746487,38.4340490630514,3.74661081801354,65.3906945651744,6.6679951425996
pursuit,追踪法,missile_pursuit,missile,3.71453193670108,3092.62278371373,0,2051.64530584405,51.5283908116411,38.4716091883589,0,1000,4739.15667144204,38.47158560803,3.76071336269424,65.6368304027622,6.69309401301792
pursuit,追踪法,missile_pursuit,missile,3.72453193670108,3100.44990667496,0,2057.86914248604,51.4907126310105,38.5092873689895,0,1000,4725.24310996142,38.5092636353959,3.77490743488437,65.8845636967457,6.71835577865486
pursuit,追踪法,missile_pursuit,missile,3.73453193670108,3108.27292738064,0,2064.09813465232,51.4528920471074,38.5471079528926,0,1000,4711.33159960858,38.5470840646229,3.78919387599721,66.1339091325571,6.74378193700775
pursuit,追踪法,missile_pursuit,missile,3.74453193670108,3116.09182689029,0,2070.33229913518,51.4149281320306,38.5850718679694,0,1000,4697.42214985376,38.5850478236491,3.80357353744586,66.3848815701581,6.76937400337099
pursuit,追踪法,missile_pursuit,missile,3.75453193670107,3123.90658612504,0,2076.57165282097,51.3768199491738,38.6231800508262,0,1000,4683.51477023638,38.623155848977,3.81804728078888,66.6374960465824,6.79513351109527
pursuit,追踪法,missile_pursuit,missile,3.76453193670107,3131.71718586621,0,2082.81621269086,51.3385665533554,38.6614334466446,0,1000,4669.6094703658,38.6614090857762,3.83261597787855,66.8917677785228,6.82106201185143
pursuit,追踪法,missile_pursuit,missile,3.77453193670107,3139.52360675396,0,2089.06599582153,51.3001669906932,38.6998330093068,0,1000,4655.70625992192,38.6998084879869,3.8472805110116,67.1477121649624,6.84716107589875
pursuit,追踪法,missile_pursuit,missile,3.78453193670107,3147.32582928583,0,2095.32101938595,51.2616202983055,38.7383797016945,0,1000,4641.80514865599,38.7383550184251,3.86204177308266,67.4053447898521,6.87343229235795
pursuit,追踪法,missile_pursuit,missile,3.79453193670107,3155.12383381533,0,2101.58130065415,51.2229255043479,38.7770744956521,0,1000,4627.90614639124,38.7770496488893,3.87690066774025,67.6646814248341,6.89987726948898
pursuit,追踪法,missile_pursuit,missile,3.80453193670107,3162.91760055049,0,2107.84685699399,51.1840816279433,38.8159183720567,0,1000,4614.00926302366,38.8158933602691,3.89185810954562,67.9257380320132,6.92649763497354
pursuit,追踪法,missile_pursuit,missile,3.81453193670107,3170.70710955239,0,2114.11770587191,51.1450876790021,38.8549123209979,0,1000,4600.11450852271,38.8548871426549,3.90691502413426,68.1885307667765,6.95329503620263
pursuit,追踪法,missile_pursuit,missile,3.82453193670107,3178.49234073363,0,2120.39386485371,51.1059426580767,38.8940573419233,0,1000,4586.22189293209,38.8940319954494,3.92207234838031,68.4530759806624,6.98027114056915
pursuit,追踪法,missile_pursuit,missile,3.83453193670107,3186.27327385688,0,2126.67535160538,51.0666455563173,38.9333544436827,0,1000,4572.33142637046,38.933328927481,3.93733103056383,68.7193902242803,7.00742763576556
pursuit,追踪法,missile_pursuit,missile,3.84453193670107,3194.04988853332,0,2132.96218389387,51.0271953553348,38.9728046446652,0,1000,4558.44311903225,38.9727789571187,3.95269203054103,68.9874902502813,7.03476623008686
pursuit,追踪法,missile_pursuit,missile,3.85453193670107,3201.82216422108,0,2139.25437958789,50.9875910270712,39.0124089729288,0,1000,4544.55698118837,39.0123831123885,3.9681563199175,69.2573930163818,7.06228865273888
pursuit,追踪法,missile_pursuit,missile,3.86453193670107,3209.5900802237,0,2145.55195665875,50.9478315337589,39.0521684662411,0,1000,4530.67302318705,39.0521424310921,3.98372488222449,69.5291156884407,7.08999665415211
pursuit,追踪法,missile_pursuit,missile,3.87453193670107,3217.35361568853,0,2151.85493318114,50.9079158276596,39.0920841723404,0,1000,4516.79125545464,39.0920579609269,3.99939871309839,69.802675643591,7.11789200630093
pursuit,追踪法,missile_pursuit,missile,3.88453193670107,3225.11274960512,0,2158.16332733403,50.8678428510038,39.1321571489962,0,1000,4502.91168849635,39.1321307596077,4.01517882046331,70.078090473427,7.14597650302877
pursuit,追踪法,missile_pursuit,missile,3.89453193670107,3232.86746080357,0,2164.47715740143,50.8276115359409,39.1723884640591,0,1000,4489.03433289712,39.172361894991,4.03106622471701,70.3553779872494,7.17425196037886
pursuit,追踪法,missile_pursuit,missile,3.90453193670107,3240.61772795291,0,2170.7964417733,50.7872208043025,39.2127791956975,0,1000,4475.15919932245,39.2127524452004,4.04706195892008,70.6345562153669,7.20272021693105
pursuit,追踪法,missile_pursuit,missile,3.91453193670107,3248.36352955941,0,2177.12119894638,50.7466695675743,39.2533304324257,0,1000,4461.2862985192,39.2533034987542,4.06316706898864,70.9156434124593,7.23138313414462
pursuit,追踪法,missile_pursuit,missile,3.92453193670107,3256.1048439649,0,2183.45144752506,50.7059567266898,39.2940432733102,0,1000,4447.41564131646,39.2940161546949,4.07938261389033,71.1986580609987,7.26024259670721
pursuit,追踪法,missile_pursuit,missile,3.93453193670107,3263.84164934501,0,2189.78720622224,50.665081171911,39.3349188280889,0,1000,4433.5472386264,39.3348915227207,4.09570966584401,71.4836188747347,7.2893005128902
pursuit,追踪法,missile_pursuit,missile,3.94453193670107,3271.57392370749,0,2196.12849386025,50.6240417827488,39.3759582172512,0,1000,4419.68110144516,39.3759307233193,4.11214931052298,71.7705448022408,7.31855881491037
pursuit,追踪法,missile_pursuit,missile,3.95453193670107,3279.3016448904,0,2202.4753293717,50.5828374277439,39.4171625722561,0,1000,4405.8172408537,39.4171348879031,4.12870264726194,72.059455030527,7.34801945929823
pursuit,追踪法,missile_pursuit,missile,3.96453193670107,3287.02479056034,0,2208.82773180042,50.5414669644379,39.4585330355621,0,1000,4391.95566801874,39.4585051589472,4.14537078926766,72.3503689887166,7.37768442727299
pursuit,追踪法,missile_pursuit,missile,3.97453193670107,3294.74333821064,0,2215.18572030232,50.4999292390807,39.5000707609193,0,1000,4378.09639419359,39.5000426901288,4.16215486383354,72.6433063517916,7.40755572512444
pursuit,追踪法,missile_pursuit,missile,3.98453193670107,3302.4572651595,0,2221.54931414638,50.4582230866373,39.5417769133627,0,1000,4364.23943071915,39.5417486464695,4.17905601255813,72.9382870444049,7.43763538460177
pursuit,追踪法,missile_pursuit,missile,3.99453193670107,3310.1665485482,0,2227.91853271552,50.4163473306104,39.5836526693896,0,1000,4350.38478902481,39.5836242044793,4.19607539156759,73.2353312447647,7.46792546330956
pursuit,追踪法,missile_pursuit,missile,4.00453193670107,3317.87116533911,0,2234.29339550756,50.3743007828031,39.6256992171969,0,1000,4336.53248062935,39.625670552303,4.21321417174226,73.5344593885882,7.49842804511104
pursuit,追踪法,missile_pursuit,missile,4.01453193670107,3325.57109231389,0,2240.67392213618,50.3320822432784,39.6679177567216,0,1000,4322.68251714196,39.6678888898692,4.23047353894747,73.83569217313,7.52914524053882
pursuit,追踪法,missile_pursuit,missile,4.02453193670107,3333.26630607147,0,2247.06013233187,50.2896905001179,39.7103094998821,0,1000,4308.83491026317,39.7102804290407,4.24785469426861,74.1390505612843,7.5600791872132
pursuit,追踪法,missile_pursuit,missile,4.03453193670107,3340.95678302611,0,2253.45204594288,50.2471243293531,39.7528756706469,0,1000,4294.98967178585,39.7528463937683,4.26535885425045,74.4445557857633,7.59123205026827
pursuit,追踪法,missile_pursuit,missile,4.04453193670107,3348.64249940545,0,2259.84968293625,50.2043824947608,39.7956175052392,0,1000,4281.14681359618,39.7955880202469,4.28298725114111,74.7522293533536,7.62260602278592
pursuit,追踪法,missile_pursuit,missile,4.05453193670107,3356.32343124844,0,2266.25306339874,50.161463747742,39.838536252258,0,1000,4267.30634767468,39.8385065570731,4.30074113314042,75.0620930492521,7.65420332623802
pursuit,追踪法,missile_pursuit,missile,4.06453193670107,3363.99955440334,0,2272.66220753787,50.1183668270831,39.8816331729169,0,1000,4253.46828609724,39.8816032654063,4.31862176465301,75.3741689414828,7.68602621093674
pursuit,追踪法,missile_pursuit,missile,4.07453193670107,3371.6708445256,0,2279.07713568291,50.0750904589091,39.9249095410909,0,1000,4239.6326410361,39.9248794191322,4.33663042654619,75.688479385397,7.71807695649351
pursuit,追踪法,missile_pursuit,missile,4.08453193670107,3379.33727707582,0,2285.4978682859,50.0316333563934,39.9683666436066,0,1000,4225.799424761,39.9683363050286,4.35476841641253,76.0050470282581,7.75035787228647
pursuit,追踪法,missile_pursuit,missile,4.09453193670107,3386.99882731755,0,2291.9244259227,49.9879942196285,40.0120057803715,0,1000,4211.96864964013,40.0119752229337,4.37303704883762,76.3238948139126,7.78287129793687
pursuit,追踪法,missile_pursuit,missile,4.10453193670107,3394.65547031521,0,2298.35682929403,49.9441717355631,40.0558282644369,0,1000,4198.1403281413,40.0557974859181,4.39143765567272,76.64504598755,7.81561960379436
pursuit,追踪法,missile_pursuit,missile,4.11453193670107,3402.30718093184,0,2304.7950992265,49.9001645776993,40.0998354223007,0,1000,4184.31447283299,40.0998044204579,4.40997158631267,76.9685241005534,7.84860519143167
pursuit,追踪法,missile_pursuit,missile,4.12453193670107,3409.95393382691,0,2311.23925667369,49.8559714059067,40.1440285940932,0,1000,4170.49109638545,40.1439973666124,4.42864020797909,77.2943530154417,7.88183049414853
pursuit,追踪法,missile_pursuit,missile,4.13453193670107,3417.59570345404,0,2317.68932271723,49.8115908663381,40.1884091336619,0,1000,4156.67021157189,40.1883776782033,4.447444906009,77.6225569109069,7.91529797748537
pursuit,追踪法,missile_pursuit,missile,4.14453193670107,3425.23246405877,0,2324.14531856788,49.7670215912301,40.2329784087699,0,1000,4142.85183126952,40.2329467229975,4.46638708414891,77.9531602869476,7.94901013974676
pursuit,追踪法,missile_pursuit,missile,4.15453193670107,3432.8641896762,0,2330.60726556663,49.7222621986182,40.2777378013818,0,1000,4129.03596846081,40.2777058828927,4.48546816485467,78.2861879701018,7.98296951253504
pursuit,追踪法,missile_pursuit,missile,4.16453193670107,3440.49085412867,0,2337.07518518582,49.6773112922981,40.3226887077019,0,1000,4115.22263623457,40.3226565541059,4.50468958959696,78.6216651187791,8.01717866129403
pursuit,追踪法,missile_pursuit,missile,4.17453193670107,3448.11243102337,0,2343.54909903023,49.6321674614943,40.3678325385057,0,1000,4101.41184778722,40.3678001473653,4.52405281917286,78.959617228698,8.05164018586347
pursuit,追踪法,missile_pursuit,missile,4.18453193670107,3455.72889374993,0,2350.02902883827,49.5868292806805,40.4131707193195,0,1000,4087.60361642394,40.4131380881048,4.54355933402326,79.3000701384268,8.08635672104407
pursuit,追踪法,missile_pursuit,missile,4.19453193670107,3463.34021547795,0,2356.51499648307,49.5412953095348,40.4587046904652,0,1000,4073.79795555993,40.4586718166624,4.56321063455664,79.6430500350331,8.12133093717357
pursuit,追踪法,missile_pursuit,missile,4.20453193670107,3470.94636915458,0,2363.00702397368,49.4955640926134,40.5044359073866,0,1000,4059.99487872162,40.5044027884816,4.58300824147901,79.988583459844,8.15656554071411
pursuit,追踪法,missile_pursuit,missile,4.21453193670107,3478.54732750193,0,2369.5051334562,49.4496341590707,40.5503658409293,0,1000,4046.19439954794,40.5503324743154,4.60295369613037,80.3366973143175,8.192063274851
pursuit,追踪法,missile_pursuit,missile,4.22453193670106,3486.14306301456,0,2376.00934721502,49.4035040226064,40.5964959773936,0,1000,4032.39653179163,40.5964623604353,4.62304856082781,80.6874188660306,8.22782692010325
pursuit,追踪法,missile_pursuit,missile,4.23453193670106,3493.73354795688,0,2382.51968767396,49.3571721812047,40.6428278187953,0,1000,4018.60128932047,40.6427939488419,4.64329441921527,81.0407757547842,8.26385929494621
pursuit,追踪法,missile_pursuit,missile,4.24453193670106,3501.31875436051,0,2389.03617739751,49.310637116906,40.689362883094,0,1000,4004.80868611865,40.6893287574805,4.66369287662026,81.3967959988293,8.30016325644632
pursuit,追踪法,missile_pursuit,missile,4.25453193670106,3508.89865402166,0,2395.55883909205,49.2638972955071,40.7361027044929,0,1000,3991.01873628808,40.7360683204598,4.6842455604177,81.7555080012159,8.33674170090866
pursuit,追踪法,missile_pursuit,missile,4.26453193670106,3516.47321849834,0,2402.08769560709,49.2169511664867,40.7830488335133,0,1000,3977.23145404974,40.7830141882737,4.7049541204008,82.1169405562677,8.37359756453709
pursuit,追踪法,missile_pursuit,missile,4.27453193670106,3524.04241910771,0,2408.62276993649,49.1697971627575,40.8302028372425,0,1000,3963.44685374505,40.8301679280278,4.72582022915953,82.4811228561867,8.41073382410779
pursuit,追踪法,missile_pursuit,missile,4.28453193670106,3531.60622692325,0,2415.16408521977,49.122433700278,40.877566299722,0,1000,3949.66494983729,40.8775311236694,4.74684558246654,82.8480844977891,8.44815349765609
pursuit,追踪法,missile_pursuit,missile,4.29453193670106,3539.16461277191,0,2421.71166474333,49.074859177995,40.925140822005,0,1000,3935.88575691295,40.9251053762208,4.76803189967083,83.2178554893759,8.48585964517709
pursuit,追踪法,missile_pursuit,missile,4.30453193670106,3546.71754723131,0,2428.2655319418,49.027071977571,40.9729280224291,0,1000,3922.10928968325,40.9728923040175,4.78938092409936,83.5904662577425,8.52385536934045
pursuit,追踪法,missile_pursuit,missile,4.31453193670106,3554.26500062679,0,2434.82571039929,48.9790704630305,41.0209295369695,0,1000,3908.33556298551,41.0208935429499,4.81089442346671,83.9659476553284,8.56214381621944
pursuit,追踪法,missile_pursuit,missile,4.32453193670106,3561.80694302845,0,2441.39222385076,48.9308529806193,41.0691470193807,0,1000,3894.56459178468,41.0691107467089,4.83257419029304,84.3443309675126,8.6007281760349
pursuit,追踪法,missile_pursuit,missile,4.33453193670106,3569.34334424819,0,2447.96509618331,48.8824178586406,41.1175821413594,0,1000,3880.79639117481,41.1175455870369,4.85442204233059,84.7256479200563,8.63961168391411
pursuit,追踪法,missile_pursuit,missile,4.34453193670106,3576.87417383666,0,2454.54435143754,48.8337634069229,41.1662365930771,0,1000,3867.03097638058,41.1661997539814,4.87643982299872,85.1099306866973,8.67879762066529
pursuit,追踪法,missile_pursuit,missile,4.35453193670106,3584.39940108014,0,2461.13001380894,48.7848879168317,41.2151120831683,0,1000,3853.26836275884,41.2150749561545,4.89862940182799,85.4972118968988,8.71828931356771
pursuit,追踪法,missile_pursuit,missile,4.36453193670106,3591.91899499748,0,2467.72210764922,48.7357896609205,41.2642103390795,0,1000,3839.50856580017,41.2641729209958,4.9209926749132,85.8875246437582,8.75809013717816
pursuit,追踪法,missile_pursuit,missile,4.37453193670106,3599.43292433685,0,2474.32065746774,48.6864668925689,41.3135331074311,0,1000,3825.75160113048,41.3134953950409,4.94353156537579,86.2809024920769,8.79820351415386
pursuit,追踪法,missile_pursuit,missile,4.38453193670106,3606.94115757258,0,2480.92568793291,48.6369178458091,41.3630821541909,0,1000,3811.99748451262,41.3630441441936,4.9662480238358,86.6773794865966,8.83863291609231
pursuit,追踪法,missile_pursuit,missile,4.39453193670106,3614.44366290182,0,2487.53722387361,48.5871407350706,41.4128592649294,0,1000,3798.246231848,41.4128209540032,4.98914402889348,87.0769901604064,8.87938186438859
pursuit,追踪法,missile_pursuit,missile,4.40453193670106,3621.94040824127,0,2494.1552902806,48.5371337548654,41.4628662451346,0,1000,3784.49785917827,41.4628276299471,5.01222158762099,87.4797695435237,8.92045393111039
pursuit,追踪法,missile_pursuit,missile,4.41453193670106,3629.43136122381,0,2500.77991230805,48.48689507942,41.51310492058,0,1000,3770.752382687,41.513065997718,5.03548273606423,87.8857531716535,8.96185273989114
pursuit,追踪法,missile_pursuit,missile,4.42453193670106,3636.91648919503,0,2507.41111527493,48.4364228624411,41.5635771375589,0,1000,3757.0098187014,41.5635379035159,5.05892953975528,88.294977095131,9.00358196684199
pursuit,追踪法,missile_pursuit,missile,4.43453193670106,3644.39575920977,0,2514.04892466656,48.3857152369077,41.6142847630923,0,1000,3743.27018369403,41.6142452143457,5.08256409423532,88.7074778880497,9.04564534148254
pursuit,追踪法,missile_pursuit,missile,4.44453193670106,3651.86913802862,0,2520.69336613606,48.3347703146979,41.6652296853021,0,1000,3729.5334942846,41.6651898183201,5.10638852558883,89.1232926575837,9.08804664769149
pursuit,追踪法,missile_pursuit,missile,4.45453193670106,3659.33659211432,0,2527.34446550593,48.2835861861725,41.7164138138275,0,1000,3715.79976724175,41.7163736249675,5.13040499098874,89.5424590535036,9.13078972467699
pursuit,追踪法,missile_pursuit,missile,4.46453193670106,3666.79808762808,0,2534.00224876953,48.2321609200374,41.7678390799626,0,1000,3702.06901948487,41.7677985655458,5.15461567925338,89.9650152778954,9.1738784679677
pursuit,追踪法,missile_pursuit,missile,4.47453193670106,3674.25359042595,0,2540.66674209268,48.1804925629363,41.8195074370637,0,1000,3688.34126808594,41.8194665933619,5.17902281141495,90.3910000950843,9.21731683042469
pursuit,追踪法,missile_pursuit,missile,4.48453193670106,3681.70306605502,0,2547.33797181521,48.1285791391401,41.8714208608599,0,1000,3674.6165302714,41.8713796840962,5.20362864130032,90.8204528417696,9.26110882327498
pursuit,追踪法,missile_pursuit,missile,4.49453193670106,3689.14647974963,0,2554.01596445255,48.0764186502302,41.9235813497698,0,1000,3660.89482342409,41.9235398361339,5.22843545612408,91.2534134373767,9.30525851716709
pursuit,追踪法,missile_pursuit,missile,4.50453193670106,3696.58379642751,0,2560.70074669736,48.0240090746646,41.9759909253354,0,1000,3647.17616508516,41.9759490709019,5.2534455770943,91.6899223946291,9.34977004324913
pursuit,追踪法,missile_pursuit,missile,4.51453193670106,3704.01498068579,0,2567.39234542113,47.9713483675669,42.0286516324331,0,1000,3633.46057295602,42.0286094332118,5.27866136003132,92.1300208303483,9.39464759427004
pursuit,追踪法,missile_pursuit,missile,4.52453193670106,3711.43999679708,0,2574.09078767584,47.9184344604185,42.0815655395815,0,1000,3619.74806490037,42.0815229916087,5.30408519599987,92.5737504764865,9.43989542570465
pursuit,追踪法,missile_pursuit,missile,4.53453193670106,3718.85880870539,0,2580.79610069561,47.8652652604353,42.1347347395647,0,1000,3606.03865894622,42.1346918387277,5.3297195119548,93.0211536913966,9.48551785690288
pursuit,追踪法,missile_pursuit,missile,4.54453193670106,3726.27138002196,0,2587.50831189841,47.8118386505149,42.1881613494851,0,1000,3592.33237328793,42.1881180916553,5.35556677140089,93.4722734713481,9.53151927226403
pursuit,追踪法,missile_pursuit,missile,4.55453193670106,3733.67767402117,0,2594.22744888771,47.7581524887156,42.2418475112844,0,1000,3578.62922628832,42.2418038922989,5.3816294750669,93.9271534622915,9.57790412243646
pursuit,追踪法,missile_pursuit,missile,4.56453193670106,3741.07765363619,0,2600.95353945426,47.704204607801,42.295795392199,0,1000,3564.92923648081,42.2957514077619,5.40791016159442,94.3858379718813,9.62467692554351
pursuit,追踪法,missile_pursuit,missile,4.57453193670106,3748.47128145473,0,2607.68661157779,47.6499928150681,42.3500071849319,0,1000,3551.23242257154,42.3499628307268,5.43441140824178,94.8483719817607,9.67184226843629
pursuit,追踪法,missile_pursuit,missile,4.58453193670106,3755.85851971461,0,2614.42669342878,47.595514891806,42.404485108194,0,1000,3537.5388034416,42.4044403798447,5.46113583160337,95.3148011601173,9.71940480797391
pursuit,追踪法,missile_pursuit,missile,4.59453193670106,3763.23933029933,0,2621.17381337024,47.5407685928766,42.4592314071234,0,1000,3523.84839814925,42.4591863001323,5.48808608834489,95.7851718745147,9.76736927233201
pursuit,追踪法,missile_pursuit,missile,4.60453193670106,3770.61367473349,0,2627.92799995952,47.4857516464404,42.5142483535596,0,1000,3510.16122593217,42.5142028633765,5.51526487595481,96.2595312050081,9.81574046234016
pursuit,追踪法,missile_pursuit,missile,4.61453193670106,3777.98151417826,0,2634.68928195011,47.4304617535482,42.5695382464518,0,1000,3496.47730620978,42.5694923685465,5.54267493351249,96.7379269575508,9.86452325284891
pursuit,追踪法,missile_pursuit,missile,4.62453193670106,3785.34280942663,0,2641.45768829347,47.3748965874412,42.6251034125588,0,1000,3482.7966585856,42.6250571422133,5.57031904247343,97.2204076776992,9.91372259412737
pursuit,追踪法,missile_pursuit,missile,4.63453193670106,3792.69752089868,0,2648.23324814096,47.3190537934589,42.6809462065411,0,1000,3469.11930284957,42.6808995389779,5.59820002747202,97.7070226646238,9.96334351329188
pursuit,追踪法,missile_pursuit,missile,4.64453193670106,3800.04560863677,0,2655.01599084564,47.2629309885676,42.7370690114324,0,1000,3455.44525898052,42.7370219419067,5.62632075714237,98.1978219854346,10.0133911157668
pursuit,追踪法,missile_pursuit,missile,4.65453193670106,3807.38703230059,0,2661.8059459642,47.2065257606314,42.7934742393686,0,1000,3441.77454714861,42.7934267629761,5.65468414495742,98.6928564898273,10.0638705867781
pursuit,追踪法,missile_pursuit,missile,4.66453193670106,3814.72175116218,0,2668.60314325893,47.1498356682152,42.8501643317848,0,1000,3428.10718771782,42.8501164435251,5.68329315008722,99.1921778250622,10.1147871928806
pursuit,追踪法,missile_pursuit,missile,4.67453193670106,3822.04972410086,0,2675.40761269961,47.0928582401169,42.9071417598831,0,1000,3414.44320124848,42.9070934547161,5.71215077827638,99.6958384512795,10.1661462835198
pursuit,追踪法,missile_pursuit,missile,4.68453193670106,3829.37090959806,0,2682.21938446551,47.0355909747775,42.9644090252225,0,1000,3400.78260849988,42.9643602980061,5.74126008274169,100.203891657165,10.2179532926294
pursuit,追踪法,missile_pursuit,missile,4.69453193670105,3836.68526573208,0,2689.03848894738,46.9780313399144,43.0219686600856,0,1000,3387.12543043287,43.0219195056251,5.77062416509001,100.71639157597,10.270213740265
pursuit,追踪法,missile_pursuit,missile,4.70453193670105,3843.99275017276,0,2695.86495674945,46.9201767719668,43.0798232280332,0,1000,3373.47168821253,43.0797736410651,5.80024617625729,101.233393201901,10.3229332342748
pursuit,追踪法,missile_pursuit,missile,4.71453193670105,3851.29332017605,0,2702.69881869149,46.8620246755278,43.1379753244722,0,1000,3359.82140321089,43.137925299578,5.83012931746907,101.754952406885,10.3761174720098
pursuit,追踪法,missile_pursuit,missile,4.72453193670105,3858.58693257849,0,2709.54010581088,46.8035724230176,43.1964275769824,0,1000,3346.17459700967,43.1963771086838,5.8602768412231,102.281125957716,10.4297722420721
pursuit,追踪法,missile_pursuit,missile,4.73453193670105,3865.87354379163,0,2716.38884936466,46.7448173540807,43.2551826459193,0,1000,3332.5312914031,43.2551317286877,5.89069205229468,102.811971533604,10.4839034261041
pursuit,追踪法,missile_pursuit,missile,4.74453193670105,3873.1531097963,0,2723.24508083167,46.685756774988,43.314243225012,0,1000,3318.89150840076,43.3141918532083,5.92137830876538,103.347547744129,10.5385170006199
pursuit,追踪法,missile_pursuit,missile,4.75453193670105,3880.42558613683,0,2730.10883191467,46.6263879581573,43.3736120418427,0,1000,3305.2552702305,43.3735602097163,5.95233902307556,103.887914147611,10.5936190388778
pursuit,追踪法,missile_pursuit,missile,4.76453193670105,3887.69092791513,0,2736.98013454251,46.5667081416787,43.4332918583213,0,1000,3291.62259934135,43.4332395600826,5.98357766310158,104.433131269911,10.649215712798
pursuit,追踪法,missile_pursuit,missile,4.77453193670105,3894.94908978474,0,2743.85902087229,46.5067145285729,43.4932854714271,0,1000,3277.99351840654,43.493232701139,6.01509775325826,104.98326062367,10.7053132949244
pursuit,追踪法,missile_pursuit,missile,4.78453193670105,3902.20002594467,0,2750.74552329163,46.4464042863726,43.5535957136274,0,1000,3264.36805032658,43.5535424652486,6.04690287562714,105.538364728007,10.7619181604326
pursuit,追踪法,missile_pursuit,missile,4.79453193670105,3909.44369013324,0,2757.63967442081,46.3857745465533,43.6142254534467,0,1000,3250.74621823229,43.6141717208886,6.07899667111155,106.098507128671,10.8190367891861
pursuit,追踪法,missile_pursuit,missile,4.80453193670105,3916.68003562175,0,2764.54150711512,46.3248224037802,43.6751775962198,0,1000,3237.12804548804,43.6751233732441,6.11138284061891,106.663752418684,10.8766757678396
pursuit,追踪法,missile_pursuit,missile,4.81453193670105,3923.90901520806,0,2771.45105446709,46.2635449154535,43.7364550845465,0,1000,3223.51355569488,43.7364003648145,6.14406514627114,107.234166259458,10.934841791994
pursuit,追踪法,missile_pursuit,missile,4.82453193670105,3931.13058121005,0,2778.36834980883,46.2019391010764,43.7980608989236,0,1000,3209.90277269389,43.7980056760316,6.17704741264403,107.809815402435,10.9935416684021
pursuit,追踪法,missile_pursuit,missile,4.83453193670105,3938.344685459,0,2785.29342671434,46.1400019415388,43.8599980584612,0,1000,3196.29572056941,43.8599423258903,6.21033352803618,108.390767711227,11.0527823172263
pursuit,追踪法,missile_pursuit,missile,4.84453193670105,3945.5512792928,0,2792.22631900193,46.0777303784974,43.9222696215026,0,1000,3182.69242365251,43.9222133725927,6.24392744576847,108.9770921843,11.1125707743521
pursuit,追踪法,missile_pursuit,missile,4.85453193670105,3952.75031354907,0,2799.16706073655,46.0151213137785,43.9848786862215,0,1000,3169.09290652438,43.9848219142049,6.27783318551491,109.568858978199,11.1729141937562
pursuit,追踪法,missile_pursuit,missile,4.86453193670105,3959.94173855816,0,2806.11568623226,45.9521716086945,44.0478283913055,0,1000,3155.49719401983,44.0477710893267,6.31205483466561,110.166139431341,11.2338198499326
pursuit,追踪法,missile_pursuit,missile,4.87453193670105,3967.12550413605,0,2813.07223005465,45.8888780832935,44.1111219167065,0,1000,3141.90531123089,44.1110640777767,6.34659654972288,110.769006088376,11.2952951403768
pursuit,追踪法,missile_pursuit,missile,4.88453193670105,3974.30155957704,0,2820.03672702334,45.825237515705,44.174762484295,0,1000,3128.31728351039,44.1747041012897,6.38146255773145,111.377532725152,11.3573475881318
pursuit,追踪法,missile_pursuit,missile,4.89453193670105,3981.46985364642,0,2827.00921221446,45.7612466415066,44.2387533584934,0,1000,3114.7331364757,44.2386944242298,6.41665715774355,111.991794374286,11.419984844395
pursuit,追踪法,missile_pursuit,missile,4.90453193670105,3988.63033457294,0,2833.98972096321,45.6969021527805,44.3030978472195,0,1000,3101.15289601245,44.3030383543181,6.45218472232003,112.611867351361,11.4832146911902
pursuit,追踪法,missile_pursuit,missile,4.91453193670105,3995.78295004112,0,2840.97828886641,45.6322006976204,44.3677993023796,0,1000,3087.57658827835,44.367739243375,6.48804969906854,113.237829281773,11.5470450441051
pursuit,追踪法,missile_pursuit,missile,4.92453193670105,4002.92764718355,0,2847.9749517851,45.5671388792077,44.4328611207923,0,1000,3074.00423970714,44.4328004880788,6.5242566122196,113.869759128243,11.6114839550961
pursuit,追踪法,missile_pursuit,missile,4.93453193670105,4010.06437257285,0,2854.97974584716,45.5017132550838,44.4982867449162,0,1000,3060.43587701249,44.4982255307401,6.560810064242,114.507737219004,11.6765396153634
pursuit,追踪法,missile_pursuit,missile,4.94453193670105,4017.1930722137,0,2861.99270744996,45.4359203364072,44.5640796635928,0,1000,3046.87152719206,44.564017860092,6.59771473749828,115.151845276698,11.7422203582975
pursuit,追踪法,missile_pursuit,missile,4.95453193670105,4024.31369153456,0,2869.01387326307,45.3697565870587,44.6302434129413,0,1000,3033.31121753164,44.6301810120981,6.63497539594177,115.802166447998,11.8085346624993
pursuit,追踪法,missile_pursuit,missile,4.96453193670105,4031.42617537931,0,2876.04328023092,45.3032184229108,44.6967815770892,0,1000,3019.75497560926,44.6967185707763,6.67259688685612,116.458785333963,11.8754911548758
pursuit,追踪法,missile_pursuit,missile,4.97453193670105,4038.53046799875,0,2883.08096557561,45.2363022108751,44.7636977891249,0,1000,3006.20282929954,44.7636341690418,6.71058414263875,117.121788021167,11.9430986138148
pursuit,追踪法,missile_pursuit,missile,4.98453193670105,4045.62651304189,0,2890.12696679965,45.169004268153,44.830995731847,0,1000,2992.65480677797,44.8309314895666,6.74894218262942,117.791262113616,12.0113659724387
pursuit,追踪法,missile_pursuit,missile,4.99453193670105,4052.71425354713,0,2897.18132168877,45.1013208612463,44.8986791387537,0,1000,2979.11093652535,44.8986142656588,6.78767611498518,118.467296765469,12.0803023219416
pursuit,追踪法,missile_pursuit,missile,5.00453193670105,4059.79363193324,0,2904.2440683148,45.033248205192,44.966751794808,0,1000,2965.57124733229,44.9666862821602,6.82679113860316,119.149982714598,12.1499169150115
pursuit,追踪法,missile_pursuit,missile,5.01453193670105,4066.86458999021,0,2911.31524503848,44.9647824625611,45.0352175374389,0,1000,2952.03576830381,45.0351513763633,6.86629254509257,119.839412317007,12.2202191693398
pursuit,追踪法,missile_pursuit,missile,5.02453193670105,4073.92706886988,0,2918.39489051243,44.8959197424771,45.1040802575229,0,1000,2938.50452886397,45.1040134389487,6.9061857207973,120.535679582131,12.2912186712211
pursuit,追踪法,missile_pursuit,missile,5.03453193670105,4080.98100907644,0,2925.48304368405,44.8266560997409,45.1733439002591,0,1000,2924.9775587607,45.1732764149428,6.94647614887075,121.23888020905,12.3629251792458
pursuit,追踪法,missile_pursuit,missile,5.04453193670105,4088.02635045671,0,2932.57974379852,44.7569875338917,45.2430124661083,0,1000,2911.45488807056,45.2429443046965,6.9871694114043,121.949111623639,12.435348628088
pursuit,追踪法,missile_pursuit,missile,5.05453193670105,4095.0630321903,0,2939.68503040177,44.6869099880599,45.3130900119401,0,1000,2897.93654720377,45.313021164885,7.0282711916111,122.666473016679,12.5084991323927
pursuit,追踪法,missile_pursuit,missile,5.06453193670105,4102.09099277948,0,2946.79894334358,44.6164193479838,45.3835806520162,0,1000,2884.42256690918,45.3835111095311,7.06978727606691,123.391065382969,12.5823869907633
pursuit,追踪法,missile_pursuit,missile,5.07453193670105,4109.11017003897,0,2953.92152278061,44.5455114411623,45.4544885588377,0,1000,2870.91297827943,45.4544183110493,7.1117235570095,124.122991561458,12.6570226898542
pursuit,追踪法,missile_pursuit,missile,5.08453193670105,4116.12050108547,0,2961.05280917952,44.4741820355137,45.5258179644863,0,1000,2857.40781275618,45.5257470013149,7.15408603469853,124.862356276435,12.7324169085707
pursuit,追踪法,missile_pursuit,missile,5.09453193670105,4123.12192232698,0,2968.19284332013,44.4024268384024,45.5975731615976,0,1000,2843.90710213542,45.5975014727556,7.19688081983784,125.609266179799,12.8085805223801
pursuit,追踪法,missile_pursuit,missile,5.10453193670105,4130.11436945196,0,2975.34166629859,44.3302414955558,45.6697585044442,0,1000,2830.41087857294,45.6696860794691,7.24011413606176,126.363829894463,12.8855246077368
pursuit,追踪法,missile_pursuit,missile,5.11453193670105,4137.09777741824,0,2982.4993195306,44.2576215898465,45.7423784101535,0,1000,2816.9191745898,45.7423052383644,7.28379232248765,127.126158058894,12.9632604466249
pursuit,追踪法,missile_pursuit,missile,5.12453193670105,4144.07208044174,0,2989.66584475467,44.1845626402151,45.8154373597849,0,1000,2803.43202307805,45.8153634303302,7.3279218363366,127.896363372863,13.0417995312225
pursuit,追踪法,missile_pursuit,missile,5.13453193670105,4151.03721198497,0,2996.8412840354,44.1110601003619,45.8889398996381,0,1000,2789.94945730643,45.8888652014289,7.37250925562439,128.674560644402,13.1211535686908
pursuit,追踪法,missile_pursuit,missile,5.14453193670105,4157.99310474525,0,3004.02567976681,44.0371093576415,45.9628906423585,0,1000,2776.47151092629,45.9628151641187,7.41756128192491,129.460866838041,13.2013344860927
pursuit,追踪法,missile_pursuit,missile,5.15453193670105,4164.93969064282,0,3011.2190746757,43.9627057317698,46.0372942682301,0,1000,2762.99821797751,46.037217998503,7.46308474320832,130.255401124341,13.2823544354434
pursuit,追踪法,missile_pursuit,missile,5.16453193670104,4171.87690080857,0,3018.42151182506,43.8878444734928,46.1121555265072,0,1000,2749.52961289463,46.112078453609,7.50908659675609,131.05828493077,13.3642257988987
pursuit,追踪法,missile_pursuit,missile,5.17453193670104,4178.80466557163,0,3025.63303461748,43.8125207632764,46.1874792367236,0,1000,2736.0657305131,46.1874013486959,7.55557393215568,131.869641993971,13.4469611940847
pursuit,追踪法,missile_pursuit,missile,5.18453193670104,4185.72291444665,0,3032.85368679868,43.7367297100601,46.2632702899399,0,1000,2722.60660607559,46.2631915745928,7.60255397437693,132.689598413458,13.5305734795734
pursuit,追踪法,missile_pursuit,missile,5.19453193670104,4192.6315761209,0,3040.08351246096,43.6604663499055,46.3395336500945,0,1000,2709.15227523847,46.3394540950688,7.65003408693318,133.518282706782,13.6150757605076
pursuit,追踪法,missile_pursuit,missile,5.20453193670104,4199.53057844104,0,3047.3225560468,43.5837256444553,46.4162743555447,0,1000,2695.7027740784,46.4161939482342,7.69802177512938,134.355825866226,13.700481394383
pursuit,追踪法,missile_pursuit,missile,5.21453193670104,4206.41984839964,0,3054.5708623524,43.5065024795364,46.4934975204636,0,1000,2682.2581390991,46.4934162479752,7.74652468940034,135.202361417067,13.7868039969885
pursuit,追踪法,missile_pursuit,missile,5.22453193670104,4213.29931212145,0,3061.82847653138,43.4287916638006,46.5712083361994,0,1000,2668.81840723819,46.5711261854222,7.79555062874168,136.058025477456,13.8740574485126
pursuit,追踪法,missile_pursuit,missile,5.23453193670104,4220.16889484939,0,3069.09544409836,43.3505879270643,46.6494120729357,0,1000,2655.38361587423,46.6493290304533,7.84510754423665,136.922956819976,13.9622558998207
pursuit,追踪法,missile_pursuit,missile,5.24453193670104,4227.02852093019,0,3076.37181093275,43.2718859189415,46.7281140810585,0,1000,2641.95380283382,46.7280301332324,7.8952035426819,137.79729693492,14.0514137789072
pursuit,追踪法,missile_pursuit,missile,5.25453193670104,4233.87811379989,0,3083.65762328242,43.1926802071847,46.8073197928153,0,1000,2628.52900639898,46.8072349257861,7.94584689031523,138.681190095354,14.1415457975306
pursuit,追踪法,missile_pursuit,missile,5.26453193670104,4240.71759596882,0,3090.95292776753,43.1129652759027,46.8870347240973,0,1000,2615.10926531451,46.8869489236158,7.99704601664882,139.574783424019,14.2326669580355
pursuit,追踪法,missile_pursuit,missile,5.27453193670104,4247.54688900649,0,3098.25777138437,43.0327355242627,46.9672644757373,0,1000,2601.69461879568,46.9671777273514,8.04880951841132,140.478226962137,14.3247925603684
pursuit,追踪法,missile_pursuit,missile,5.28453193670104,4254.365913526,0,3105.57220150914,42.9519852645143,47.0480147354857,0,1000,2588.28510653592,47.0479270244427,8.10114616360228,141.391673740167,14.4179382092934
pursuit,追踪法,missile_pursuit,missile,5.29453193670104,4261.17458916825,0,3112.89626590197,42.8707087203653,47.1292912796347,0,1000,2574.88076871479,47.1292025908931,8.15406489566275,142.315279850603,14.5121198218151
pursuit,追踪法,missile_pursuit,missile,5.30453193670104,4267.97283458571,0,3120.23001271074,42.7889000251612,47.2110999748388,0,1000,2561.48164600606,47.2110102930356,8.20757483776575,143.249204522852,14.6073536348143
pursuit,追踪法,missile_pursuit,missile,5.31453193670104,4274.76056742594,0,3127.57349047518,42.7065532200816,47.2934467799184,0,1000,2548.08777958595,47.293356089352,8.26168529723071,144.193610200282,14.7036562129047
pursuit,追踪法,missile_pursuit,missile,5.32453193670104,4281.5377043147,0,3134.92674813079,42.6236622523873,47.3763377476127,0,1000,2534.69921114157,47.3762460323367,8.31640577006589,145.148662619504,14.8010444565172
pursuit,追踪法,missile_pursuit,missile,5.33453193670104,4288.30416083876,0,3142.28983501296,42.5402209732932,47.4597790267068,0,1000,2521.31598287954,47.4596862704071,8.3717459456431,146.114530891958,14.8995356102194
pursuit,追踪法,missile_pursuit,missile,5.34453193670104,4295.05985152828,0,3149.66280086107,42.4562231361289,47.5437768638711,0,1000,2507.93813753478,47.5436830498613,8.42771571150927,147.091387587893,14.9991472712795
pursuit,追踪法,missile_pursuit,missile,5.35453193670104,4301.80468983886,0,3157.04569582261,42.3716623944202,47.6283376055798,0,1000,2494.56571837949,47.6282427168841,8.48432515833929,148.07940882281,15.0998973984806
pursuit,追踪法,missile_pursuit,missile,5.36453193670104,4308.53858813321,0,3164.43857045737,42.2865322996958,47.7134677003042,0,1000,2481.19876923231,47.713371719604,8.54158458503494,149.078774346453,15.2018043211956
pursuit,追踪法,missile_pursuit,missile,5.37453193670104,4315.26145766237,0,3171.84147574165,42.2008262993915,47.7991737006085,0,1000,2467.83733446773,47.7990766102013,8.59950450397512,150.089667634448,15.3048867487315
pursuit,追踪法,missile_pursuit,missile,5.38453193670104,4321.97320854659,0,3179.25446307254,42.1145377347382,47.8854622652618,0,1000,2454.48145902563,47.8853640470702,8.65809564642221,151.112275982654,15.4091637799508
pursuit,追踪法,missile_pursuit,missile,5.39453193670104,4328.67374975575,0,3186.6775842722,42.0276598385151,47.9723401614849,0,1000,2441.13118842104,47.9722407970349,8.71736896809012,152.146790604353,15.5146549131817
pursuit,追踪法,missile_pursuit,missile,5.40453193670104,4335.3629890894,0,3194.11089159224,41.9401857328459,48.0598142671541,0,1000,2427.78656875422,48.0597137376229,8.7773356548795,153.19340673034,15.621380056425
pursuit,追踪法,missile_pursuit,missile,5.41453193670104,4342.04083315628,0,3201.554437718,41.8521084267594,48.1478915732406,0,1000,2414.44764672078,48.147789859396,8.83800712878601,154.252323712046,15.7293595378693
pursuit,追踪法,missile_pursuit,missile,5.42453193670104,4348.7071873535,0,3209.00827577309,41.7634208138711,48.2365791861289,0,1000,2401.11446962217,48.236476268342,8.89939505398753,155.323745127781,15.838614116725
pursuit,追踪法,missile_pursuit,missile,5.43453193670104,4355.36195584516,0,3216.47245932373,41.6741156698406,48.3258843301594,0,1000,2387.78708537634,48.3257801883272,8.9615113431166,156.407878892204,15.9491649943869
pursuit,追踪法,missile_pursuit,missile,5.44453193670104,4362.00504154053,0,3223.94704238333,41.5841856500187,48.4158143499813,0,1000,2374.46554252865,48.4157089636136,9.02436816372473,157.504937369151,16.0610338259397
pursuit,追踪法,missile_pursuit,missile,5.45453193670104,4368.63634607182,0,3231.43207941694,41.4936232867642,48.5063767132358,0,1000,2361.14989026301,48.5062700614406,9.08797794494502,158.615137487919,16.1742427320154
pursuit,追踪法,missile_pursuit,missile,5.46453193670104,4375.25576977129,0,3238.92762534587,41.4024209866624,48.5975790133376,0,1000,2347.84017841328,48.5974710746759,9.15235338436038,159.738700863135,16.288814311017
pursuit,追踪法,missile_pursuit,missile,5.47453193670104,4381.86321164801,0,3246.43373555228,41.3105710280754,48.6894289719246,0,1000,2334.53645747492,48.6893197245342,9.21750745508459,160.875853918349,16.404771651721
pursuit,追踪法,missile_pursuit,missile,5.48453193670104,4388.45856936399,0,3253.95046588379,41.2180655581839,48.7819344418161,0,1000,2321.23877861693,48.7818238633695,9.28345341306373,162.026828013467,16.5221383462719
pursuit,追踪法,missile_pursuit,missile,5.49453193670104,4395.0417392098,0,3261.47787265815,41.1248965901721,48.8751034098279,0,1000,2307.94719369402,48.8749914775409,9.35020480460591,163.191859576166,16.6409385035834
pursuit,追踪法,missile_pursuit,missile,5.50453193670104,4401.61261607967,0,3269.01601266797,41.0310560001644,48.9689439998356,0,1000,2294.66175525908,48.9688306903543,9.41777547414751,164.371190237444,16.7611967631601
pursuit,追踪法,missile_pursuit,missile,5.51453193670104,4408.17109344594,0,3276.56494318546,40.9365355243972,49.0634644756028,0,1000,2281.38251657595,49.0633497650842,9.48617957226457,165.565066971444,16.8829383093558
pursuit,追踪法,missile_pursuit,missile,5.52453193670104,4414.717063333,0,3284.12472196713,40.8413267559879,49.1586732440121,0,1000,2268.10953163242,49.1585571080756,9.55543156393811,166.773742239711,17.0061888860835
pursuit,追踪法,missile_pursuit,missile,5.53453193670104,4421.25041629058,0,3291.69540725869,40.7454211417996,49.2545788582004,0,1000,2254.84285515363,49.254461271931,9.62554623708273,167.997474140044,17.1309748119943
pursuit,追踪法,missile_pursuit,missile,5.54453193670104,4427.77104136646,0,3299.27705779977,40.6488099791435,49.3511900208565,0,1000,2241.58254261569,49.3510709587832,9.69653871134807,169.236526560112,17.2573229961416
pursuit,追踪法,missile_pursuit,missile,5.55453193670104,4434.27882607849,0,3306.86973282888,40.5514844123627,49.4485155876373,0,1000,2228.32865025968,49.4483950236578,9.7684244472034,170.491169336006,17.3852609541491
pursuit,追踪法,missile_pursuit,missile,5.56453193670104,4440.77365638599,0,3314.47349208819,40.4534354295914,49.5465645704086,0,1000,2215.08123510592,49.5464424779281,9.84121925531537,171.761678415918,17.5148168249012
pursuit,追踪法,missile_pursuit,missile,5.57453193670104,4447.25541666052,0,3322.08839582852,40.3546538588802,49.6453461411198,0,1000,2201.84035496866,49.6452224928657,9.91493930623044,173.048336029123,17.646019387775
pursuit,追踪法,missile_pursuit,missile,5.58453193670104,4453.72398965582,0,3329.71450481423,40.2551303647773,49.7448696352227,0,1000,2188.60606847101,49.744744403288,9.98960114037273,174.351430860484,17.7788980804336
pursuit,追踪法,missile_pursuit,missile,5.59453193670104,4460.17925647721,0,3337.35188032817,40.1548554445754,49.8451445554246,0,1000,2175.37843506032,49.8450177113092,10.0652216783697,175.671258230661,17.9134830172037
pursuit,追踪法,missile_pursuit,missile,5.60453193670104,4466.62109655014,0,3345.00058417668,40.0538194243155,49.9461805756845,0,1000,2162.15751502385,49.9460520901953,10.1418182317174,177.008120282258,18.0498050080565
pursuit,追踪法,missile_pursuit,missile,5.61453193670104,4473.04938758802,0,3352.66067869456,39.9520124549453,50.0479875450547,0,1000,2148.94336950491,50.0478573883268,10.2194085137991,178.362326172134,18.1878955782183
pursuit,追踪法,missile_pursuit,missile,5.62453193670104,4479.46400555928,0,3360.33222675007,39.8494245081896,50.1505754918104,0,1000,2135.73606051928,50.1504436332754,10.2980106512694,179.734192270097,18.327786988431
pursuit,追踪法,missile_pursuit,missile,5.63453193670103,4485.86482465364,0,3368.01529174998,39.7460453723873,50.2539546276126,0,1000,2122.5356509721,50.253821035994,10.3776431958193,181.124042364234,18.469512255891
pursuit,追踪法,missile_pursuit,missile,5.64453193670103,4492.25171724755,0,3375.70993764458,39.6418646481649,50.3581353518351,0,1000,2109.34220467515,50.3579999951284,10.4583251363356,182.53220787314,18.6131051758899
pursuit,追踪法,missile_pursuit,missile,5.65453193670103,4498.62455386876,0,3383.41622893271,39.5368717439553,50.4631282560447,0,1000,2096.15578636454,50.4629911014514,10.5400759114704,183.959028065301,18.7586003441849
pursuit,追踪法,missile_pursuit,missile,5.66453193670103,4504.98320316006,0,3391.13423066683,39.4310558715178,50.5689441284822,0,1000,2082.97646171889,50.568805142425,10.6229154226374,185.404850285907,18.9060331801285
pursuit,追踪法,missile_pursuit,missile,5.67453193670103,4511.32753184213,0,3398.86400845806,39.3244060412573,50.6755939587427,0,1000,2069.80429737786,50.6754531068952,10.7068640474494,186.870030191398,19.0554399505844
pursuit,追踪法,missile_pursuit,missile,5.68453193670103,4517.65740467543,0,3406.60562848121,39.216911057231,50.783088942769,0,1000,2056.63936096121,50.7829461899225,10.7919426536172,188.354931992034,19.2068577946632
pursuit,追踪法,missile_pursuit,missile,5.69453193670103,4523.97268442114,0,3414.35915747985,39.1085595123192,50.8914404876808,0,1000,2043.48172108835,50.891295797755,10.8781726133256,189.859928702808,19.3603247493086
pursuit,追踪法,missile_pursuit,missile,5.70453193670103,4530.27323180117,0,3422.12466277131,38.9993397831301,51.0006602168699,0,1000,2030.33144739834,51.0005135529466,10.9655758181067,191.385402403033,19.5158797757677
pursuit,追踪法,missile_pursuit,missile,5.71453193670103,4536.55890545714,0,3429.90221225174,38.8892400246314,51.1107599753686,0,1000,2017.18861057035,51.1106112996272,11.0541746942301,192.931744504952,19.6735627869815
pursuit,追踪法,missile_pursuit,missile,5.72453193670103,4542.8295619083,0,3437.69187440108,38.7782481647583,51.2217518352417,0,1000,2004.05328234477,51.2216011089292,11.1439922186301,194.499356031723,19.8334146759314
pursuit,追踪法,missile_pursuit,missile,5.73453193670103,4549.08505550839,0,3445.49371828805,38.6663518987846,51.3336481012154,0,1000,1990.92553554473,51.3334952845761,11.2350519353922,196.088647905155,19.9954773449807
pursuit,追踪法,missile_pursuit,missile,5.74453193670103,4555.32523840144,0,3453.30781357515,38.5535386837075,51.4464613162925,0,1000,1977.8054440982,51.4463063686391,11.3273779728209,197.700041243606,20.159793736251
pursuit,追踪法,missile_pursuit,missile,5.75453193670103,4561.54996047639,0,3461.13423052351,38.4397957321467,51.5602042678533,0,1000,1964.69308306073,51.5600471474666,11.4209950611128,199.333967670429,20.3264078630754
pursuit,追踪法,missile_pursuit,missile,5.76453193670103,4567.75906932052,0,3468.97303999784,38.3251100062726,51.6748899937274,0,1000,1951.58852863866,51.6747306577946,11.5159285506589,200.990869633416,20.4953648425727
pursuit,追踪法,missile_pursuit,missile,5.77453193670103,4573.95241017177,0,3476.82431347127,38.2094682116184,51.7905317883816,0,1000,1938.49185821304,51.7903701930426,11.6122044310033,202.671200735682,20.6667109293879
pursuit,追踪法,missile_pursuit,missile,5.78453193670103,4580.12982586969,0,3484.68812303011,38.0928567905022,51.9071432094978,0,1000,1925.40315036408,51.906979309803,11.7098493504838,204.375426078462,20.840493550648
pursuit,追踪法,missile_pursuit,missile,5.79453193670103,4586.29115680523,0,3492.56454137863,37.9752619152669,52.0247380847331,0,1000,1912.32248489631,52.02457183453,11.8088906365833,206.104022616308,21.0167613421819
pursuit,追踪法,missile_pursuit,missile,5.80453193670103,4592.43624086907,0,3500.45364184372,37.8566694815729,52.1433305184271,0,1000,1899.24994286439,52.1431618704357,11.9093563170219,207.857479525218,21.1955641860592
pursuit,追踪法,missile_pursuit,missile,5.81453193670103,4598.56491339877,0,3508.35549837949,37.7370651010972,52.2629348989028,0,1000,1886.18560659954,52.2627638046016,12.0112751416197,209.636298584212,21.3769532495003
pursuit,追踪法,missile_pursuit,missile,5.82453193670103,4604.67700712428,0,3516.27018557183,37.6164340942225,52.3835659057775,0,1000,1873.12955973679,52.3833923153119,12.114676604964,211.440994570949,21.5609810252175
pursuit,追踪法,missile_pursuit,missile,5.83453193670103,4610.77235211223,0,3524.19777864283,37.4947614827073,52.5052385172927,0,1000,1860.08188724281,52.5050623796182,12.2195909699132,213.272095671952,21.7477013732469
pursuit,追踪法,missile_pursuit,missile,5.84453193670103,4616.85077570856,0,3532.13835345511,37.3720319815231,52.6279680184769,0,1000,1847.04267544465,52.6277892811431,12.3260492919749,215.130143908078,21.9371695643342
pursuit,追踪法,missile_pursuit,missile,5.85453193670103,4622.91210247965,0,3540.0919865161,37.2482299910339,52.7517700089661,0,1000,1834.0120120591,52.7515886181325,12.4340834445937,217.015695575877,22.1294423249405
pursuit,追踪法,missile_pursuit,missile,5.86453193670103,4628.95615415188,0,3548.05875498211,37.1233395886941,52.8766604113059,0,1000,1820.98998622299,52.8764763117655,12.5437261453883,218.929321705523,22.3245778839383
pursuit,追踪法,missile_pursuit,missile,5.87453193670103,4634.98274954952,0,3556.03873666237,36.9973445202714,53.0026554797286,0,1000,1807.97668852417,53.0024686147311,12.65501098338,220.871608536027,22.5226360210701
pursuit,追踪法,missile_pursuit,missile,5.88453193670103,4640.99170453088,0,3564.03201002287,36.8702281912048,53.1297718087952,0,1000,1794.97221103349,53.1295821200829,12.7679724472535,222.843158008492,22.7236781172461
pursuit,追踪法,missile_pursuit,missile,5.89453193670103,4646.98283192279,0,3572.03865419006,36.741973657393,53.258026342607,0,1000,1781.97664733753,53.2578337703816,12.8826459546964,224.84458827818,22.9277672067608
pursuit,追踪法,missile_pursuit,missile,5.90453193670103,4652.95594145315,0,3580.05874895438,36.6125636156632,53.3874363843368,0,1000,1768.99009257235,53.3872408671359,12.9990678828646,226.876534246236,23.1349680315129
pursuit,追踪法,missile_pursuit,missile,5.91453193670103,4658.91083968169,0,3588.09237477363,36.4819803941454,53.5180196058546,0,1000,1756.01264345808,53.5178210805551,13.1172756000226,228.939648111909,23.3453470973175
pursuit,追踪法,missile_pursuit,missile,5.92453193670103,4664.84732992877,0,3596.13961277615,36.3502059421023,53.6497940578977,0,1000,1743.04439833454,53.649592459623,13.2373074984107,231.034599946201,23.558972732401
pursuit,追踪法,missile_pursuit,missile,5.93453193670103,4670.76521220212,0,3604.20054476374,36.2172218195925,53.7827781804075,0,1000,1730.08545719787,53.7825734425072,13.3592030283946,233.162078287883,23.7759151481783
pursuit,追踪法,missile_pursuit,missile,5.94453193670103,4676.66428312161,0,3612.27525321442,36.0830091866748,53.9169908133252,0,1000,1717.13592173812,53.9167828673173,13.4830027339536,235.322790762888,23.9962465024129
pursuit,追踪法,missile_pursuit,missile,5.95453193670103,4682.54433584177,0,3620.3638212849,35.947548792208,54.052451207792,0,1000,1704.19589537805,54.0522399832234,13.6087482895687,237.517464728121,24.2200409648678
pursuit,追踪法,missile_pursuit,missile,5.96453193670103,4688.40515997214,0,3628.4663328128,35.8108209625156,54.1891790374844,0,1000,1691.26548331286,54.1889644619524,13.7364825385729,239.746847940806,24.4473747855594
pursuit,追踪法,missile_pursuit,missile,5.97453193670103,4694.24654149537,0,3636.58287231859,35.6728055894083,54.3271944105917,0,1000,1678.34479255124,54.3269764096742,13.8662495330309,242.011709254515,24.6783263657329
pursuit,追踪法,missile_pursuit,missile,5.98453193670103,4700.06826268287,0,3644.71352500722,35.5334821178012,54.4665178821988,0,1000,1665.43393195749,54.4662963792952,13.9980945752181,244.312839343113,24.9129763316845
pursuit,追踪法,missile_pursuit,missile,5.99453193670103,4705.87010200805,0,3652.85837676944,35.3928295331882,54.6071704668118,0,1000,1652.5330122949,54.6069453831746,14.1320642607724,246.651051453896,25.1514076115591
pursuit,追踪法,missile_pursuit,missile,6.00453193670103,4711.65183405703,0,3661.0175141827,35.2508263483063,54.7491736516937,0,1000,1639.64214627042,54.7489449062811,14.268206523595,249.027182191267,25.3937055152643
pursuit,追踪法,missile_pursuit,missile,6.01453193670103,4717.41322943668,0,3669.19102451179,35.1074505895877,54.8925494104123,0,1000,1626.76144858059,54.8923169198079,14.4065706825842,251.442092332381,25.6399578176422
pursuit,追踪法,missile_pursuit,missile,6.02453193670103,4723.15405468001,0,3677.37899570896,34.9626797831494,55.0373202168506,0,1000,1613.89103595892,55.0370838952637,14.5472074902844,253.896667676243,25.8902548450534
pursuit,追踪法,missile_pursuit,missile,6.03453193670103,4728.87407214867,0,3685.58151641366,34.8164909400495,55.1835090599505,0,1000,1601.03102722459,55.1832688190614,14.6901691835433,256.391819927838,26.1446895655334
pursuit,追踪法,missile_pursuit,missile,6.04453193670103,4734.57303993259,0,3693.79867595182,34.6688605412452,55.3311394587548,0,1000,1588.18154333263,55.3308952076227,14.8355095362708,258.928487618943,26.4033576826891
pursuit,追踪法,missile_pursuit,missile,6.05453193670103,4740.25071174656,0,3702.03056433461,34.5197645219559,55.4802354780441,0,1000,1575.34270742565,55.4799871230217,14.9832839143991,261.507637067369,26.6663577335144
pursuit,追踪法,missile_pursuit,missile,6.06453193670103,4745.90683682372,0,3710.27727225668,34.3691782554555,55.6308217445445,0,1000,1562.51464488707,55.6305691891897,15.1335493331505,264.130263376469,26.9337911903116
pursuit,追踪法,missile_pursuit,missile,6.07453193670103,4751.54115980577,0,3718.53889109381,34.2170765363008,55.7829234636992,0,1000,1549.69748339604,55.7826666087041,15.286364516723,266.797391476847,27.2057625669161
pursuit,追踪法,missile_pursuit,missile,6.08453193670103,4757.15342062987,0,3726.81551289997,34.0634335628113,55.9365664371887,0,1000,1536.891352984,55.9363051801876,15.4417899605101,269.510077212306,27.4823795294322
pursuit,追踪法,missile_pursuit,missile,6.09453193670103,4762.74335441199,0,3735.10723040375,33.9082229191762,56.0917770808238,0,1000,1524.09638609293,56.0915113163419,15.5998879959797,272.269408472187,27.7637530116999
pursuit,追踪法,missile_pursuit,missile,6.10453193670102,4768.31069132675,0,3743.41413700402,33.7514175567405,56.2485824432595,0,1000,1511.31271763555,56.2483120626443,15.76072285834,275.076506372365,28.0499973357227
pursuit,追踪法,missile_pursuit,missile,6.11453193670102,4773.85515648341,0,3751.73632676492,33.5929897744574,56.4070102255426,0,1000,1498.54048505723,56.4067351167361,15.9243607571305,277.932526487305,28.3412303373022
pursuit,追踪法,missile_pursuit,missile,6.12453193670102,4779.37646979806,0,3760.07389441003,33.4329111989366,56.5670888010634,0,1000,1485.7798283999,56.5668088485309,16.0908699498837,280.838660135685,28.6375734971356
pursuit,追踪法,missile_pursuit,missile,6.13453193670102,4784.87434586175,0,3768.42693531568,33.2711527635596,56.7288472364404,0,1000,1473.03089036805,56.7285623210768,16.2603208190076,283.796135722263,28.9391520776476
pursuit,追踪法,missile_pursuit,missile,6.14453193670102,4790.34849380446,0,3776.79554550335,33.1076846867438,56.8923153132562,0,1000,1460.2938163967,56.8920253122033,16.4327859520529,286.806220138794,29.2460952658445
pursuit,追踪法,missile_pursuit,missile,6.15453193670102,4795.79861715471,0,3785.17982163114,32.9424764494836,57.0575235505164,0,1000,1447.56875472158,57.0572283369888,16.6083402255336,289.87022022698,29.5585363224934
pursuit,追踪法,missile_pursuit,missile,6.16453193670102,4801.22441369472,0,3793.5798609842,32.7754967721434,57.2245032278566,0,1000,1434.85585645157,57.2242026710848,16.7870608924811,292.989484306572,29.8766127379454
pursuit,追踪法,missile_pursuit,missile,6.17453193670102,4806.62557531086,0,3801.99576146399,32.6067135900523,57.3932864099477,0,1000,1422.1552756435,57.3929803749354,16.9690276739213,296.165403771962,30.2004663949424
pursuit,追踪法,missile_pursuit,missile,6.18453193670102,4812.00178783926,0,3810.4276215765,32.4360940284721,57.563905971528,0,1000,1409.4671693793,57.5635943189312,17.1543228544777,299.399414760748,30.5302437387638
pursuit,追踪法,missile_pursuit,missile,6.19453193670102,4817.35273090643,0,3818.87554041908,32.2636043764151,57.7363956235849,0,1000,1396.79169784572,57.7360782095419,17.3430313823095,302.692999898004,30.8660959550921
pursuit,追踪法,missile_pursuit,missile,6.20453193670102,4822.67807776457,0,3827.33961766604,32.0892100594734,57.9107899405266,0,1000,1384.12902441665,57.9104666164695,17.5352409736121,306.047690120148,31.208179155996
pursuit,追踪法,missile_pursuit,missile,6.21453193670102,4827.97749512154,0,3835.81995355275,31.912875611596,58.087124388404,0,1000,1371.47931573817,58.086795000872,17.7310422219169,309.46506658258,31.5566545744551
pursuit,追踪法,missile_pursuit,missile,6.22453193670102,4833.25064296511,0,3844.31664885831,31.7345646457254,58.2654353542746,0,1000,1358.84274181638,58.2650997447032,17.9305287124403,312.946762655463,31.9116887678731
pursuit,追踪法,missile_pursuit,missile,6.23453193670102,4838.4971743814,0,3852.8298048865,31.5542398233839,58.4457601766161,0,1000,1346.21947610823,58.445418181224,18.1337971417513,316.494466012297,32.2734538310532
pursuit,追踪法,missile_pursuit,missile,6.24453193670102,4843.7167353672,0,3861.35952344509,31.3718628226959,58.6281371773041,0,1000,1333.60969561534,58.6277886267375,18.3409474430359,320.109920816212,32.6421276191372
pursuit,追踪法,missile_pursuit,missile,6.25453193670102,4848.90896463591,0,3869.90590682328,31.187394305572,58.8126056944281,0,1000,1321.01358098098,58.8122504136053,18.5520829172603,323.794930009186,33.0178939810421
pursuit,追踪法,missile_pursuit,missile,6.26453193670102,4854.07349341697,0,3878.46905776715,31.0007938833057,58.9992061166943,0,1000,1308.43131659045,58.9988439246077,18.7673103705464,327.551357709711,33.4009430039525
pursuit,追踪法,missile_pursuit,missile,6.27453193670102,4859.20994524836,0,3887.04907945308,30.8120200807192,59.1879799192808,0,1000,1295.86309067475,59.1876106287086,18.9867402580975,331.381131724758,33.7914712694711
pursuit,追踪法,missile_pursuit,missile,6.28453193670102,4864.317935762,0,3895.64607545889,30.621030298941,59.378969701059,0,1000,1283.30909541794,59.3785931182948,19.2104868350279,335.286246182261,34.189682122056
pursuit,追踪法,missile_pursuit,missile,6.29453193670102,4869.39707246168,0,3904.26014973262,30.427780776666,59.572219223334,0,1000,1270.7695270681,59.5718351479596,19.4386683144744,339.268764290675,34.5957859504188
pursuit,追踪法,missile_pursuit,missile,6.30453193670102,4874.44695449335,0,3912.89140655879,30.232226549687,59.767773450313,0,1000,1258.24458605226,59.7673816749053,19.6714070333895,343.330821232617,35.0100004825927
pursuit,追踪法,missile_pursuit,missile,6.31453193670102,4879.46717240724,0,3921.53995052194,30.0343214087162,59.9656785912838,0,1000,1245.73447709532,59.9652789010438,19.9088296264409,347.474627199986,35.4325510954287
pursuit,追踪法,missile_pursuit,missile,6.32453193670102,4884.45730791168,0,3930.20588646727,29.83401785571,60.16598214429,0,1000,1233.2394093431,60.1655743168787,20.1510672084676,351.702470578422,35.863671139321
pursuit,追踪法,missile_pursuit,missile,6.33453193670102,4889.41693361822,0,3938.88931945825,29.6312670578582,60.3687329421418,0,1000,1220.75959648983,60.368316747257,20.3982555659725,356.016721289479,36.3036022790127
pursuit,追踪法,missile_pursuit,missile,6.34453193670102,4894.34561277753,0,3947.59035473091,29.4260187998725,60.5739812001275,0,1000,1208.29525691018,60.5735563990826,20.6505353581581,360.419834299366,36.7525948513882
pursuit,追踪法,missile_pursuit,missile,6.35453193670102,4899.24289900595,0,3956.30909764466,29.2182214344303,60.7817785655697,0,1000,1195.84661379596,60.7813449110901,20.9080523280465,364.914353303678,37.2109082412116
pursuit,追踪法,missile_pursuit,missile,6.36453193670102,4904.10833600213,0,3965.04565362933,29.0078218300197,60.9921781699803,0,1000,1183.41389529787,60.9917354057829,21.1709575242579,369.502914598167,37.678811275835
pursuit,追踪法,missile_pursuit,missile,6.37453193670102,4908.94145725334,0,3973.80012812828,28.7947653166748,61.2052346833252,0,1000,1170.99733467227,61.204782543645,21.4394075340574,374.18825114618,38.1565826399617
pursuit,追踪法,missile_pursuit,missile,6.38453193670102,4913.74178573106,0,3982.5726265372,28.5789956294983,61.4210043705017,0,1000,1158.59717043341,61.4205425797415,21.7135647283203,378.973196854097,38.6445113116198
pursuit,追踪法,missile_pursuit,missile,6.39453193670102,4918.50883357543,0,3991.36325413843,28.3604548494676,61.6395451505324,0,1000,1146.21364651122,61.6390734228323,21.9935975191053,383.860691066844,39.1428970205772
pursuit,追踪法,missile_pursuit,missile,6.40453193670102,4923.24210176794,0,4000.17211603036,28.1390833415553,61.8609166584447,0,1000,1133.84701241497,61.8604346971267,22.2796806305724,388.853783296294,39.6520507305037
pursuit,追踪法,missile_pursuit,missile,6.41453193670102,4927.94107979198,0,4008.99931705173,27.9148196903588,62.0851803096412,0,1000,1121.49752340295,62.0846878068179,22.5719953840262,393.955638196219,40.1722951462751
pursuit,追踪法,missile_pursuit,missile,6.42453193670102,4932.60524528072,0,4017.84496170033,27.6876006325012,62.3123993674988,0,1000,1109.16544065858,62.3118960035411,22.8707299979196,399.169540798333,40.7039652479015
pursuit,追踪法,missile_pursuit,missile,6.43453193670102,4937.23406365161,0,4026.70915404583,27.4573609860271,62.5426390139729,0,1000,1096.85103147314,62.5421244569114,23.1760799037043,404.49890202493,41.2474088526592
pursuit,追踪法,missile_pursuit,missile,6.44453193670102,4941.82698772713,0,4035.59199763627,27.2240335767415,62.7759664232585,0,1000,1084.55456943538,62.7754403283018,23.4882480784741,409.947264494604,41.8029872071099
pursuit,追踪法,missile_pursuit,missile,6.45453193670102,4946.38345734103,0,4044.49359539784,26.9875491608957,63.0124508391043,0,1000,1072.27633462843,63.011912848037,23.8074453954102,415.518308638671,42.3710756108019
pursuit,追踪法,missile_pursuit,missile,6.46453193670102,4950.90289892948,0,4053.41404952742,26.7478363442339,63.2521636557661,0,1000,1060.0166138342,63.2516133961848,24.133890993102,421.215859147033,42.9520640735657
pursuit,追踪法,missile_pursuit,missile,6.47453193670102,4955.38472510636,0,4062.35346137743,26.5048214976313,63.4951785023687,0,1000,1047.77570074576,63.4946155871394,24.4678126648895,427.043891763489,43.5463580084421
pursuit,追踪法,missile_pursuit,missile,6.48453193670102,4959.82833422221,0,4071.31193133237,26.2584286683487,63.7415713316513,0,1000,1035.55389618784,63.7409953582039,24.8094472694516,433.006540451848,44.1543789624233
pursuit,追踪法,missile_pursuit,missile,6.49453193670102,4964.23310990577,0,4080.28955867663,26.0085794871312,63.9914205128688,0,1000,1023.35150834606,63.9908310623895,25.1590411639435,439.108104955601,44.776565387324
pursuit,追踪法,missile_pursuit,missile,6.50453193670102,4968.59842058765,0,4089.28644145277,25.7551930710736,64.2448069289264,0,1000,1011.16885300512,64.2442035656659,25.5168506610764,445.353058775475,45.4133734532664
pursuit,追踪法,missile_pursuit,missile,6.51453193670102,4972.92361900508,0,4098.30267630978,25.4981859214305,64.5018140785695,0,1000,999.006253796406,64.5011963489069,25.8831425116264,451.746057590796,46.0652779074195
pursuit,追踪法,missile_pursuit,missile,6.52453193670102,4977.20804168697,0,4107.33835834043,25.2374718168051,64.7625281831949,0,1000,986.864042455463,64.7618956147957,26.2581944139611,458.291948152405,46.7327729808247
pursuit,追踪法,missile_pursuit,missile,6.53453193670102,4981.45100841841,0,4116.3935809071,24.9729617010637,65.0270382989363,0,1000,974.742559089739,65.0263903999675,26.6422955522788,464.995777676706,47.4163733463218
pursuit,追踪法,missile_pursuit,missile,6.54453193670102,4985.65182168363,0,4125.46843545514,24.7045635652747,65.2954364347253,0,1000,962.642152457133,65.2947726926853,27.0357471653733,471.862803772487,48.1166151308028
pursuit,追踪法,missile_pursuit,missile,6.55453193670102,4989.8097660863,0,4134.56301131304,24.4321823243966,65.5678176756034,0,1000,950.563180255796,65.5671375563638,27.4388631478615,478.898504934319,48.8340569852415
pursuit,追踪法,missile_pursuit,missile,6.56453193670102,4993.92410774643,0,4143.67739547816,24.1557196875242,65.8442803124758,0,1000,938.506009425733,65.8435832592773,27.8519706859435,486.108591638658,49.5692812161806
pursuit,追踪法,missile_pursuit,missile,6.57453193670101,4997.99409367239,0,4152.81167238735,23.8750740213363,66.1249259786637,0,1000,926.471016462755,66.1242114108061,28.2754109299084,493.499018081294,50.3228949826183
pursuit,追踪法,missile_pursuit,missile,6.58453193670101,5002.01895110721,0,4161.96592367106,23.5901402071429,66.4098597928571,0,1000,914.458587745345,66.4091271046019,28.7095397057537,501.075994597447,51.0955315625057
pursuit,追踪法,missile_pursuit,missile,6.59453193670101,5005.99788684779,0,4171.14022788992,23.300809490163,66.699190509837,0,1000,902.469119875055,66.6984390690756,29.1547282684493,508.846000808706,51.8878516933617
pursuit,追踪法,missile_pursuit,missile,6.60453193670101,5009.93008653575,0,4180.33466025238,23.0069693212591,66.9930306787409,0,1000,890.503020031075,66.9922598256367,29.6113640995535,516.815799544055,52.7005449918224
pursuit,追踪法,missile_pursuit,missile,6.61453193670101,5013.81471391865,0,4189.5492923121,22.7085031903584,67.2914968096416,0,1000,878.560706339627,67.2907058551431,30.0798517520795,524.992451585573,53.5343314572839
pursuit,追踪法,missile_pursuit,missile,6.62453193670101,5017.65091008011,0,4198.78419164358,22.4052904512948,67.5947095487052,0,1000,866.642608258894,67.5938977730483,30.5606137457109,533.383331292892,54.3899630651539
pursuit,追踪法,missile_pursuit,missile,6.63453193670101,5021.43779263745,0,4208.03942149439,22.0972061373172,67.9027938626828,0,1000,854.749166980227,67.9019605137664,31.0540915156841,541.996143164324,55.2682254556168
pursuit,追踪法,missile_pursuit,missile,6.64453193670101,5025.17445490513,0,4217.31504041216,21.7841207668375,68.2158792331625,0,1000,842.880835846386,68.2150235248088,31.560746418886,550.83893939657,56.1699397242249
pursuit,追踪法,missile_pursuit,missile,6.65453193670101,5028.85996502261,0,4226.61110184466,21.4659001387968,68.5340998612032,0,1000,831.038080787649,68.5332209712841,32.0810608009659,559.920138509344,57.0959643210825
pursuit,追踪法,missile_pursuit,missile,6.66453193670101,5032.49336504468,0,4235.92765371071,21.1424051171594,68.8575948828406,0,1000,819.221380776613,68.8566919513901,32.615539128526,569.248545105821,58.0471970658503
pursuit,追踪法,missile_pursuit,missile,6.67453193670101,5036.07366999272,0,4245.26473793977,20.8134914035887,69.1865085964113,0,1000,807.431228302594,69.1855807235722,33.1647091907405,578.833370844845,59.0245772863154
pursuit,追踪法,missile_pursuit,missile,6.68453193670101,5039.59986686477,0,4254.62238997787,20.479009297713,69.520990702287,0,1000,795.668129866568,69.5200369460635,33.7291233750543,588.68425670608,60.0290880888051
pursuit,追踪法,missile_pursuit,missile,6.69453193670101,5043.0709136027,0,4264.00063825724,20.1388034444204,69.8611965555796,0,1000,783.932606497602,69.8602159295736,34.3093600219433,598.811296635024,61.061758769307
pursuit,追踪法,missile_pursuit,missile,6.70453193670101,5046.48573801423,0,4273.3995036268,19.7927125669384,70.2072874330616,0,1000,772.225194291838,70.2062789039418,34.9060248640562,609.225062660786,62.1236673747698
pursuit,追踪法,missile_pursuit,missile,6.71453193670101,5049.84323664778,0,4282.81899874053,19.4405691852537,70.5594308147463,0,1000,760.546444975064,70.5583932996272,35.5197525554343,619.936631585999,63.2159434247168
pursuit,追踪法,missile_pursuit,missile,6.72453193670101,5053.14227361787,0,4292.2591274004,19.0821993187451,70.9178006812549,0,1000,748.896926490019,70.916733044967,36.1512082968937,630.957613355087,64.3397708040041
pursuit,追踪法,missile_pursuit,missile,6.73453193670101,5056.38167937875,0,4301.71988385023,18.7174221718554,71.2825778281446,0,1000,737.277223609582,71.2814788801964,36.8010895640701,642.300181214349,65.4963908382933
pursuit,追踪法,missile_pursuit,missile,6.74453193670101,5059.56024944374,0,4311.20125201667,18.3460498021176,71.6539501978824,0,1000,725.687938577087,71.6528186892898,37.470127945072,653.977103785044,66.6871055645959
pursuit,追踪法,missile_pursuit,missile,6.75453193670101,5062.6767430479,0,4320.70320469306,17.9678867692759,72.0321132307241,0,1000,714.129691775006,72.030947850759,38.1590910951507,666.001779178828,67.9132812100797
pursuit,追踪法,missile_pursuit,missile,6.76453193670101,5065.72988175123,0,4330.22570266153,17.5827297638922,72.4172702361078,0,1000,702.603122423342,72.4160696086149,38.8687848162907,678.388271293452,69.1763518932002
pursuit,追踪法,missile_pursuit,missile,6.77453193670101,5068.71834797969,0,4339.76869374848,17.1903672148017,72.8096327851983,0,1000,691.108889309113,72.8083954647843,39.6000552701397,691.151348435671,70.4778235621411
pursuit,追踪法,missile_pursuit,missile,6.78453193670101,5071.64078350127,0,4349.33211180788,16.7905788737499,73.2094211262501,0,1000,679.64767154832,73.2081455943606,40.3537913332432,704.306524427846,71.8192781865209
pursuit,追踪法,missile_pursuit,missile,6.79453193670101,5074.4957878341,0,4358.9158756267,16.383135375318,73.6168646246821,0,1000,668.220169381908,73.6155492851574,41.1309271041098,717.870102364493,73.2023782193198
pursuit,追踪法,missile_pursuit,missile,6.80453193670101,5077.28191658348,0,4368.51988774587,15.9677977713591,74.0322022286409,0,1000,656.827105007219,74.0308454031337,41.9324445722285,731.859221195413,74.6288713470363
pursuit,追踪法,missile_pursuit,missile,6.81453193670101,5079.99767970489,0,4378.14403318992,15.5443170378328,74.4556829621672,0,1000,645.469223446513,74.4542828853641,42.7593764597566,746.291905322509,76.1005955471551
pursuit,追踪法,missile_pursuit,missile,6.82453193670101,5082.64153968959,0,4387.78817809771,15.1124335519881,74.8875664480119,0,1000,634.147293454164,74.8861212623351,43.6128092472237,761.187117408284,77.6194844731161
pursuit,追踪法,missile_pursuit,missile,6.83453193670101,5085.21190966958,0,4397.45216824593,14.6718765386191,75.328123461381,0,1000,622.862108464168,75.3266312114692,44.4938863952263,776.56481460501,79.1875731880928
pursuit,追踪法,missile_pursuit,missile,6.84453193670101,5087.70715143863,0,4407.13582745642,14.2223634829039,75.7776365170961,0,1000,611.614487579644,75.7760951438979,45.4038117747141,792.446008424531,80.8070042700138
pursuit,追踪法,missile_pursuit,missile,6.85453193670101,5090.1255733859,0,4416.83895587743,13.7635995079259,76.2364004920741,0,1000,600.405276606005,76.2348078266347,46.3438533190961,808.85282847953,82.4800343113632
pursuit,追踪法,missile_pursuit,missile,6.86453193670101,5092.46542833887,0,4426.56132812814,13.2952767142736,76.7047232857264,0,1000,589.23534912952,76.7030770424369,47.315346911993,825.80859033761,84.2090408383709
pursuit,追踪法,missile_pursuit,missile,6.87453193670101,5094.72491131203,0,4436.30269129485,12.8170734796542,77.1829265203458,0,1000,578.105607642941,77.1812242897815,48.3197005250279,843.337867739369,85.9965296752071
pursuit,追踪法,missile_pursuit,missile,6.88453193670101,5096.90215715815,0,4446.06276276581,12.328653715917,77.671346284083,0,1000,567.01698471988,77.6695855255322,49.3583986205552,861.466569440516,87.8451427796971
pursuit,追踪法,missile_pursuit,missile,6.89453193670101,5098.99523811877,0,4455.84122789114,11.8296660804175,78.1703339195825,0,1000,555.970444239565,78.1685119530214,50.4330068346526,880.222020945491,89.7576665778315
pursuit,追踪法,missile_pursuit,missile,6.90453193670101,5101.00216127081,0,4465.6377374523,11.3197431389722,78.6802568610278,0,1000,544.966982663547,78.6783708584288,51.5451769560107,899.633051405496,91.737040824899
pursuit,追踪法,missile_pursuit,missile,6.91453193670101,5102.92086586628,0,4475.45190492477,10.798500477879,79.201499522121,0,1000,534.007630365805,79.1995464984942,52.6966522165193,919.730085956629,93.7863680213559
pursuit,追踪法,missile_pursuit,missile,6.92453193670101,5104.74922056268,0,4485.28330351555,10.265535760955,79.734464239045,0,1000,523.093453017606,79.7324410427599,53.8892729092989,940.54524377305,95.9089234114657
pursuit,追踪法,missile_pursuit,missile,6.93453193670101,5106.48502054137,0,4495.13146295593,9.72042772877704,80.279572271223,0,1000,512.225553028257,80.2774755736967,55.1249823496356,962.112442104902,98.1081655922157
pursuit,追踪法,missile_pursuit,missile,6.94453193670101,5108.1259845125,0,4504.99586602762,9.16273513680387,80.8372648631961,0,1000,501.405071042688,80.8350911482133,56.4058331936272,984.467506559503,100.387747758868
pursuit,追踪法,missile_pursuit,missile,6.95453193670101,5109.66975160489,0,4514.87594479876,8.59199562791996,81.40800437208,0,1000,490.633187496489,81.4057499242009,57.7339941283081,1007.64828786605,102.751529611646
pursuit,追踪法,missile_pursuit,missile,6.96453193670101,5111.1138781405,0,4524.77107654388,8.0077245366134,81.9922754633866,0,1000,479.911124228678,81.9899363558874,59.1117569454195,1031.6947853362,105.20358994521
pursuit,追踪法,missile_pursuit,missile,6.97453193670101,5112.45583429382,0,4534.68057931949,7.40941362020214,82.5905863797979,0,1000,469.240146152014,82.5881584618889,60.5415440087451,1056.64927719365,107.748239938577
pursuit,追踪法,missile_pursuit,missile,6.98453193670101,5113.69300063764,0,4544.60370716462,6.79652971340337,83.2034702865966,0,1000,458.621562980098,83.2009491699348,62.0259161218596,1082.55645789228,110.390037157672
pursuit,追踪法,missile_pursuit,missile,6.99453193670101,5114.82266457809,0,4554.53964489245,6.16851330238735,83.8314866976127,0,1000,448.056731009865,83.8288677422829,63.5675807990315,1109.46358247063,113.133800275387
pursuit,追踪法,missile_pursuit,missile,7.00453193670101,5115.84201668345,0,4564.48750243627,5.5247770137861,84.4752229862139,0,1000,437.54705495718,84.4725012858532,65.1694009366852,1137.42061789743,115.984624504539
pursuit,追踪法,missile_pursuit,missile,7.01453193670101,5116.74814691313,0,4574.44630870972,4.86470401534371,85.1352959846563,0,1000,427.093989842329,85.1324663510426,66.8344038759226,1166.48040124251,118.947897726799
pursuit,追踪法,missile_pursuit,missile,7.02453193670101,5117.53804075591,0,4584.41500493753,4.18764632411247,85.8123536758875,0,1000,416.699042920925,85.8094106230475,68.565790837832,1196.69880435393,122.0293172851
pursuit,追踪法,missile_pursuit,missile,7.03453193670101,5118.20857528901,0,4594.39243740899,3.49292301827078,86.5070769817292,0,1000,406.363775654361,86.5040147092872,70.3669467022355,1228.13490452938,125.23490738727
pursuit,追踪法,missile_pursuit,missile,7.044531936701,5118.75651517328,0,4604.37734960249,2.77981835000136,87.2201816499987,0,1000,396.089805712212,87.2169940261576,72.2414500866575,1260.85116042732,128.571037043977
pursuit,追踪法,missile_pursuit,missile,7.054531936701,5119.17850860379,0,4614.36837362462,2.04757975637714,87.9524202436229,0,1000,385.878808996941,87.9491007878334,74.1930836650366,1294.91359216251,132.04443843336
pursuit,追踪法,missile_pursuit,missile,7.064531936701,5119.47108323992,0,4624.36402090281,1.29541576636213,88.7045842336379,0,1000,375.732521678855,88.7011260991232,76.2258446443504,1330.3919641576,135.662225546706
pursuit,追踪法,missile_pursuit,missile,7.074531936701,5119.63064214483,0,4634.36267206525,0.52249380281368,89.4775061971863,0,1000,365.652742226375,89.4739021534447,78.3439552910389,1367.35996886386,139.431912922748
pursuit,追踪法,missile_pursuit,missile,7.084531936701,5119.65345977088,0,4644.36256593656,359.727937879867,89.7279378798669,0,1000,355.641333413319,90.2683045357416,80.5518733668753,1405.8954089015,143.36143422081
pursuit,追踪法,missile_pursuit,missile,7.094531936701,5119.53567803569,0,4654.36178757227,358.910826197456,88.9108261974564,0,1000,345.700224280881,91.0852546285774,82.8543022946144,1446.08037448371,147.459160313024
pursuit,追踪法,missile_pursuit,missile,7.104531936701,5119.27330254274,0,4664.3582552493,358.070188636922,88.0701886369219,0,1000,335.831412027315,91.9257221176091,85.2562008259105,1488.00141215365,151.733916490713
pursuit,追踪法,missile_pursuit,missile,7.114531936701,5118.86219901162,0,4674.34970632394,357.205004164103,87.2050041641032,0,1000,326.036963792831,92.7907275900885,87.7627919260694,1531.74967985261,156.194998276945
pursuit,追踪法,missile_pursuit,missile,7.124531936701,5118.2980899957,0,4684.33368186333,356.314198149533,86.3141981495325,0,1000,316.319018300739,93.6813452168479,90.3795705203051,1577.42108211773,160.852185212864
pursuit,追踪法,missile_pursuit,missile,7.134531936701,5117.57655198024,0,4694.30750995069,355.396639619674,85.3966396196736,0,1000,306.679787308405,94.5987055042645,93.1123096621506,1625.11637774106,165.715751835852
pursuit,追踪法,missile_pursuit,missile,7.144531936701,5116.69301297137,0,4704.26828755983,354.451138457321,84.4511384573207,0,1000,297.121556812764,95.5439980978161,95.9670645840971,1674.94125046654,170.796474888625
pursuit,追踪法,missile_pursuit,missile,7.154531936701,5115.64275070667,0,4714.21286089008,353.476442576058,83.4764425760583,0,1000,287.646687945026,96.5184746128628,98.9501739706825,1727.0063312096,176.105635584996
pursuit,追踪法,missile_pursuit,missile,7.164531936701,5114.42089164178,0,4724.1378040497,352.471235100718,82.4712351007177,0,1000,278.257617477368,97.5234514609923,102.068257652065,1781.42715780243,181.655015505033
pursuit,追踪法,missile_pursuit,missile,7.174531936701,5113.02241089449,0,4734.03939597444,351.434131594528,81.434131594528,0,1000,268.956857850886,98.5603126314443,105.328209748406,1838.32405534087,187.456884393842
pursuit,追踪法,missile_pursuit,missile,7.184531936701,5111.44213335911,0,4743.91359546846,350.363677384232,80.3636773842316,0,1000,259.746996618433,99.6305123764608,108.737186098683,1897.82191677582,193.523977788115
pursuit,追踪法,missile_pursuit,missile,7.194531936701,5109.67473623939,0,4753.7560142589,349.258345048078,79.2583450480778,0,1000,250.630695178117,100.735577736638,112.302584578552,1960.04985939513,199.869461987033
pursuit,追踪法,missile_pursuit,missile,7.204531936701,5107.71475328931,0,4763.561887963,348.116532145849,78.1165321458486,0,1000,241.610686652951,101.877110827105,116.032016647409,2025.14072822616,206.506883413414
pursuit,追踪法,missile_pursuit,missile,7.214531936701,5105.55658109642,0,4773.32604487955,346.936559288609,76.9365592886091,0,1000,232.689772749152,103.056790787281,119.933268162398,2093.23041211114,213.45009887282
pursuit,追踪法,missile_pursuit,missile,7.224531936701,5103.19448779444,0,4783.04287253658,345.716668668148,75.7166686681478,0,1000,223.870819399841,104.27637527566,124.014247155485,2164.45693224522,220.713182610292
pursuit,追踪法,missile_pursuit,missile,7.234531936701,5100.62262464897,0,4792.70628195481,344.455023189164,74.4550231891645,0,1000,215.156750972219,105.537701366165,128.282915889522,2238.95925633111,228.310305387784
pursuit,追踪法,missile_pursuit,missile,7.244531936701,5097.83504102303,0,4802.30966962578,343.149706377763,73.1497063777628,0,1000,206.55054278476,106.842685673726,132.747204094136,2316.87578425957,236.255580066543
pursuit,追踪法,missile_pursuit,missile,7.254531936701,5094.82570329798,0,4811.84587725497,341.798723273017,71.7987232730167,0,1000,198.055211646757,108.193323503552,137.414899840397,2398.34244351316,244.562867392347
pursuit,追踪法,missile_pursuit,missile,7.264531936701,5091.58851839813,0,4821.30714938912,340.400002544565,70.4000025445646,0,1000,189.673804096046,109.591686780882,142.293514059099,2483.49032456411,253.245534873184
pursuit,追踪法,missile_pursuit,missile,7.274531936701,5088.11736264333,0,4830.685089134,338.951400122959,68.9514001229589,0,1000,181.409381972671,111.039920475826,147.390114264258,2572.44277880196,262.316160850236
pursuit,追踪法,missile_pursuit,missile,7.284531936701,5084.40611673115,0,4839.97061228067,337.45070467542,67.4507046754201,0,1000,173.265004927809,112.540237191453,152.711122646075,2665.31189459088,271.786175155724
pursuit,追踪法,missile_pursuit,missile,7.294531936701,5080.44870772427,0,4849.15390029649,335.895645308472,65.8956453084718,0,1000,165.243709430076,114.094909533352,158.26207339643,2762.19426180063,281.66542721527
pursuit,追踪法,missile_pursuit,missile,7.304531936701,5076.23915898576,0,4858.22435280816,334.283901931898,64.2839019318982,0,1000,157.348483797888,115.706259826628,164.047323994557,2863.16593279092,291.961672211297
pursuit,追踪法,missile_pursuit,missile,7.314531936701,5071.77164905788,0,4867.17054041054,332.613118770124,62.6131187701241,0,1000,149.582238760034,117.37664669397,170.069715304132,2968.2764899865,302.679966144045
pursuit,追踪法,missile_pursuit,missile,7.324531936701,5067.04058051033,0,4875.98015888194,330.880921555086,60.8809215550857,0,1000,141.947773031577,119.108447959052,176.330175836625,3077.54213896965,313.821961523013
pursuit,追踪法,missile_pursuit,missile,7.334531936701,5062.04065977986,0,4884.6399861755,329.084938975815,59.0849389758145,0,1000,134.447733394022,120.904039297749,182.827266570686,3190.93776407983,325.385097263574
pursuit,追踪法,missile_pursuit,missile,7.344531936701,5056.76698897138,0,4893.13584388928,327.222828987129,57.2228289871285,0,1000,127.084568794751,122.765768031623,189.556664465733,3308.38791402519,337.361679475171
pursuit,追踪法,missile_pursuit,missile,7.354531936701,5051.21517047351,0,4901.45256529105,325.292310583412,55.2923105834119,0,1000,119.860478039249,124.695921451982,196.510585478098,3429.75673161457,349.737854579756
pursuit,追踪法,missile_pursuit,missile,7.364531936701,5045.38142503895,0,4909.57397238203,323.291201615316,53.2912016153161,0,1000,112.777350750891,126.69668908895,203.677151703217,3554.83690830511,362.492482989105
pursuit,追踪法,missile_pursuit,missile,7.374531936701,5039.26272367008,0,4917.48286491273,321.217463154797,51.2174631547966,0,1000,105.836701428118,128.77011841087,211.039712442449,3683.33783458279,375.595930779908
pursuit,追踪法,missile_pursuit,missile,7.384531936701,5032.85693320896,0,4925.1610246944,319.069250780312,49.0692507803117,0,1000,99.039596649403,130.918063569553,218.576135698313,3814.87323422148,389.008808739119
pursuit,追踪法,missile_pursuit,missile,7.394531936701,5026.16297493571,0,4932.5892389476,316.844972945757,46.8449729457571,0,1000,92.3865757740096,133.142127012138,226.258094907471,3948.94871542519,402.680702933742
pursuit,追踪法,missile_pursuit,missile,7.404531936701,5019.18099471169,0,4939.7473467547,314.543356299962,44.5433562999624,0,1000,85.8775658703124,135.443594076273,234.050385522378,4084.94984292756,416.548958403487
pursuit,追踪法,missile_pursuit,missile,7.414531936701,5011.91254225377,0,4946.61431287777,312.163517420815,42.1635174208151,0,1000,79.5117920785477,137.823361085429,241.910316979228,4222.13152583068,430.537597021478
pursuit,追踪法,missile_pursuit,missile,7.424531936701,5004.36075599727,0,4953.16833319955,309.705039916953,39.7050399169527,0,1000,73.2876851791417,140.281857973154,249.787236904056,4359.60971343486,444.556470704559
pursuit,追踪法,missile_pursuit,missile,7.434531936701,4996.53054872367,0,4959.38697576463,307.168055230273,37.1680552302735,0,1000,67.2027887785519,142.818967087565,257.622254915205,4496.35657468248,458.500769853362
pursuit,追踪法,missile_pursuit,missile,7.444531936701,4988.42878774802,0,4965.24736075767,304.553324762364,34.5533247623639,0,1000,61.253669214994,145.433940543888,265.348241375857,4631.20047638536,472.251021132125
pursuit,追踪法,missile_pursuit,missile,7.454531936701,4980.06446206946,0,4970.72638167852,301.862320183594,31.8623201835937,0,1000,55.4358319822171,148.125319268126,272.890179757259,4762.83213312335,485.673714583814
pursuit,追踪法,missile_pursuit,missile,7.464531936701,4971.44882761242,0,4975.80096840255,299.097298023899,29.0972980238995,0,1000,49.7436491071101,150.89085764985,280.165947405627,4889.81823419746,498.622693192625
pursuit,追踪法,missile_pursuit,missile,7.474531936701,4962.59552069001,0,4980.44839072797,296.261363978197,26.2613639781975,0,1000,44.1703024143969,153.727458413195,287.087586011121,5010.62361749647,510.941413989127
pursuit,追踪法,missile_pursuit,missile,7.484531936701,4953.52062929661,0,4984.64659844711,293.358521894388,23.358521894388,0,1000,38.7077478727222,156.631122818383,293.563098091012,5123.64262404324,522.466145324167
pursuit,追踪法,missile_pursuit,missile,7.494531936701,4944.24271198223,0,4988.37459104823,290.393702290737,20.3937022907374,0,1000,33.3467061397315,159.596921511547,299.498768825298,5227.23962167081,533.030099133834
pursuit,追踪法,missile_pursuit,missile,7.504531936701,4934.78275505507,0,4991.61280706445,287.37276569785,17.3727656978502,0,1000,28.0766839149615,162.618991175079,304.801965755305,5319.79786898107,542.468413676543
pursuit,追踪法,missile_pursuit,missile,7.51453193670099,4925.16406080881,0,4994.34352016165,284.302477883054,14.3024778830543,0,1000,22.886029689775,165.690561738437,309.384321039484,5399.77505618616,550.623817122683
pursuit,追踪法,missile_pursuit,missile,7.52453193670099,4915.41206233117,0,4996.55122689389,281.190462564489,11.1904625644886,0,1000,17.762025850988,168.804019880312,313.165199771872,5465.76383868495,557.352800261553
pursuit,追踪法,missile_pursuit,missile,7.53453193670099,4905.55406360809,0,4998.22301202706,278.04522858526,8.0452285852596,0,1000,12.691016284527,171.951033494416,316.075967698686,5516.56632276932,562.533211929591
pursuit,追踪法,missile_pursuit,missile,7.54453193670099,4895.61890120417,0,4999.34890914015,274.879286866043,4.87928686604255,0,1000,7.6585580822028,175.123123500095,318.086914019636,5551.66395715076,566.112174611183
pursuit,追踪法,missile_pursuit,missile,7.55453193670099,4885.63637327593,0,4999.92330724636,272.944813171479,2.94481317147919,0,1000,2.64941402963237,178.341223774469,333.454400104824,5819.87718709171,593.462312521779
pursuit,追踪法,missile_pursuit,missile,7.55671515410621,4883.45377528475,0,4999.97470743086,270.986238549823,0.986238549822858,0,1000,1.55751987006125,179.069532792637,333.583247147826,5822.12599222355,593.691626827056
pursuit,追踪法,missile_pursuit,missile,7.55889837151143,4881.27069668161,0,4999.99846154005,270.496698979359,0.496698979359107,0,1000,0.465847133329382,179.810780369975,381.344736685341,6655.72124031,678.694685780568
pursuit,追踪法,missile_pursuit,missile,7.55965205891957,4880.51701144416,0,5000.00016697006,270.119313711243,0.119313711242951,0,1000,0.0890032161700286,180.107486965109,1447.09244033723,25256.5276646042,2575.44907431225
pursuit,追踪法,missile_pursuit,missile,7.55972966357052,4880.43940680939,0,5000.0001926348,269.963042798761,-0.03695720123946,0,1000,0.0502011198654968,180.219859397805,1447.41199301971,25262.104911047,2576.0177951744
pursuit,追踪法,missile_pursuit,missile,7.55980726822148,4880.36180226599,0,5000.00006685627,270.093562790502,0.0935627905023311,0,1000,0.0113987284098597,180.336055375017,2850.12391700909,49744.0464416463,5072.48106556737
pursuit,追踪法,missile_pursuit,missile,7.55985526448042,4880.3138101921,0,5000.00039773159,270.395012290578,0.395012290577858,0,1000,0.0126016901934809,358.191343676607,-118895.965451957,-2075126.06447408,-211603.969191731
pursuit,追踪法,target_pursuit,target,0,8660.25403784439,0,5000,270,0,0,500,0,NaN,NaN,0,0
pursuit,追踪法,target_pursuit,target,2.32038129184932e-07,8660.25392182532,0,5000,270,0,0,500,0,NaN,NaN,0,0
pursuit,追踪法,target_pursuit,target,1.39222877510959e-06,8660.25334173,0,5000,270,0,0,500,0,NaN,NaN,0,0
pursuit,追踪法,target_pursuit,target,7.19318200473289e-06,8660.25044125338,0,5000,270,0,0,500,0,NaN,NaN,0,0
pursuit,追踪法,target_pursuit,target,3.61979481528494e-05,8660.23593887031,0,5000,270,0,0,500,0,NaN,NaN,0,0
pursuit,追踪法,target_pursuit,target,0.000181221778893432,8660.16342695494,0,5000,270,0,0,500,0,NaN,NaN,0,0
pursuit,追踪法,target_pursuit,target,0.000906340932596344,8659.80086737809,0,5000,270,0,0,500,0,NaN,NaN,0,0
pursuit,追踪法,target_pursuit,target,0.0045319367011109,8657.98806949383,0,5000,270,0,0,500,0,NaN,NaN,0,0
pursuit,追踪法,target_pursuit,target,0.0145319367011109,8652.98806949383,0,5000,270,0,0,500,0,NaN,NaN,0,0
pursuit,追踪法,target_pursuit,target,0.0245319367011109,8647.98806949383,0,5000,270,0,0,500,0,NaN,NaN,0,0
pursuit,追踪法,target_pursuit,target,0.0345319367011109,8642.98806949383,0,5000,270,0,0,500,0,NaN,NaN,0,0
pursuit,追踪法,target_pursuit,target,0.0445319367011109,8637.98806949383,0,5000,270,0,0,500,0,NaN,NaN,0,0
pursuit,追踪法,target_pursuit,target,0.0545319367011109,8632.98806949383,0,5000,270,0,0,500,0,NaN,NaN,0,0
pursuit,追踪法,target_pursuit,target,0.0645319367011109,8627.98806949383,0,5000,270,0,0,500,0,NaN,NaN,0,0
pursuit,追踪法,target_pursuit,target,0.0745319367011109,8622.98806949383,0,5000,270,0,0,500,0,NaN,NaN,0,0
pursuit,追踪法,target_pursuit,target,0.0845319367011109,8617.98806949383,0,5000,270,0,0,500,0,NaN,NaN,0,0
pursuit,追踪法,target_pursuit,target,0.0945319367011109,8612.98806949383,0,5000,270,0,0,500,0,NaN,NaN,0,0
pursuit,追踪法,target_pursuit,target,0.104531936701111,8607.98806949383,0,5000,270,0,0,500,0,NaN,NaN,0,0
pursuit,追踪法,target_pursuit,target,0.114531936701111,8602.98806949383,0,5000,270,0,0,500,0,NaN,NaN,0,0
pursuit,追踪法,target_pursuit,target,0.124531936701111,8597.98806949383,0,5000,270,0,0,500,0,NaN,NaN,0,0
pursuit,追踪法,target_pursuit,target,0.134531936701111,8592.98806949383,0,5000,270,0,0,500,0,NaN,NaN,0,0
pursuit,追踪法,target_pursuit,target,0.144531936701111,8587.98806949383,0,5000,270,0,0,500,0,NaN,NaN,0,0
pursuit,追踪法,target_pursuit,target,0.154531936701111,8582.98806949383,0,5000,270,0,0,500,0,NaN,NaN,0,0
pursuit,追踪法,target_pursuit,target,0.164531936701111,8577.98806949383,0,5000,270,0,0,500,0,NaN,NaN,0,0
pursuit,追踪法,target_pursuit,target,0.174531936701111,8572.98806949383,0,5000,270,0,0,500,0,NaN,NaN,0,0
pursuit,追踪法,target_pursuit,target,0.184531936701111,8567.98806949383,0,5000,270,0,0,500,0,NaN,NaN,0,0
pursuit,追踪法,target_pursuit,target,0.194531936701111,8562.98806949383,0,5000,270,0,0,500,0,NaN,NaN,0,0
pursuit,追踪法,target_pursuit,target,0.204531936701111,8557.98806949383,0,5000,270,0,0,500,0,NaN,NaN,0,0
pursuit,追踪法,target_pursuit,target,0.214531936701111,8552.98806949383,0,5000,270,0,0,500,0,NaN,NaN,0,0
pursuit,追踪法,target_pursuit,target,0.224531936701111,8547.98806949383,0,5000,270,0,0,500,0,NaN,NaN,0,0
pursuit,追踪法,target_pursuit,target,0.234531936701111,8542.98806949383,0,5000,270,0,0,500,0,NaN,NaN,0,0
pursuit,追踪法,target_pursuit,target,0.244531936701111,8537.98806949383,0,5000,270,0,0,500,0,NaN,NaN,0,0
pursuit,追踪法,target_pursuit,target,0.254531936701111,8532.98806949383,0,5000,270,0,0,500,0,NaN,NaN,0,0
pursuit,追踪法,target_pursuit,target,0.264531936701111,8527.98806949383,0,5000,270,0,0,500,0,NaN,NaN,0,0
pursuit,追踪法,target_pursuit,target,0.274531936701111,8522.98806949383,0,5000,270,0,0,500,0,NaN,NaN,0,0
pursuit,追踪法,target_pursuit,target,0.284531936701111,8517.98806949383,0,5000,270,0,0,500,0,NaN,NaN,0,0
pursuit,追踪法,target_pursuit,target,0.294531936701111,8512.98806949383,0,5000,270,0,0,500,0,NaN,NaN,0,0
pursuit,追踪法,target_pursuit,target,0.304531936701111,8507.98806949383,0,5000,270,0,0,500,0,NaN,NaN,0,0
pursuit,追踪法,target_pursuit,target,0.314531936701111,8502.98806949383,0,5000,270,0,0,500,0,NaN,NaN,0,0
pursuit,追踪法,target_pursuit,target,0.324531936701111,8497.98806949383,0,5000,270,0,0,500,0,NaN,NaN,0,0
pursuit,追踪法,target_pursuit,target,0.334531936701111,8492.98806949383,0,5000,270,0,0,500,0,NaN,NaN,0,0
pursuit,追踪法,target_pursuit,target,0.344531936701111,8487.98806949383,0,5000,270,0,0,500,0,NaN,NaN,0,0
pursuit,追踪法,target_pursuit,target,0.354531936701111,8482.98806949383,0,5000,270,0,0,500,0,NaN,NaN,0,0
pursuit,追踪法,target_pursuit,target,0.364531936701111,8477.98806949383,0,5000,270,0,0,500,0,NaN,NaN,0,0
pursuit,追踪法,target_pursuit,target,0.374531936701111,8472.98806949383,0,5000,270,0,0,500,0,NaN,NaN,0,0
pursuit,追踪法,target_pursuit,target,0.384531936701111,8467.98806949383,0,5000,270,0,0,500,0,NaN,NaN,0,0
pursuit,追踪法,target_pursuit,target,0.394531936701111,8462.98806949383,0,5000,270,0,0,500,0,NaN,NaN,0,0
pursuit,追踪法,target_pursuit,target,0.404531936701111,8457.98806949383,0,5000,270,0,0,500,0,NaN,NaN,0,0
pursuit,追踪法,target_pursuit,target,0.414531936701111,8452.98806949383,0,5000,270,0,0,500,0,NaN,NaN,0,0
pursuit,追踪法,target_pursuit,target,0.424531936701111,8447.98806949383,0,5000,270,0,0,500,0,NaN,NaN,0,0
pursuit,追踪法,target_pursuit,target,0.434531936701111,8442.98806949383,0,5000,270,0,0,500,0,NaN,NaN,0,0
pursuit,追踪法,target_pursuit,target,0.444531936701111,8437.98806949383,0,5000,270,0,0,500,0,NaN,NaN,0,0
pursuit,追踪法,target_pursuit,target,0.454531936701111,8432.98806949383,0,5000,270,0,0,500,0,NaN,NaN,0,0
pursuit,追踪法,target_pursuit,target,0.464531936701111,8427.98806949383,0,5000,270,0,0,500,0,NaN,NaN,0,0
pursuit,追踪法,target_pursuit,target,0.474531936701111,8422.98806949383,0,5000,270,0,0,500,0,NaN,NaN,0,0
pursuit,追踪法,target_pursuit,target,0.484531936701111,8417.98806949383,0,5000,270,0,0,500,0,NaN,NaN,0,0
pursuit,追踪法,target_pursuit,target,0.494531936701111,8412.98806949383,0,5000,270,0,0,500,0,NaN,NaN,0,0
pursuit,追踪法,target_pursuit,target,0.504531936701111,8407.98806949383,0,5000,270,0,0,500,0,NaN,NaN,0,0
pursuit,追踪法,target_pursuit,target,0.514531936701111,8402.98806949383,0,5000,270,0,0,500,0,NaN,NaN,0,0
pursuit,追踪法,target_pursuit,target,0.524531936701111,8397.98806949383,0,5000,270,0,0,500,0,NaN,NaN,0,0
pursuit,追踪法,target_pursuit,target,0.534531936701111,8392.98806949383,0,5000,270,0,0,500,0,NaN,NaN,0,0
pursuit,追踪法,target_pursuit,target,0.544531936701111,8387.98806949383,0,5000,270,0,0,500,0,NaN,NaN,0,0
pursuit,追踪法,target_pursuit,target,0.554531936701111,8382.98806949383,0,5000,270,0,0,500,0,NaN,NaN,0,0
pursuit,追踪法,target_pursuit,target,0.564531936701111,8377.98806949383,0,5000,270,0,0,500,0,NaN,NaN,0,0
pursuit,追踪法,target_pursuit,target,0.574531936701111,8372.98806949383,0,5000,270,0,0,500,0,NaN,NaN,0,0
pursuit,追踪法,target_pursuit,target,0.584531936701111,8367.98806949383,0,5000,270,0,0,500,0,NaN,NaN,0,0
pursuit,追踪法,target_pursuit,target,0.594531936701111,8362.98806949383,0,5000,270,0,0,500,0,NaN,NaN,0,0
pursuit,追踪法,target_pursuit,target,0.604531936701111,8357.98806949383,0,5000,270,0,0,500,0,NaN,NaN,0,0
pursuit,追踪法,target_pursuit,target,0.614531936701111,8352.98806949383,0,5000,270,0,0,500,0,NaN,NaN,0,0
pursuit,追踪法,target_pursuit,target,0.624531936701111,8347.98806949383,0,5000,270,0,0,500,0,NaN,NaN,0,0
pursuit,追踪法,target_pursuit,target,0.634531936701111,8342.98806949383,0,5000,270,0,0,500,0,NaN,NaN,0,0
pursuit,追踪法,target_pursuit,target,0.644531936701111,8337.98806949383,0,5000,270,0,0,500,0,NaN,NaN,0,0
pursuit,追踪法,target_pursuit,target,0.654531936701111,8332.98806949383,0,5000,270,0,0,500,0,NaN,NaN,0,0
pursuit,追踪法,target_pursuit,target,0.664531936701111,8327.98806949383,0,5000,270,0,0,500,0,NaN,NaN,0,0
pursuit,追踪法,target_pursuit,target,0.674531936701111,8322.98806949383,0,5000,270,0,0,500,0,NaN,NaN,0,0
pursuit,追踪法,target_pursuit,target,0.684531936701111,8317.98806949383,0,5000,270,0,0,500,0,NaN,NaN,0,0
pursuit,追踪法,target_pursuit,target,0.694531936701111,8312.98806949383,0,5000,270,0,0,500,0,NaN,NaN,0,0
pursuit,追踪法,target_pursuit,target,0.704531936701111,8307.98806949383,0,5000,270,0,0,500,0,NaN,NaN,0,0
pursuit,追踪法,target_pursuit,target,0.714531936701111,8302.98806949383,0,5000,270,0,0,500,0,NaN,NaN,0,0
pursuit,追踪法,target_pursuit,target,0.724531936701111,8297.98806949383,0,5000,270,0,0,500,0,NaN,NaN,0,0
pursuit,追踪法,target_pursuit,target,0.734531936701111,8292.98806949383,0,5000,270,0,0,500,0,NaN,NaN,0,0
pursuit,追踪法,target_pursuit,target,0.744531936701111,8287.98806949383,0,5000,270,0,0,500,0,NaN,NaN,0,0
pursuit,追踪法,target_pursuit,target,0.754531936701111,8282.98806949383,0,5000,270,0,0,500,0,NaN,NaN,0,0
pursuit,追踪法,target_pursuit,target,0.764531936701111,8277.98806949383,0,5000,270,0,0,500,0,NaN,NaN,0,0
pursuit,追踪法,target_pursuit,target,0.774531936701111,8272.98806949383,0,5000,270,0,0,500,0,NaN,NaN,0,0
pursuit,追踪法,target_pursuit,target,0.784531936701111,8267.98806949383,0,5000,270,0,0,500,0,NaN,NaN,0,0
pursuit,追踪法,target_pursuit,target,0.794531936701111,8262.98806949383,0,5000,270,0,0,500,0,NaN,NaN,0,0
pursuit,追踪法,target_pursuit,target,0.804531936701111,8257.98806949383,0,5000,270,0,0,500,0,NaN,NaN,0,0
pursuit,追踪法,target_pursuit,target,0.814531936701111,8252.98806949383,0,5000,270,0,0,500,0,NaN,NaN,0,0
pursuit,追踪法,target_pursuit,target,0.824531936701111,8247.98806949383,0,5000,270,0,0,500,0,NaN,NaN,0,0
pursuit,追踪法,target_pursuit,target,0.834531936701111,8242.98806949383,0,5000,270,0,0,500,0,NaN,NaN,0,0
pursuit,追踪法,target_pursuit,target,0.844531936701111,8237.98806949383,0,5000,270,0,0,500,0,NaN,NaN,0,0
pursuit,追踪法,target_pursuit,target,0.854531936701111,8232.98806949383,0,5000,270,0,0,500,0,NaN,NaN,0,0
pursuit,追踪法,target_pursuit,target,0.864531936701112,8227.98806949383,0,5000,270,0,0,500,0,NaN,NaN,0,0
pursuit,追踪法,target_pursuit,target,0.874531936701112,8222.98806949383,0,5000,270,0,0,500,0,NaN,NaN,0,0
pursuit,追踪法,target_pursuit,target,0.884531936701112,8217.98806949383,0,5000,270,0,0,500,0,NaN,NaN,0,0
pursuit,追踪法,target_pursuit,target,0.894531936701112,8212.98806949383,0,5000,270,0,0,500,0,NaN,NaN,0,0
pursuit,追踪法,target_pursuit,target,0.904531936701112,8207.98806949383,0,5000,270,0,0,500,0,NaN,NaN,0,0
pursuit,追踪法,target_pursuit,target,0.914531936701112,8202.98806949383,0,5000,270,0,0,500,0,NaN,NaN,0,0
pursuit,追踪法,target_pursuit,target,0.924531936701112,8197.98806949383,0,5000,270,0,0,500,0,NaN,NaN,0,0
pursuit,追踪法,target_pursuit,target,0.934531936701112,8192.98806949383,0,5000,270,0,0,500,0,NaN,NaN,0,0
pursuit,追踪法,target_pursuit,target,0.944531936701112,8187.98806949383,0,5000,270,0,0,500,0,NaN,NaN,0,0
pursuit,追踪法,target_pursuit,target,0.954531936701112,8182.98806949383,0,5000,270,0,0,500,0,NaN,NaN,0,0
pursuit,追踪法,target_pursuit,target,0.964531936701112,8177.98806949383,0,5000,270,0,0,500,0,NaN,NaN,0,0
pursuit,追踪法,target_pursuit,target,0.974531936701112,8172.98806949383,0,5000,270,0,0,500,0,NaN,NaN,0,0
pursuit,追踪法,target_pursuit,target,0.984531936701112,8167.98806949383,0,5000,270,0,0,500,0,NaN,NaN,0,0
pursuit,追踪法,target_pursuit,target,0.994531936701112,8162.98806949383,0,5000,270,0,0,500,0,NaN,NaN,0,0
pursuit,追踪法,target_pursuit,target,1.00453193670111,8157.98806949383,0,5000,270,0,0,500,0,NaN,NaN,0,0
pursuit,追踪法,target_pursuit,target,1.01453193670111,8152.98806949383,0,5000,270,0,0,500,0,NaN,NaN,0,0
pursuit,追踪法,target_pursuit,target,1.02453193670111,8147.98806949383,0,5000,270,0,0,500,0,NaN,NaN,0,0
pursuit,追踪法,target_pursuit,target,1.03453193670111,8142.98806949383,0,5000,270,0,0,500,0,NaN,NaN,0,0
pursuit,追踪法,target_pursuit,target,1.04453193670111,8137.98806949383,0,5000,270,0,0,500,0,NaN,NaN,0,0
pursuit,追踪法,target_pursuit,target,1.05453193670111,8132.98806949383,0,5000,270,0,0,500,0,NaN,NaN,0,0
pursuit,追踪法,target_pursuit,target,1.06453193670111,8127.98806949383,0,5000,270,0,0,500,0,NaN,NaN,0,0
pursuit,追踪法,target_pursuit,target,1.07453193670111,8122.98806949383,0,5000,270,0,0,500,0,NaN,NaN,0,0
pursuit,追踪法,target_pursuit,target,1.08453193670111,8117.98806949383,0,5000,270,0,0,500,0,NaN,NaN,0,0
pursuit,追踪法,target_pursuit,target,1.09453193670111,8112.98806949383,0,5000,270,0,0,500,0,NaN,NaN,0,0
pursuit,追踪法,target_pursuit,target,1.10453193670111,8107.98806949383,0,5000,270,0,0,500,0,NaN,NaN,0,0
pursuit,追踪法,target_pursuit,target,1.11453193670111,8102.98806949383,0,5000,270,0,0,500,0,NaN,NaN,0,0
pursuit,追踪法,target_pursuit,target,1.12453193670111,8097.98806949383,0,5000,270,0,0,500,0,NaN,NaN,0,0
pursuit,追踪法,target_pursuit,target,1.13453193670111,8092.98806949383,0,5000,270,0,0,500,0,NaN,NaN,0,0
pursuit,追踪法,target_pursuit,target,1.14453193670111,8087.98806949383,0,5000,270,0,0,500,0,NaN,NaN,0,0
pursuit,追踪法,target_pursuit,target,1.15453193670111,8082.98806949383,0,5000,270,0,0,500,0,NaN,NaN,0,0
pursuit,追踪法,target_pursuit,target,1.16453193670111,8077.98806949383,0,5000,270,0,0,500,0,NaN,NaN,0,0
pursuit,追踪法,target_pursuit,target,1.17453193670111,8072.98806949383,0,5000,270,0,0,500,0,NaN,NaN,0,0
pursuit,追踪法,target_pursuit,target,1.18453193670111,8067.98806949383,0,5000,270,0,0,500,0,NaN,NaN,0,0
pursuit,追踪法,target_pursuit,target,1.19453193670111,8062.98806949383,0,5000,270,0,0,500,0,NaN,NaN,0,0
pursuit,追踪法,target_pursuit,target,1.20453193670111,8057.98806949383,0,5000,270,0,0,500,0,NaN,NaN,0,0
pursuit,追踪法,target_pursuit,target,1.21453193670111,8052.98806949383,0,5000,270,0,0,500,0,NaN,NaN,0,0
pursuit,追踪法,target_pursuit,target,1.22453193670111,8047.98806949383,0,5000,270,0,0,500,0,NaN,NaN,0,0
pursuit,追踪法,target_pursuit,target,1.23453193670111,8042.98806949383,0,5000,270,0,0,500,0,NaN,NaN,0,0
pursuit,追踪法,target_pursuit,target,1.24453193670111,8037.98806949383,0,5000,270,0,0,500,0,NaN,NaN,0,0
pursuit,追踪法,target_pursuit,target,1.25453193670111,8032.98806949383,0,5000,270,0,0,500,0,NaN,NaN,0,0
pursuit,追踪法,target_pursuit,target,1.26453193670111,8027.98806949383,0,5000,270,0,0,500,0,NaN,NaN,0,0
pursuit,追踪法,target_pursuit,target,1.27453193670111,8022.98806949383,0,5000,270,0,0,500,0,NaN,NaN,0,0
pursuit,追踪法,target_pursuit,target,1.28453193670111,8017.98806949383,0,5000,270,0,0,500,0,NaN,NaN,0,0
pursuit,追踪法,target_pursuit,target,1.29453193670111,8012.98806949383,0,5000,270,0,0,500,0,NaN,NaN,0,0
pursuit,追踪法,target_pursuit,target,1.30453193670111,8007.98806949383,0,5000,270,0,0,500,0,NaN,NaN,0,0
pursuit,追踪法,target_pursuit,target,1.31453193670111,8002.98806949383,0,5000,270,0,0,500,0,NaN,NaN,0,0
pursuit,追踪法,target_pursuit,target,1.32453193670111,7997.98806949383,0,5000,270,0,0,500,0,NaN,NaN,0,0
pursuit,追踪法,target_pursuit,target,1.33453193670111,7992.98806949383,0,5000,270,0,0,500,0,NaN,NaN,0,0
pursuit,追踪法,target_pursuit,target,1.34453193670111,7987.98806949383,0,5000,270,0,0,500,0,NaN,NaN,0,0
pursuit,追踪法,target_pursuit,target,1.35453193670111,7982.98806949383,0,5000,270,0,0,500,0,NaN,NaN,0,0
pursuit,追踪法,target_pursuit,target,1.36453193670111,7977.98806949383,0,5000,270,0,0,500,0,NaN,NaN,0,0
pursuit,追踪法,target_pursuit,target,1.37453193670111,7972.98806949383,0,5000,270,0,0,500,0,NaN,NaN,0,0
pursuit,追踪法,target_pursuit,target,1.38453193670111,7967.98806949383,0,5000,270,0,0,500,0,NaN,NaN,0,0
pursuit,追踪法,target_pursuit,target,1.39453193670111,7962.98806949383,0,5000,270,0,0,500,0,NaN,NaN,0,0
pursuit,追踪法,target_pursuit,target,1.40453193670111,7957.98806949383,0,5000,270,0,0,500,0,NaN,NaN,0,0
pursuit,追踪法,target_pursuit,target,1.41453193670111,7952.98806949383,0,5000,270,0,0,500,0,NaN,NaN,0,0
pursuit,追踪法,target_pursuit,target,1.42453193670111,7947.98806949383,0,5000,270,0,0,500,0,NaN,NaN,0,0
pursuit,追踪法,target_pursuit,target,1.43453193670111,7942.98806949383,0,5000,270,0,0,500,0,NaN,NaN,0,0
pursuit,追踪法,target_pursuit,target,1.44453193670111,7937.98806949383,0,5000,270,0,0,500,0,NaN,NaN,0,0
pursuit,追踪法,target_pursuit,target,1.45453193670111,7932.98806949383,0,5000,270,0,0,500,0,NaN,NaN,0,0
pursuit,追踪法,target_pursuit,target,1.46453193670111,7927.98806949383,0,5000,270,0,0,500,0,NaN,NaN,0,0
pursuit,追踪法,target_pursuit,target,1.47453193670111,7922.98806949383,0,5000,270,0,0,500,0,NaN,NaN,0,0
pursuit,追踪法,target_pursuit,target,1.48453193670111,7917.98806949383,0,5000,270,0,0,500,0,NaN,NaN,0,0
pursuit,追踪法,target_pursuit,target,1.49453193670111,7912.98806949383,0,5000,270,0,0,500,0,NaN,NaN,0,0
pursuit,追踪法,target_pursuit,target,1.50453193670111,7907.98806949383,0,5000,270,0,0,500,0,NaN,NaN,0,0
pursuit,追踪法,target_pursuit,target,1.51453193670111,7902.98806949383,0,5000,270,0,0,500,0,NaN,NaN,0,0
pursuit,追踪法,target_pursuit,target,1.52453193670111,7897.98806949383,0,5000,270,0,0,500,0,NaN,NaN,0,0
pursuit,追踪法,target_pursuit,target,1.53453193670111,7892.98806949383,0,5000,270,0,0,500,0,NaN,NaN,0,0
pursuit,追踪法,target_pursuit,target,1.54453193670111,7887.98806949383,0,5000,270,0,0,500,0,NaN,NaN,0,0
pursuit,追踪法,target_pursuit,target,1.55453193670111,7882.98806949383,0,5000,270,0,0,500,0,NaN,NaN,0,0
pursuit,追踪法,target_pursuit,target,1.56453193670111,7877.98806949383,0,5000,270,0,0,500,0,NaN,NaN,0,0
pursuit,追踪法,target_pursuit,target,1.57453193670111,7872.98806949383,0,5000,270,0,0,500,0,NaN,NaN,0,0
pursuit,追踪法,target_pursuit,target,1.58453193670111,7867.98806949383,0,5000,270,0,0,500,0,NaN,NaN,0,0
pursuit,追踪法,target_pursuit,target,1.59453193670111,7862.98806949383,0,5000,270,0,0,500,0,NaN,NaN,0,0
pursuit,追踪法,target_pursuit,target,1.60453193670111,7857.98806949383,0,5000,270,0,0,500,0,NaN,NaN,0,0
pursuit,追踪法,target_pursuit,target,1.61453193670111,7852.98806949383,0,5000,270,0,0,500,0,NaN,NaN,0,0
pursuit,追踪法,target_pursuit,target,1.62453193670111,7847.98806949383,0,5000,270,0,0,500,0,NaN,NaN,0,0
pursuit,追踪法,target_pursuit,target,1.63453193670111,7842.98806949383,0,5000,270,0,0,500,0,NaN,NaN,0,0
pursuit,追踪法,target_pursuit,target,1.64453193670111,7837.98806949383,0,5000,270,0,0,500,0,NaN,NaN,0,0
pursuit,追踪法,target_pursuit,target,1.65453193670111,7832.98806949383,0,5000,270,0,0,500,0,NaN,NaN,0,0
pursuit,追踪法,target_pursuit,target,1.66453193670111,7827.98806949383,0,5000,270,0,0,500,0,NaN,NaN,0,0
pursuit,追踪法,target_pursuit,target,1.67453193670111,7822.98806949383,0,5000,270,0,0,500,0,NaN,NaN,0,0
pursuit,追踪法,target_pursuit,target,1.68453193670111,7817.98806949383,0,5000,270,0,0,500,0,NaN,NaN,0,0
pursuit,追踪法,target_pursuit,target,1.69453193670111,7812.98806949383,0,5000,270,0,0,500,0,NaN,NaN,0,0
pursuit,追踪法,target_pursuit,target,1.70453193670111,7807.98806949383,0,5000,270,0,0,500,0,NaN,NaN,0,0
pursuit,追踪法,target_pursuit,target,1.71453193670111,7802.98806949383,0,5000,270,0,0,500,0,NaN,NaN,0,0
pursuit,追踪法,target_pursuit,target,1.72453193670111,7797.98806949383,0,5000,270,0,0,500,0,NaN,NaN,0,0
pursuit,追踪法,target_pursuit,target,1.73453193670111,7792.98806949383,0,5000,270,0,0,500,0,NaN,NaN,0,0
pursuit,追踪法,target_pursuit,target,1.74453193670111,7787.98806949383,0,5000,270,0,0,500,0,NaN,NaN,0,0
pursuit,追踪法,target_pursuit,target,1.75453193670111,7782.98806949383,0,5000,270,0,0,500,0,NaN,NaN,0,0
pursuit,追踪法,target_pursuit,target,1.76453193670111,7777.98806949383,0,5000,270,0,0,500,0,NaN,NaN,0,0
pursuit,追踪法,target_pursuit,target,1.77453193670111,7772.98806949383,0,5000,270,0,0,500,0,NaN,NaN,0,0
pursuit,追踪法,target_pursuit,target,1.78453193670111,7767.98806949383,0,5000,270,0,0,500,0,NaN,NaN,0,0
pursuit,追踪法,target_pursuit,target,1.79453193670111,7762.98806949383,0,5000,270,0,0,500,0,NaN,NaN,0,0
pursuit,追踪法,target_pursuit,target,1.80453193670111,7757.98806949383,0,5000,270,0,0,500,0,NaN,NaN,0,0
pursuit,追踪法,target_pursuit,target,1.81453193670111,7752.98806949383,0,5000,270,0,0,500,0,NaN,NaN,0,0
pursuit,追踪法,target_pursuit,target,1.82453193670111,7747.98806949383,0,5000,270,0,0,500,0,NaN,NaN,0,0
pursuit,追踪法,target_pursuit,target,1.83453193670111,7742.98806949383,0,5000,270,0,0,500,0,NaN,NaN,0,0
pursuit,追踪法,target_pursuit,target,1.84453193670111,7737.98806949383,0,5000,270,0,0,500,0,NaN,NaN,0,0
pursuit,追踪法,target_pursuit,target,1.85453193670111,7732.98806949383,0,5000,270,0,0,500,0,NaN,NaN,0,0
pursuit,追踪法,target_pursuit,target,1.86453193670111,7727.98806949383,0,5000,270,0,0,500,0,NaN,NaN,0,0
pursuit,追踪法,target_pursuit,target,1.87453193670111,7722.98806949383,0,5000,270,0,0,500,0,NaN,NaN,0,0
pursuit,追踪法,target_pursuit,target,1.88453193670111,7717.98806949383,0,5000,270,0,0,500,0,NaN,NaN,0,0
pursuit,追踪法,target_pursuit,target,1.89453193670111,7712.98806949383,0,5000,270,0,0,500,0,NaN,NaN,0,0
pursuit,追踪法,target_pursuit,target,1.90453193670111,7707.98806949383,0,5000,270,0,0,500,0,NaN,NaN,0,0
pursuit,追踪法,target_pursuit,target,1.91453193670111,7702.98806949383,0,5000,270,0,0,500,0,NaN,NaN,0,0
pursuit,追踪法,target_pursuit,target,1.92453193670111,7697.98806949383,0,5000,270,0,0,500,0,NaN,NaN,0,0
pursuit,追踪法,target_pursuit,target,1.93453193670111,7692.98806949383,0,5000,270,0,0,500,0,NaN,NaN,0,0
pursuit,追踪法,target_pursuit,target,1.94453193670111,7687.98806949383,0,5000,270,0,0,500,0,NaN,NaN,0,0
pursuit,追踪法,target_pursuit,target,1.95453193670111,7682.98806949383,0,5000,270,0,0,500,0,NaN,NaN,0,0
pursuit,追踪法,target_pursuit,target,1.96453193670111,7677.98806949383,0,5000,270,0,0,500,0,NaN,NaN,0,0
pursuit,追踪法,target_pursuit,target,1.97453193670111,7672.98806949383,0,5000,270,0,0,500,0,NaN,NaN,0,0
pursuit,追踪法,target_pursuit,target,1.98453193670111,7667.98806949383,0,5000,270,0,0,500,0,NaN,NaN,0,0
pursuit,追踪法,target_pursuit,target,1.99453193670111,7662.98806949383,0,5000,270,0,0,500,0,NaN,NaN,0,0
pursuit,追踪法,target_pursuit,target,2.00453193670111,7657.98806949383,0,5000,270,0,0,500,0,NaN,NaN,0,0
pursuit,追踪法,target_pursuit,target,2.01453193670111,7652.98806949383,0,5000,270,0,0,500,0,NaN,NaN,0,0
pursuit,追踪法,target_pursuit,target,2.02453193670111,7647.98806949383,0,5000,270,0,0,500,0,NaN,NaN,0,0
pursuit,追踪法,target_pursuit,target,2.03453193670111,7642.98806949383,0,5000,270,0,0,500,0,NaN,NaN,0,0
pursuit,追踪法,target_pursuit,target,2.04453193670111,7637.98806949383,0,5000,270,0,0,500,0,NaN,NaN,0,0
pursuit,追踪法,target_pursuit,target,2.05453193670111,7632.98806949383,0,5000,270,0,0,500,0,NaN,NaN,0,0
pursuit,追踪法,target_pursuit,target,2.06453193670111,7627.98806949383,0,5000,270,0,0,500,0,NaN,NaN,0,0
pursuit,追踪法,target_pursuit,target,2.07453193670111,7622.98806949383,0,5000,270,0,0,500,0,NaN,NaN,0,0
pursuit,追踪法,target_pursuit,target,2.08453193670111,7617.98806949383,0,5000,270,0,0,500,0,NaN,NaN,0,0
pursuit,追踪法,target_pursuit,target,2.09453193670111,7612.98806949383,0,5000,270,0,0,500,0,NaN,NaN,0,0
pursuit,追踪法,target_pursuit,target,2.10453193670111,7607.98806949383,0,5000,270,0,0,500,0,NaN,NaN,0,0
pursuit,追踪法,target_pursuit,target,2.11453193670111,7602.98806949383,0,5000,270,0,0,500,0,NaN,NaN,0,0
pursuit,追踪法,target_pursuit,target,2.12453193670111,7597.98806949383,0,5000,270,0,0,500,0,NaN,NaN,0,0
pursuit,追踪法,target_pursuit,target,2.13453193670111,7592.98806949383,0,5000,270,0,0,500,0,NaN,NaN,0,0
pursuit,追踪法,target_pursuit,target,2.14453193670111,7587.98806949383,0,5000,270,0,0,500,0,NaN,NaN,0,0
pursuit,追踪法,target_pursuit,target,2.15453193670111,7582.98806949383,0,5000,270,0,0,500,0,NaN,NaN,0,0
pursuit,追踪法,target_pursuit,target,2.16453193670111,7577.98806949383,0,5000,270,0,0,500,0,NaN,NaN,0,0
pursuit,追踪法,target_pursuit,target,2.17453193670111,7572.98806949383,0,5000,270,0,0,500,0,NaN,NaN,0,0
pursuit,追踪法,target_pursuit,target,2.18453193670111,7567.98806949383,0,5000,270,0,0,500,0,NaN,NaN,0,0
pursuit,追踪法,target_pursuit,target,2.19453193670111,7562.98806949383,0,5000,270,0,0,500,0,NaN,NaN,0,0
pursuit,追踪法,target_pursuit,target,2.20453193670111,7557.98806949383,0,5000,270,0,0,500,0,NaN,NaN,0,0
pursuit,追踪法,target_pursuit,target,2.21453193670111,7552.98806949383,0,5000,270,0,0,500,0,NaN,NaN,0,0
pursuit,追踪法,target_pursuit,target,2.22453193670111,7547.98806949383,0,5000,270,0,0,500,0,NaN,NaN,0,0
pursuit,追踪法,target_pursuit,target,2.23453193670111,7542.98806949383,0,5000,270,0,0,500,0,NaN,NaN,0,0
pursuit,追踪法,target_pursuit,target,2.24453193670111,7537.98806949383,0,5000,270,0,0,500,0,NaN,NaN,0,0
pursuit,追踪法,target_pursuit,target,2.25453193670111,7532.98806949383,0,5000,270,0,0,500,0,NaN,NaN,0,0
pursuit,追踪法,target_pursuit,target,2.26453193670111,7527.98806949383,0,5000,270,0,0,500,0,NaN,NaN,0,0
pursuit,追踪法,target_pursuit,target,2.27453193670111,7522.98806949383,0,5000,270,0,0,500,0,NaN,NaN,0,0
pursuit,追踪法,target_pursuit,target,2.28453193670111,7517.98806949383,0,5000,270,0,0,500,0,NaN,NaN,0,0
pursuit,追踪法,target_pursuit,target,2.29453193670111,7512.98806949383,0,5000,270,0,0,500,0,NaN,NaN,0,0
pursuit,追踪法,target_pursuit,target,2.30453193670111,7507.98806949383,0,5000,270,0,0,500,0,NaN,NaN,0,0
pursuit,追踪法,target_pursuit,target,2.31453193670111,7502.98806949383,0,5000,270,0,0,500,0,NaN,NaN,0,0
pursuit,追踪法,target_pursuit,target,2.32453193670111,7497.98806949383,0,5000,270,0,0,500,0,NaN,NaN,0,0
pursuit,追踪法,target_pursuit,target,2.33453193670111,7492.98806949383,0,5000,270,0,0,500,0,NaN,NaN,0,0
pursuit,追踪法,target_pursuit,target,2.34453193670111,7487.98806949383,0,5000,270,0,0,500,0,NaN,NaN,0,0
pursuit,追踪法,target_pursuit,target,2.3545319367011,7482.98806949383,0,5000,270,0,0,500,0,NaN,NaN,0,0
pursuit,追踪法,target_pursuit,target,2.3645319367011,7477.98806949383,0,5000,270,0,0,500,0,NaN,NaN,0,0
pursuit,追踪法,target_pursuit,target,2.3745319367011,7472.98806949383,0,5000,270,0,0,500,0,NaN,NaN,0,0
pursuit,追踪法,target_pursuit,target,2.3845319367011,7467.98806949383,0,5000,270,0,0,500,0,NaN,NaN,0,0
pursuit,追踪法,target_pursuit,target,2.3945319367011,7462.98806949383,0,5000,270,0,0,500,0,NaN,NaN,0,0
pursuit,追踪法,target_pursuit,target,2.4045319367011,7457.98806949383,0,5000,270,0,0,500,0,NaN,NaN,0,0
pursuit,追踪法,target_pursuit,target,2.4145319367011,7452.98806949383,0,5000,270,0,0,500,0,NaN,NaN,0,0
pursuit,追踪法,target_pursuit,target,2.4245319367011,7447.98806949383,0,5000,270,0,0,500,0,NaN,NaN,0,0
pursuit,追踪法,target_pursuit,target,2.4345319367011,7442.98806949383,0,5000,270,0,0,500,0,NaN,NaN,0,0
pursuit,追踪法,target_pursuit,target,2.4445319367011,7437.98806949383,0,5000,270,0,0,500,0,NaN,NaN,0,0
pursuit,追踪法,target_pursuit,target,2.4545319367011,7432.98806949383,0,5000,270,0,0,500,0,NaN,NaN,0,0
pursuit,追踪法,target_pursuit,target,2.4645319367011,7427.98806949383,0,5000,270,0,0,500,0,NaN,NaN,0,0
pursuit,追踪法,target_pursuit,target,2.4745319367011,7422.98806949383,0,5000,270,0,0,500,0,NaN,NaN,0,0
pursuit,追踪法,target_pursuit,target,2.4845319367011,7417.98806949384,0,5000,270,0,0,500,0,NaN,NaN,0,0
pursuit,追踪法,target_pursuit,target,2.4945319367011,7412.98806949384,0,5000,270,0,0,500,0,NaN,NaN,0,0
pursuit,追踪法,target_pursuit,target,2.5045319367011,7407.98806949384,0,5000,270,0,0,500,0,NaN,NaN,0,0
pursuit,追踪法,target_pursuit,target,2.5145319367011,7402.98806949384,0,5000,270,0,0,500,0,NaN,NaN,0,0
pursuit,追踪法,target_pursuit,target,2.5245319367011,7397.98806949384,0,5000,270,0,0,500,0,NaN,NaN,0,0
pursuit,追踪法,target_pursuit,target,2.5345319367011,7392.98806949384,0,5000,270,0,0,500,0,NaN,NaN,0,0
pursuit,追踪法,target_pursuit,target,2.5445319367011,7387.98806949384,0,5000,270,0,0,500,0,NaN,NaN,0,0
pursuit,追踪法,target_pursuit,target,2.5545319367011,7382.98806949384,0,5000,270,0,0,500,0,NaN,NaN,0,0
pursuit,追踪法,target_pursuit,target,2.5645319367011,7377.98806949384,0,5000,270,0,0,500,0,NaN,NaN,0,0
pursuit,追踪法,target_pursuit,target,2.5745319367011,7372.98806949384,0,5000,270,0,0,500,0,NaN,NaN,0,0
pursuit,追踪法,target_pursuit,target,2.5845319367011,7367.98806949384,0,5000,270,0,0,500,0,NaN,NaN,0,0
pursuit,追踪法,target_pursuit,target,2.5945319367011,7362.98806949384,0,5000,270,0,0,500,0,NaN,NaN,0,0
pursuit,追踪法,target_pursuit,target,2.6045319367011,7357.98806949384,0,5000,270,0,0,500,0,NaN,NaN,0,0
pursuit,追踪法,target_pursuit,target,2.6145319367011,7352.98806949384,0,5000,270,0,0,500,0,NaN,NaN,0,0
pursuit,追踪法,target_pursuit,target,2.6245319367011,7347.98806949384,0,5000,270,0,0,500,0,NaN,NaN,0,0
pursuit,追踪法,target_pursuit,target,2.6345319367011,7342.98806949384,0,5000,270,0,0,500,0,NaN,NaN,0,0
pursuit,追踪法,target_pursuit,target,2.6445319367011,7337.98806949384,0,5000,270,0,0,500,0,NaN,NaN,0,0
pursuit,追踪法,target_pursuit,target,2.6545319367011,7332.98806949384,0,5000,270,0,0,500,0,NaN,NaN,0,0
pursuit,追踪法,target_pursuit,target,2.6645319367011,7327.98806949384,0,5000,270,0,0,500,0,NaN,NaN,0,0
pursuit,追踪法,target_pursuit,target,2.6745319367011,7322.98806949384,0,5000,270,0,0,500,0,NaN,NaN,0,0
pursuit,追踪法,target_pursuit,target,2.6845319367011,7317.98806949384,0,5000,270,0,0,500,0,NaN,NaN,0,0
pursuit,追踪法,target_pursuit,target,2.6945319367011,7312.98806949384,0,5000,270,0,0,500,0,NaN,NaN,0,0
pursuit,追踪法,target_pursuit,target,2.7045319367011,7307.98806949384,0,5000,270,0,0,500,0,NaN,NaN,0,0
pursuit,追踪法,target_pursuit,target,2.7145319367011,7302.98806949384,0,5000,270,0,0,500,0,NaN,NaN,0,0
pursuit,追踪法,target_pursuit,target,2.7245319367011,7297.98806949384,0,5000,270,0,0,500,0,NaN,NaN,0,0
pursuit,追踪法,target_pursuit,target,2.7345319367011,7292.98806949384,0,5000,270,0,0,500,0,NaN,NaN,0,0
pursuit,追踪法,target_pursuit,target,2.7445319367011,7287.98806949384,0,5000,270,0,0,500,0,NaN,NaN,0,0
pursuit,追踪法,target_pursuit,target,2.7545319367011,7282.98806949384,0,5000,270,0,0,500,0,NaN,NaN,0,0
pursuit,追踪法,target_pursuit,target,2.7645319367011,7277.98806949384,0,5000,270,0,0,500,0,NaN,NaN,0,0
pursuit,追踪法,target_pursuit,target,2.7745319367011,7272.98806949384,0,5000,270,0,0,500,0,NaN,NaN,0,0
pursuit,追踪法,target_pursuit,target,2.7845319367011,7267.98806949384,0,5000,270,0,0,500,0,NaN,NaN,0,0
pursuit,追踪法,target_pursuit,target,2.7945319367011,7262.98806949384,0,5000,270,0,0,500,0,NaN,NaN,0,0
pursuit,追踪法,target_pursuit,target,2.8045319367011,7257.98806949384,0,5000,270,0,0,500,0,NaN,NaN,0,0
pursuit,追踪法,target_pursuit,target,2.8145319367011,7252.98806949384,0,5000,270,0,0,500,0,NaN,NaN,0,0
pursuit,追踪法,target_pursuit,target,2.82453193670109,7247.98806949384,0,5000,270,0,0,500,0,NaN,NaN,0,0
pursuit,追踪法,target_pursuit,target,2.83453193670109,7242.98806949384,0,5000,270,0,0,500,0,NaN,NaN,0,0
pursuit,追踪法,target_pursuit,target,2.84453193670109,7237.98806949384,0,5000,270,0,0,500,0,NaN,NaN,0,0
pursuit,追踪法,target_pursuit,target,2.85453193670109,7232.98806949384,0,5000,270,0,0,500,0,NaN,NaN,0,0
pursuit,追踪法,target_pursuit,target,2.86453193670109,7227.98806949384,0,5000,270,0,0,500,0,NaN,NaN,0,0
pursuit,追踪法,target_pursuit,target,2.87453193670109,7222.98806949384,0,5000,270,0,0,500,0,NaN,NaN,0,0
pursuit,追踪法,target_pursuit,target,2.88453193670109,7217.98806949384,0,5000,270,0,0,500,0,NaN,NaN,0,0
pursuit,追踪法,target_pursuit,target,2.89453193670109,7212.98806949384,0,5000,270,0,0,500,0,NaN,NaN,0,0
pursuit,追踪法,target_pursuit,target,2.90453193670109,7207.98806949384,0,5000,270,0,0,500,0,NaN,NaN,0,0
pursuit,追踪法,target_pursuit,target,2.91453193670109,7202.98806949384,0,5000,270,0,0,500,0,NaN,NaN,0,0
pursuit,追踪法,target_pursuit,target,2.92453193670109,7197.98806949384,0,5000,270,0,0,500,0,NaN,NaN,0,0
pursuit,追踪法,target_pursuit,target,2.93453193670109,7192.98806949384,0,5000,270,0,0,500,0,NaN,NaN,0,0
pursuit,追踪法,target_pursuit,target,2.94453193670109,7187.98806949384,0,5000,270,0,0,500,0,NaN,NaN,0,0
pursuit,追踪法,target_pursuit,target,2.95453193670109,7182.98806949384,0,5000,270,0,0,500,0,NaN,NaN,0,0
pursuit,追踪法,target_pursuit,target,2.96453193670109,7177.98806949384,0,5000,270,0,0,500,0,NaN,NaN,0,0
pursuit,追踪法,target_pursuit,target,2.97453193670109,7172.98806949384,0,5000,270,0,0,500,0,NaN,NaN,0,0
pursuit,追踪法,target_pursuit,target,2.98453193670109,7167.98806949384,0,5000,270,0,0,500,0,NaN,NaN,0,0
pursuit,追踪法,target_pursuit,target,2.99453193670109,7162.98806949384,0,5000,270,0,0,500,0,NaN,NaN,0,0
pursuit,追踪法,target_pursuit,target,3.00453193670109,7157.98806949384,0,5000,270,0,0,500,0,NaN,NaN,0,0
pursuit,追踪法,target_pursuit,target,3.01453193670109,7152.98806949384,0,5000,270,0,0,500,0,NaN,NaN,0,0
pursuit,追踪法,target_pursuit,target,3.02453193670109,7147.98806949384,0,5000,270,0,0,500,0,NaN,NaN,0,0
pursuit,追踪法,target_pursuit,target,3.03453193670109,7142.98806949384,0,5000,270,0,0,500,0,NaN,NaN,0,0
pursuit,追踪法,target_pursuit,target,3.04453193670109,7137.98806949384,0,5000,270,0,0,500,0,NaN,NaN,0,0
pursuit,追踪法,target_pursuit,target,3.05453193670109,7132.98806949384,0,5000,270,0,0,500,0,NaN,NaN,0,0
pursuit,追踪法,target_pursuit,target,3.06453193670109,7127.98806949384,0,5000,270,0,0,500,0,NaN,NaN,0,0
pursuit,追踪法,target_pursuit,target,3.07453193670109,7122.98806949384,0,5000,270,0,0,500,0,NaN,NaN,0,0
pursuit,追踪法,target_pursuit,target,3.08453193670109,7117.98806949384,0,5000,270,0,0,500,0,NaN,NaN,0,0
pursuit,追踪法,target_pursuit,target,3.09453193670109,7112.98806949384,0,5000,270,0,0,500,0,NaN,NaN,0,0
pursuit,追踪法,target_pursuit,target,3.10453193670109,7107.98806949384,0,5000,270,0,0,500,0,NaN,NaN,0,0
pursuit,追踪法,target_pursuit,target,3.11453193670109,7102.98806949384,0,5000,270,0,0,500,0,NaN,NaN,0,0
pursuit,追踪法,target_pursuit,target,3.12453193670109,7097.98806949384,0,5000,270,0,0,500,0,NaN,NaN,0,0
pursuit,追踪法,target_pursuit,target,3.13453193670109,7092.98806949384,0,5000,270,0,0,500,0,NaN,NaN,0,0
pursuit,追踪法,target_pursuit,target,3.14453193670109,7087.98806949384,0,5000,270,0,0,500,0,NaN,NaN,0,0
pursuit,追踪法,target_pursuit,target,3.15453193670109,7082.98806949384,0,5000,270,0,0,500,0,NaN,NaN,0,0
pursuit,追踪法,target_pursuit,target,3.16453193670109,7077.98806949384,0,5000,270,0,0,500,0,NaN,NaN,0,0
pursuit,追踪法,target_pursuit,target,3.17453193670109,7072.98806949384,0,5000,270,0,0,500,0,NaN,NaN,0,0
pursuit,追踪法,target_pursuit,target,3.18453193670109,7067.98806949384,0,5000,270,0,0,500,0,NaN,NaN,0,0
pursuit,追踪法,target_pursuit,target,3.19453193670109,7062.98806949384,0,5000,270,0,0,500,0,NaN,NaN,0,0
pursuit,追踪法,target_pursuit,target,3.20453193670109,7057.98806949384,0,5000,270,0,0,500,0,NaN,NaN,0,0
pursuit,追踪法,target_pursuit,target,3.21453193670109,7052.98806949384,0,5000,270,0,0,500,0,NaN,NaN,0,0
pursuit,追踪法,target_pursuit,target,3.22453193670109,7047.98806949384,0,5000,270,0,0,500,0,NaN,NaN,0,0
pursuit,追踪法,target_pursuit,target,3.23453193670109,7042.98806949384,0,5000,270,0,0,500,0,NaN,NaN,0,0
pursuit,追踪法,target_pursuit,target,3.24453193670109,7037.98806949384,0,5000,270,0,0,500,0,NaN,NaN,0,0
pursuit,追踪法,target_pursuit,target,3.25453193670109,7032.98806949384,0,5000,270,0,0,500,0,NaN,NaN,0,0
pursuit,追踪法,target_pursuit,target,3.26453193670109,7027.98806949384,0,5000,270,0,0,500,0,NaN,NaN,0,0
pursuit,追踪法,target_pursuit,target,3.27453193670109,7022.98806949384,0,5000,270,0,0,500,0,NaN,NaN,0,0
pursuit,追踪法,target_pursuit,target,3.28453193670109,7017.98806949384,0,5000,270,0,0,500,0,NaN,NaN,0,0
pursuit,追踪法,target_pursuit,target,3.29453193670108,7012.98806949384,0,5000,270,0,0,500,0,NaN,NaN,0,0
pursuit,追踪法,target_pursuit,target,3.30453193670108,7007.98806949384,0,5000,270,0,0,500,0,NaN,NaN,0,0
pursuit,追踪法,target_pursuit,target,3.31453193670108,7002.98806949384,0,5000,270,0,0,500,0,NaN,NaN,0,0
pursuit,追踪法,target_pursuit,target,3.32453193670108,6997.98806949384,0,5000,270,0,0,500,0,NaN,NaN,0,0
pursuit,追踪法,target_pursuit,target,3.33453193670108,6992.98806949384,0,5000,270,0,0,500,0,NaN,NaN,0,0
pursuit,追踪法,target_pursuit,target,3.34453193670108,6987.98806949384,0,5000,270,0,0,500,0,NaN,NaN,0,0
pursuit,追踪法,target_pursuit,target,3.35453193670108,6982.98806949384,0,5000,270,0,0,500,0,NaN,NaN,0,0
pursuit,追踪法,target_pursuit,target,3.36453193670108,6977.98806949384,0,5000,270,0,0,500,0,NaN,NaN,0,0
pursuit,追踪法,target_pursuit,target,3.37453193670108,6972.98806949384,0,5000,270,0,0,500,0,NaN,NaN,0,0
pursuit,追踪法,target_pursuit,target,3.38453193670108,6967.98806949384,0,5000,270,0,0,500,0,NaN,NaN,0,0
pursuit,追踪法,target_pursuit,target,3.39453193670108,6962.98806949385,0,5000,270,0,0,500,0,NaN,NaN,0,0
pursuit,追踪法,target_pursuit,target,3.40453193670108,6957.98806949385,0,5000,270,0,0,500,0,NaN,NaN,0,0
pursuit,追踪法,target_pursuit,target,3.41453193670108,6952.98806949385,0,5000,270,0,0,500,0,NaN,NaN,0,0
pursuit,追踪法,target_pursuit,target,3.42453193670108,6947.98806949385,0,5000,270,0,0,500,0,NaN,NaN,0,0
pursuit,追踪法,target_pursuit,target,3.43453193670108,6942.98806949385,0,5000,270,0,0,500,0,NaN,NaN,0,0
pursuit,追踪法,target_pursuit,target,3.44453193670108,6937.98806949385,0,5000,270,0,0,500,0,NaN,NaN,0,0
pursuit,追踪法,target_pursuit,target,3.45453193670108,6932.98806949385,0,5000,270,0,0,500,0,NaN,NaN,0,0
pursuit,追踪法,target_pursuit,target,3.46453193670108,6927.98806949385,0,5000,270,0,0,500,0,NaN,NaN,0,0
pursuit,追踪法,target_pursuit,target,3.47453193670108,6922.98806949385,0,5000,270,0,0,500,0,NaN,NaN,0,0
pursuit,追踪法,target_pursuit,target,3.48453193670108,6917.98806949385,0,5000,270,0,0,500,0,NaN,NaN,0,0
pursuit,追踪法,target_pursuit,target,3.49453193670108,6912.98806949385,0,5000,270,0,0,500,0,NaN,NaN,0,0
pursuit,追踪法,target_pursuit,target,3.50453193670108,6907.98806949385,0,5000,270,0,0,500,0,NaN,NaN,0,0
pursuit,追踪法,target_pursuit,target,3.51453193670108,6902.98806949385,0,5000,270,0,0,500,0,NaN,NaN,0,0
pursuit,追踪法,target_pursuit,target,3.52453193670108,6897.98806949385,0,5000,270,0,0,500,0,NaN,NaN,0,0
pursuit,追踪法,target_pursuit,target,3.53453193670108,6892.98806949385,0,5000,270,0,0,500,0,NaN,NaN,0,0
pursuit,追踪法,target_pursuit,target,3.54453193670108,6887.98806949385,0,5000,270,0,0,500,0,NaN,NaN,0,0
pursuit,追踪法,target_pursuit,target,3.55453193670108,6882.98806949385,0,5000,270,0,0,500,0,NaN,NaN,0,0
pursuit,追踪法,target_pursuit,target,3.56453193670108,6877.98806949385,0,5000,270,0,0,500,0,NaN,NaN,0,0
pursuit,追踪法,target_pursuit,target,3.57453193670108,6872.98806949385,0,5000,270,0,0,500,0,NaN,NaN,0,0
pursuit,追踪法,target_pursuit,target,3.58453193670108,6867.98806949385,0,5000,270,0,0,500,0,NaN,NaN,0,0
pursuit,追踪法,target_pursuit,target,3.59453193670108,6862.98806949385,0,5000,270,0,0,500,0,NaN,NaN,0,0
pursuit,追踪法,target_pursuit,target,3.60453193670108,6857.98806949385,0,5000,270,0,0,500,0,NaN,NaN,0,0
pursuit,追踪法,target_pursuit,target,3.61453193670108,6852.98806949385,0,5000,270,0,0,500,0,NaN,NaN,0,0
pursuit,追踪法,target_pursuit,target,3.62453193670108,6847.98806949385,0,5000,270,0,0,500,0,NaN,NaN,0,0
pursuit,追踪法,target_pursuit,target,3.63453193670108,6842.98806949385,0,5000,270,0,0,500,0,NaN,NaN,0,0
pursuit,追踪法,target_pursuit,target,3.64453193670108,6837.98806949385,0,5000,270,0,0,500,0,NaN,NaN,0,0
pursuit,追踪法,target_pursuit,target,3.65453193670108,6832.98806949385,0,5000,270,0,0,500,0,NaN,NaN,0,0
pursuit,追踪法,target_pursuit,target,3.66453193670108,6827.98806949385,0,5000,270,0,0,500,0,NaN,NaN,0,0
pursuit,追踪法,target_pursuit,target,3.67453193670108,6822.98806949385,0,5000,270,0,0,500,0,NaN,NaN,0,0
pursuit,追踪法,target_pursuit,target,3.68453193670108,6817.98806949385,0,5000,270,0,0,500,0,NaN,NaN,0,0
pursuit,追踪法,target_pursuit,target,3.69453193670108,6812.98806949385,0,5000,270,0,0,500,0,NaN,NaN,0,0
pursuit,追踪法,target_pursuit,target,3.70453193670108,6807.98806949385,0,5000,270,0,0,500,0,NaN,NaN,0,0
pursuit,追踪法,target_pursuit,target,3.71453193670108,6802.98806949385,0,5000,270,0,0,500,0,NaN,NaN,0,0
pursuit,追踪法,target_pursuit,target,3.72453193670108,6797.98806949385,0,5000,270,0,0,500,0,NaN,NaN,0,0
pursuit,追踪法,target_pursuit,target,3.73453193670108,6792.98806949385,0,5000,270,0,0,500,0,NaN,NaN,0,0
pursuit,追踪法,target_pursuit,target,3.74453193670108,6787.98806949385,0,5000,270,0,0,500,0,NaN,NaN,0,0
pursuit,追踪法,target_pursuit,target,3.75453193670107,6782.98806949385,0,5000,270,0,0,500,0,NaN,NaN,0,0
pursuit,追踪法,target_pursuit,target,3.76453193670107,6777.98806949385,0,5000,270,0,0,500,0,NaN,NaN,0,0
pursuit,追踪法,target_pursuit,target,3.77453193670107,6772.98806949385,0,5000,270,0,0,500,0,NaN,NaN,0,0
pursuit,追踪法,target_pursuit,target,3.78453193670107,6767.98806949385,0,5000,270,0,0,500,0,NaN,NaN,0,0
pursuit,追踪法,target_pursuit,target,3.79453193670107,6762.98806949385,0,5000,270,0,0,500,0,NaN,NaN,0,0
pursuit,追踪法,target_pursuit,target,3.80453193670107,6757.98806949385,0,5000,270,0,0,500,0,NaN,NaN,0,0
pursuit,追踪法,target_pursuit,target,3.81453193670107,6752.98806949385,0,5000,270,0,0,500,0,NaN,NaN,0,0
pursuit,追踪法,target_pursuit,target,3.82453193670107,6747.98806949385,0,5000,270,0,0,500,0,NaN,NaN,0,0
pursuit,追踪法,target_pursuit,target,3.83453193670107,6742.98806949385,0,5000,270,0,0,500,0,NaN,NaN,0,0
pursuit,追踪法,target_pursuit,target,3.84453193670107,6737.98806949385,0,5000,270,0,0,500,0,NaN,NaN,0,0
pursuit,追踪法,target_pursuit,target,3.85453193670107,6732.98806949385,0,5000,270,0,0,500,0,NaN,NaN,0,0
pursuit,追踪法,target_pursuit,target,3.86453193670107,6727.98806949385,0,5000,270,0,0,500,0,NaN,NaN,0,0
pursuit,追踪法,target_pursuit,target,3.87453193670107,6722.98806949385,0,5000,270,0,0,500,0,NaN,NaN,0,0
pursuit,追踪法,target_pursuit,target,3.88453193670107,6717.98806949385,0,5000,270,0,0,500,0,NaN,NaN,0,0
pursuit,追踪法,target_pursuit,target,3.89453193670107,6712.98806949385,0,5000,270,0,0,500,0,NaN,NaN,0,0
pursuit,追踪法,target_pursuit,target,3.90453193670107,6707.98806949385,0,5000,270,0,0,500,0,NaN,NaN,0,0
pursuit,追踪法,target_pursuit,target,3.91453193670107,6702.98806949385,0,5000,270,0,0,500,0,NaN,NaN,0,0
pursuit,追踪法,target_pursuit,target,3.92453193670107,6697.98806949385,0,5000,270,0,0,500,0,NaN,NaN,0,0
pursuit,追踪法,target_pursuit,target,3.93453193670107,6692.98806949385,0,5000,270,0,0,500,0,NaN,NaN,0,0
pursuit,追踪法,target_pursuit,target,3.94453193670107,6687.98806949385,0,5000,270,0,0,500,0,NaN,NaN,0,0
pursuit,追踪法,target_pursuit,target,3.95453193670107,6682.98806949385,0,5000,270,0,0,500,0,NaN,NaN,0,0
pursuit,追踪法,target_pursuit,target,3.96453193670107,6677.98806949385,0,5000,270,0,0,500,0,NaN,NaN,0,0
pursuit,追踪法,target_pursuit,target,3.97453193670107,6672.98806949385,0,5000,270,0,0,500,0,NaN,NaN,0,0
pursuit,追踪法,target_pursuit,target,3.98453193670107,6667.98806949385,0,5000,270,0,0,500,0,NaN,NaN,0,0
pursuit,追踪法,target_pursuit,target,3.99453193670107,6662.98806949385,0,5000,270,0,0,500,0,NaN,NaN,0,0
pursuit,追踪法,target_pursuit,target,4.00453193670107,6657.98806949385,0,5000,270,0,0,500,0,NaN,NaN,0,0
pursuit,追踪法,target_pursuit,target,4.01453193670107,6652.98806949385,0,5000,270,0,0,500,0,NaN,NaN,0,0
pursuit,追踪法,target_pursuit,target,4.02453193670107,6647.98806949385,0,5000,270,0,0,500,0,NaN,NaN,0,0
pursuit,追踪法,target_pursuit,target,4.03453193670107,6642.98806949385,0,5000,270,0,0,500,0,NaN,NaN,0,0
pursuit,追踪法,target_pursuit,target,4.04453193670107,6637.98806949385,0,5000,270,0,0,500,0,NaN,NaN,0,0
pursuit,追踪法,target_pursuit,target,4.05453193670107,6632.98806949385,0,5000,270,0,0,500,0,NaN,NaN,0,0
pursuit,追踪法,target_pursuit,target,4.06453193670107,6627.98806949385,0,5000,270,0,0,500,0,NaN,NaN,0,0
pursuit,追踪法,target_pursuit,target,4.07453193670107,6622.98806949385,0,5000,270,0,0,500,0,NaN,NaN,0,0
pursuit,追踪法,target_pursuit,target,4.08453193670107,6617.98806949385,0,5000,270,0,0,500,0,NaN,NaN,0,0
pursuit,追踪法,target_pursuit,target,4.09453193670107,6612.98806949385,0,5000,270,0,0,500,0,NaN,NaN,0,0
pursuit,追踪法,target_pursuit,target,4.10453193670107,6607.98806949385,0,5000,270,0,0,500,0,NaN,NaN,0,0
pursuit,追踪法,target_pursuit,target,4.11453193670107,6602.98806949385,0,5000,270,0,0,500,0,NaN,NaN,0,0
pursuit,追踪法,target_pursuit,target,4.12453193670107,6597.98806949385,0,5000,270,0,0,500,0,NaN,NaN,0,0
pursuit,追踪法,target_pursuit,target,4.13453193670107,6592.98806949385,0,5000,270,0,0,500,0,NaN,NaN,0,0
pursuit,追踪法,target_pursuit,target,4.14453193670107,6587.98806949385,0,5000,270,0,0,500,0,NaN,NaN,0,0
pursuit,追踪法,target_pursuit,target,4.15453193670107,6582.98806949385,0,5000,270,0,0,500,0,NaN,NaN,0,0
pursuit,追踪法,target_pursuit,target,4.16453193670107,6577.98806949385,0,5000,270,0,0,500,0,NaN,NaN,0,0
pursuit,追踪法,target_pursuit,target,4.17453193670107,6572.98806949385,0,5000,270,0,0,500,0,NaN,NaN,0,0
pursuit,追踪法,target_pursuit,target,4.18453193670107,6567.98806949385,0,5000,270,0,0,500,0,NaN,NaN,0,0
pursuit,追踪法,target_pursuit,target,4.19453193670107,6562.98806949385,0,5000,270,0,0,500,0,NaN,NaN,0,0
pursuit,追踪法,target_pursuit,target,4.20453193670107,6557.98806949385,0,5000,270,0,0,500,0,NaN,NaN,0,0
pursuit,追踪法,target_pursuit,target,4.21453193670107,6552.98806949385,0,5000,270,0,0,500,0,NaN,NaN,0,0
pursuit,追踪法,target_pursuit,target,4.22453193670106,6547.98806949385,0,5000,270,0,0,500,0,NaN,NaN,0,0
pursuit,追踪法,target_pursuit,target,4.23453193670106,6542.98806949385,0,5000,270,0,0,500,0,NaN,NaN,0,0
pursuit,追踪法,target_pursuit,target,4.24453193670106,6537.98806949385,0,5000,270,0,0,500,0,NaN,NaN,0,0
pursuit,追踪法,target_pursuit,target,4.25453193670106,6532.98806949385,0,5000,270,0,0,500,0,NaN,NaN,0,0
pursuit,追踪法,target_pursuit,target,4.26453193670106,6527.98806949385,0,5000,270,0,0,500,0,NaN,NaN,0,0
pursuit,追踪法,target_pursuit,target,4.27453193670106,6522.98806949385,0,5000,270,0,0,500,0,NaN,NaN,0,0
pursuit,追踪法,target_pursuit,target,4.28453193670106,6517.98806949385,0,5000,270,0,0,500,0,NaN,NaN,0,0
pursuit,追踪法,target_pursuit,target,4.29453193670106,6512.98806949385,0,5000,270,0,0,500,0,NaN,NaN,0,0
pursuit,追踪法,target_pursuit,target,4.30453193670106,6507.98806949385,0,5000,270,0,0,500,0,NaN,NaN,0,0
pursuit,追踪法,target_pursuit,target,4.31453193670106,6502.98806949385,0,5000,270,0,0,500,0,NaN,NaN,0,0
pursuit,追踪法,target_pursuit,target,4.32453193670106,6497.98806949385,0,5000,270,0,0,500,0,NaN,NaN,0,0
pursuit,追踪法,target_pursuit,target,4.33453193670106,6492.98806949385,0,5000,270,0,0,500,0,NaN,NaN,0,0
pursuit,追踪法,target_pursuit,target,4.34453193670106,6487.98806949385,0,5000,270,0,0,500,0,NaN,NaN,0,0
pursuit,追踪法,target_pursuit,target,4.35453193670106,6482.98806949385,0,5000,270,0,0,500,0,NaN,NaN,0,0
pursuit,追踪法,target_pursuit,target,4.36453193670106,6477.98806949386,0,5000,270,0,0,500,0,NaN,NaN,0,0
pursuit,追踪法,target_pursuit,target,4.37453193670106,6472.98806949386,0,5000,270,0,0,500,0,NaN,NaN,0,0
pursuit,追踪法,target_pursuit,target,4.38453193670106,6467.98806949386,0,5000,270,0,0,500,0,NaN,NaN,0,0
pursuit,追踪法,target_pursuit,target,4.39453193670106,6462.98806949386,0,5000,270,0,0,500,0,NaN,NaN,0,0
pursuit,追踪法,target_pursuit,target,4.40453193670106,6457.98806949386,0,5000,270,0,0,500,0,NaN,NaN,0,0
pursuit,追踪法,target_pursuit,target,4.41453193670106,6452.98806949386,0,5000,270,0,0,500,0,NaN,NaN,0,0
pursuit,追踪法,target_pursuit,target,4.42453193670106,6447.98806949386,0,5000,270,0,0,500,0,NaN,NaN,0,0
pursuit,追踪法,target_pursuit,target,4.43453193670106,6442.98806949386,0,5000,270,0,0,500,0,NaN,NaN,0,0
pursuit,追踪法,target_pursuit,target,4.44453193670106,6437.98806949386,0,5000,270,0,0,500,0,NaN,NaN,0,0
pursuit,追踪法,target_pursuit,target,4.45453193670106,6432.98806949386,0,5000,270,0,0,500,0,NaN,NaN,0,0
pursuit,追踪法,target_pursuit,target,4.46453193670106,6427.98806949386,0,5000,270,0,0,500,0,NaN,NaN,0,0
pursuit,追踪法,target_pursuit,target,4.47453193670106,6422.98806949386,0,5000,270,0,0,500,0,NaN,NaN,0,0
pursuit,追踪法,target_pursuit,target,4.48453193670106,6417.98806949386,0,5000,270,0,0,500,0,NaN,NaN,0,0
pursuit,追踪法,target_pursuit,target,4.49453193670106,6412.98806949386,0,5000,270,0,0,500,0,NaN,NaN,0,0
pursuit,追踪法,target_pursuit,target,4.50453193670106,6407.98806949386,0,5000,270,0,0,500,0,NaN,NaN,0,0
pursuit,追踪法,target_pursuit,target,4.51453193670106,6402.98806949386,0,5000,270,0,0,500,0,NaN,NaN,0,0
pursuit,追踪法,target_pursuit,target,4.52453193670106,6397.98806949386,0,5000,270,0,0,500,0,NaN,NaN,0,0
pursuit,追踪法,target_pursuit,target,4.53453193670106,6392.98806949386,0,5000,270,0,0,500,0,NaN,NaN,0,0
pursuit,追踪法,target_pursuit,target,4.54453193670106,6387.98806949386,0,5000,270,0,0,500,0,NaN,NaN,0,0
pursuit,追踪法,target_pursuit,target,4.55453193670106,6382.98806949386,0,5000,270,0,0,500,0,NaN,NaN,0,0
pursuit,追踪法,target_pursuit,target,4.56453193670106,6377.98806949386,0,5000,270,0,0,500,0,NaN,NaN,0,0
pursuit,追踪法,target_pursuit,target,4.57453193670106,6372.98806949386,0,5000,270,0,0,500,0,NaN,NaN,0,0
pursuit,追踪法,target_pursuit,target,4.58453193670106,6367.98806949386,0,5000,270,0,0,500,0,NaN,NaN,0,0
pursuit,追踪法,target_pursuit,target,4.59453193670106,6362.98806949386,0,5000,270,0,0,500,0,NaN,NaN,0,0
pursuit,追踪法,target_pursuit,target,4.60453193670106,6357.98806949386,0,5000,270,0,0,500,0,NaN,NaN,0,0
pursuit,追踪法,target_pursuit,target,4.61453193670106,6352.98806949386,0,5000,270,0,0,500,0,NaN,NaN,0,0
pursuit,追踪法,target_pursuit,target,4.62453193670106,6347.98806949386,0,5000,270,0,0,500,0,NaN,NaN,0,0
pursuit,追踪法,target_pursuit,target,4.63453193670106,6342.98806949386,0,5000,270,0,0,500,0,NaN,NaN,0,0
pursuit,追踪法,target_pursuit,target,4.64453193670106,6337.98806949386,0,5000,270,0,0,500,0,NaN,NaN,0,0
pursuit,追踪法,target_pursuit,target,4.65453193670106,6332.98806949386,0,5000,270,0,0,500,0,NaN,NaN,0,0
pursuit,追踪法,target_pursuit,target,4.66453193670106,6327.98806949386,0,5000,270,0,0,500,0,NaN,NaN,0,0
pursuit,追踪法,target_pursuit,target,4.67453193670106,6322.98806949386,0,5000,270,0,0,500,0,NaN,NaN,0,0
pursuit,追踪法,target_pursuit,target,4.68453193670106,6317.98806949386,0,5000,270,0,0,500,0,NaN,NaN,0,0
pursuit,追踪法,target_pursuit,target,4.69453193670105,6312.98806949386,0,5000,270,0,0,500,0,NaN,NaN,0,0
pursuit,追踪法,target_pursuit,target,4.70453193670105,6307.98806949386,0,5000,270,0,0,500,0,NaN,NaN,0,0
pursuit,追踪法,target_pursuit,target,4.71453193670105,6302.98806949386,0,5000,270,0,0,500,0,NaN,NaN,0,0
pursuit,追踪法,target_pursuit,target,4.72453193670105,6297.98806949386,0,5000,270,0,0,500,0,NaN,NaN,0,0
pursuit,追踪法,target_pursuit,target,4.73453193670105,6292.98806949386,0,5000,270,0,0,500,0,NaN,NaN,0,0
pursuit,追踪法,target_pursuit,target,4.74453193670105,6287.98806949386,0,5000,270,0,0,500,0,NaN,NaN,0,0
pursuit,追踪法,target_pursuit,target,4.75453193670105,6282.98806949386,0,5000,270,0,0,500,0,NaN,NaN,0,0
pursuit,追踪法,target_pursuit,target,4.76453193670105,6277.98806949386,0,5000,270,0,0,500,0,NaN,NaN,0,0
pursuit,追踪法,target_pursuit,target,4.77453193670105,6272.98806949386,0,5000,270,0,0,500,0,NaN,NaN,0,0
pursuit,追踪法,target_pursuit,target,4.78453193670105,6267.98806949386,0,5000,270,0,0,500,0,NaN,NaN,0,0
pursuit,追踪法,target_pursuit,target,4.79453193670105,6262.98806949386,0,5000,270,0,0,500,0,NaN,NaN,0,0
pursuit,追踪法,target_pursuit,target,4.80453193670105,6257.98806949386,0,5000,270,0,0,500,0,NaN,NaN,0,0
pursuit,追踪法,target_pursuit,target,4.81453193670105,6252.98806949386,0,5000,270,0,0,500,0,NaN,NaN,0,0
pursuit,追踪法,target_pursuit,target,4.82453193670105,6247.98806949386,0,5000,270,0,0,500,0,NaN,NaN,0,0
pursuit,追踪法,target_pursuit,target,4.83453193670105,6242.98806949386,0,5000,270,0,0,500,0,NaN,NaN,0,0
pursuit,追踪法,target_pursuit,target,4.84453193670105,6237.98806949386,0,5000,270,0,0,500,0,NaN,NaN,0,0
pursuit,追踪法,target_pursuit,target,4.85453193670105,6232.98806949386,0,5000,270,0,0,500,0,NaN,NaN,0,0
pursuit,追踪法,target_pursuit,target,4.86453193670105,6227.98806949386,0,5000,270,0,0,500,0,NaN,NaN,0,0
pursuit,追踪法,target_pursuit,target,4.87453193670105,6222.98806949386,0,5000,270,0,0,500,0,NaN,NaN,0,0
pursuit,追踪法,target_pursuit,target,4.88453193670105,6217.98806949386,0,5000,270,0,0,500,0,NaN,NaN,0,0
pursuit,追踪法,target_pursuit,target,4.89453193670105,6212.98806949386,0,5000,270,0,0,500,0,NaN,NaN,0,0
pursuit,追踪法,target_pursuit,target,4.90453193670105,6207.98806949386,0,5000,270,0,0,500,0,NaN,NaN,0,0
pursuit,追踪法,target_pursuit,target,4.91453193670105,6202.98806949386,0,5000,270,0,0,500,0,NaN,NaN,0,0
pursuit,追踪法,target_pursuit,target,4.92453193670105,6197.98806949386,0,5000,270,0,0,500,0,NaN,NaN,0,0
pursuit,追踪法,target_pursuit,target,4.93453193670105,6192.98806949386,0,5000,270,0,0,500,0,NaN,NaN,0,0
pursuit,追踪法,target_pursuit,target,4.94453193670105,6187.98806949386,0,5000,270,0,0,500,0,NaN,NaN,0,0
pursuit,追踪法,target_pursuit,target,4.95453193670105,6182.98806949386,0,5000,270,0,0,500,0,NaN,NaN,0,0
pursuit,追踪法,target_pursuit,target,4.96453193670105,6177.98806949386,0,5000,270,0,0,500,0,NaN,NaN,0,0
pursuit,追踪法,target_pursuit,target,4.97453193670105,6172.98806949386,0,5000,270,0,0,500,0,NaN,NaN,0,0
pursuit,追踪法,target_pursuit,target,4.98453193670105,6167.98806949386,0,5000,270,0,0,500,0,NaN,NaN,0,0
pursuit,追踪法,target_pursuit,target,4.99453193670105,6162.98806949386,0,5000,270,0,0,500,0,NaN,NaN,0,0
pursuit,追踪法,target_pursuit,target,5.00453193670105,6157.98806949386,0,5000,270,0,0,500,0,NaN,NaN,0,0
pursuit,追踪法,target_pursuit,target,5.01453193670105,6152.98806949386,0,5000,270,0,0,500,0,NaN,NaN,0,0
pursuit,追踪法,target_pursuit,target,5.02453193670105,6147.98806949386,0,5000,270,0,0,500,0,NaN,NaN,0,0
pursuit,追踪法,target_pursuit,target,5.03453193670105,6142.98806949386,0,5000,270,0,0,500,0,NaN,NaN,0,0
pursuit,追踪法,target_pursuit,target,5.04453193670105,6137.98806949386,0,5000,270,0,0,500,0,NaN,NaN,0,0
pursuit,追踪法,target_pursuit,target,5.05453193670105,6132.98806949386,0,5000,270,0,0,500,0,NaN,NaN,0,0
pursuit,追踪法,target_pursuit,target,5.06453193670105,6127.98806949386,0,5000,270,0,0,500,0,NaN,NaN,0,0
pursuit,追踪法,target_pursuit,target,5.07453193670105,6122.98806949386,0,5000,270,0,0,500,0,NaN,NaN,0,0
pursuit,追踪法,target_pursuit,target,5.08453193670105,6117.98806949386,0,5000,270,0,0,500,0,NaN,NaN,0,0
pursuit,追踪法,target_pursuit,target,5.09453193670105,6112.98806949386,0,5000,270,0,0,500,0,NaN,NaN,0,0
pursuit,追踪法,target_pursuit,target,5.10453193670105,6107.98806949386,0,5000,270,0,0,500,0,NaN,NaN,0,0
pursuit,追踪法,target_pursuit,target,5.11453193670105,6102.98806949386,0,5000,270,0,0,500,0,NaN,NaN,0,0
pursuit,追踪法,target_pursuit,target,5.12453193670105,6097.98806949386,0,5000,270,0,0,500,0,NaN,NaN,0,0
pursuit,追踪法,target_pursuit,target,5.13453193670105,6092.98806949386,0,5000,270,0,0,500,0,NaN,NaN,0,0
pursuit,追踪法,target_pursuit,target,5.14453193670105,6087.98806949386,0,5000,270,0,0,500,0,NaN,NaN,0,0
pursuit,追踪法,target_pursuit,target,5.15453193670105,6082.98806949386,0,5000,270,0,0,500,0,NaN,NaN,0,0
pursuit,追踪法,target_pursuit,target,5.16453193670104,6077.98806949386,0,5000,270,0,0,500,0,NaN,NaN,0,0
pursuit,追踪法,target_pursuit,target,5.17453193670104,6072.98806949386,0,5000,270,0,0,500,0,NaN,NaN,0,0
pursuit,追踪法,target_pursuit,target,5.18453193670104,6067.98806949386,0,5000,270,0,0,500,0,NaN,NaN,0,0
pursuit,追踪法,target_pursuit,target,5.19453193670104,6062.98806949386,0,5000,270,0,0,500,0,NaN,NaN,0,0
pursuit,追踪法,target_pursuit,target,5.20453193670104,6057.98806949386,0,5000,270,0,0,500,0,NaN,NaN,0,0
pursuit,追踪法,target_pursuit,target,5.21453193670104,6052.98806949386,0,5000,270,0,0,500,0,NaN,NaN,0,0
pursuit,追踪法,target_pursuit,target,5.22453193670104,6047.98806949386,0,5000,270,0,0,500,0,NaN,NaN,0,0
pursuit,追踪法,target_pursuit,target,5.23453193670104,6042.98806949386,0,5000,270,0,0,500,0,NaN,NaN,0,0
pursuit,追踪法,target_pursuit,target,5.24453193670104,6037.98806949386,0,5000,270,0,0,500,0,NaN,NaN,0,0
pursuit,追踪法,target_pursuit,target,5.25453193670104,6032.98806949386,0,5000,270,0,0,500,0,NaN,NaN,0,0
pursuit,追踪法,target_pursuit,target,5.26453193670104,6027.98806949387,0,5000,270,0,0,500,0,NaN,NaN,0,0
pursuit,追踪法,target_pursuit,target,5.27453193670104,6022.98806949387,0,5000,270,0,0,500,0,NaN,NaN,0,0
pursuit,追踪法,target_pursuit,target,5.28453193670104,6017.98806949387,0,5000,270,0,0,500,0,NaN,NaN,0,0
pursuit,追踪法,target_pursuit,target,5.29453193670104,6012.98806949387,0,5000,270,0,0,500,0,NaN,NaN,0,0
pursuit,追踪法,target_pursuit,target,5.30453193670104,6007.98806949387,0,5000,270,0,0,500,0,NaN,NaN,0,0
pursuit,追踪法,target_pursuit,target,5.31453193670104,6002.98806949387,0,5000,270,0,0,500,0,NaN,NaN,0,0
pursuit,追踪法,target_pursuit,target,5.32453193670104,5997.98806949387,0,5000,270,0,0,500,0,NaN,NaN,0,0
pursuit,追踪法,target_pursuit,target,5.33453193670104,5992.98806949387,0,5000,270,0,0,500,0,NaN,NaN,0,0
pursuit,追踪法,target_pursuit,target,5.34453193670104,5987.98806949387,0,5000,270,0,0,500,0,NaN,NaN,0,0
pursuit,追踪法,target_pursuit,target,5.35453193670104,5982.98806949387,0,5000,270,0,0,500,0,NaN,NaN,0,0
pursuit,追踪法,target_pursuit,target,5.36453193670104,5977.98806949387,0,5000,270,0,0,500,0,NaN,NaN,0,0
pursuit,追踪法,target_pursuit,target,5.37453193670104,5972.98806949387,0,5000,270,0,0,500,0,NaN,NaN,0,0
pursuit,追踪法,target_pursuit,target,5.38453193670104,5967.98806949387,0,5000,270,0,0,500,0,NaN,NaN,0,0
pursuit,追踪法,target_pursuit,target,5.39453193670104,5962.98806949387,0,5000,270,0,0,500,0,NaN,NaN,0,0
pursuit,追踪法,target_pursuit,target,5.40453193670104,5957.98806949387,0,5000,270,0,0,500,0,NaN,NaN,0,0
pursuit,追踪法,target_pursuit,target,5.41453193670104,5952.98806949387,0,5000,270,0,0,500,0,NaN,NaN,0,0
pursuit,追踪法,target_pursuit,target,5.42453193670104,5947.98806949387,0,5000,270,0,0,500,0,NaN,NaN,0,0
pursuit,追踪法,target_pursuit,target,5.43453193670104,5942.98806949387,0,5000,270,0,0,500,0,NaN,NaN,0,0
pursuit,追踪法,target_pursuit,target,5.44453193670104,5937.98806949387,0,5000,270,0,0,500,0,NaN,NaN,0,0
pursuit,追踪法,target_pursuit,target,5.45453193670104,5932.98806949387,0,5000,270,0,0,500,0,NaN,NaN,0,0
pursuit,追踪法,target_pursuit,target,5.46453193670104,5927.98806949387,0,5000,270,0,0,500,0,NaN,NaN,0,0
pursuit,追踪法,target_pursuit,target,5.47453193670104,5922.98806949387,0,5000,270,0,0,500,0,NaN,NaN,0,0
pursuit,追踪法,target_pursuit,target,5.48453193670104,5917.98806949387,0,5000,270,0,0,500,0,NaN,NaN,0,0
pursuit,追踪法,target_pursuit,target,5.49453193670104,5912.98806949387,0,5000,270,0,0,500,0,NaN,NaN,0,0
pursuit,追踪法,target_pursuit,target,5.50453193670104,5907.98806949387,0,5000,270,0,0,500,0,NaN,NaN,0,0
pursuit,追踪法,target_pursuit,target,5.51453193670104,5902.98806949387,0,5000,270,0,0,500,0,NaN,NaN,0,0
pursuit,追踪法,target_pursuit,target,5.52453193670104,5897.98806949387,0,5000,270,0,0,500,0,NaN,NaN,0,0
pursuit,追踪法,target_pursuit,target,5.53453193670104,5892.98806949387,0,5000,270,0,0,500,0,NaN,NaN,0,0
pursuit,追踪法,target_pursuit,target,5.54453193670104,5887.98806949387,0,5000,270,0,0,500,0,NaN,NaN,0,0
pursuit,追踪法,target_pursuit,target,5.55453193670104,5882.98806949387,0,5000,270,0,0,500,0,NaN,NaN,0,0
pursuit,追踪法,target_pursuit,target,5.56453193670104,5877.98806949387,0,5000,270,0,0,500,0,NaN,NaN,0,0
pursuit,追踪法,target_pursuit,target,5.57453193670104,5872.98806949387,0,5000,270,0,0,500,0,NaN,NaN,0,0
pursuit,追踪法,target_pursuit,target,5.58453193670104,5867.98806949387,0,5000,270,0,0,500,0,NaN,NaN,0,0
pursuit,追踪法,target_pursuit,target,5.59453193670104,5862.98806949387,0,5000,270,0,0,500,0,NaN,NaN,0,0
pursuit,追踪法,target_pursuit,target,5.60453193670104,5857.98806949387,0,5000,270,0,0,500,0,NaN,NaN,0,0
pursuit,追踪法,target_pursuit,target,5.61453193670104,5852.98806949387,0,5000,270,0,0,500,0,NaN,NaN,0,0
pursuit,追踪法,target_pursuit,target,5.62453193670104,5847.98806949387,0,5000,270,0,0,500,0,NaN,NaN,0,0
pursuit,追踪法,target_pursuit,target,5.63453193670103,5842.98806949387,0,5000,270,0,0,500,0,NaN,NaN,0,0
pursuit,追踪法,target_pursuit,target,5.64453193670103,5837.98806949387,0,5000,270,0,0,500,0,NaN,NaN,0,0
pursuit,追踪法,target_pursuit,target,5.65453193670103,5832.98806949387,0,5000,270,0,0,500,0,NaN,NaN,0,0
pursuit,追踪法,target_pursuit,target,5.66453193670103,5827.98806949387,0,5000,270,0,0,500,0,NaN,NaN,0,0
pursuit,追踪法,target_pursuit,target,5.67453193670103,5822.98806949387,0,5000,270,0,0,500,0,NaN,NaN,0,0
pursuit,追踪法,target_pursuit,target,5.68453193670103,5817.98806949387,0,5000,270,0,0,500,0,NaN,NaN,0,0
pursuit,追踪法,target_pursuit,target,5.69453193670103,5812.98806949387,0,5000,270,0,0,500,0,NaN,NaN,0,0
pursuit,追踪法,target_pursuit,target,5.70453193670103,5807.98806949387,0,5000,270,0,0,500,0,NaN,NaN,0,0
pursuit,追踪法,target_pursuit,target,5.71453193670103,5802.98806949387,0,5000,270,0,0,500,0,NaN,NaN,0,0
pursuit,追踪法,target_pursuit,target,5.72453193670103,5797.98806949387,0,5000,270,0,0,500,0,NaN,NaN,0,0
pursuit,追踪法,target_pursuit,target,5.73453193670103,5792.98806949387,0,5000,270,0,0,500,0,NaN,NaN,0,0
pursuit,追踪法,target_pursuit,target,5.74453193670103,5787.98806949387,0,5000,270,0,0,500,0,NaN,NaN,0,0
pursuit,追踪法,target_pursuit,target,5.75453193670103,5782.98806949387,0,5000,270,0,0,500,0,NaN,NaN,0,0
pursuit,追踪法,target_pursuit,target,5.76453193670103,5777.98806949387,0,5000,270,0,0,500,0,NaN,NaN,0,0
pursuit,追踪法,target_pursuit,target,5.77453193670103,5772.98806949387,0,5000,270,0,0,500,0,NaN,NaN,0,0
pursuit,追踪法,target_pursuit,target,5.78453193670103,5767.98806949387,0,5000,270,0,0,500,0,NaN,NaN,0,0
pursuit,追踪法,target_pursuit,target,5.79453193670103,5762.98806949387,0,5000,270,0,0,500,0,NaN,NaN,0,0
pursuit,追踪法,target_pursuit,target,5.80453193670103,5757.98806949387,0,5000,270,0,0,500,0,NaN,NaN,0,0
pursuit,追踪法,target_pursuit,target,5.81453193670103,5752.98806949387,0,5000,270,0,0,500,0,NaN,NaN,0,0
pursuit,追踪法,target_pursuit,target,5.82453193670103,5747.98806949387,0,5000,270,0,0,500,0,NaN,NaN,0,0
pursuit,追踪法,target_pursuit,target,5.83453193670103,5742.98806949387,0,5000,270,0,0,500,0,NaN,NaN,0,0
pursuit,追踪法,target_pursuit,target,5.84453193670103,5737.98806949387,0,5000,270,0,0,500,0,NaN,NaN,0,0
pursuit,追踪法,target_pursuit,target,5.85453193670103,5732.98806949387,0,5000,270,0,0,500,0,NaN,NaN,0,0
pursuit,追踪法,target_pursuit,target,5.86453193670103,5727.98806949387,0,5000,270,0,0,500,0,NaN,NaN,0,0
pursuit,追踪法,target_pursuit,target,5.87453193670103,5722.98806949387,0,5000,270,0,0,500,0,NaN,NaN,0,0
pursuit,追踪法,target_pursuit,target,5.88453193670103,5717.98806949387,0,5000,270,0,0,500,0,NaN,NaN,0,0
pursuit,追踪法,target_pursuit,target,5.89453193670103,5712.98806949387,0,5000,270,0,0,500,0,NaN,NaN,0,0
pursuit,追踪法,target_pursuit,target,5.90453193670103,5707.98806949387,0,5000,270,0,0,500,0,NaN,NaN,0,0
pursuit,追踪法,target_pursuit,target,5.91453193670103,5702.98806949387,0,5000,270,0,0,500,0,NaN,NaN,0,0
pursuit,追踪法,target_pursuit,target,5.92453193670103,5697.98806949387,0,5000,270,0,0,500,0,NaN,NaN,0,0
pursuit,追踪法,target_pursuit,target,5.93453193670103,5692.98806949387,0,5000,270,0,0,500,0,NaN,NaN,0,0
pursuit,追踪法,target_pursuit,target,5.94453193670103,5687.98806949387,0,5000,270,0,0,500,0,NaN,NaN,0,0
pursuit,追踪法,target_pursuit,target,5.95453193670103,5682.98806949387,0,5000,270,0,0,500,0,NaN,NaN,0,0
pursuit,追踪法,target_pursuit,target,5.96453193670103,5677.98806949387,0,5000,270,0,0,500,0,NaN,NaN,0,0
pursuit,追踪法,target_pursuit,target,5.97453193670103,5672.98806949387,0,5000,270,0,0,500,0,NaN,NaN,0,0
pursuit,追踪法,target_pursuit,target,5.98453193670103,5667.98806949387,0,5000,270,0,0,500,0,NaN,NaN,0,0
pursuit,追踪法,target_pursuit,target,5.99453193670103,5662.98806949387,0,5000,270,0,0,500,0,NaN,NaN,0,0
pursuit,追踪法,target_pursuit,target,6.00453193670103,5657.98806949387,0,5000,270,0,0,500,0,NaN,NaN,0,0
pursuit,追踪法,target_pursuit,target,6.01453193670103,5652.98806949387,0,5000,270,0,0,500,0,NaN,NaN,0,0
pursuit,追踪法,target_pursuit,target,6.02453193670103,5647.98806949387,0,5000,270,0,0,500,0,NaN,NaN,0,0
pursuit,追踪法,target_pursuit,target,6.03453193670103,5642.98806949387,0,5000,270,0,0,500,0,NaN,NaN,0,0
pursuit,追踪法,target_pursuit,target,6.04453193670103,5637.98806949387,0,5000,270,0,0,500,0,NaN,NaN,0,0
pursuit,追踪法,target_pursuit,target,6.05453193670103,5632.98806949387,0,5000,270,0,0,500,0,NaN,NaN,0,0
pursuit,追踪法,target_pursuit,target,6.06453193670103,5627.98806949387,0,5000,270,0,0,500,0,NaN,NaN,0,0
pursuit,追踪法,target_pursuit,target,6.07453193670103,5622.98806949387,0,5000,270,0,0,500,0,NaN,NaN,0,0
pursuit,追踪法,target_pursuit,target,6.08453193670103,5617.98806949387,0,5000,270,0,0,500,0,NaN,NaN,0,0
pursuit,追踪法,target_pursuit,target,6.09453193670103,5612.98806949387,0,5000,270,0,0,500,0,NaN,NaN,0,0
pursuit,追踪法,target_pursuit,target,6.10453193670102,5607.98806949387,0,5000,270,0,0,500,0,NaN,NaN,0,0
pursuit,追踪法,target_pursuit,target,6.11453193670102,5602.98806949387,0,5000,270,0,0,500,0,NaN,NaN,0,0
pursuit,追踪法,target_pursuit,target,6.12453193670102,5597.98806949387,0,5000,270,0,0,500,0,NaN,NaN,0,0
pursuit,追踪法,target_pursuit,target,6.13453193670102,5592.98806949387,0,5000,270,0,0,500,0,NaN,NaN,0,0
pursuit,追踪法,target_pursuit,target,6.14453193670102,5587.98806949387,0,5000,270,0,0,500,0,NaN,NaN,0,0
pursuit,追踪法,target_pursuit,target,6.15453193670102,5582.98806949387,0,5000,270,0,0,500,0,NaN,NaN,0,0
pursuit,追踪法,target_pursuit,target,6.16453193670102,5577.98806949387,0,5000,270,0,0,500,0,NaN,NaN,0,0
pursuit,追踪法,target_pursuit,target,6.17453193670102,5572.98806949387,0,5000,270,0,0,500,0,NaN,NaN,0,0
pursuit,追踪法,target_pursuit,target,6.18453193670102,5567.98806949387,0,5000,270,0,0,500,0,NaN,NaN,0,0
pursuit,追踪法,target_pursuit,target,6.19453193670102,5562.98806949387,0,5000,270,0,0,500,0,NaN,NaN,0,0
pursuit,追踪法,target_pursuit,target,6.20453193670102,5557.98806949387,0,5000,270,0,0,500,0,NaN,NaN,0,0
pursuit,追踪法,target_pursuit,target,6.21453193670102,5552.98806949387,0,5000,270,0,0,500,0,NaN,NaN,0,0
pursuit,追踪法,target_pursuit,target,6.22453193670102,5547.98806949387,0,5000,270,0,0,500,0,NaN,NaN,0,0
pursuit,追踪法,target_pursuit,target,6.23453193670102,5542.98806949387,0,5000,270,0,0,500,0,NaN,NaN,0,0
pursuit,追踪法,target_pursuit,target,6.24453193670102,5537.98806949388,0,5000,270,0,0,500,0,NaN,NaN,0,0
pursuit,追踪法,target_pursuit,target,6.25453193670102,5532.98806949388,0,5000,270,0,0,500,0,NaN,NaN,0,0
pursuit,追踪法,target_pursuit,target,6.26453193670102,5527.98806949388,0,5000,270,0,0,500,0,NaN,NaN,0,0
pursuit,追踪法,target_pursuit,target,6.27453193670102,5522.98806949388,0,5000,270,0,0,500,0,NaN,NaN,0,0
pursuit,追踪法,target_pursuit,target,6.28453193670102,5517.98806949388,0,5000,270,0,0,500,0,NaN,NaN,0,0
pursuit,追踪法,target_pursuit,target,6.29453193670102,5512.98806949388,0,5000,270,0,0,500,0,NaN,NaN,0,0
pursuit,追踪法,target_pursuit,target,6.30453193670102,5507.98806949388,0,5000,270,0,0,500,0,NaN,NaN,0,0
pursuit,追踪法,target_pursuit,target,6.31453193670102,5502.98806949388,0,5000,270,0,0,500,0,NaN,NaN,0,0
pursuit,追踪法,target_pursuit,target,6.32453193670102,5497.98806949388,0,5000,270,0,0,500,0,NaN,NaN,0,0
pursuit,追踪法,target_pursuit,target,6.33453193670102,5492.98806949388,0,5000,270,0,0,500,0,NaN,NaN,0,0
pursuit,追踪法,target_pursuit,target,6.34453193670102,5487.98806949388,0,5000,270,0,0,500,0,NaN,NaN,0,0
pursuit,追踪法,target_pursuit,target,6.35453193670102,5482.98806949388,0,5000,270,0,0,500,0,NaN,NaN,0,0
pursuit,追踪法,target_pursuit,target,6.36453193670102,5477.98806949388,0,5000,270,0,0,500,0,NaN,NaN,0,0
pursuit,追踪法,target_pursuit,target,6.37453193670102,5472.98806949388,0,5000,270,0,0,500,0,NaN,NaN,0,0
pursuit,追踪法,target_pursuit,target,6.38453193670102,5467.98806949388,0,5000,270,0,0,500,0,NaN,NaN,0,0
pursuit,追踪法,target_pursuit,target,6.39453193670102,5462.98806949388,0,5000,270,0,0,500,0,NaN,NaN,0,0
pursuit,追踪法,target_pursuit,target,6.40453193670102,5457.98806949388,0,5000,270,0,0,500,0,NaN,NaN,0,0
pursuit,追踪法,target_pursuit,target,6.41453193670102,5452.98806949388,0,5000,270,0,0,500,0,NaN,NaN,0,0
pursuit,追踪法,target_pursuit,target,6.42453193670102,5447.98806949388,0,5000,270,0,0,500,0,NaN,NaN,0,0
pursuit,追踪法,target_pursuit,target,6.43453193670102,5442.98806949388,0,5000,270,0,0,500,0,NaN,NaN,0,0
pursuit,追踪法,target_pursuit,target,6.44453193670102,5437.98806949388,0,5000,270,0,0,500,0,NaN,NaN,0,0
pursuit,追踪法,target_pursuit,target,6.45453193670102,5432.98806949388,0,5000,270,0,0,500,0,NaN,NaN,0,0
pursuit,追踪法,target_pursuit,target,6.46453193670102,5427.98806949388,0,5000,270,0,0,500,0,NaN,NaN,0,0
pursuit,追踪法,target_pursuit,target,6.47453193670102,5422.98806949388,0,5000,270,0,0,500,0,NaN,NaN,0,0
pursuit,追踪法,target_pursuit,target,6.48453193670102,5417.98806949388,0,5000,270,0,0,500,0,NaN,NaN,0,0
pursuit,追踪法,target_pursuit,target,6.49453193670102,5412.98806949388,0,5000,270,0,0,500,0,NaN,NaN,0,0
pursuit,追踪法,target_pursuit,target,6.50453193670102,5407.98806949388,0,5000,270,0,0,500,0,NaN,NaN,0,0
pursuit,追踪法,target_pursuit,target,6.51453193670102,5402.98806949388,0,5000,270,0,0,500,0,NaN,NaN,0,0
pursuit,追踪法,target_pursuit,target,6.52453193670102,5397.98806949388,0,5000,270,0,0,500,0,NaN,NaN,0,0
pursuit,追踪法,target_pursuit,target,6.53453193670102,5392.98806949388,0,5000,270,0,0,500,0,NaN,NaN,0,0
pursuit,追踪法,target_pursuit,target,6.54453193670102,5387.98806949388,0,5000,270,0,0,500,0,NaN,NaN,0,0
pursuit,追踪法,target_pursuit,target,6.55453193670102,5382.98806949388,0,5000,270,0,0,500,0,NaN,NaN,0,0
pursuit,追踪法,target_pursuit,target,6.56453193670102,5377.98806949388,0,5000,270,0,0,500,0,NaN,NaN,0,0
pursuit,追踪法,target_pursuit,target,6.57453193670101,5372.98806949388,0,5000,270,0,0,500,0,NaN,NaN,0,0
pursuit,追踪法,target_pursuit,target,6.58453193670101,5367.98806949388,0,5000,270,0,0,500,0,NaN,NaN,0,0
pursuit,追踪法,target_pursuit,target,6.59453193670101,5362.98806949388,0,5000,270,0,0,500,0,NaN,NaN,0,0
pursuit,追踪法,target_pursuit,target,6.60453193670101,5357.98806949388,0,5000,270,0,0,500,0,NaN,NaN,0,0
pursuit,追踪法,target_pursuit,target,6.61453193670101,5352.98806949388,0,5000,270,0,0,500,0,NaN,NaN,0,0
pursuit,追踪法,target_pursuit,target,6.62453193670101,5347.98806949388,0,5000,270,0,0,500,0,NaN,NaN,0,0
pursuit,追踪法,target_pursuit,target,6.63453193670101,5342.98806949388,0,5000,270,0,0,500,0,NaN,NaN,0,0
pursuit,追踪法,target_pursuit,target,6.64453193670101,5337.98806949388,0,5000,270,0,0,500,0,NaN,NaN,0,0
pursuit,追踪法,target_pursuit,target,6.65453193670101,5332.98806949388,0,5000,270,0,0,500,0,NaN,NaN,0,0
pursuit,追踪法,target_pursuit,target,6.66453193670101,5327.98806949388,0,5000,270,0,0,500,0,NaN,NaN,0,0
pursuit,追踪法,target_pursuit,target,6.67453193670101,5322.98806949388,0,5000,270,0,0,500,0,NaN,NaN,0,0
pursuit,追踪法,target_pursuit,target,6.68453193670101,5317.98806949388,0,5000,270,0,0,500,0,NaN,NaN,0,0
pursuit,追踪法,target_pursuit,target,6.69453193670101,5312.98806949388,0,5000,270,0,0,500,0,NaN,NaN,0,0
pursuit,追踪法,target_pursuit,target,6.70453193670101,5307.98806949388,0,5000,270,0,0,500,0,NaN,NaN,0,0
pursuit,追踪法,target_pursuit,target,6.71453193670101,5302.98806949388,0,5000,270,0,0,500,0,NaN,NaN,0,0
pursuit,追踪法,target_pursuit,target,6.72453193670101,5297.98806949388,0,5000,270,0,0,500,0,NaN,NaN,0,0
pursuit,追踪法,target_pursuit,target,6.73453193670101,5292.98806949388,0,5000,270,0,0,500,0,NaN,NaN,0,0
pursuit,追踪法,target_pursuit,target,6.74453193670101,5287.98806949388,0,5000,270,0,0,500,0,NaN,NaN,0,0
pursuit,追踪法,target_pursuit,target,6.75453193670101,5282.98806949388,0,5000,270,0,0,500,0,NaN,NaN,0,0
pursuit,追踪法,target_pursuit,target,6.76453193670101,5277.98806949388,0,5000,270,0,0,500,0,NaN,NaN,0,0
pursuit,追踪法,target_pursuit,target,6.77453193670101,5272.98806949388,0,5000,270,0,0,500,0,NaN,NaN,0,0
pursuit,追踪法,target_pursuit,target,6.78453193670101,5267.98806949388,0,5000,270,0,0,500,0,NaN,NaN,0,0
pursuit,追踪法,target_pursuit,target,6.79453193670101,5262.98806949388,0,5000,270,0,0,500,0,NaN,NaN,0,0
pursuit,追踪法,target_pursuit,target,6.80453193670101,5257.98806949388,0,5000,270,0,0,500,0,NaN,NaN,0,0
pursuit,追踪法,target_pursuit,target,6.81453193670101,5252.98806949388,0,5000,270,0,0,500,0,NaN,NaN,0,0
pursuit,追踪法,target_pursuit,target,6.82453193670101,5247.98806949388,0,5000,270,0,0,500,0,NaN,NaN,0,0
pursuit,追踪法,target_pursuit,target,6.83453193670101,5242.98806949388,0,5000,270,0,0,500,0,NaN,NaN,0,0
pursuit,追踪法,target_pursuit,target,6.84453193670101,5237.98806949388,0,5000,270,0,0,500,0,NaN,NaN,0,0
pursuit,追踪法,target_pursuit,target,6.85453193670101,5232.98806949388,0,5000,270,0,0,500,0,NaN,NaN,0,0
pursuit,追踪法,target_pursuit,target,6.86453193670101,5227.98806949388,0,5000,270,0,0,500,0,NaN,NaN,0,0
pursuit,追踪法,target_pursuit,target,6.87453193670101,5222.98806949388,0,5000,270,0,0,500,0,NaN,NaN,0,0
pursuit,追踪法,target_pursuit,target,6.88453193670101,5217.98806949388,0,5000,270,0,0,500,0,NaN,NaN,0,0
pursuit,追踪法,target_pursuit,target,6.89453193670101,5212.98806949388,0,5000,270,0,0,500,0,NaN,NaN,0,0
pursuit,追踪法,target_pursuit,target,6.90453193670101,5207.98806949388,0,5000,270,0,0,500,0,NaN,NaN,0,0
pursuit,追踪法,target_pursuit,target,6.91453193670101,5202.98806949388,0,5000,270,0,0,500,0,NaN,NaN,0,0
pursuit,追踪法,target_pursuit,target,6.92453193670101,5197.98806949388,0,5000,270,0,0,500,0,NaN,NaN,0,0
pursuit,追踪法,target_pursuit,target,6.93453193670101,5192.98806949388,0,5000,270,0,0,500,0,NaN,NaN,0,0
pursuit,追踪法,target_pursuit,target,6.94453193670101,5187.98806949388,0,5000,270,0,0,500,0,NaN,NaN,0,0
pursuit,追踪法,target_pursuit,target,6.95453193670101,5182.98806949388,0,5000,270,0,0,500,0,NaN,NaN,0,0
pursuit,追踪法,target_pursuit,target,6.96453193670101,5177.98806949388,0,5000,270,0,0,500,0,NaN,NaN,0,0
pursuit,追踪法,target_pursuit,target,6.97453193670101,5172.98806949388,0,5000,270,0,0,500,0,NaN,NaN,0,0
pursuit,追踪法,target_pursuit,target,6.98453193670101,5167.98806949388,0,5000,270,0,0,500,0,NaN,NaN,0,0
pursuit,追踪法,target_pursuit,target,6.99453193670101,5162.98806949388,0,5000,270,0,0,500,0,NaN,NaN,0,0
pursuit,追踪法,target_pursuit,target,7.00453193670101,5157.98806949388,0,5000,270,0,0,500,0,NaN,NaN,0,0
pursuit,追踪法,target_pursuit,target,7.01453193670101,5152.98806949388,0,5000,270,0,0,500,0,NaN,NaN,0,0
pursuit,追踪法,target_pursuit,target,7.02453193670101,5147.98806949388,0,5000,270,0,0,500,0,NaN,NaN,0,0
pursuit,追踪法,target_pursuit,target,7.03453193670101,5142.98806949388,0,5000,270,0,0,500,0,NaN,NaN,0,0
pursuit,追踪法,target_pursuit,target,7.044531936701,5137.98806949388,0,5000,270,0,0,500,0,NaN,NaN,0,0
pursuit,追踪法,target_pursuit,target,7.054531936701,5132.98806949388,0,5000,270,0,0,500,0,NaN,NaN,0,0
pursuit,追踪法,target_pursuit,target,7.064531936701,5127.98806949388,0,5000,270,0,0,500,0,NaN,NaN,0,0
pursuit,追踪法,target_pursuit,target,7.074531936701,5122.98806949388,0,5000,270,0,0,500,0,NaN,NaN,0,0
pursuit,追踪法,target_pursuit,target,7.084531936701,5117.98806949388,0,5000,270,0,0,500,0,NaN,NaN,0,0
pursuit,追踪法,target_pursuit,target,7.094531936701,5112.98806949388,0,5000,270,0,0,500,0,NaN,NaN,0,0
pursuit,追踪法,target_pursuit,target,7.104531936701,5107.98806949388,0,5000,270,0,0,500,0,NaN,NaN,0,0
pursuit,追踪法,target_pursuit,target,7.114531936701,5102.98806949388,0,5000,270,0,0,500,0,NaN,NaN,0,0
pursuit,追踪法,target_pursuit,target,7.124531936701,5097.98806949388,0,5000,270,0,0,500,0,NaN,NaN,0,0
pursuit,追踪法,target_pursuit,target,7.134531936701,5092.98806949388,0,5000,270,0,0,500,0,NaN,NaN,0,0
pursuit,追踪法,target_pursuit,target,7.144531936701,5087.98806949389,0,5000,270,0,0,500,0,NaN,NaN,0,0
pursuit,追踪法,target_pursuit,target,7.154531936701,5082.98806949389,0,5000,270,0,0,500,0,NaN,NaN,0,0
pursuit,追踪法,target_pursuit,target,7.164531936701,5077.98806949389,0,5000,270,0,0,500,0,NaN,NaN,0,0
pursuit,追踪法,target_pursuit,target,7.174531936701,5072.98806949389,0,5000,270,0,0,500,0,NaN,NaN,0,0
pursuit,追踪法,target_pursuit,target,7.184531936701,5067.98806949389,0,5000,270,0,0,500,0,NaN,NaN,0,0
pursuit,追踪法,target_pursuit,target,7.194531936701,5062.98806949389,0,5000,270,0,0,500,0,NaN,NaN,0,0
pursuit,追踪法,target_pursuit,target,7.204531936701,5057.98806949389,0,5000,270,0,0,500,0,NaN,NaN,0,0
pursuit,追踪法,target_pursuit,target,7.214531936701,5052.98806949389,0,5000,270,0,0,500,0,NaN,NaN,0,0
pursuit,追踪法,target_pursuit,target,7.224531936701,5047.98806949389,0,5000,270,0,0,500,0,NaN,NaN,0,0
pursuit,追踪法,target_pursuit,target,7.234531936701,5042.98806949389,0,5000,270,0,0,500,0,NaN,NaN,0,0
pursuit,追踪法,target_pursuit,target,7.244531936701,5037.98806949389,0,5000,270,0,0,500,0,NaN,NaN,0,0
pursuit,追踪法,target_pursuit,target,7.254531936701,5032.98806949389,0,5000,270,0,0,500,0,NaN,NaN,0,0
pursuit,追踪法,target_pursuit,target,7.264531936701,5027.98806949389,0,5000,270,0,0,500,0,NaN,NaN,0,0
pursuit,追踪法,target_pursuit,target,7.274531936701,5022.98806949389,0,5000,270,0,0,500,0,NaN,NaN,0,0
pursuit,追踪法,target_pursuit,target,7.284531936701,5017.98806949389,0,5000,270,0,0,500,0,NaN,NaN,0,0
pursuit,追踪法,target_pursuit,target,7.294531936701,5012.98806949389,0,5000,270,0,0,500,0,NaN,NaN,0,0
pursuit,追踪法,target_pursuit,target,7.304531936701,5007.98806949389,0,5000,270,0,0,500,0,NaN,NaN,0,0
pursuit,追踪法,target_pursuit,target,7.314531936701,5002.98806949389,0,5000,270,0,0,500,0,NaN,NaN,0,0
pursuit,追踪法,target_pursuit,target,7.324531936701,4997.98806949389,0,5000,270,0,0,500,0,NaN,NaN,0,0
pursuit,追踪法,target_pursuit,target,7.334531936701,4992.98806949389,0,5000,270,0,0,500,0,NaN,NaN,0,0
pursuit,追踪法,target_pursuit,target,7.344531936701,4987.98806949389,0,5000,270,0,0,500,0,NaN,NaN,0,0
pursuit,追踪法,target_pursuit,target,7.354531936701,4982.98806949389,0,5000,270,0,0,500,0,NaN,NaN,0,0
pursuit,追踪法,target_pursuit,target,7.364531936701,4977.98806949389,0,5000,270,0,0,500,0,NaN,NaN,0,0
pursuit,追踪法,target_pursuit,target,7.374531936701,4972.98806949389,0,5000,270,0,0,500,0,NaN,NaN,0,0
pursuit,追踪法,target_pursuit,target,7.384531936701,4967.98806949389,0,5000,270,0,0,500,0,NaN,NaN,0,0
pursuit,追踪法,target_pursuit,target,7.394531936701,4962.98806949389,0,5000,270,0,0,500,0,NaN,NaN,0,0
pursuit,追踪法,target_pursuit,target,7.404531936701,4957.98806949389,0,5000,270,0,0,500,0,NaN,NaN,0,0
pursuit,追踪法,target_pursuit,target,7.414531936701,4952.98806949389,0,5000,270,0,0,500,0,NaN,NaN,0,0
pursuit,追踪法,target_pursuit,target,7.424531936701,4947.98806949389,0,5000,270,0,0,500,0,NaN,NaN,0,0
pursuit,追踪法,target_pursuit,target,7.434531936701,4942.98806949389,0,5000,270,0,0,500,0,NaN,NaN,0,0
pursuit,追踪法,target_pursuit,target,7.444531936701,4937.98806949389,0,5000,270,0,0,500,0,NaN,NaN,0,0
pursuit,追踪法,target_pursuit,target,7.454531936701,4932.98806949389,0,5000,270,0,0,500,0,NaN,NaN,0,0
pursuit,追踪法,target_pursuit,target,7.464531936701,4927.98806949389,0,5000,270,0,0,500,0,NaN,NaN,0,0
pursuit,追踪法,target_pursuit,target,7.474531936701,4922.98806949389,0,5000,270,0,0,500,0,NaN,NaN,0,0
pursuit,追踪法,target_pursuit,target,7.484531936701,4917.98806949389,0,5000,270,0,0,500,0,NaN,NaN,0,0
pursuit,追踪法,target_pursuit,target,7.494531936701,4912.98806949389,0,5000,270,0,0,500,0,NaN,NaN,0,0
pursuit,追踪法,target_pursuit,target,7.504531936701,4907.98806949389,0,5000,270,0,0,500,0,NaN,NaN,0,0
pursuit,追踪法,target_pursuit,target,7.51453193670099,4902.98806949389,0,5000,270,0,0,500,0,NaN,NaN,0,0
pursuit,追踪法,target_pursuit,target,7.52453193670099,4897.98806949389,0,5000,270,0,0,500,0,NaN,NaN,0,0
pursuit,追踪法,target_pursuit,target,7.53453193670099,4892.98806949389,0,5000,270,0,0,500,0,NaN,NaN,0,0
pursuit,追踪法,target_pursuit,target,7.54453193670099,4887.98806949389,0,5000,270,0,0,500,0,NaN,NaN,0,0
pursuit,追踪法,target_pursuit,target,7.55453193670099,4882.98806949389,0,5000,270,0,0,500,0,NaN,NaN,0,0
pursuit,追踪法,target_pursuit,target,7.55671515410621,4881.89646079128,0,5000,270,0,0,500,0,NaN,NaN,0,0
pursuit,追踪法,target_pursuit,target,7.55889837151143,4880.80485208867,0,5000,270,0,0,500,0,NaN,NaN,0,0
pursuit,追踪法,target_pursuit,target,7.55965205891957,4880.4280083846,0,5000,270,0,0,500,0,NaN,NaN,0,0
pursuit,追踪法,target_pursuit,target,7.55972966357052,4880.38920605913,0,5000,270,0,0,500,0,NaN,NaN,0,0
pursuit,追踪法,target_pursuit,target,7.55980726822148,4880.35040373365,0,5000,270,0,0,500,0,NaN,NaN,0,0
pursuit,追踪法,target_pursuit,target,7.55985526448042,4880.32640560417,0,5000,270,0,0,500,0,NaN,NaN,0,0
