method_id,method_name,object_id,object_type,time_s,x_m,y_m,z_m,heading_deg,pitch_deg,roll_deg,speed_mps,r_m,q_deg,qdot_deg_s,a_n_m_s2,n_g
three_point,三点法,station_three_point,station,0,0,-30000,0,0,0,0,0,0,0,0,0,0
three_point,三点法,missile_three_point,missile,0,0,-30000,0,59.9999997121591,30.0000002878409,0,1000,10000,30,1.43239448782704,24.9999999999998,2.5492905324448
three_point,三点法,missile_three_point,missile,2.00950914520766e-07,0.000174028596383933,-30000,0.000100475458134663,59.999998272954,30.000001727046,0,1000,9999.99971203479,30.000000287841,1.4323945415389,25.0000004350712,2.54929057680974
three_point,三点法,missile_three_point,missile,1.2057054871246e-06,0.00104417156316062,-30000,0.000602852775036386,59.9999907890861,30.0000092109139,0,1000,9999.99827220873,30.000001727046,1.43239481009825,25.0000026104289,2.54929079863449
three_point,三点法,missile_three_point,missile,6.22947835014376e-06,0.00539488601846944,-30000,0.00311474001525527,59.9999533696975,30.0000466303025,0,1000,9999.99107307852,30.0000089230729,1.43239615289621,25.0000134872209,2.5492919077586
three_point,三点法,missile_three_point,missile,3.13483426652396e-05,0.0271484488306269,-30000,0.0156741926091238,59.9997662715316,30.0002337284684,0,1000,9999.95507742985,30.0000449032542,1.43240286691637,25.0000678712754,2.54929745338881
three_point,三点法,missile_three_point,missile,0.000156942664240719,0.135916026279088,-30000,0.0784718653999679,59.998830750129,30.001169249871,0,1000,9999.77509924565,30.0002248053349,1.43243643777611,25.0003397939141,2.54932518178115
three_point,三点法,missile_three_point,missile,0.000784914272118113,0.679747997880815,-30000,0.392470475160421,59.9941523786696,30.0058476213304,0,1000,9998.87520980356,30.0011243450906,1.43260431105025,25.0016994662623,2.54946382977493
three_point,三点法,missile_three_point,missile,0.00392477231150509,3.39875992331084,-30000,1.96271970270716,59.9789171765547,30.0210828234453,0,1000,9994.37579957705,30.0056227777847,1.43344415206989,25.0084993071213,2.55015722057189
three_point,三点法,missile_three_point,missile,0.0139247723115051,12.0567803849205,-30000,6.96658616756993,59.9600661447134,30.0399338552865,0,1000,9980.04623098924,30.0199578000582,1.43612420807556,25.0301722684395,2.55236724757583
three_point,三点法,missile_three_point,missile,0.0239247723115051,20.712293296019,-30000,11.9747888543831,59.9313477123014,30.0686522876986,0,1000,9965.71728940705,30.0343052471973,1.43881233043946,25.0518702750192,2.55457982848569
three_point,三点法,missile_three_point,missile,0.0339247723115051,29.3652932196406,-30000,16.9873321432486,59.902591927815,30.097408072185,0,1000,9951.38897627601,30.0486651335611,1.44150855363888,25.0735933594073,2.55679496662034
three_point,三点法,missile_three_point,missile,0.0439247723115051,38.0157747059321,-30000,22.0042204169506,59.8737987336845,30.1262012663155,0,1000,9937.06129304621,30.0630374735275,1.44421291234471,25.0953415541883,2.55901266530245
three_point,三点法,missile_three_point,missile,0.0539247723115051,46.6637322921222,-30000,27.0254580609442,59.8449680722451,30.1550319277549,0,1000,9922.73424117232,30.0774222814929,1.44692544142277,25.117114891984,2.56123292785855
three_point,三点法,missile_three_point,missile,0.0639247723115051,55.3091605024892,-30000,32.0510494633458,59.8160998857356,30.1839001142644,0,1000,9908.40782211362,30.0918195718728,1.44964617593521,25.1389134054539,2.56345575761896
three_point,三点法,missile_three_point,missile,0.0739247723115051,63.9520538483306,-30000,37.0809990149222,59.7871941163012,30.2128058836989,0,1000,9894.08203733402,30.1062293591009,1.45237515114187,25.1607371272949,2.56568115791784
three_point,三点法,missile_three_point,missile,0.0839247723115051,72.5924068279306,-30000,42.1153111090799,59.7582507059898,30.2417492940102,0,1000,9879.75688830205,30.1206516576301,1.4551124025017,25.1825860902414,2.56790913209316
three_point,三点法,missile_three_point,missile,0.0939247723115051,81.230213926529,-30000,47.1539901418547,59.7292695967551,30.2707304032449,0,1000,9865.4323764909,30.1350864819318,1.45785796567409,25.2044603270653,2.57013968348675
three_point,三点法,missile_three_point,missile,0.103924772311505,89.8654696162896,-30000,52.1970405119006,59.700250730454,30.299749269546,0,1000,9851.10850337843,30.1495338464962,1.46061187652037,25.226359870576,2.57237281544421
three_point,三点法,missile_three_point,missile,0.113924772311505,98.498168356268,-30000,57.2444666204794,59.6711940488468,30.3288059511532,0,1000,9836.78527044718,30.1639937658325,1.46337417110517,25.2482847536203,2.574608531315
three_point,三点法,missile_three_point,missile,0.123924772311505,107.12830459238,-30000,62.2962728714494,59.6420994936006,30.3579005063994,0,1000,9822.46267918438,30.1784662544686,1.46614488569787,25.2702350090826,2.5768468344524
three_point,三点法,missile_three_point,missile,0.133924772311505,115.755872757371,-30000,67.3524636712545,59.6129670062822,30.3870329937178,0,1000,9808.140731082,30.1929513269511,1.46892405677409,25.2922106698848,2.57908772821348
three_point,三点法,missile_three_point,missile,0.143924772311505,124.38086727078,-30000,72.4130434289131,59.583796528365,30.416203471635,0,1000,9793.81942763672,30.2074489978457,1.47171172101707,25.3142117689861,2.58133121595918
three_point,三点法,missile_three_point,missile,0.153924772311505,133.003282538914,-30000,77.478016556007,59.5545880012247,30.4454119987753,0,1000,9779.49877034996,30.221959281737,1.47450791531923,25.3362383393834,2.58357730105422
three_point,三点法,missile_three_point,missile,0.163924772311505,141.623112954809,-30000,82.5473874666704,59.5253413661399,30.4746586338601,0,1000,9765.17876072794,30.2364821932284,1.47731267678358,25.3582904141109,2.58582598686717
three_point,三点法,missile_three_point,missile,0.173924772311505,150.240352898204,-30000,87.621160577578,59.4960565642933,30.5039434357067,0,1000,9750.85940028162,30.2510177469422,1.48012604272529,25.3803680262404,2.58807727677039
three_point,三点法,missile_three_point,missile,0.183924772311505,158.854996735503,-30000,92.699340307934,59.4667335367688,30.5332664632312,0,1000,9736.54069052677,30.2655659575198,1.48294805067313,25.402471208881,2.5903311741401
three_point,三点法,missile_three_point,missile,0.193924772311505,167.467038819748,-30000,97.7819310794607,59.4373722245553,30.5626277754447,0,1000,9722.22263298398,30.2801268396216,1.48577873837105,25.4245999951793,2.59258768235629
three_point,三点法,missile_three_point,missile,0.203924772311505,176.076473490583,-30000,102.868937316387,59.4079725685439,30.5920274314561,0,1000,9707.90522917867,30.2947004079267,1.48861814377969,25.4467544183196,2.59484680480282
three_point,三点法,missile_three_point,missile,0.213924772311505,184.683295074222,-30000,107.960363445435,59.3785345095275,30.6214654904725,0,1000,9693.58848064108,30.3092866771337,1.49146630507794,25.4689345115232,2.59710854486733
three_point,三点法,missile_three_point,missile,0.223924772311505,193.287497883419,-30000,113.056213895812,59.349057988199,30.650942011801,0,1000,9679.27238890634,30.3238856619598,1.49432326066447,25.4911403080493,2.59937290594131
three_point,三点法,missile_three_point,missile,0.233924772311505,201.889076217433,-30000,118.156493099196,59.3195429451594,30.6804570548406,0,1000,9664.95695551445,30.3384973771416,1.49718904915938,25.5133718411942,2.60163989142002
three_point,三点法,missile_three_point,missile,0.243924772311505,210.488024361994,-30000,123.261205489722,59.2899893209064,30.7100106790936,0,1000,9650.64218201029,30.3531218374345,1.50006370940572,25.5356291442917,2.60390950470259
three_point,三点法,missile_three_point,missile,0.253924772311505,219.084336589275,-30000,128.370355503976,59.2603970558447,30.7396029441553,0,1000,9636.32806994366,30.3677590576132,1.50294728047112,25.557912250713,2.60618174919193
three_point,三点法,missile_three_point,missile,0.263924772311505,227.678007157855,-30000,133.483947580975,59.2307660902737,30.7692339097263,0,1000,9622.0146208693,30.3824090524716,1.50583980164942,25.580221193867,2.60845662829478
three_point,三点法,missile_three_point,missile,0.273924772311505,236.269030312687,-30000,138.601986162164,59.2010963643972,30.7989036356028,0,1000,9607.70183634687,30.3970718368225,1.50874131246229,25.6025560071996,2.61073414542169
three_point,三点法,missile_three_point,missile,0.283924772311505,244.857400285067,-30000,143.724475691395,59.1713878183284,30.8286121816716,0,1000,9593.38971794102,30.411747425498,1.51165185266086,25.6249167241943,2.61301430398702
three_point,三点法,missile_three_point,missile,0.293924772311505,253.443111292597,-30000,148.851420614919,59.1416403920697,30.8583596079304,0,1000,9579.07826722135,30.4264358333495,1.51457146222741,25.647303378372,2.61529710740895
three_point,三点法,missile_three_point,missile,0.303924772311505,262.026157539157,-30000,153.982825381375,59.1118540255271,30.8881459744729,0,1000,9564.76748576247,30.4411370752475,1.51750018137703,25.6697160032909,2.61758255910947
three_point,三点法,missile_three_point,missile,0.313924772311505,270.606533214867,-30000,159.118694441775,59.0820286585189,30.9179713414811,0,1000,9550.457375144,30.4558511660817,1.52043805055933,25.6921546325466,2.61987066251437
three_point,三点法,missile_three_point,missile,0.323924772311505,279.184232496059,-30000,164.25903224949,59.0521642307517,30.9478357692484,0,1000,9536.1479369506,30.4705781207612,1.52338511046008,25.714619299772,2.62216142105327
three_point,三点法,missile_three_point,missile,0.333924772311505,287.759249545236,-30000,169.403843260242,59.0222606818347,30.9777393181653,0,1000,9521.83917277194,30.4853179542143,1.52634140200303,25.7371100386376,2.62445483815958
three_point,三点法,missile_three_point,missile,0.343924772311505,296.331578511048,-30000,174.553131932087,58.9923179512826,31.0076820487174,0,1000,9507.53108420278,30.5000706813885,1.52930696635154,25.759626882851,2.62675091727052
three_point,三点法,missile_three_point,missile,0.353924772311505,304.90121352825,-30000,179.706902725405,58.9623359785051,31.0376640214949,0,1000,9493.22367284298,30.5148363172509,1.53228184491042,25.7821698661571,2.62904966182714
three_point,三点法,missile_three_point,missile,0.363924772311505,313.468148717675,-30000,184.865160102885,58.9323147028166,31.0676852971834,0,1000,9478.91694029745,30.5296148767876,1.53526607932761,25.8047390223383,2.63135107527426
three_point,三点法,missile_three_point,missile,0.373924772311505,322.032378186195,-30000,190.027908529513,58.9022540634298,31.0977459365702,0,1000,9464.61088817625,30.5444063750043,1.53825971149605,25.8273343852143,2.63365516106053
three_point,三点法,missile_three_point,missile,0.383924772311505,330.593896026693,-30000,195.195152472559,58.8721539994572,31.1278460005428,0,1000,9450.30551809456,30.5592108269261,1.54126278355538,25.8499559886419,2.6359619226384
three_point,三点法,missile_three_point,missile,0.393924772311505,339.152696318023,-30000,200.366896401563,58.8420144499059,31.1579855500941,0,1000,9436.00083167272,30.5740282475973,1.54427533789384,25.8726038665153,2.63827136346411
three_point,三点法,missile_three_point,missile,0.403924772311505,347.708773124981,-30000,205.543144788324,58.811835353698,31.188164646302,0,1000,9421.69683053621,30.5888586520819,1.54729741715002,25.8952780527661,2.64058348699771
three_point,三点法,missile_three_point,missile,0.413924772311505,356.262120498271,-30000,210.723902106881,58.7816166496387,31.2183833503613,0,1000,9407.39351631573,30.6037020554632,1.55032906421478,25.9179785813631,2.64289829670306
three_point,三点法,missile_three_point,missile,0.423924772311505,364.812732474465,-30000,215.909172833508,58.7513582764353,31.2486417235647,0,1000,9393.09089064715,30.6185584728439,1.55337032223303,25.9407054863121,2.64521579604779
three_point,三点法,missile_three_point,missile,0.433924772311505,373.360603075977,-30000,221.098961446692,58.7210601727024,31.2789398272976,0,1000,9378.78895517158,30.6334279193463,1.55642123460569,25.9634588016565,2.64753598850336
three_point,三点法,missile_three_point,missile,0.443924772311505,381.905726311025,-30000,226.293272427127,58.6907222769488,31.3092777230512,0,1000,9364.48771153537,30.6483104101123,1.55948184499149,25.9862385614768,2.64985887754501
three_point,三点法,missile_three_point,missile,0.453924772311505,390.448096173596,-30000,231.492110257692,58.6603445275829,31.3396554724171,0,1000,9350.18716139011,30.6632059603032,1.56255219730898,26.0090447998905,2.65218446665177
three_point,三点法,missile_three_point,missile,0.463924772311505,398.987706643413,-30000,236.695479423445,58.6299268629041,31.3700731370959,0,1000,9335.88730639267,30.6781145850999,1.56563233573836,26.0318775510527,2.65451275930646
three_point,三点法,missile_three_point,missile,0.473924772311505,407.5245516859,-30000,241.903384411605,58.5994692211236,31.4005307788764,0,1000,9321.58814820522,30.6930362997029,1.5687223047235,26.0547368491553,2.65684375899571
three_point,三点法,missile_three_point,missile,0.483924772311505,416.058625252149,-30000,247.115829711537,58.5689715403446,31.4310284596554,0,1000,9307.28968849522,30.7079711193322,1.57182214897386,26.0776227284276,2.65917746920994
three_point,三点法,missile_three_point,missile,0.493924772311505,424.589921278885,-30000,252.332819814742,58.5384337585646,31.4615662414354,0,1000,9292.99192893548,30.7229190592275,1.57493191346648,26.100535223136,2.66151389344332
three_point,三点法,missile_three_point,missile,0.503924772311505,433.118433688428,-30000,257.554359214838,58.5078558136859,31.4921441863141,0,1000,9278.69487120414,30.7378801346482,1.57805164344798,26.1234743675839,2.66385303519386
three_point,三点法,missile_three_point,missile,0.513924772311505,441.644156388666,-30000,262.78045240755,58.4772376435053,31.5227623564947,0,1000,9264.3985169847,30.7528543608734,1.58118138443655,26.146440196112,2.66619489796332
three_point,三点法,missile_three_point,missile,0.523924772311505,450.167083273011,-30000,268.011103890692,58.4465791857189,31.5534208142811,0,1000,9250.10286796605,30.7678417532017,1.58432118222404,26.1694327430981,2.66853948525726
three_point,三点法,missile_three_point,missile,0.533924772311505,458.687208220371,-30000,273.246318164154,58.4158803779161,31.5841196220839,0,1000,9235.80792584249,30.7828423269514,1.58747108287794,26.192452042957,2.67088680058501
three_point,三点法,missile_three_point,missile,0.543924772311505,467.204525095113,-30000,278.48609972989,58.3851411575879,31.6148588424121,0,1000,9221.51369231372,30.7978560974609,1.59063113274349,26.2154981301405,2.67323684745968
three_point,三点法,missile_three_point,missile,0.553924772311505,475.719027747028,-30000,283.730453091898,58.3543614621269,31.6456385378731,0,1000,9207.22016908489,30.8128830800878,1.59380137844576,26.2385710391377,2.67558962939818
three_point,三点法,missile_three_point,missile,0.563924772311505,484.230710011296,-30000,288.979382756209,58.3235412288139,31.6764587711861,0,1000,9192.92735786658,30.82792329021,1.59698186689177,26.2616708044744,2.67794514992117
three_point,三点法,missile_three_point,missile,0.573924772311505,492.73956570845,-30000,294.232893230871,58.292680394825,31.707319605175,0,1000,9178.63526037487,30.8429767432248,1.60017264527257,26.2847974607138,2.6803034125531
three_point,三点法,missile_three_point,missile,0.583924772311505,501.245588644342,-30000,299.490989025936,58.261778897247,31.738221102753,0,1000,9164.34387833134,30.8580434545495,1.60337376106546,26.3079510424558,2.68266442082218
three_point,三点法,missile_three_point,missile,0.593924772311505,509.748772610109,-30000,304.753674653439,58.2308366730528,31.7691633269472,0,1000,9150.05321346304,30.8731234396212,1.60658526203607,26.3311315843374,2.68502817826041
three_point,三点法,missile_three_point,missile,0.603924772311505,518.249111382135,-30000,310.020954627392,58.199853659108,31.800146340892,0,1000,9135.7632675026,30.8882167138968,1.60980719624059,26.3543391210326,2.68739468840354
three_point,三点法,missile_three_point,missile,0.613924772311505,526.746598722015,-30000,315.292833463759,58.1688297921874,31.8311702078126,0,1000,9121.47404218815,30.9033232928533,1.613039612028,26.3775736872521,2.6897639547911
three_point,三点法,missile_three_point,missile,0.623924772311505,535.241228376525,-30000,320.569315680448,58.1377650089534,31.8622349910466,0,1000,9107.18553926343,30.9184431919872,1.61628255804222,26.4008353177439,2.69213598096637
three_point,三点法,missile_three_point,missile,0.633924772311505,543.732994077581,-30000,325.850405797292,58.1066592459639,31.8933407540361,0,1000,9092.89776047773,30.9335764268153,1.61953608322442,26.4241240472926,2.69451077047642
three_point,三点法,missile_three_point,missile,0.643924772311505,552.221889542204,-30000,331.136108336034,58.0755124396736,31.9244875603264,0,1000,9078.61070758597,30.9487230128742,1.62280023681525,26.4474399107197,2.69688832687205
three_point,三点法,missile_three_point,missile,0.653924772311505,560.707908472487,-30000,336.426427820312,58.0443245264393,31.9556754735607,0,1000,9064.32438234868,30.9638829657204,1.62607506835715,26.4707829428839,2.69926865370783
three_point,三点法,missile_three_point,missile,0.663924772311505,569.191044555559,-30000,341.721368775642,58.0130954425057,31.9869045574943,0,1000,9050.03878653204,30.9790563009304,1.62936062769662,26.4941531786802,2.70165175454209
three_point,三点法,missile_three_point,missile,0.673924772311505,577.671291463544,-30000,347.020935729403,57.9818251240143,32.0181748759857,0,1000,9035.7539219079,30.9942430341008,1.63265696498657,26.5175506530408,2.70403763293691
three_point,三点法,missile_three_point,missile,0.683924772311506,586.148642853533,-30000,352.325133210821,57.950513507002,32.049486492998,0,1000,9021.46979025377,31.0094431808482,1.63596413068869,26.5409754009345,2.70642629245813
three_point,三点法,missile_three_point,missile,0.693924772311506,594.623092367542,-30000,357.633965750954,57.9191605274027,32.0808394725973,0,1000,9007.18639335287,31.024656756809,1.63928217557578,26.5644274573671,2.70881773667533
three_point,三点法,missile_three_point,missile,0.703924772311506,603.094633632478,-30000,362.947437882672,57.8877661210461,32.1122338789539,0,1000,8992.90373299416,31.0398837776402,1.64261115073416,26.5879068573808,2.71121196916183
three_point,三点法,missile_three_point,missile,0.713924772311506,611.563260260103,-30000,368.265554140645,57.8563302236494,32.1436697763506,0,1000,8978.62181097232,31.0551242590183,1.64595110756608,26.6114136360549,2.71360899349471
three_point,三点法,missile_three_point,missile,0.723924772311506,620.028965846997,-30000,373.588319061325,57.8248527708361,32.1751472291639,0,1000,8964.34062908778,31.0703782166403,1.64930209779217,26.634947828505,2.71600881325478
three_point,三点法,missile_three_point,missile,0.733924772311506,628.491743974525,-30000,378.915737182928,57.7933336981174,32.2066663018826,0,1000,8950.06018914676,31.0856456662231,1.65266417345389,26.6585094698836,2.7184114320266
three_point,三点法,missile_three_point,missile,0.743924772311506,636.951588208795,-30000,384.24781304542,57.7617729408934,32.2382270591066,0,1000,8935.7804929613,31.100926623504,1.656037386916,26.6820985953799,2.72081685339845
three_point,三点法,missile_three_point,missile,0.753924772311506,645.408492100624,-30000,389.584551190498,57.7301704344661,32.2698295655339,0,1000,8921.50154234922,31.1162211042403,1.65942179086908,26.7057152402197,2.72322508096237
three_point,三点法,missile_three_point,missile,0.763924772311506,653.862449185505,-30000,394.925956161576,57.6985261140349,32.3014738859651,0,1000,8907.22333913419,31.1315291242094,1.66281743833207,26.7293594396651,2.72563611831412
three_point,三点法,missile_three_point,missile,0.773924772311506,662.313452983566,-30000,400.272032503763,57.6668399146821,32.3331600853179,0,1000,8892.94588514576,31.1468506992092,1.66622438265477,26.7530312290152,2.72804996905316
three_point,三点法,missile_three_point,missile,0.783924772311506,670.761496999533,-30000,405.622784763853,57.6351117713869,32.3648882286131,0,1000,8878.66918221933,31.1621858450575,1.6696426775205,26.7767306436054,2.73046663678273
three_point,三点法,missile_three_point,missile,0.793924772311506,679.206574722698,-30000,410.978217490302,57.6033416190307,32.3966583809693,0,1000,8864.39323219621,31.1775345775927,1.6730723769486,26.8004577188076,2.73288612510975
three_point,三点法,missile_three_point,missile,0.803924772311506,687.648679626876,-30000,416.338335233212,57.571529392381,32.428470607619,0,1000,8850.11803692362,31.1928969126732,1.67651353529715,26.8242124900302,2.73530843764488
three_point,三点法,missile_three_point,missile,0.813924772311506,696.087805170375,-30000,421.703142544316,57.5396750260922,32.4603249739079,0,1000,8835.84359825472,31.2082728661778,1.67996620726555,26.8479949927182,2.7377335780025
three_point,三点法,missile_three_point,missile,0.823924772311506,704.523944795951,-30000,427.07264397696,57.5077784547218,32.4922215452782,0,1000,8821.56991804864,31.2236624540057,1.68343044789721,26.8718052623528,2.74016154980068
three_point,三点法,missile_three_point,missile,0.833924772311506,712.957091930778,-30000,432.446844086081,57.4758396127256,32.5241603872744,0,1000,8807.29699817048,31.2390656920763,1.68690631258228,26.8956433344519,2.74259235666124
three_point,三点法,missile_three_point,missile,0.843924772311506,721.387239986409,-30000,437.825747428195,57.4438584344302,32.5561415655698,0,1000,8793.02484049133,31.2544825963295,1.69039385706032,26.9195092445694,2.74502600220967
three_point,三点法,missile_three_point,missile,0.853924772311506,729.814382358734,-30000,443.209358561378,57.4118348540763,32.5881651459237,0,1000,8778.75344688829,31.2699131827254,1.69389313742312,26.9434030282959,2.7474624900752
three_point,三点法,missile_three_point,missile,0.863924772311506,738.238512427951,-30000,448.597682045243,57.3797688057876,32.6202311942125,0,1000,8764.48281924454,31.2853574672446,1.6974042101174,26.967324721258,2.74990182389073
three_point,三点法,missile_three_point,missile,0.873924772311506,746.659623558521,-30000,453.990722440931,57.3476602235742,32.6523397764259,0,1000,8750.21295944928,31.3008154658882,1.70092713194765,26.9912743591189,2.7523440072929
three_point,三点法,missile_three_point,missile,0.883924772311506,755.077709099135,-30000,459.388484311084,57.3155090413586,32.6844909586414,0,1000,8735.9438693978,31.3162871946776,1.70446196007896,27.0152519775777,2.754789043922
three_point,三点法,missile_three_point,missile,0.893924772311506,763.492762382677,-30000,464.790972219831,57.2833151929343,32.7166848070657,0,1000,8721.67555099151,31.3317726696548,1.7080087520399,27.0392576123699,2.75723693742204
three_point,三点法,missile_three_point,missile,0.903924772311506,771.904776726182,-30000,470.198190732771,57.2510786119897,32.7489213880103,0,1000,8707.4080061379,31.3472719068823,1.71156756572532,27.0632912992672,2.75968769144073
three_point,三点法,missile_three_point,missile,0.913924772311506,780.313745430803,-30000,475.610144416952,57.2187992321122,32.7812007678878,0,1000,8693.14123675065,31.3627849224429,1.71513845939936,27.0873530740775,2.76214130962943
three_point,三点法,missile_three_point,missile,0.923924772311506,788.71966178177,-30000,481.026837840853,57.1864769867809,32.8135230132191,0,1000,8678.87524474958,31.37831173244,1.7187214916983,27.1114429726446,2.76459779564322
three_point,三点法,missile_three_point,missile,0.933924772311506,797.122519048355,-30000,486.448275574364,57.1541118093603,32.8458881906397,0,1000,8664.61003206067,31.3938523529978,1.7223167216336,27.1355610308486,2.76705715314084
three_point,三点法,missile_three_point,missile,0.943924772311506,805.522310483831,-30000,491.874462188771,57.121703633106,32.878296366894,0,1000,8650.34560061616,31.4094068002607,1.72592420859486,27.1597072846056,2.76951938578471
three_point,三点法,missile_three_point,missile,0.953924772311506,813.919029325437,-30000,497.305402256733,57.0892523911705,32.9107476088295,0,1000,8636.08195235447,31.424975090394,1.7295440123528,27.1838817698677,2.77198449724092
three_point,三点法,missile_three_point,missile,0.963924772311506,822.312668794338,-30000,502.741100352265,57.0567580165931,32.9432419834069,0,1000,8621.81908922029,31.4405572395833,1.73317619306241,27.2080845226228,2.77445249117923
three_point,三点法,missile_three_point,missile,0.973924772311506,830.703222095588,-30000,508.181561050718,57.0242204422994,32.9757795577006,0,1000,8607.55701316456,31.4561532640352,1.73682081126595,27.2323155788951,2.77692337127307
three_point,三点法,missile_three_point,missile,0.983924772311506,839.09068241809,-30000,513.626788928762,56.9916396011148,33.0083603988852,0,1000,8593.29572614453,31.4717631799766,1.74047792789608,27.2565749747444,2.77939714119953
three_point,三点法,missile_three_point,missile,0.993924772311506,847.475042934562,-30000,519.076788564362,56.9590154257493,33.0409845742507,0,1000,8579.03523012376,31.4873870036552,1.74414760427902,27.2808627462665,2.78187380463935
three_point,三点法,missile_three_point,missile,1.00392477231151,855.856296801491,-30000,524.531564536763,56.926347848802,33.073652151198,0,1000,8564.77552707212,31.5030247513396,1.74782990213771,27.3051789295931,2.78435336527694
three_point,三点法,missile_three_point,missile,1.01392477231151,864.234437159105,-30000,529.991121426468,56.8936368027665,33.1063631972335,0,1000,8550.51661896585,31.5186764393187,1.75152488359501,27.3295235608916,2.78683582680034
three_point,三点法,missile_three_point,missile,1.02392477231151,872.609457131324,-30000,535.455463815219,56.8608822200205,33.1391177799795,0,1000,8536.25850778757,31.5343420839025,1.75523261117691,27.3538966763651,2.78932119290125
three_point,三点法,missile_three_point,missile,1.03392477231151,880.981349825728,-30000,540.924596285976,56.8280840328351,33.1719159671649,0,1000,8522.00119552629,31.5500217014216,1.75895314781586,27.3782983122525,2.79180946727502
three_point,三点法,missile_three_point,missile,1.04392477231151,889.350108333517,-30000,546.3985234229,56.7952421733714,33.2047578266286,0,1000,8507.74468417743,31.5657153082273,1.762686556854,27.4027285048286,2.79430065362061
three_point,三点法,missile_three_point,missile,1.05392477231151,897.71572572947,-30000,551.877249811327,56.7623565736811,33.2376434263189,0,1000,8493.48897574288,31.5814229206918,1.76643290204649,27.4271872904033,2.79679475564064
three_point,三点法,missile_three_point,missile,1.06392477231151,906.078195071911,-30000,557.360780037755,56.7294271656949,33.2705728343051,0,1000,8479.23407223096,31.5971445552082,1.77019224756494,27.4516747053227,2.79929177704136
three_point,三点法,missile_three_point,missile,1.07392477231151,914.437509402664,-30000,562.84911868982,56.6964538812445,33.3035461187555,0,1000,8464.97997565649,31.6128802281902,1.77396465800073,27.476190785968,2.80179172153264
three_point,三点法,missile_three_point,missile,1.08392477231151,922.793661747018,-30000,568.342270356272,56.6634366520476,33.3365633479524,0,1000,8450.72668804079,31.6286299560725,1.77775019836844,27.5007355687562,2.80429459282795
three_point,三点法,missile_three_point,missile,1.09392477231151,931.146645113689,-30000,573.840239626963,56.6303754097037,33.3696245902963,0,1000,8436.47421141171,31.6443937553108,1.78154893410938,27.5253090901397,2.80680039464442
three_point,三点法,missile_three_point,missile,1.10392477231151,939.496452494775,-30000,579.343031092817,56.5972700857125,33.4027299142875,0,1000,8422.22254780367,31.6601716423813,1.78536093109501,27.5499113866063,2.80930913070277
three_point,三点法,missile_three_point,missile,1.11392477231151,947.843076865725,-30000,584.850649345815,56.5641206114485,33.4358793885515,0,1000,8407.97169925763,31.6759636337816,1.78918625563048,27.5745424946792,2.81182080472732
three_point,三点法,missile_three_point,missile,1.12392477231151,956.186511185293,-30000,590.363098978975,56.5309269181817,33.4690730818183,0,1000,8393.72166782117,31.6917697460299,1.79302497445823,27.599202450917,2.81433542044602
three_point,三点法,missile_three_point,missile,1.13392477231151,964.5267483955,-30000,595.880384586323,56.4976889370765,33.5023110629235,0,1000,8379.47245554847,31.7075899956655,1.79687715476157,27.6238912919135,2.8168529815904
three_point,三点法,missile_three_point,missile,1.14392477231151,972.863781421599,-30000,601.402510762881,56.4644065991743,33.5355934008257,0,1000,8365.22406450036,31.7234243992486,1.80074286416829,27.6486090542979,2.81937349189559
three_point,三点法,missile_three_point,missile,1.15392477231151,981.19760317203,-30000,606.92948210464,56.4310798354037,33.5689201645963,0,1000,8350.97649674434,31.7392729733604,1.80462217075437,27.6733557747345,2.82189695510032
three_point,三点法,missile_three_point,missile,1.16392477231151,989.528206538382,-30000,612.461303208542,56.3977085765871,33.6022914234129,0,1000,8336.72975435458,31.7551357346033,1.80851514304765,27.6981314899229,2.82442337494689
three_point,三点法,missile_three_point,missile,1.17392477231151,997.855584395355,-30000,617.997978672454,56.3642927534384,33.6357072465616,0,1000,8322.48383941196,31.7710126996005,1.81242185003161,27.7229362365978,2.82695275518121
three_point,三点法,missile_three_point,missile,1.18392477231151,1006.17972960072,-30000,623.53951309515,56.3308322965546,33.6691677034454,0,1000,8308.2387540041,31.7869038849963,1.8163423611491,27.7477700515288,2.82948509955273
three_point,三点法,missile_three_point,missile,1.19392477231151,1014.50063499528,-30000,629.085911076288,56.297327136389,33.702672863611,0,1000,8293.99450022538,31.8028093074562,1.82027674630622,27.7726329715207,2.83202041181451
three_point,三点法,missile_three_point,missile,1.20392477231151,1022.81829340281,-30000,634.637177216388,56.2637772033372,33.7362227966628,0,1000,8279.75108017692,31.8187289836666,1.82422507587611,27.7975250334134,2.83455869572314
three_point,三点法,missile_three_point,missile,1.21392477231151,1031.13269763007,-30000,640.193316116809,56.2301824276789,33.7698175723211,0,1000,8265.50849596668,31.8346629303354,1.82818742070291,27.8224462740814,2.83709995503881
three_point,三点法,missile_three_point,missile,1.22392477231151,1039.44384046671,-30000,645.754332379728,56.1965427395051,33.8034572604949,0,1000,8251.26674970942,31.8506111641911,1.83216385210565,27.8473967304344,2.83964419352525
three_point,三点法,missile_three_point,missile,1.23392477231151,1047.75171468524,-30000,651.320230608117,56.1628580688447,33.8371419311553,0,1000,8237.02584352676,31.8665737019838,1.83615444188222,27.8723764394167,2.84219141494973
three_point,三点法,missile_three_point,missile,1.24392477231151,1056.05631304101,-30000,656.89101540572,56.129128345659,33.870871654341,0,1000,8222.78577954717,31.8825505604846,1.84015926231342,27.8973854380077,2.84474162308309
three_point,三点法,missile_three_point,missile,1.25392477231151,1064.35762827218,-30000,662.466691377032,56.0953534997333,33.9046465002667,0,1000,8208.54655990603,31.8985417564857,1.84417838616699,27.9224237632213,2.8472948216997
three_point,三点法,missile_three_point,missile,1.26392477231151,1072.65565309963,-30000,668.047263127274,56.061533460714,33.938466539286,0,1000,8194.30818674563,31.9145473068008,1.8482118867017,27.9474914521061,2.84985101457747
three_point,三点法,missile_three_point,missile,1.27392477231151,1080.95038022695,-30000,673.63273526237,56.0276681582012,33.9723318417988,0,1000,8180.07066221518,31.9305672282645,1.85225983767147,27.9725885417454,2.85241020549784
three_point,三点法,missile_three_point,missile,1.28392477231151,1089.24180234042,-30000,679.223112388929,55.9937575216767,34.0062424783233,0,1000,8165.83398847089,31.946601537733,1.8563223133296,27.9977150692571,2.85497239824579
three_point,三点法,missile_three_point,missile,1.29392477231151,1097.52991210894,-30000,684.818399114213,55.959801480449,34.040198519551,0,1000,8151.59816767593,31.9626502520834,1.86039938843296,28.0228710717936,2.85753759660981
three_point,三点法,missile_three_point,missile,1.30392477231151,1105.81470218398,-30000,690.418600046121,55.9257999637497,34.0742000362503,0,1000,8137.36320200048,31.9787133882145,1.86449113824622,28.0480565865417,2.8601058043819
three_point,三点法,missile_three_point,missile,1.31392477231151,1114.09616519958,-30000,696.023719793163,55.8917529007059,34.1082470992941,0,1000,8123.12909362176,31.994790963046,1.86859763854622,28.0732716507229,2.86267702535758
three_point,三点法,missile_three_point,missile,1.32392477231151,1122.37429377227,-30000,701.633762964436,55.8576602202984,34.1423397797016,0,1000,8108.89584472404,32.0108829935193,1.87271896562625,28.0985163015928,2.86525126333588
three_point,三点法,missile_three_point,missile,1.33392477231151,1130.64908050105,-30000,707.248734169601,55.823521851415,34.176478148585,0,1000,8094.66345749869,32.026989496597,1.87685519630052,28.1237905764414,2.86782852211931
three_point,三点法,missile_three_point,missile,1.34392477231151,1138.92051796734,-30000,712.868638018857,55.7893377228305,34.2106622771695,0,1000,8080.43193414417,32.043110489263,1.88100640790854,28.1490945125929,2.87040880551391
three_point,三点法,missile_three_point,missile,1.35392477231151,1147.18859873495,-30000,718.49347912292,55.7551077631832,34.2448922368168,0,1000,8066.20127686606,32.0592459885227,1.88517267831962,28.174428147406,2.87299211732916
three_point,三点法,missile_three_point,missile,1.36392477231151,1155.45331535002,-30000,724.123262092999,55.7208319010249,34.2791680989751,0,1000,8051.97148787712,32.075396011403,1.88935408593741,28.1997915182731,2.87557846137806
three_point,三点法,missile_three_point,missile,1.37392477231151,1163.71466034101,-30000,729.757991540767,55.6865100647767,34.3134899352233,0,1000,8037.74256939726,32.091560574952,1.89355070970448,28.2251846626211,2.87816784147707
three_point,三点法,missile_three_point,missile,1.38392477231151,1171.97262621862,-30000,735.397672078343,55.6521421827314,34.3478578172686,0,1000,8023.51452365361,32.1077396962394,1.89776262910691,28.2506076179107,2.88076026144613
three_point,三点法,missile_three_point,missile,1.39392477231151,1180.22720547578,-30000,741.042308318261,55.6177281830574,34.3822718169426,0,1000,8009.28735288053,32.1239333923563,1.90198992417902,28.2760604216366,2.88335572510864
three_point,三点法,missile_three_point,missile,1.40392477231151,1188.47839058757,-30000,746.69190487345,55.5832679938491,34.4167320061509,0,1000,7995.06105931961,32.1401416804155,1.90623267550804,28.3015431113276,2.88595423629145
three_point,三点法,missile_three_point,missile,1.41392477231151,1196.72617401125,-30000,752.346466357209,55.5487615430672,34.4512384569328,0,1000,7980.83564521973,32.156364577551,1.91049096423889,28.3270557245461,2.88855579882489
three_point,三点法,missile_three_point,missile,1.42392477231151,1204.97054818613,-30000,758.005997383178,55.5142087585123,34.4857912414877,0,1000,7966.61111283708,32.1726021009186,1.914764872079,28.3525982988884,2.89116041654269
three_point,三点法,missile_three_point,missile,1.43392477231151,1213.21150553359,-30000,763.670502565317,55.4796095679324,34.5203904320676,0,1000,7952.38746443516,32.1888542676955,1.91905448130322,28.3781708719847,2.89376809328208
three_point,三点法,missile_three_point,missile,1.44392477231151,1221.44903845702,-30000,769.339986517878,55.4449638989531,34.5550361010469,0,1000,7938.16470228482,32.2051210950805,1.92335987475864,28.4037734814986,2.89637883288366
three_point,三点法,missile_three_point,missile,1.45392477231151,1229.68313934179,-30000,775.014453855381,55.4102716790203,34.5897283209797,0,1000,7923.94282866428,32.2214026002939,1.92768113586968,28.4294061651275,2.89899263919152
three_point,三点法,missile_three_point,missile,1.46392477231151,1237.91380055516,-30000,780.693909192589,55.3755328354862,34.6244671645138,0,1000,7909.72184585918,32.2376988005779,1.93201834864301,28.4550689606023,2.90160951605312
three_point,三点法,missile_three_point,missile,1.47392477231151,1246.1410144463,-30000,786.37835714448,55.3407472956446,34.6592527043554,0,1000,7895.50175616257,32.254009713196,1.93637159767268,28.4807619056875,2.90422946731937
three_point,三点法,missile_three_point,missile,1.48392477231151,1254.36477334622,-30000,792.067802326222,55.305914986621,34.694085013379,0,1000,7881.28256187495,32.2703353554335,1.94074096814524,28.5064850381808,2.90685249684457
three_point,三点法,missile_three_point,missile,1.49392477231151,1262.58506956773,-30000,797.76224935315,55.2710358354064,34.7289641645936,0,1000,7867.0642653043,32.2866757445974,1.9451265458449,28.5322383959134,2.90947860848642
three_point,三点法,missile_three_point,missile,1.50392477231151,1270.80189540538,-30000,803.461702840733,55.2361097689096,34.7638902310905,0,1000,7852.8468687661,32.3030308980163,1.94952841715881,28.5580220167498,2.91210780610604
three_point,三点法,missile_three_point,missile,1.51392477231151,1279.01524313546,-30000,809.166167404556,55.2011367139269,34.7988632860731,0,1000,7838.63037458335,32.3194008330405,1.95394666908228,28.5838359385877,2.91474009356791
three_point,三点法,missile_three_point,missile,1.52392477231151,1287.22510501592,-30000,814.875647660286,55.1661165970971,34.8338834029029,0,1000,7824.41478508661,32.3357855670421,1.95838138922419,28.609680199358,2.9173754747399
three_point,三点法,missile_three_point,missile,1.53392477231151,1295.43147328634,-30000,820.590148223652,55.1310493449482,34.8689506550518,0,1000,7810.20010261401,32.3521851174149,1.96283266581238,28.6355548370246,2.92001395349326
three_point,三点法,missile_three_point,missile,1.54392477231151,1303.63434016788,-30000,826.309673710412,55.0959348839186,34.9040651160814,0,1000,7795.98632951129,32.3685995015745,1.96730058769908,28.6614598895846,2.9226555337026
three_point,三点法,missile_three_point,missile,1.55392477231151,1311.83369786326,-30000,832.03422873633,55.06077314031,34.93922685969,0,1000,7781.77346813182,32.3850287369581,1.97178524436644,28.6873953950679,2.92530021924591
three_point,三点法,missile_three_point,missile,1.56392477231151,1320.02953855669,-30000,837.763817917149,55.025564040322,34.974435959678,0,1000,7767.5615208366,32.401472841025,1.97628672593215,28.7133613915374,2.92794801400451
three_point,三点法,missile_three_point,missile,1.57392477231151,1328.22185441386,-30000,843.498445868561,54.9903075099955,35.0096924900045,0,1000,7753.35048999435,32.4179318312562,1.98080512315501,28.7393579170886,2.93059892186309
three_point,三点法,missile_three_point,missile,1.58392477231151,1336.41063758184,-30000,849.238117206182,54.9550034752527,35.0449965247473,0,1000,7739.14037798145,32.4344057251543,1.98534052744066,28.7653850098502,2.93325294670965
three_point,三点法,missile_three_point,missile,1.59392477231151,1344.5958801891,-30000,854.982836545525,54.919651861965,35.080348138035,0,1000,7724.93118718206,32.450894540244,1.98989303084734,28.791442707983,2.93591009243554
three_point,三点法,missile_three_point,missile,1.60392477231151,1352.77757434544,-30000,860.732608501968,54.8842525958233,35.1157474041767,0,1000,7710.72291998807,32.4673982940719,1.99446272609169,28.817531049681,2.93857036293546
three_point,三点法,missile_three_point,missile,1.61392477231151,1360.95571214194,-30000,866.487437690733,54.8488056024077,35.1511943975923,0,1000,7696.51557879916,32.4839170042065,1.99904970655465,28.8436500731702,2.94123376210737
three_point,三点法,missile_three_point,missile,1.62392477231151,1369.13028565093,-30000,872.247328726851,54.8133108071949,35.1866891928051,0,1000,7682.30916602281,32.5004506882379,2.00365406628738,28.8697998167095,2.94390029385259
three_point,三点法,missile_three_point,missile,1.63392477231151,1377.30128692594,-30000,878.012286225138,54.7777681354932,35.2222318645069,0,1000,7668.10368407437,32.5169993637786,2.0082759000173,28.89598031859,2.94656996207573
three_point,三点法,missile_three_point,missile,1.64392477231151,1385.46870800164,-30000,883.782314800167,54.7421775125562,35.2578224874438,0,1000,7653.89913537702,32.5335630484626,2.01291530315413,28.9221916171349,2.94924277068468
three_point,三点法,missile_three_point,missile,1.65392477231151,1393.63254089385,-30000,889.557419066237,54.7065388634986,35.2934611365014,0,1000,7639.69552236185,32.5501417599463,2.01757237179603,28.9484337507001,2.95191872359064
three_point,三点法,missile_three_point,missile,1.66392477231151,1401.79277759943,-30000,895.337603637345,54.6708521132723,35.3291478867277,0,1000,7625.49284746786,32.5667355159076,2.02224720273583,28.9747067576733,2.95459782470806
three_point,三点法,missile_three_point,missile,1.67392477231151,1409.94941009628,-30000,901.122873127158,54.6351171867512,35.3648828132489,0,1000,7611.29111314199,32.5833443340469,2.02693989346728,29.0010106764744,2.9572800779547
three_point,三点法,missile_three_point,missile,1.68392477231151,1418.10243034328,-30000,906.913232148985,54.5993340086654,35.4006659913346,0,1000,7597.09032183917,32.5999682320862,2.0316505421914,29.0273455455554,2.95996548725155
three_point,三点法,missile_three_point,missile,1.69392477231151,1426.25183028025,-30000,912.708685315747,54.563502503646,35.436497496354,0,1000,7582.8904760223,32.6166072277698,2.03637924782288,29.0537114034001,2.96265405652288
three_point,三点法,missile_three_point,missile,1.70392477231151,1434.39760182791,-30000,918.509237239944,54.5276225962061,35.4723774037939,0,1000,7568.69157816234,32.6332613388641,2.04112610999653,29.0801082885243,2.9653457896962
three_point,三点法,missile_three_point,missile,1.71392477231151,1442.53973688784,-30000,924.314892533634,54.4916942106866,35.5083057893134,0,1000,7554.49363073827,32.6499305831573,2.0458912290739,29.1065362394753,2.96804069070226
three_point,三点法,missile_three_point,missile,1.72392477231151,1450.6782273424,-30000,930.125655808393,54.4557172713547,35.5442827286453,0,1000,7540.29663623717,32.6666149784599,2.05067470614984,29.1329952948324,2.97073876347503
three_point,三点法,missile_three_point,missile,1.73392477231151,1458.81306505475,-30000,935.941531675295,54.4196917023633,35.5803082976367,0,1000,7526.10059715421,32.6833145426045,2.05547664305919,29.1594854932063,2.97344001195172
three_point,三点法,missile_three_point,missile,1.74392477231151,1466.94424186875,-30000,941.762524744875,54.3836174276802,35.6163825723198,0,1000,7511.90551599271,32.7000292934459,2.0602971423836,29.1860068732395,2.97614444007275
three_point,三点法,missile_three_point,missile,1.75392477231151,1475.07174960893,-30000,947.588639627103,54.3474943711924,35.6525056288076,0,1000,7497.71139526414,32.7167592488607,2.0651363074583,29.2125594736056,2.97885205178176
three_point,三点法,missile_three_point,missile,1.76392477231151,1483.19558008046,-30000,953.419880931352,54.3113224567023,35.6886775432977,0,1000,7483.51823748818,32.7335044267481,2.06999424237907,29.2391433330098,2.98156285102556
three_point,三点法,missile_three_point,missile,1.77392477231151,1491.31572506911,-30000,959.256253266366,54.2751016078467,35.7248983921533,0,1000,7469.32604519271,32.7502648450293,2.0748710520092,29.2657584901886,2.98427684175417
three_point,三点法,missile_three_point,missile,1.78392477231151,1499.43217634118,-30000,965.097761240235,54.2388317481249,35.7611682518751,0,1000,7455.13482091384,32.7670405216477,2.07976684198657,29.2924049839095,2.9869940279208
three_point,三点法,missile_three_point,missile,1.79392477231151,1507.54492564347,-30000,970.944409460356,54.2025128009135,35.7974871990865,0,1000,7440.94456719599,32.7838314745689,2.08468171873081,29.3190828529713,2.9897144134818
three_point,三点法,missile_three_point,missile,1.80392477231151,1515.65396470322,-30000,976.79620253341,54.1661446895214,35.8338553104786,0,1000,7426.75528659186,32.8006377217808,2.0896157894505,29.3457921362038,2.99243800239672
three_point,三点法,missile_three_point,missile,1.81392477231151,1523.75928522812,-30000,982.653145065327,54.1297273370783,35.8702726629217,0,1000,7412.56698166247,32.8174592812934,2.09456916215047,29.3725328724677,2.99516479862825
three_point,三点法,missile_three_point,missile,1.82392477231151,1531.86087890617,-30000,988.515241661253,54.0932606666016,35.9067393333984,0,1000,7398.37965497722,32.8342961711393,2.09954194563924,29.3993051006545,2.99789480614221
three_point,三点法,missile_three_point,missile,1.83392477231151,1539.95873740574,-30000,994.382496925523,54.0567446010215,35.9432553989785,0,1000,7384.19330911387,32.8511484093731,2.10453424953642,29.4261088596867,3.00062802890759
three_point,三点法,missile_three_point,missile,1.84392477231151,1548.05285237545,-30000,1000.25491546163,54.0201790630737,35.9798209369263,0,1000,7370.00794665862,32.8680160140718,2.10954618428034,29.4529441885171,3.00336447089649
three_point,三点法,missile_three_point,missile,1.85392477231151,1556.14321544414,-30000,1006.13250187218,53.9835639754598,36.0164360245402,0,1000,7355.8235702061,32.8848990033347,2.11457786113559,29.4798111261294,3.00610413608413
three_point,三点法,missile_three_point,missile,1.86392477231151,1564.22981822086,-30000,1012.01526075887,53.9468992606555,36.0531007393445,0,1000,7341.6401823594,32.9017973952834,2.11962939220085,29.5067097115378,3.00884702844884
three_point,三点法,missile_three_point,missile,1.87392477231151,1572.31265229479,-30000,1017.90319672249,53.9101848410934,36.0898151589066,0,1000,7327.45778573013,32.9187112080622,2.12470089041663,29.5336399837866,3.01159315197204
three_point,三点法,missile_three_point,missile,1.88392477231151,1580.3917092352,-30000,1023.7963143628,53.8734206390705,36.1265793609295,0,1000,7313.27638293841,32.9356404598373,2.12979246957317,29.5606019819508,3.01434251063827
three_point,三点法,missile_three_point,missile,1.89392477231151,1588.46698059141,-30000,1029.6946182786,53.8366065766917,36.1633934233083,0,1000,7299.09597661293,32.9525851687975,2.13490424431846,29.5875957451354,3.01709510843513
three_point,三点法,missile_three_point,missile,1.90392477231151,1596.53845789276,-30000,1035.59811306764,53.7997425760113,36.2002574239887,0,1000,7284.91656939096,32.9695453531541,2.14003633016631,29.6146213124755,3.0198509493533
three_point,三点法,missile_three_point,missile,1.91392477231151,1604.60613264852,-30000,1041.50680332659,53.76282855898,36.23717144102,0,1000,7270.73816391838,32.9865210311408,2.14518884350449,29.6416787231365,3.02261003738652
three_point,三点法,missile_three_point,missile,1.92392477231151,1612.66999634791,-30000,1047.42069365101,53.7258644472856,36.2741355527144,0,1000,7256.56076284973,33.0035122210136,2.15036190160302,29.6687680163133,3.02537237653157
three_point,三点法,missile_three_point,missile,1.93392477231151,1620.73004045997,-30000,1053.33978863536,53.6888501626268,36.3111498373732,0,1000,7242.38436884821,33.0205189410511,2.15555562262252,29.6958892312311,3.0281379707883
three_point,三点法,missile_three_point,missile,1.94392477231151,1628.78625643362,-30000,1059.26409287288,53.6517856265666,36.3482143734334,0,1000,7228.20898458572,33.0375412095544,2.16077012562264,29.7230424071445,3.03090682415957
three_point,三点法,missile_three_point,missile,1.95392477231151,1636.8386356975,-30000,1065.19361095564,53.6146707604669,36.3853292395331,0,1000,7214.0346127429,33.0545790448471,2.16600553057063,29.750227583338,3.03367894065129
three_point,三点法,missile_three_point,missile,1.96392477231151,1644.88716966003,-30000,1071.12834747445,53.5775054856065,36.4224945143935,0,1000,7199.86125600915,33.0716324652751,2.17126195834998,29.7774447991255,3.03645432427235
three_point,三点法,missile_three_point,missile,1.97392477231151,1652.93184970928,-30000,1077.06830701888,53.5402897230977,36.4597102769023,0,1000,7185.68891708266,33.0887014892072,2.17653953076915,29.8046940938504,3.03923297903467
three_point,三点法,missile_three_point,missile,1.98392477231151,1660.97266721297,-30000,1083.01349417716,53.5030233940499,36.4969766059501,0,1000,7171.51759867045,33.1057861350344,2.18183837057043,29.8319755068854,3.04201490895315
three_point,三点法,missile_three_point,missile,1.99392477231151,1669.00961351842,-30000,1088.96391353619,53.4657064192848,36.5342935807152,0,1000,7157.34730348837,33.1228864211705,2.18715860143886,29.8592890776326,3.04480011804568
three_point,三点法,missile_three_point,missile,2.00392477231151,1677.04267995248,-30000,1094.91956968151,53.428338719607,36.571661280393,0,1000,7143.17803426116,33.1400023660518,2.19250034801132,29.8866348455232,3.04758861033311
three_point,三点法,missile_three_point,missile,2.01392477231151,1685.07185782153,-30000,1100.88046719723,53.3909202156833,36.6090797843167,0,1000,7129.00979372249,33.1571339881372,2.19786373588562,29.9140128500173,3.05038038983927
three_point,三点法,missile_three_point,missile,2.02392477231151,1693.09713841138,-30000,1106.84661066603,53.3534508279597,36.6465491720403,0,1000,7114.84258461493,33.1742813059082,2.20324889162982,29.941423130604,3.05317546059093
three_point,三点法,missile_three_point,missile,2.03392477231151,1701.11851298725,-30000,1112.81800466911,53.3159304768394,36.6840695231606,0,1000,7100.67640969006,33.191444337869,2.20865594279156,29.9688657268015,3.05597382661781
three_point,三点法,missile_three_point,missile,2.04392477231151,1709.13597279372,-30000,1118.79465378615,53.2783590826361,36.7216409173639,0,1000,7086.51127170844,33.2086231025464,2.21408501790754,29.9963406781564,3.05877549195254
three_point,三点法,missile_three_point,missile,2.05392477231151,1717.14950905471,-30000,1124.77656259528,53.2407365655038,36.7592634344962,0,1000,7072.34717343966,33.2258176184898,2.2195362465131,30.0238480242441,3.0615804606307
three_point,三点法,missile_three_point,missile,2.06392477231151,1725.15911297339,-30000,1130.76373567304,53.2030628453397,36.7969371546603,0,1000,7058.18411766239,33.2430279042715,2.22500975915193,30.0513878046684,3.06438873669076
three_point,三点法,missile_three_point,missile,2.0739247723115,1733.16477573213,-30000,1136.75617759437,53.1653378420649,36.8346621579351,0,1000,7044.02210716437,33.2602539784863,2.23050568738586,30.0789600590618,3.06720032417409
three_point,三点法,missile_three_point,missile,2.0839247723115,1741.16648849252,-30000,1142.75389293253,53.1275614754721,36.8724385245279,0,1000,7029.86114474248,33.2774958597517,2.23602416380479,30.1065648270848,3.07001522712494
three_point,三点法,missile_three_point,missile,2.0939247723115,1749.16424239526,-30000,1148.75688625911,53.0897336651458,36.9102663348542,0,1000,7015.70123320274,33.2947535667081,2.24156532203674,30.1342021484262,3.07283344959045
three_point,三点法,missile_three_point,missile,2.1039247723115,1757.15802856012,-30000,1154.76516214394,53.0518543305992,36.9481456694008,0,1000,7001.54237536037,33.3120271180185,2.24712929675798,30.161872062803,3.07565499562063
three_point,三点法,missile_three_point,missile,2.1139247723115,1765.14783808591,-30000,1160.7787251551,53.0139233911772,36.9860766088228,0,1000,6987.3845740398,33.3293165323687,2.25271622370333,30.1895746099601,3.07847986926832
three_point,三点法,missile_three_point,missile,2.1239247723115,1773.13366205045,-30000,1166.79757985888,52.9759407660933,37.0240592339067,0,1000,6973.22783207471,33.3466218284674,2.25832623967656,30.2173098296702,3.08130807458921
three_point,三点法,missile_three_point,missile,2.1339247723115,1781.11549151047,-30000,1172.82173081972,52.9379063745219,37.0620936254781,0,1000,6959.07215230803,33.3639430250459,2.26395948256088,30.2450777617339,3.08413961564183
three_point,三点法,missile_three_point,missile,2.1439247723115,1789.09331750162,-30000,1178.85118260016,52.8998201354075,37.1001798645925,0,1000,6944.91753759205,33.3812801408584,2.26961609132963,30.2728784459794,3.08697449648752
three_point,三点法,missile_three_point,missile,2.1539247723115,1797.06713103838,-30000,1184.88593976087,52.8616819675352,37.1383180324648,0,1000,6930.76399078836,33.398633194682,2.275296206057,30.3007119222622,3.08981272119044
three_point,三点法,missile_three_point,missile,2.1639247723115,1805.03692311403,-30000,1190.92600686054,52.8234917896971,37.1765082103029,0,1000,6916.61151476793,33.4160022053166,2.28099996792896,30.3285782304657,3.09265429381753
three_point,三点法,missile_three_point,missile,2.1739247723115,1813.00268470062,-30000,1196.97138845588,52.7852495204783,37.2147504795217,0,1000,6902.46011241116,33.4333871915849,2.28672751925428,30.3564774105,3.09549921843851
three_point,三点法,missile_three_point,missile,2.1839247723115,1820.96440674888,-30000,1203.02208910156,52.7469550782881,37.2530449217119,0,1000,6888.30978660785,33.4507881723324,2.29247900347572,30.384409502303,3.0983474991259
three_point,三点法,missile_three_point,missile,2.1939247723115,1828.92208018821,-30000,1209.07811335021,52.7086083815201,37.2913916184799,0,1000,6874.16054025729,33.4682051664278,2.29825456518124,30.4123745458392,3.10119913995495
three_point,三点法,missile_three_point,missile,2.2039247723115,1836.87569592663,-30000,1215.13946575232,52.6702093483574,37.3297906516426,0,1000,6860.01237626826,33.4856381927623,2.30405435011553,30.4403725811003,3.10405414500367
three_point,三点法,missile_three_point,missile,2.2139247723115,1844.82524485071,-30000,1221.20615085628,52.6317578968139,37.3682421031861,0,1000,6845.86529755907,33.5030872702504,2.3098785051915,30.4684036481046,3.10691251835281
three_point,三点法,missile_three_point,missile,2.2239247723115,1852.77071782552,-30000,1227.27817320826,52.5932539448777,37.4067460551223,0,1000,6831.71930705761,33.5205524178293,2.31572717850202,30.4964677868974,3.10977426408584
three_point,三点法,missile_three_point,missile,2.2339247723115,1860.71210569464,-30000,1233.35553735225,52.5546974103091,37.4453025896909,0,1000,6817.57440770135,33.5380336544592,2.32160051933175,30.5245650375503,3.11263938628893
three_point,三点法,missile_three_point,missile,2.2439247723115,1868.64939928001,-30000,1239.43824782995,52.5160882108598,37.4839117891402,0,1000,6803.43060243738,33.5555309991234,2.32749867816914,30.5526954401616,3.11550788905096
three_point,三点法,missile_three_point,missile,2.2539247723115,1876.582589382,-30000,1245.52630918076,52.4774262640402,37.5225737359598,0,1000,6789.28789422247,33.5730444708279,2.33342180671855,30.5808590348557,3.1183797764635
three_point,三点法,missile_three_point,missile,2.2639247723115,1884.51166677927,-30000,1251.61972594178,52.4387114872088,37.5612885127912,0,1000,6775.14628602308,33.5905740886019,2.33937005791255,30.6090558617836,3.12125505262078
three_point,三点法,missile_three_point,missile,2.2739247723115,1892.43662222875,-30000,1257.71850264769,52.3999437976973,37.6000562023027,0,1000,6761.00578081539,33.6081198714976,2.3453435859243,30.6372859611218,3.1241337216197
three_point,三点法,missile_three_point,missile,2.2839247723115,1900.35744646561,-30000,1263.82264383078,52.3611231126439,37.6388768873561,0,1000,6746.86638158534,33.6256818385903,2.3513425461802,30.6655493730734,3.12701578755981
three_point,三点法,missile_three_point,missile,2.2939247723115,1908.27413020321,-30000,1269.93215402088,52.3222493490912,37.6777506509088,0,1000,6732.72809132866,33.6432600089781,2.35736709537257,30.6938461378669,3.12990125454328
three_point,三点法,missile_three_point,missile,2.3039247723115,1916.18666413301,-30000,1276.0470377453,52.283322423915,37.716677576085,0,1000,6718.5909130509,33.6608544017824,2.36341739147257,30.7221762957566,3.13279012667492
three_point,三点法,missile_three_point,missile,2.3139247723115,1924.09503892457,-30000,1282.16729952883,52.2443422538451,37.7556577461549,0,1000,6704.45484976748,33.6784650361475,2.3694935937432,30.7505398870226,3.13568240806214
three_point,三点法,missile_three_point,missile,2.3239247723115,1931.9992452255,-30000,1288.2929438937,52.2053087555199,37.7946912444801,0,1000,6690.31990450371,33.6960919312409,2.37559586275257,30.7789369519701,3.13857810281494
three_point,三点法,missile_three_point,missile,2.3339247723115,1939.89927366136,-30000,1294.42397535948,52.1662218454341,37.8337781545659,0,1000,6676.18608029481,33.7137351062531,2.38172436038724,30.80736753093,3.14147721504591
three_point,三点法,missile_three_point,missile,2.3439247723115,1947.79511483566,-30000,1300.5603984431,52.1270814399319,37.8729185600681,0,1000,6662.05338018597,33.7313945803979,2.38787924986572,30.835831664258,3.14437974887021
three_point,三点法,missile_three_point,missile,2.3539247723115,1955.68675932982,-30000,1306.7022176588,52.0878874552559,37.9121125447441,0,1000,6647.92180723236,33.749070372912,2.39406069575221,30.8643293923352,3.14728570840555
three_point,三点法,missile_three_point,missile,2.3639247723115,1963.57419770307,-30000,1312.84943751805,52.0486398074856,37.9513601925144,0,1000,6633.79136449919,33.7667625030554,2.40026886397049,30.8928607555675,3.15019509777218
three_point,三点法,missile_three_point,missile,2.3739247723115,1971.45742049244,-30000,1319.00206252955,52.0093384125572,37.9906615874428,0,1000,6619.66205506172,33.7844709901111,2.40650392181789,30.9214257943855,3.15310792109288
three_point,三点法,missile_three_point,missile,2.3839247723115,1979.33641821271,-30000,1325.16009719918,51.9699831863146,38.0300168136853,0,1000,6605.53388200529,33.8021958533856,2.41276603797956,30.9500245492445,3.15602418249295
three_point,三点法,missile_three_point,missile,2.3939247723115,1987.21118135634,-30000,1331.32354602993,51.9305740444554,38.0694259555446,0,1000,6591.40684842539,33.8199371122081,2.41905538254287,30.9786570606243,3.15894388610018
three_point,三点法,missile_three_point,missile,2.4039247723115,1995.08170039344,-30000,1337.49241352189,51.891110902539,38.108889097461,0,1000,6577.28095742766,33.8376947859315,2.42537212701192,31.0073233690293,3.16186703604486
three_point,三点法,missile_three_point,missile,2.4139247723115,2002.94796577172,-30000,1343.66670417219,51.8515936759637,38.1484063240363,0,1000,6563.15621212793,33.8554688939315,2.43171644432236,31.0360235149878,3.16479363645973
three_point,三点法,missile_three_point,missile,2.4239247723115,2010.80996791642,-30000,1349.84642247497,51.812022280035,38.187977719965,0,1000,6549.03261565226,33.8732594556073,2.4380885088563,31.0647575390524,3.16772369148001
three_point,三点法,missile_three_point,missile,2.4339247723115,2018.6676972303,-30000,1356.03157292132,51.7723966299107,38.2276033700893,0,1000,6534.91017113698,33.8910664903812,2.44448849645744,31.0935254817997,3.17065720524335
three_point,三点法,missile_three_point,missile,2.4439247723115,2026.52114409354,-30000,1362.22215999925,51.7327166405792,38.2672833594208,0,1000,6520.7888817287,33.9088900176988,2.45091658444638,31.1223273838299,3.17359418188983
three_point,三点法,missile_three_point,missile,2.4539247723115,2034.37029886373,-30000,1368.41818819364,51.6929822269861,38.3070177730139,0,1000,6506.66875058439,33.926730057029,2.45737295163612,31.1511632857672,3.17653462556196
three_point,三点法,missile_three_point,missile,2.4639247723115,2042.21515187583,-30000,1374.6196619862,51.6531933038578,38.3468066961422,0,1000,6492.54978087137,33.944586627864,2.4638577783478,31.180033228259,3.17947854040462
three_point,三点法,missile_three_point,missile,2.4739247723115,2050.05569344206,-30000,1380.82658585542,51.6133497857599,38.3866502142401,0,1000,6478.43197576735,33.9624597497192,2.47037124642657,31.2089372519763,3.1824259305651
three_point,三点法,missile_three_point,missile,2.4839247723115,2057.89191385192,-30000,1387.03896427655,51.5734515872259,38.4265484127741,0,1000,6464.31533846051,33.9803494421334,2.47691353925769,31.2378753976133,3.18537680019306
three_point,三点法,missile_three_point,missile,2.4939247723115,2065.72380337209,-30000,1393.2568017215,51.5334986225987,38.4665013774013,0,1000,6450.19987214948,33.9982557246686,2.48348484178288,31.2668477058873,3.1883311534405
three_point,三点法,missile_three_point,missile,2.5039247723115,2073.55135224641,-30000,1399.48010265886,51.4934908060534,38.5065091939466,0,1000,6436.08558004339,34.0161786169102,2.4900853405168,31.2958542175385,3.19128899446177
three_point,三点法,missile_three_point,missile,2.5139247723115,2081.37455069582,-30000,1405.70887155382,51.4534280516778,38.5465719483222,0,1000,6421.97246536193,34.0341181384672,2.49671522356379,31.32489497333,3.19425032741354
three_point,三点法,missile_three_point,missile,2.5239247723115,2089.19338891831,-30000,1411.94311286813,51.4133102734422,38.5866897265578,0,1000,6407.86053133535,34.0520743089714,2.5033746806348,31.3539700140475,3.1972151564548
three_point,三点法,missile_three_point,missile,2.5339247723115,2097.00785708887,-30000,1418.18283106004,51.373137385132,38.626862614868,0,1000,6393.74978120454,34.0700471480786,2.51006390306457,31.3830793804991,3.20018348574682
three_point,三点法,missile_three_point,missile,2.54392477231149,2104.81794535945,-30000,1424.4280305843,51.3329093004211,38.6670906995789,0,1000,6379.64021822102,34.0880366754675,2.51678308382899,31.4122231135153,3.20315531945316
three_point,三点法,missile_three_point,missile,2.55392477231149,2112.62364385889,-30000,1430.67871589205,51.2926259327816,38.7073740672184,0,1000,6365.531845647,34.1060429108405,2.52353241756272,31.4414012539491,3.20613066173964
three_point,三点法,missile_three_point,missile,2.56392477231149,2120.42494269287,-30000,1436.93489143085,51.252287195639,38.747712804361,0,1000,6351.42466675539,34.1240658739232,2.53031210057701,31.470613842675,3.20910951677433
three_point,三点法,missile_three_point,missile,2.57392477231149,2128.2218319439,-30000,1443.19656164455,51.2118930023048,38.7881069976952,0,1000,6337.31868482991,34.1421055844648,2.53712233087773,31.4998609205898,3.21209188872753
three_point,三点法,missile_three_point,missile,2.58392477231149,2136.01430167122,-30000,1449.46373097331,51.1714432658201,38.8285567341799,0,1000,6323.21390316501,34.1601620622379,2.54396330818371,31.5291425286119,3.21507778177174
three_point,三点法,missile_three_point,missile,2.59392477231149,2143.80234191078,-30000,1455.73640385353,51.1309378992115,38.8690621007885,0,1000,6309.11032506601,34.1782353270385,2.55083523394527,31.5584587076812,3.2180672000817
three_point,三点法,missile_three_point,missile,2.60392477231149,2151.58594267517,-30000,1462.01458471778,51.0903768153175,38.9096231846825,0,1000,6295.00795384908,34.1963253986861,2.55773831136295,31.5878094987592,3.2210601478343
three_point,三点法,missile_three_point,missile,2.61392477231149,2159.36509395359,-30000,1468.2982779948,51.0497599268268,38.9502400731732,0,1000,6280.9067928413,34.2144322970236,2.56467274540656,31.6171949428285,3.2240566292086
three_point,三点法,missile_three_point,missile,2.62392477231149,2167.13978571178,-30000,1474.58748810941,51.0090871463063,38.9909128536937,0,1000,6266.80684538068,34.2325560419175,2.57163874283442,31.6466150808929,3.22705664838583
three_point,三点法,missile_three_point,missile,2.63392477231149,2174.91000789199,-30000,1480.8822194825,50.9683583862181,39.0316416137819,0,1000,6252.70811481622,34.2506966532577,2.57863651221291,31.6760699539769,3.23006020954933
three_point,三点法,missile_three_point,missile,2.64392477231149,2182.67575041291,-30000,1487.18247653093,50.9275735588371,39.0724264411629,0,1000,6238.61060450791,34.2688541509577,2.58566626393622,31.7055596031261,3.23306731688458
three_point,三点法,missile_three_point,missile,2.65392477231149,2190.43700316962,-30000,1493.48826366754,50.8867325763232,39.1132674236768,0,1000,6224.51431782681,34.2870285549545,2.59272821024638,31.7350840694066,3.23607797457915
three_point,三点法,missile_three_point,missile,2.66392477231149,2198.19375603357,-30000,1499.79958530106,50.8458353506863,39.1541646493137,0,1000,6210.41925815505,34.3052198852085,2.59982256525358,31.7646433939049,3.2390921868227
three_point,三点法,missile_three_point,missile,2.67392477231149,2205.94599885249,-30000,1506.1164458361,50.8048817937966,39.1951182062034,0,1000,6196.3254288859,34.323428161704,2.6069495449567,31.7942376177276,3.24210995780696
three_point,三点法,missile_three_point,missile,2.68392477231149,2213.69372145035,-30000,1512.43884967304,50.7638718174488,39.2361281825512,0,1000,6182.23283342378,34.3416534044483,2.61410936726417,31.8238667820018,3.2451312917257
three_point,三点法,missile_three_point,missile,2.69392477231149,2221.43691362733,-30000,1518.76680120804,50.7228053331761,39.2771946668239,0,1000,6168.1414751843,34.3598956334728,2.6213022520151,31.8535309278743,3.24815619277473
three_point,三点法,missile_three_point,missile,2.70392477231149,2229.17556515974,-30000,1525.10030483298,50.6816822524299,39.3183177475701,0,1000,6154.05135759432,34.3781548688323,2.62852842100063,31.8832300965117,3.25118466515188
three_point,三点法,missile_three_point,missile,2.71392477231149,2236.90966579998,-30000,1531.43936493538,50.6405024865995,39.3594975134005,0,1000,6139.96248409198,34.3964311306051,2.63578809798563,31.9129643291001,3.25421671305697
three_point,三点法,missile_three_point,missile,2.72392477231149,2244.63920527652,-30000,1537.78398589838,50.5992659468861,39.4007340531139,0,1000,6125.87485812671,34.4147244388931,2.64308150873071,31.9427336668453,3.25725234069181
three_point,三点法,missile_three_point,missile,2.73392477231149,2252.36417329379,-30000,1544.13417210066,50.5579725442327,39.4420274557673,0,1000,6111.7884831593,34.4330348138219,2.65040888101438,31.9725381509722,3.26029155226017
three_point,三点法,missile_three_point,missile,2.74392477231149,2260.08455953216,-30000,1550.48992791645,50.5166221895804,39.4833778104196,0,1000,6097.70336266193,34.4513622755408,2.65777044465572,32.0023778227248,3.26333435196778
three_point,三点法,missile_three_point,missile,2.75392477231149,2267.80035364791,-30000,1556.8512577154,50.4752147937428,39.5247852062572,0,1000,6083.61950011819,34.4697068442226,2.6651664315372,32.0322527233659,3.26638074402226
three_point,三点法,missile_three_point,missile,2.76392477231149,2275.51154527313,-30000,1563.21816586258,50.4337502673053,39.5662497326947,0,1000,6069.53689902316,34.4880685400639,2.67259707562781,32.0621628941772,3.26943073263319
three_point,三点法,missile_three_point,missile,2.77392477231149,2283.21812401572,-30000,1569.59065671842,50.392228520754,39.607771479246,0,1000,6055.45556288341,34.5064473832846,2.68006261300663,32.092108376459,3.272484322012
three_point,三点法,missile_three_point,missile,2.78392477231149,2290.9200794593,-30000,1575.96873463866,50.3506494644242,39.6493505355758,0,1000,6041.37549521703,34.5248433941287,2.68756328188657,32.1220892115297,3.27554151637202
three_point,三点法,missile_three_point,missile,2.79392477231149,2298.61740116317,-30000,1582.35240397428,50.309013008545,39.690986991455,0,1000,6027.29669955371,34.5432565928636,2.6950993226385,32.1521054407262,3.27860231992843
three_point,三点法,missile_three_point,missile,2.80392477231149,2306.31007866226,-30000,1588.74166907146,50.2673190631326,39.7326809368674,0,1000,6013.21917943477,34.5616869997806,2.70267097781573,32.1821571054032,3.28166673689825
three_point,三点法,missile_three_point,missile,2.81392477231149,2313.99810146709,-30000,1595.13653427156,50.2255675381551,39.7744324618449,0,1000,5999.14293841317,34.5801346351945,2.71027849217879,32.2122442469334,3.2847347715003
three_point,三点法,missile_three_point,missile,2.82392477231149,2321.6814590637,-30000,1601.53700391099,50.1837583433696,39.8162416566304,0,1000,5985.06798005355,34.598599519444,2.71792211272055,32.242366906707,3.28780642795522
three_point,三点法,missile_three_point,missile,2.83392477231149,2329.3601409136,-30000,1607.94308232125,50.1418913884201,39.8581086115799,0,1000,5970.99430793232,34.6170816728913,2.72560208869166,32.2725251261319,3.29088171048542
three_point,三点法,missile_three_point,missile,2.84392477231149,2337.03413645375,-30000,1614.3547738288,50.0999665827995,39.9000334172005,0,1000,5956.92192563763,34.6355811159224,2.73331867162644,32.302718946633,3.29396062331509
three_point,三点法,missile_three_point,missile,2.85392477231149,2344.70343509644,-30000,1620.77208275506,50.0579838358252,39.9420161641748,0,1000,5942.85083676948,34.6540978689473,2.74107211536896,32.3329484096524,3.29704317067015
three_point,三点法,missile_three_point,missile,2.86392477231149,2352.36802622931,-30000,1627.19501341632,50.0159430567857,39.9840569432143,0,1000,5928.7810449397,34.6726319523993,2.74886267609967,32.3632135566492,3.30012935677823
three_point,三点法,missile_three_point,missile,2.87392477231149,2360.02789921526,-30000,1633.6235701237,49.973844154718,40.026155845282,0,1000,5914.712553772,34.6911833867359,2.75669061236223,32.3935144290992,3.30321918586869
three_point,三点法,missile_three_point,missile,2.88392477231149,2367.68304339242,-30000,1640.05775718312,49.9316870385357,40.0683129614643,0,1000,5900.64536690206,34.709752192438,2.76455618509081,32.4238510684946,3.30631266217256
three_point,三点法,missile_three_point,missile,2.89392477231149,2375.33344807405,-30000,1646.49757889519,49.8894716170375,40.1105283829625,0,1000,5886.57948797751,34.7283383900105,2.77245965763774,32.454223516344,3.30940978992255
three_point,三点法,missile_three_point,missile,2.90392477231149,2382.97910254856,-30000,1652.94303955522,49.8471977988232,40.1528022011768,0,1000,5872.51492065798,34.746941999982,2.78040129580154,32.4846318141722,3.312510573353
three_point,三点法,missile_three_point,missile,2.91392477231149,2390.61999607939,-30000,1659.39414345313,49.8048654924559,40.1951345075441,0,1000,5858.45166861518,34.765563042905,2.78838136785537,32.5150760035199,3.31561501669988
three_point,三点法,missile_three_point,missile,2.92392477231149,2398.256117905,-30000,1665.85089487336,49.7624746062861,40.2375253937139,0,1000,5844.3897355329,34.7842015393557,2.7964001445758,32.5455561259435,3.31872312420077
three_point,三点法,missile_three_point,missile,2.93392477231149,2405.88745723882,-30000,1672.31329809492,49.7200250484772,40.2799749515227,0,1000,5830.32912510707,34.8028575099341,2.80445789927211,32.5760722230151,3.32183490009484
three_point,三点法,missile_three_point,missile,2.94392477231149,2413.51400326915,-30000,1678.78135739121,49.6775167271596,40.3224832728404,0,1000,5816.26984104577,34.8215309752642,2.81255490781588,32.606624336322,3.32495034862283
three_point,三点法,missile_three_point,missile,2.95392477231149,2421.13574515917,-30000,1685.25507703005,49.6349495502392,40.3650504497608,0,1000,5802.21188706933,34.8402219559935,2.82069144867102,32.6372125074668,3.328069474027
three_point,三点法,missile_three_point,missile,2.96392477231149,2428.75267204684,-30000,1691.73446127359,49.5923234254859,40.4076765745141,0,1000,5788.15526691032,34.8589304727936,2.82886780292435,32.667836778067,3.33119228055115
three_point,三点法,missile_three_point,missile,2.97392477231149,2436.36477304488,-30000,1698.21951437827,49.5496382605485,40.4503617394515,0,1000,5774.09998431359,34.87765654636,2.83708425431638,32.6984971897547,3.33431877244061
three_point,三点法,missile_three_point,missile,2.98392477231149,2443.97203724069,-30000,1704.71024059474,49.5068939629002,40.4931060370998,0,1000,5760.04604303636,34.8964001974119,2.84534108927277,32.7291937841768,3.33744895394215
three_point,三点法,missile_three_point,missile,2.99392477231149,2451.57445369631,-30000,1711.20664416783,49.4640904399296,40.5359095600704,0,1000,5745.99344684821,34.9151614466924,2.85363859693605,32.7599266029944,3.34058282930403
three_point,三点法,missile_three_point,missile,3.00392477231149,2459.17201144838,-30000,1717.70872933646,49.4212275988374,40.5787724011626,0,1000,5731.94219953113,34.9339403149684,2.86197706919789,32.7906956878829,3.34372040277596
three_point,三点法,missile_three_point,missile,3.01392477231148,2466.76469950807,-30000,1724.21650033363,49.3783053466869,40.6216946533131,0,1000,5717.8923048796,34.9527368230309,2.87035680073182,32.8215010805313,3.34686167860904
three_point,三点法,missile_three_point,missile,3.02392477231148,2474.35250686103,-30000,1730.7299613863,49.3353235903549,40.6646764096451,0,1000,5703.84376670058,34.9715509916946,2.87877808902638,32.8523428226428,3.35000666105579
three_point,三点法,missile_three_point,missile,3.03392477231148,2481.93542246733,-30000,1737.24911671541,49.2922822366495,40.7077177633505,0,1000,5689.79658881358,34.9903828417982,2.88724123441879,32.8832209559337,3.35315535437012
three_point,三点法,missile_three_point,missile,3.04392477231148,2489.51343526144,-30000,1743.77397053573,49.2491811922166,40.7508188077834,0,1000,5675.75077505071,35.0092323942042,2.89574654012906,32.9141355221338,3.35630776280726
three_point,三点法,missile_three_point,missile,3.05392477231148,2497.08653415213,-30000,1750.30452705589,49.2060203634878,40.7939796365122,0,1000,5661.70632925668,35.0280996697991,2.90429431229463,32.945086562986,3.35946389062382
three_point,三点法,missile_three_point,missile,3.06392477231148,2504.65470802246,-30000,1756.84079047826,49.162799656832,40.837200343168,0,1000,5647.66325528891,35.0469846894934,2.9128848600055,32.9760741202461,3.36262374207768
three_point,三点法,missile_three_point,missile,3.07392477231148,2512.21794572968,-30000,1763.38276499891,49.1195189784194,40.8804810215806,0,1000,5633.62155701749,35.0658874742212,2.92151849533986,33.0070982356824,3.36578732142805
three_point,三点法,missile_three_point,missile,3.08392477231148,2519.77623610524,-30000,1769.93045480757,49.0761782343326,40.9238217656674,0,1000,5619.58123832531,35.084808044941,2.93019553340021,33.0381589510759,3.36895463293539
three_point,三点法,missile_three_point,missile,3.09392477231148,2527.32956795468,-30000,1776.48386408753,49.0327773304647,40.9672226695353,0,1000,5605.54230310802,35.1037464226349,2.93891629235011,33.0692563082195,3.3721256808614
three_point,三点法,missile_three_point,missile,3.10392477231148,2534.87793005761,-30000,1783.04299701562,48.9893161725141,41.0106838274859,0,1000,5591.50475527414,35.122702628309,2.9476810934513,33.1003903489185,3.37530046946903
three_point,三点法,missile_three_point,missile,3.11392477231148,2542.42131116761,-30000,1789.60785776212,48.9457946661381,41.0542053338618,0,1000,5577.46859874506,35.1416766829935,2.95649026110152,33.1315611149896,3.3784790030224
three_point,三点法,missile_three_point,missile,3.12392477231148,2549.95970001227,-30000,1796.17845049072,48.9022127167984,41.0977872832016,0,1000,5563.43383745509,35.1606686077424,2.96534412287282,33.1627686482615,3.38166128578684
three_point,三点法,missile_three_point,missile,3.13392477231148,2557.49308529304,-30000,1802.75477935846,48.8585702297484,41.1414297702516,0,1000,5549.40047535151,35.1796784236338,2.97424300955036,33.1940129905739,3.38484732202881
three_point,三点法,missile_three_point,missile,3.14392477231148,2565.02145568521,-30000,1809.33684851564,48.8148671102361,41.1851328897639,0,1000,5535.36851639465,35.1987061517696,2.98318725517197,33.2252941837777,3.38803711601594
three_point,三点法,missile_three_point,missile,3.15392477231148,2572.54479983789,-30000,1815.92466210578,48.7711032632301,41.2288967367699,0,1000,5521.33796455784,35.217751813276,2.99217719706805,33.2566122697348,3.39123067201693
three_point,三点法,missile_three_point,missile,3.16392477231148,2580.0631063739,-30000,1822.51822426558,48.7272785935985,41.2727214064016,0,1000,5507.30882382755,35.2368154293028,3.00121317590229,33.2879672903177,3.39442799430159
three_point,三点法,missile_three_point,missile,3.17392477231148,2587.57636388977,-30000,1829.11753912481,48.6833930060867,41.3166069939133,0,1000,5493.28109820337,35.2558970210241,3.01029553571285,33.3193592874094,3.3976290871408
three_point,三点法,missile_three_point,missile,3.18392477231148,2595.08456095564,-30000,1835.72261080629,48.6394464052591,41.3605535947409,0,1000,5479.2547916981,35.2749966096378,3.01942462395417,33.3507883029029,3.40083395480647
three_point,三点法,missile_three_point,missile,3.19392477231148,2602.58768611525,-30000,1842.3334434258,48.5954386955569,41.4045613044431,0,1000,5465.22990833775,35.2941142163659,3.02860079153948,33.3822543787015,3.40404260157154
three_point,三点法,missile_three_point,missile,3.20392477231148,2610.08572788583,-30000,1848.95004109202,48.5513697812522,41.4486302187478,0,1000,5451.20645216162,35.3132498624544,3.03782439288386,33.413757556718,3.40725503170991
three_point,三点法,missile_three_point,missile,3.21392477231148,2617.57867475812,-30000,1855.57240790649,48.5072395665088,41.4927604334912,0,1000,5437.18442722231,35.3324035691734,3.04709578594799,33.4452978788749,3.4104712494965
three_point,三点法,missile_three_point,missile,3.22392477231148,2625.06651519626,-30000,1862.20054796352,48.4630479552685,41.5369520447315,0,1000,5423.16383758582,35.3515753578168,3.05641533228252,33.4768753871038,3.41369125920715
three_point,三点法,missile_three_point,missile,3.23392477231148,2632.54923763774,-30000,1868.83446535014,48.4187948513177,41.5812051486823,0,1000,5409.14468733151,35.3707652497027,3.06578339707318,33.5084901233453,3.4169150651186
three_point,三点法,missile_three_point,missile,3.24392477231148,2640.02683049337,-30000,1875.47416414605,48.3744801584353,41.6255198415647,0,1000,5395.12698055224,35.3899732661733,3.0752003491865,33.5401421295492,3.42014267150854
three_point,三点法,missile_three_point,missile,3.25392477231148,2647.49928214723,-30000,1882.1196484235,48.3301037801718,41.6698962198282,0,1000,5381.11072135433,35.4091994285946,3.08466656121622,33.5718314476733,3.42337408265548
three_point,三点法,missile_three_point,missile,3.26392477231148,2654.96658095658,-30000,1888.77092224729,48.285665619819,41.714334380181,0,1000,5367.09591385766,35.4284437583569,3.09418240953049,33.6035581196842,3.42660930283881
three_point,三点法,missile_three_point,missile,3.27392477231148,2662.42871525183,-30000,1895.42798967468,48.2411655806778,41.7588344193222,0,1000,5353.0825621957,35.4477062768743,3.10374827431967,33.6353221875562,3.42984833633873
three_point,三点法,missile_three_point,missile,3.28392477231148,2669.8856733365,-30000,1902.09085475531,48.196603565852,41.803396434148,0,1000,5339.07067051555,35.4669870055852,3.11336453964497,33.6671236932718,3.43309118743626
three_point,三点法,missile_three_point,missile,3.29392477231148,2677.33744348713,-30000,1908.75952153115,48.1519794782299,41.8480205217701,0,1000,5325.06024297798,35.4862859659518,3.12303159348773,33.6989626788207,3.43633786041316
three_point,三点法,missile_three_point,missile,3.30392477231148,2684.78401395326,-30000,1915.43399403645,48.107293220641,41.892706779359,0,1000,5311.0512837575,35.5056031794606,3.13274982779956,33.7308391862003,3.43958835955197
three_point,三点法,missile_three_point,missile,3.31392477231148,2692.22537295736,-30000,1922.11427629763,48.0625446956973,41.9374553043027,0,1000,5297.04379704236,35.5249386676221,3.14251963855314,33.7627532574148,3.44284268913592
three_point,三点法,missile_three_point,missile,3.32392477231148,2699.66150869476,-30000,1928.80037233326,48.0177338059088,41.9822661940911,0,1000,5283.03778703465,35.5442924519706,3.15234142579392,33.7947049344754,3.44610085344898
three_point,三点法,missile_three_point,missile,3.33392477231148,2707.09240933364,-30000,1935.49228615395,47.9728604536238,42.0271395463762,0,1000,5269.03325795032,35.563664554065,3.1622155936925,33.8266942593999,3.44936285677575
three_point,三点法,missile_three_point,missile,3.34392477231148,2714.51806301493,-30000,1942.19002176233,47.9279245410292,42.0720754589708,0,1000,5255.03021401922,35.5830549954877,3.17214255059795,33.8587212742123,3.4526287034015
three_point,三点法,missile_three_point,missile,3.35392477231148,2721.93845785229,-30000,1948.89358315293,47.8829259701634,42.1170740298366,0,1000,5241.02865948515,35.6024637978457,3.18212270909181,33.8907860209428,3.45589839761211
three_point,三点法,missile_three_point,missile,3.36392477231148,2729.35358193203,-30000,1955.60297431217,47.8378646428637,42.1621353571363,0,1000,5227.02859860591,35.6218909827696,3.19215648604306,33.9228885416275,3.45917194369407
three_point,三点法,missile_three_point,missile,3.37392477231148,2736.76342331306,-30000,1962.31819921824,47.7927404608993,42.2072595391007,0,1000,5213.03003565334,35.6413365719146,3.20224430266388,33.9550288783077,3.46244934593441
three_point,三点法,missile_three_point,missile,3.38392477231148,2744.16797002686,-30000,1969.03926184107,47.7475533258905,42.2524466741095,0,1000,5199.0329749134,35.6608005869594,3.21238658456631,33.9872070730305,3.46573060862073
three_point,三点法,missile_three_point,missile,3.39392477231148,2751.56721007739,-30000,1975.76616614221,47.7023031392461,42.2976968607539,0,1000,5185.03742068616,35.6802830496074,3.22258376181977,34.0194231678477,3.46901573604113
three_point,三点法,missile_three_point,missile,3.40392477231148,2758.96113144108,-30000,1982.49891607485,47.6569898022476,42.3430101977524,0,1000,5171.04337728588,35.6997839815856,3.23283626900951,34.051677204816,3.47230473248418
three_point,三点法,missile_three_point,missile,3.41392477231148,2766.34972206672,-30000,1989.23751558364,47.6116132160239,42.3883867839761,0,1000,5157.05084904106,35.7193034046454,3.243144545296,34.0839692259967,3.47559760223896
three_point,三点法,missile_three_point,missile,3.42392477231148,2773.73296987545,-30000,1995.98196860472,47.566173281546,42.433826718454,0,1000,5143.05984029449,35.7388413405621,3.25350903447517,34.1162992734551,3.47889434959492
three_point,三点法,missile_three_point,missile,3.43392477231148,2781.11086276068,-30000,2002.73227906557,47.5206698996331,42.4793301003669,0,1000,5129.07035540326,35.7583978111354,3.26393018503974,34.1486673892607,3.48219497884198
three_point,三点法,missile_three_point,missile,3.44392477231148,2788.48338858806,-30000,2009.48845088502,47.4751029709699,42.5248970290301,0,1000,5115.08239873885,35.7779728381887,3.27440845024141,34.1810736154868,3.48549949427039
three_point,三点法,missile_three_point,missile,3.45392477231148,2795.8505351954,-30000,2016.25048797309,47.4294723961015,42.5705276038985,0,1000,5101.09597468718,35.7975664435698,3.28494428815411,34.2135179942098,3.48880790017078
three_point,三点法,missile_three_point,missile,3.46392477231148,2803.21229039263,-30000,2023.01839423099,47.3837780753698,42.6162219246302,0,1000,5087.1110876486,35.8171786491506,3.2955381617382,34.2460005675097,3.4921202008341
three_point,三点法,missile_three_point,missile,3.47392477231148,2810.56864196175,-30000,2029.79217355102,47.338019908982,42.661980091018,0,1000,5073.12774203802,35.8368094768269,3.30619053890579,34.278521377469,3.49543640055157
three_point,三点法,missile_three_point,missile,3.48392477231147,2817.91957765675,-30000,2036.5718298165,47.2921977970239,42.7078022029761,0,1000,5059.1459422849,35.8564589485189,3.31690189258698,34.3110804661732,3.49875650361471
three_point,三点法,missile_three_point,missile,3.49392477231147,2825.26508520359,-30000,2043.35736690169,47.2463116393954,42.7536883606046,0,1000,5045.1656928333,35.8761270861706,3.32767270079733,34.3436778757099,3.50208051431528
three_point,三点法,missile_three_point,missile,3.50392477231147,2832.60515230011,-30000,2050.14878867174,47.2003613358489,42.7996386641511,0,1000,5031.18699814197,35.8958139117504,3.33850344670625,34.3763136481688,3.50540843694522
three_point,三点法,missile_three_point,missile,3.51392477231147,2839.93976661602,-30000,2056.9460989826,47.1543467860158,42.8456532139842,0,1000,5017.20986268434,35.9155194472506,3.34939461870663,34.4089878256415,3.50874027579668
three_point,三点法,missile_three_point,missile,3.52392477231147,2847.26891579279,-30000,2063.74930168094,47.108267889278,42.891732110722,0,1000,5003.23429094864,35.9352437146877,3.36034671048552,34.441700450221,3.51207603516196
three_point,三点法,missile_three_point,missile,3.53392477231147,2854.59258744364,-30000,2070.55840060412,47.0621245449489,42.9378754550511,0,1000,4989.26028743787,35.9549867361025,3.37136022109601,34.4744515640016,3.51541571933347
three_point,三点法,missile_three_point,missile,3.54392477231147,2861.91076915346,-30000,2077.37339958005,47.0159166522508,42.9840833477492,0,1000,4975.28785666991,35.9747485335596,3.38243565503027,34.5072412090786,3.51875933260375
three_point,三点法,missile_three_point,missile,3.55392477231147,2869.22344847879,-30000,2084.19430242716,46.9696441100932,43.0303558899068,0,1000,4961.31700317755,35.9945291291479,3.39357352229374,34.5400694275477,3.52210687926536
three_point,三点法,missile_three_point,missile,3.56392477231147,2876.5306129477,-30000,2091.02111295433,46.9233068172774,43.0766931827226,0,1000,4947.34773150853,36.0143285449803,3.40477433848063,34.5729362615053,3.52545836361094
three_point,三点法,missile_three_point,missile,3.57392477231147,2883.83225005979,-30000,2097.85383496078,46.8769046725637,43.1230953274363,0,1000,4933.38004622558,36.0341468031941,3.41603862485058,34.6058417530476,3.52881378993312
three_point,三点法,missile_three_point,missile,3.58392477231147,2891.12834728615,-30000,2104.69247223604,46.8304375744375,43.1695624255625,0,1000,4919.41395190652,36.0539839259504,3.42736690840662,34.6387859442709,3.5321731625245
three_point,三点法,missile_three_point,missile,3.59392477231147,2898.41889206923,-30000,2111.53702855983,46.7839054212515,43.2160945787485,0,1000,4905.44945314424,36.0738399354345,3.43875972197442,34.6717688772707,3.53553648567765
three_point,三点法,missile_three_point,missile,3.60392477231147,2905.70387182285,-30000,2118.38750770201,46.7373081112346,43.2626918887654,0,1000,4891.48655454682,36.093714853856,3.45021760428288,34.7047905941418,3.53890376368503
three_point,三点法,missile_three_point,missile,3.61392477231147,2912.98327393213,-30000,2125.24391342251,46.6906455424142,43.3093544575858,0,1000,4877.52526073751,36.1136087034483,3.46174110004597,34.7378511369779,3.54227500083902
three_point,三点法,missile_three_point,missile,3.62392477231147,2920.25708575342,-30000,2132.10624947124,46.6439176127386,43.3560823872614,0,1000,4863.56557635485,36.1335215064693,3.47333076004607,34.7709505478715,3.54565020143183
three_point,三点法,missile_three_point,missile,3.63392477231147,2927.52529461427,-30000,2138.974519588,46.5971242199324,43.4028757800676,0,1000,4849.60750605266,36.1534532852006,3.4849871412186,34.804088868913,3.54902936975552
three_point,三点法,missile_three_point,missile,3.64392477231147,2934.78788781334,-30000,2145.84872750244,46.5502652615333,43.4497347384667,0,1000,4835.65105450012,36.1734040619483,3.49671080673811,34.8372661421912,3.55241251010194
three_point,三点法,missile_three_point,missile,3.65392477231147,2942.04485262037,-30000,2152.72887693395,46.5033406350521,43.4966593649478,0,1000,4821.69622638184,36.1933738590424,3.50850232610582,34.8704824097924,3.5557996267627
three_point,三点法,missile_three_point,missile,3.66392477231147,2949.29617627615,-30000,2159.6149715916,46.4563502377337,43.5436497622663,0,1000,4807.74302639786,36.2133626988371,3.52036227523863,34.9037377138003,3.55919072402914
three_point,三点法,missile_three_point,missile,3.67392477231147,2956.54184599238,-30000,2166.50701517404,46.4092939667135,43.5907060332865,0,1000,4793.79145926375,36.2333706037105,3.53229123655965,34.9370320962958,3.56258580619231
three_point,三点法,missile_three_point,missile,3.68392477231147,2963.78184895173,-30000,2173.40501136945,46.3621717189324,43.6378282810676,0,1000,4779.84152971062,36.2533975960652,3.54428979909023,34.9703655993565,3.56598487754294
three_point,三点法,missile_three_point,missile,3.69392477231147,2971.01617230768,-30000,2180.30896385546,46.3149833911406,43.6850166088594,0,1000,4765.89324248521,36.2734436983275,3.55635855854362,35.0037382650565,3.5693879423714
three_point,三点法,missile_three_point,missile,3.70392477231147,2978.24480318452,-30000,2187.21887629904,46.2677288800919,43.7322711199081,0,1000,4751.94660234991,36.2935089329481,3.56849811742016,35.037150135466,3.57279500496764
three_point,三点法,missile_three_point,missile,3.71392477231147,2985.46772867731,-30000,2194.13475235644,46.2204080822479,43.7795919177521,0,1000,4738.00161408283,36.3135933224016,3.58070908510418,35.0706012526511,3.57620606962123
three_point,三点法,missile_three_point,missile,3.72392477231147,2992.68493585177,-30000,2201.05659567312,46.1730208938888,43.8269791061112,0,1000,4724.05828247786,36.3336968891869,3.59299207796243,35.1040916586735,3.57962114062126
three_point,三点法,missile_three_point,missile,3.73392477231147,2999.89641174427,-30000,2207.98440988366,46.1255672112592,43.8744327887408,0,1000,4710.11661234469,36.3538196558269,3.6053477194444,35.13762139559,3.58304022225633
three_point,三点法,missile_three_point,missile,3.74392477231147,3007.10214336175,-30000,2214.91819861165,46.0780469303621,43.9219530696379,0,1000,4696.17660850888,36.3739616448685,3.61777664018416,35.1711905054524,3.58646331881452
three_point,三点法,missile_three_point,missile,3.75392477231147,3014.30211768169,-30000,2221.85796546968,46.0304599470135,43.9695400529865,0,1000,4682.23827581193,36.3941228788829,3.63027947810415,35.204799030307,3.58989043458337
three_point,三点法,missile_three_point,missile,3.76392477231147,3021.49632165202,-30000,2228.80371405919,45.9828061569534,44.0171938430466,0,1000,4668.3016191113,36.4143033804651,3.64285687852064,35.2384470121943,3.59332157384982
three_point,三点法,missile_three_point,missile,3.77392477231147,3028.6847421911,-30000,2235.75544797042,45.9350854557292,44.0649145442707,0,1000,4654.36664328048,36.4345031722345,3.65550949425108,35.272134493149,3.5967567409002
three_point,三点法,missile_three_point,missile,3.78392477231147,3035.86736618764,-30000,2242.71317078232,45.8872977387039,44.1127022612961,0,1000,4640.43335320905,36.4547222768344,3.66823798572337,35.305861515199,3.60019594002019
three_point,三点法,missile_three_point,missile,3.79392477231147,3043.04418050066,-30000,2249.67688606248,45.8394429011351,44.1605570988649,0,1000,4626.50175380272,36.4749607169322,3.68104302108692,35.3396281203659,3.60363917549478
three_point,三点法,missile_three_point,missile,3.80392477231147,3050.21517195943,-30000,2256.64659736702,45.7915208380857,44.2084791619143,0,1000,4612.57184998337,36.4952185152194,3.6939252763258,35.3734343506639,3.60708645160824
three_point,三点法,missile_three_point,missile,3.81392477231147,3057.3803273634,-30000,2263.62230824053,45.743531444445,44.256468555555,0,1000,4598.64364668915,36.5154956944116,3.7068854353738,35.4072802481,3.61053777264407
three_point,三点法,missile_three_point,missile,3.82392477231147,3064.53963348218,-30000,2270.60402221599,45.6954746149522,44.3045253850478,0,1000,4584.71714887449,36.5357922772484,3.71992419023156,35.4411658546734,3.61399314288503
three_point,三点法,missile_three_point,missile,3.83392477231147,3071.69307705544,-30000,2277.59174281467,45.6473502442111,44.3526497557889,0,1000,4570.79236151015,36.5561082864935,3.73304224108573,35.4750912123754,3.617452566613
three_point,三点法,missile_three_point,missile,3.84392477231147,3078.84064479289,-30000,2284.58547354604,45.5991582266845,44.4008417733155,0,1000,4556.86928958331,36.5764437449345,3.74624029643032,35.5090563631887,3.62091604810906
three_point,三点法,missile_three_point,missile,3.85392477231147,3085.98232337423,-30000,2291.58521790772,45.5508984566225,44.4491015433775,0,1000,4542.94793809762,36.5967986753835,3.75951907319014,35.5430613490874,3.62438359165336
three_point,三点法,missile_three_point,missile,3.86392477231147,3093.11809944904,-30000,2298.59097938534,45.502570828129,44.497429171871,0,1000,4529.0283120732,36.617173100676,3.77287929684652,35.5771062120366,3.62785520152515
three_point,三点法,missile_three_point,missile,3.87392477231147,3100.2479596368,-30000,2305.60276145252,45.4541752351684,44.5458247648316,0,1000,4515.11041654676,36.6375670436722,3.78632170156522,35.6111909939917,3.63133088200269
three_point,三点法,missile_three_point,missile,3.88392477231147,3107.37189052677,-30000,2312.62056757072,45.4057115715022,44.5942884284978,0,1000,4501.19425657161,36.6579805272558,3.7998470303267,35.6453157368987,3.63481063736329
three_point,三点法,missile_three_point,missile,3.89392477231147,3114.48987867798,-30000,2319.64440118922,45.3571797307616,44.6428202692384,0,1000,4487.27983721776,36.6784135743349,3.81345603505867,35.6794804826933,3.63829447188319
three_point,三点法,missile_three_point,missile,3.90392477231147,3121.60191061914,-30000,2326.67426574496,45.3085796064754,44.6914203935246,0,1000,4473.36716357192,36.6988662078414,3.82714947677112,35.7136852733008,3.64178238983759
three_point,三点法,missile_three_point,missile,3.91392477231147,3128.70797284863,-30000,2333.71016466251,45.2599110919015,44.7400889080985,0,1000,4459.4562407376,36.7193384507313,3.84092812569374,35.7479301506356,3.64527439550057
three_point,三点法,missile_three_point,missile,3.92392477231147,3135.80805183438,-30000,2340.75210135396,45.2111740801876,44.7888259198124,0,1000,4445.54707383512,36.7398303259846,3.85479276141588,35.7822151566012,3.64877049314508
three_point,三点法,missile_three_point,missile,3.93392477231147,3142.90213401389,-30000,2347.80007921884,45.1623684643256,44.8376315356744,0,1000,4431.63966800173,36.7603418566053,3.86874417302905,35.8165403330894,3.65227068704291
three_point,三点法,missile_three_point,missile,3.94392477231146,3149.9902057941,-30000,2354.85410164402,45.1134941371171,44.8865058628829,0,1000,4417.73402839159,36.7808730656215,3.882783159272,35.8509057219801,3.65577498146463
three_point,三点法,missile_three_point,missile,3.95392477231146,3157.07225355139,-30000,2361.91417200363,45.0645509913069,44.9354490086931,0,1000,4403.83016017589,36.8014239760851,3.89691052867859,35.8853113651411,3.65928338067955
three_point,三点法,missile_three_point,missile,3.96392477231146,3164.14826363152,-30000,2368.98029365896,45.0155389193394,44.9844610806606,0,1000,4389.92806854287,36.8219946110722,3.91112709972815,35.9197573044277,3.66279588895573
three_point,三点法,missile_three_point,missile,3.97392477231146,3171.21822234954,-30000,2376.05246995841,44.9664578134985,45.0335421865015,0,1000,4376.02775869788,36.8425849936827,3.92543370099894,35.954243581682,3.66631251055987
three_point,三点法,missile_three_point,missile,3.98392477231146,3178.28211598975,-30000,2383.13070423734,44.9173075660527,45.0826924339473,0,1000,4362.12923586344,36.8631951470405,3.93983117132413,35.988770238733,3.66983324975736
three_point,三点法,missile_three_point,missile,3.99392477231146,3185.33993080568,-30000,2390.21499981802,44.8680880690219,45.1319119309781,0,1000,4348.23250527932,36.8838250942935,3.95432035995095,36.0233373173959,3.67335811081215
three_point,三点法,missile_three_point,missile,4.00392477231146,3192.39165301999,-30000,2397.30536000953,44.8187992141784,45.1812007858216,0,1000,4334.33757220254,36.9044748586137,3.9689021267026,36.0579448594722,3.67688709798679
three_point,三点法,missile_three_point,missile,4.01392477231146,3199.43726882441,-30000,2404.40178810767,44.7694408932569,45.2305591067431,0,1000,4320.44444190747,36.9251444631967,3.98357734214337,36.0925929067484,3.68042021554235
three_point,三点法,missile_three_point,missile,4.02392477231146,3206.47676437975,-30000,2411.50428739487,44.7200129977742,45.2799870022258,0,1000,4306.5531196859,36.9458339312624,3.99834688774674,36.1272815009969,3.68395746773841
three_point,三点法,missile_three_point,missile,4.03392477231146,3213.51012581575,-30000,2418.61286114009,44.6705154191175,45.3294845808825,0,1000,4292.66361084705,36.9665432860544,4.01321165606669,36.1620106839744,3.68749885883297
three_point,三点法,missile_three_point,missile,4.04392477231146,3220.53733923113,-30000,2425.72751259873,44.6209480484861,45.3790519515139,0,1000,4278.77592071765,36.9872725508402,4.02817255091224,36.1967804974223,3.69104439308248
three_point,三点法,missile_three_point,missile,4.05392477231146,3227.55839069343,-30000,2432.84824501255,44.5713107768823,45.4286892231177,0,1000,4264.89005464201,37.0080217489115,4.0432304875253,36.2315909830662,3.69459407474175
three_point,三点法,missile_three_point,missile,4.06392477231146,3234.57326623904,-30000,2439.97506160956,44.52160349521,45.47839650479,0,1000,4251.00601798206,37.0287909035835,4.05838639276195,36.2664421826153,3.69814790806395
three_point,三点法,missile_three_point,missile,4.07392477231146,3241.5819518731,-30000,2447.10796560395,44.4718260941375,45.5281739058625,0,1000,4237.12381611742,37.0495800381956,4.07364120527707,36.3013341377621,3.70170589730052
three_point,三点法,missile_three_point,missile,4.08392477231146,3248.58443356944,-30000,2454.24696019596,44.4219784642743,45.5780215357257,0,1000,4223.24345444543,37.070389176111,4.08899587571263,36.3362668901822,3.70526804670119
three_point,三点法,missile_three_point,missile,4.09392477231146,3255.58069727058,-30000,2461.39204857182,44.3720604959628,45.6279395040372,0,1000,4209.36493838127,37.0912183407166,4.10445136688946,36.3712404815336,3.7088343605139
three_point,三点法,missile_three_point,missile,4.10392477231146,3262.57072888759,-30000,2468.54323390364,44.3220720794044,45.6779279205956,0,1000,4195.48827335793,37.1120675554235,4.12000865400289,36.4062549534567,3.71240484298478
three_point,三点法,missile_three_point,missile,4.11392477231146,3269.5545143001,-30000,2475.7005193493,44.2720131047178,45.7279868952822,0,1000,4181.61346482635,37.1329368436664,4.13566872482197,36.4413103475733,3.71597949835809
three_point,三点法,missile_three_point,missile,4.12392477231146,3276.53203935625,-30000,2482.8639080524,44.2218834617275,45.7781165382725,0,1000,4167.74051825542,37.1538262289039,4.15143257989274,36.4764067054872,3.71955833087621
three_point,三点法,missile_three_point,missile,4.13392477231146,3283.50328987257,-30000,2490.03340314212,44.1716830401714,45.8283169598286,0,1000,4153.86943913209,37.1747357346184,4.1673012327453,36.5115440687826,3.72314134477957
three_point,三点法,missile_three_point,missile,4.14392477231146,3290.468251634,-30000,2497.20900773314,44.1214117296181,45.8785882703819,0,1000,4140.00023296137,37.1956653843162,4.18327571010503,36.5467224790247,3.72672854430664
three_point,三点法,missile_three_point,missile,4.15392477231146,3297.42691039377,-30000,2504.39072492554,44.0710694194379,45.9289305805621,0,1000,4126.13290526645,37.2166152015274,4.19935705210789,36.5819419777588,3.73031993369385
three_point,三点法,missile_three_point,missile,4.16392477231146,3304.37925187341,-30000,2511.57855780472,44.0206559988874,45.9793440011126,0,1000,4112.26746158872,37.2375852098058,4.21554631251994,36.61720260651,3.73391551717559
three_point,三点法,missile_three_point,missile,4.17392477231146,3311.32526176263,-30000,2518.77250944126,43.9701713570074,46.0298286429926,0,1000,4098.40390748782,37.2585754327291,4.23184455896127,36.6525044067828,3.73751529898414
three_point,三点法,missile_three_point,missile,4.18392477231146,3318.26492571933,-30000,2525.97258289089,43.919615382716,46.080384617284,0,1000,4084.54224854175,37.2795858938988,4.24825287313423,36.6878474200609,3.74111928334965
three_point,三点法,missile_three_point,missile,4.19392477231146,3325.19822936949,-30000,2533.17878119431,43.8689879647499,46.1310120352501,0,1000,4070.68249034688,37.30061661694,4.26477235105628,36.7232316878062,3.74472747450008
three_point,三点法,missile_three_point,missile,4.20392477231146,3332.12515830715,-30000,2540.39110737716,43.8182889916255,46.1817110083745,0,1000,4056.82463851803,37.3216676255016,4.28140410329749,36.7586572514592,3.74833987666117
three_point,三点法,missile_three_point,missile,4.21392477231146,3339.04569809432,-30000,2547.60956444988,43.7675183517506,46.2324816482494,0,1000,4042.96869868853,37.3427389432563,4.29814925522266,36.794124152438,3.75195649405638
three_point,三点法,missile_three_point,missile,4.22392477231146,3345.95983426099,-30000,2554.83415540765,43.7166759333835,46.2833240666165,0,1000,4029.11467651029,37.3638305939006,4.31500894723843,36.8296324321382,3.7555773309069
three_point,三点法,missile_three_point,missile,4.23392477231146,3352.86755230499,-30000,2562.06488323022,43.6657616245959,46.3342383754041,0,1000,4015.26257765384,37.3849426011546,4.3319843350453,36.865182131932,3.75920239143153
three_point,三点法,missile_three_point,missile,4.24392477231146,3359.76883769202,-30000,2569.30175088189,43.6147753132664,46.3852246867336,0,1000,4001.41240780839,37.406074988762,4.34907658989472,36.9007732931687,3.7628316798467
three_point,三点法,missile_three_point,missile,4.25392477231146,3366.66367585552,-30000,2576.54476131135,43.563716887101,46.436283112899,0,1000,3987.56417268192,37.4272277804904,4.36628689885139,36.9364059571732,3.7664652003664
three_point,三点法,missile_three_point,missile,4.26392477231146,3373.55205219668,-30000,2583.79391745163,43.5125862336891,46.4874137663109,0,1000,3973.71787800122,37.4484010001309,4.3836164650609,36.9720801652464,3.77010295720214
three_point,三点法,missile_three_point,missile,4.27392477231146,3380.43395208434,-30000,2591.04922221994,43.4613832404579,46.538616759542,0,1000,3959.87352951193,37.4695946714984,4.40106650802284,37.0077959586644,3.77374495456292
three_point,三点法,missile_three_point,missile,4.28392477231146,3387.30936085496,-30000,2598.3106785176,43.410107794581,46.589892205419,0,1000,3946.03113297866,37.4908088184312,4.41863826386943,37.0435533786783,3.77739119665515
three_point,三点法,missile_three_point,missile,4.29392477231146,3394.17826381254,-30000,2605.57828922995,43.3587597831047,46.6412402168953,0,1000,3932.19069418499,37.5120434647916,4.43633298564995,37.0793524665132,3.78104168768267
three_point,三点法,missile_three_point,missile,4.30392477231146,3401.04064622861,-30000,2612.85205722623,43.307339092952,46.6926609070481,0,1000,3918.35221893356,37.5332986344652,4.45415194362096,37.1151932633687,3.78469643184663
three_point,三点法,missile_three_point,missile,4.31392477231146,3407.89649334213,-30000,2620.13198535947,43.2558456108825,46.7441543891175,0,1000,3904.51571304614,37.5545743513614,4.47209642554256,37.1510758104177,3.78835543334551
three_point,三点法,missile_three_point,missile,4.32392477231146,3414.74579035947,-30000,2627.41807646638,43.2042792234435,46.7957207765565,0,1000,3890.68118236368,37.575870639413,4.49016773698071,37.1870001488063,3.79201869637504
three_point,三点法,missile_three_point,missile,4.33392477231146,3421.58852245433,-30000,2634.71033336728,43.1526398169509,46.8473601830491,0,1000,3876.84863274638,37.5971875225764,4.50836720161599,37.2229663196531,3.79568622512816
three_point,三点法,missile_three_point,missile,4.34392477231146,3428.4246747677,-30000,2642.00875886598,43.10092727765,46.89907272235,0,1000,3863.01807007373,37.6185250248317,4.52669616155865,37.2589743640493,3.79935802379501
three_point,三点法,missile_three_point,missile,4.35392477231146,3435.2542324078,-30000,2649.31335574965,43.0491414916303,46.9508585083697,0,1000,3849.1895002446,37.6398831701824,4.54515597767032,37.2950243230577,3.80303409656281
three_point,三点法,missile_three_point,missile,4.36392477231146,3442.07718045004,-30000,2656.62412678874,42.9972823447414,47.0027176552586,0,1000,3835.36292917729,37.6612619826556,4.56374802989253,37.3311162377124,3.8067144476159
three_point,三点法,missile_three_point,missile,4.37392477231146,3448.89350393694,-30000,2663.94107473687,42.9453497226991,47.0546502773009,0,1000,3821.53836280961,37.6826614863018,4.58247371758207,37.3672501490187,3.81039908113563
three_point,三点法,missile_three_point,missile,4.38392477231146,3455.70318787811,-30000,2671.26420233072,42.8933435110502,47.1066564889498,0,1000,3807.7158070989,37.7040817051952,4.6013344598535,37.4034260979521,3.81408800130035
three_point,三点法,missile_three_point,missile,4.39392477231146,3462.50621725015,-30000,2678.59351228991,42.8412635951807,47.1587364048193,0,1000,3793.89526802214,37.7255226634331,4.62033169592896,37.4396441254582,3.81778121228536
three_point,三点法,missile_three_point,missile,4.40392477231146,3469.30257699666,-30000,2685.92900731692,42.7891098602552,47.2108901397448,0,1000,3780.076751576,37.7469843851366,4.63946688549535,37.4759042724523,3.82147871826284
three_point,三点法,missile_three_point,missile,4.41392477231146,3476.09225202812,-30000,2693.27069009698,42.7368821912982,47.2631178087018,0,1000,3766.26026377689,37.7684668944501,4.65874150906925,37.5122065798187,3.82518052340184
three_point,三点法,missile_three_point,missile,4.42392477231146,3482.87522722187,-30000,2700.61856329791,42.6845804732146,47.3154195267854,0,1000,3752.44581066103,37.7899702155414,4.67815706836961,37.5485510884103,3.8288866318682
three_point,三点法,missile_three_point,missile,4.43392477231145,3489.65148742207,-30000,2707.97262957009,42.6322045906697,47.3677954093303,0,1000,3738.63339828454,37.8114943726017,4.69771508669852,37.5849378390485,3.83259704782453
three_point,三点法,missile_three_point,missile,4.44392477231145,3496.42101743961,-30000,2715.33289154628,42.5797544281949,47.4202455718051,0,1000,3724.82303272346,37.8330393898456,4.71741710933015,37.621366872522,3.83631177543014
three_point,三点法,missile_three_point,missile,4.45392477231145,3503.18380205209,-30000,2722.69935184156,42.5272298701313,47.4727701298687,0,1000,3711.01472007383,37.8546052915111,4.73726470390817,37.6578382295872,3.84003081884101
three_point,三点法,missile_three_point,missile,4.46392477231145,3509.93982600375,-30000,2730.0720130532,42.474630800645,47.525369199355,0,1000,3697.20846645179,37.8761921018594,4.75725946085185,37.6943519509671,3.84375418220973
three_point,三点法,missile_three_point,missile,4.47392477231145,3516.6890740054,-30000,2737.45087776053,42.4219571037711,47.5780428962289,0,1000,3683.4042779936,37.8977998451752,4.777402993771,37.730908077351,3.84748186968547
three_point,三点法,missile_three_point,missile,4.48392477231145,3523.43153073442,-30000,2744.83594852487,42.3692086633405,47.6307913366595,0,1000,3669.60216085571,37.9194285457665,4.79769693989,37.7675066493942,3.8512138854139
three_point,三点法,missile_three_point,missile,4.49392477231145,3530.16718083464,-30000,2752.22722788938,42.3163853629909,47.6836146370091,0,1000,3655.80212121487,37.9410782279644,4.81814296048126,37.8041477077173,3.85495023353718
three_point,三点法,missile_three_point,missile,4.50392477231145,3536.89600891634,-30000,2759.62471837898,42.2634870862354,47.7365129137646,0,1000,3642.00416526812,37.9627489161234,4.83874274130811,37.840831292906,3.85869091819388
three_point,三点法,missile_three_point,missile,4.51392477231145,3543.61799955617,-30000,2767.02842250021,42.2105137163913,47.7894862836087,0,1000,3628.20829923293,37.9844406346212,4.85949799307766,37.8775574455102,3.86243594351896
three_point,三点法,missile_three_point,missile,4.52392477231145,3550.33313729709,-30000,2774.43834274112,42.1574651366075,47.8425348633925,0,1000,3614.41452934722,38.0061534078587,4.88041045190366,37.914326206044,3.8661853136437
three_point,三点法,missile_three_point,missile,4.53392477231145,3557.04140664836,-30000,2781.85448157119,42.1043412298551,47.8956587701449,0,1000,3600.62286186945,38.0278872602602,4.90148187977974,37.9511376149848,3.86993903269565
three_point,三点法,missile_three_point,missile,4.54392477231145,3563.74279208543,-30000,2789.27684144117,42.051141878941,47.948858121059,0,1000,3586.83330307866,38.0496422162729,4.92271406506324,37.9879917127731,3.87369710479859
three_point,三点法,missile_three_point,missile,4.55392477231145,3570.43727804993,-30000,2796.70542478299,41.9978669665196,48.0021330334804,0,1000,3573.04585927458,38.0714183003673,4.94410882296997,38.0248885398118,3.87745953407247
three_point,三点法,missile_three_point,missile,4.56392477231145,3577.1248489496,-30000,2804.14023400964,41.9445163750162,48.0554836249838,0,1000,3559.26053677763,38.093215537037,4.96566799608012,38.061828136466,3.88122632463339
three_point,三点法,missile_three_point,missile,4.57392477231145,3583.80548915823,-30000,2811.58127151506,41.8910899867084,48.1089100132916,0,1000,3545.47734192906,38.1150339507988,4.98739345485564,38.0988105430622,3.8849974805935
three_point,三点法,missile_three_point,missile,4.58392477231145,3590.47918301563,-30000,2819.02853967402,41.8375876837491,48.1624123162509,0,1000,3531.69628109097,38.1368735661925,5.00928709816948,38.135835799888,3.88877300606099
three_point,三点法,missile_three_point,missile,4.59392477231145,3597.14591482755,-30000,2826.48204084198,41.7840093480219,48.2159906519781,0,1000,3517.9173606464,38.158734407781,5.03135085384682,38.1729039471915,3.89255290514003
three_point,三点法,missile_three_point,missile,4.60392477231145,3603.80566886565,-30000,2833.94177735504,41.7303548613341,48.2696451386659,0,1000,3504.14058699937,38.1806165001503,5.05358667921878,38.2100150251808,3.89633718193071
three_point,三点法,missile_three_point,missile,4.61392477231145,3610.45842936745,-30000,2841.40775152973,41.6766241053138,48.3233758946862,0,1000,3490.36596657498,38.2025198679093,5.07599656168892,38.2471690740236,3.90012584052898
three_point,三点法,missile_three_point,missile,4.62392477231145,3617.10418053625,-30000,2848.87996566296,41.6228169613005,48.3771830386995,0,1000,3476.59350581946,38.2244445356901,5.09858251931274,38.2843661338466,3.90391888502665
three_point,三点法,missile_three_point,missile,4.63392477231145,3623.74290654111,-30000,2856.3584220319,41.5689333105648,48.4310666894352,0,1000,3462.82321120024,38.2463905281475,5.12134660139071,38.321606244735,3.90771631951125
three_point,三点法,missile_three_point,missile,4.64392477231145,3630.37459151677,-30000,2863.84312289381,41.5149730341742,48.4850269658258,0,1000,3449.05508920603,38.2683578699596,5.14429088907516,38.3588894467321,3.91151814806607
three_point,三点法,missile_three_point,missile,4.65392477231145,3636.99921956362,-30000,2871.33407048598,41.4609360130155,48.5390639869845,0,1000,3435.28914634687,38.2903465858271,5.1674174959912,38.3962157798387,3.91532437477005
three_point,三点法,missile_three_point,missile,4.66392477231145,3643.61677474763,-30000,2878.83126702556,41.4068221278222,48.5931778721778,0,1000,3421.52538915419,38.3123567004738,5.19072856887243,38.4335852840125,3.91913500369774
three_point,三点法,missile_three_point,missile,4.67392477231145,3650.22724110032,-30000,2886.33471470948,41.3526312591614,48.6473687408386,0,1000,3407.76382418093,38.3343882386464,5.21422628821151,38.4709979991676,3.92295003891926
three_point,三点法,missile_three_point,missile,4.68392477231145,3656.8306026187,-30000,2893.8444157143,41.2983632873811,48.7016367126189,0,1000,3394.00445800156,38.3564412251143,5.23791286892614,38.5084539651742,3.92676948450023
three_point,三点法,missile_three_point,missile,4.69392477231145,3663.42684326519,-30000,2901.3603721961,41.2440180926367,48.7559819073633,0,1000,3380.24729721215,38.3785156846699,5.26179056104094,38.545953221858,3.93059334450174
three_point,三点法,missile_three_point,missile,4.70392477231145,3670.01594696762,-30000,2908.88258629038,41.189595555008,48.810404444992,0,1000,3366.49234843047,38.4006116421282,5.2858616503855,38.5834958089993,3.93442162298026
three_point,三点法,missile_three_point,missile,4.71392477231145,3676.59789761914,-30000,2916.41106011188,41.1350955543084,48.8649044456916,0,1000,3352.73961829605,38.4227291223273,5.31012845930927,38.6210817663331,3.93825432398761
three_point,三点法,missile_three_point,missile,4.72392477231145,3683.17267907818,-30000,2923.94579575453,41.0805179701865,48.9194820298135,0,1000,3338.98911347022,38.4448681501277,5.33459334741351,38.6587111335481,3.94209145157093
three_point,三点法,missile_three_point,missile,4.73392477231145,3689.74027516839,-30000,2931.48679529125,41.0258626821913,48.9741373178087,0,1000,3325.24084063622,38.4670287504129,5.35925871230102,38.6963839502862,3.94593300977258
three_point,三点法,missile_three_point,missile,4.74392477231145,3696.30066967863,-30000,2939.0340607739,40.9711295695761,49.0288704304239,0,1000,3311.49480649925,38.4892109480889,5.38412699034402,38.7341002561424,3.94977900263009
three_point,三点法,missile_three_point,missile,4.75392477231145,3702.85384636284,-30000,2946.5875942331,40.9163185115018,49.0836814884982,0,1000,3297.75101778654,38.5114147680845,5.40920065747071,38.7718600906636,3.95362943417615
three_point,三点法,missile_three_point,missile,4.76392477231145,3709.39978894008,-30000,2954.14739767813,40.8614293869451,49.1385706130549,0,1000,3284.00948124744,38.5336402353511,5.43448222997104,38.8096634933485,3.95748430843851
three_point,三点法,missile_three_point,missile,4.77392477231145,3715.93848109441,-30000,2961.71347309681,40.8064620746552,49.1935379253448,0,1000,3270.27020365345,38.5558873748628,5.45997426532236,38.8475105036471,3.96134362943993
three_point,三点法,missile_three_point,missile,4.78392477231145,3722.46990647487,-30000,2969.28582245535,40.7514164533046,49.2485835466954,0,1000,3256.53319179833,38.5781562116161,5.48567936303521,38.8854011609599,3.96520740119816
three_point,三点法,missile_three_point,missile,4.79392477231145,3728.99404869544,-30000,2976.86444769824,40.6962924012632,49.3037075987368,0,1000,3242.79845249817,38.6004467706302,5.51160016552028,38.9233355046375,3.96907562772583
three_point,三点法,missile_three_point,missile,4.80392477231145,3735.51089133495,-30000,2984.44935074814,40.6410897967751,49.3589102032249,0,1000,3229.06599259143,38.6227590769468,5.53773935897676,38.9613135739799,3.97294831303043
three_point,三点法,missile_three_point,missile,4.81392477231145,3742.02041793706,-30000,2992.0405335057,40.585808517961,49.414191482039,0,1000,3215.33581893903,38.6450931556302,5.56409967430291,38.9993354082362,3.97682546111427
three_point,三点法,missile_three_point,missile,4.82392477231145,3748.52261201022,-30000,2999.6379978495,40.5304484427252,49.4695515572748,0,1000,3201.60793842445,38.6674490317669,5.5906838880294,39.0374010466039,3.98070707597436
three_point,三点法,missile_three_point,missile,4.83392477231145,3755.01745702759,-30000,3007.24174563585,40.4750094487556,49.5249905512444,0,1000,3187.88235795374,38.6898267304662,5.61749482327622,39.0755105282283,3.98459316160242
three_point,三点法,missile_three_point,missile,4.84392477231145,3761.50493642699,-30000,3014.85177869872,40.4194914135966,49.5805085864034,0,1000,3174.15908445565,38.7122262768596,5.64453535073369,39.113663892202,3.98848372198478
three_point,三点法,missile_three_point,missile,4.85392477231145,3767.9850336109,-30000,3022.46809884959,40.3638942146283,49.6361057853717,0,1000,3160.43812488167,38.7346476961009,5.67180838966839,39.1518611775643,3.99237876110234
three_point,三点法,missile_three_point,missile,4.86392477231145,3774.45773194634,-30000,3030.09070787731,40.3082177289767,49.6917822710233,0,1000,3146.71948620612,38.7570910133665,5.69931690895469,39.1901024233006,3.99627828293052
three_point,三点法,missile_three_point,missile,4.87392477231145,3780.92301476486,-30000,3037.71960754798,40.2524618337383,49.7475381662617,0,1000,3133.0031754262,38.779556253855,5.72706392813281,39.228387668342,4.00018229143918
three_point,三点法,missile_three_point,missile,4.88392477231145,3787.38086536251,-30000,3045.3547996048,40.1966264057175,49.8033735942825,0,1000,3119.28919956211,38.8020434427872,5.75505251849387,39.2667169515646,4.00409079059257
three_point,三点法,missile_three_point,missile,4.89392477231145,3793.83126699973,-30000,3052.99628576797,40.1407113214885,49.8592886785115,0,1000,3105.57756565706,38.8245526054063,5.78328580419307,39.3050903117889,4.00800378434929
three_point,三点法,missile_three_point,missile,4.90392477231144,3800.27420290136,-30000,3060.64406773455,40.0847164576334,49.9152835423666,0,1000,3091.86828077738,38.8470837669776,5.81176696339177,39.3435077877793,4.01192127666219
three_point,三点法,missile_three_point,missile,4.91392477231144,3806.70965625657,-30000,3068.29814717828,40.0286416903756,49.9713583096244,0,1000,3078.16135201261,38.8696369527888,5.84049922942915,39.3819694182433,4.01584327147836
three_point,三点法,missile_three_point,missile,4.92392477231144,3813.13761021879,-30000,3075.95852574954,39.9724868957965,50.0275131042035,0,1000,3064.45678647554,38.8922121881494,5.86948589202468,39.4204752418314,4.01976977273905
three_point,三点法,missile_three_point,missile,4.93392477231144,3819.55804790568,-30000,3083.6252050751,39.916251949865,50.083748050135,0,1000,3050.75459130229,38.9148094983915,5.89873029851199,39.4590252971359,4.02370078437957
three_point,三点法,missile_three_point,missile,4.94392477231144,3825.9709523991,-30000,3091.29818675811,39.8599367283253,50.1400632716747,0,1000,3037.0547736524,38.9374289088689,5.9282358551055,39.497619622691,4.02763631032932
three_point,三点法,missile_three_point,missile,4.95392477231144,3832.37630674503,-30000,3098.97747237785,39.8035411068009,50.1964588931991,0,1000,3023.35734070889,38.9600704449577,5.95800602820039,39.5362582569715,4.03157635451163
three_point,三点法,missile_three_point,missile,4.96392477231144,3838.77409395354,-30000,3106.66306348966,39.7470649606189,50.2529350393811,0,1000,3009.66229967836,38.9827341320559,5.98804434570735,39.5749412383926,4.03552092084377
three_point,三点法,missile_three_point,missile,4.97392477231144,3845.16429699873,-30000,3114.35496162481,39.6905081649459,50.3094918350541,0,1000,2995.96965779103,39.0054199955835,6.01835439842284,39.6136686053094,4.03947001323687
three_point,三点法,missile_three_point,missile,4.98392477231144,3851.54689881868,-30000,3122.05316829033,39.6338705948541,50.3661294051459,0,1000,2982.27942230083,39.0281280609825,6.04893984143634,39.6524403960159,4.04342363559584
three_point,三点法,missile_three_point,missile,4.99392477231144,3857.92188231542,-30000,3129.75768496888,39.577152125254,50.422847874746,0,1000,2968.59160048549,39.0508583537168,6.07980439557532,39.691256648745,4.04738179181933
three_point,三点法,missile_three_point,missile,5.00392477231144,3864.28923035488,-30000,3137.46851311861,39.5203526307401,50.4796473692599,0,1000,2954.90619964659,39.0736108992723,6.11095184888959,39.7301174016672,4.05134448579965
three_point,三点法,missile_three_point,missile,5.01392477231144,3870.64892576682,-30000,3145.18565417307,39.4634719857776,50.5365280142224,0,1000,2941.22322710965,39.0963857231565,6.14238605817588,39.7690226928904,4.05531172142275
three_point,三点法,missile_three_point,missile,5.02392477231144,3877.0009513448,-30000,3152.90910954099,39.4065100647362,50.5934899352638,0,1000,2927.54269022421,39.119182850899,6.17411095054419,39.8079725604593,4.05928350256808
three_point,三点法,missile_three_point,missile,5.03392477231144,3883.34528984613,-30000,3160.63888060619,39.3494667416677,50.6505332583323,0,1000,2913.8645963639,39.142002308051,6.20613052502709,39.8469670423546,4.06325983310862
three_point,三点法,missile_three_point,missile,5.04392477231144,3889.68192399182,-30000,3168.37496872746,39.2923418905396,50.7076581094604,0,1000,2900.18895292652,39.1648441201854,6.23844885423355,39.8860061764927,4.06724071691074
three_point,三点法,missile_three_point,missile,5.05392477231144,3896.01083646654,-30000,3176.11737523835,39.2351353851295,50.7648646148705,0,1000,2886.5157673341,39.1877083128971,6.27107008604843,39.9250900007246,4.07122615783418
three_point,三点法,missile_three_point,missile,5.06392477231144,3902.33200991857,-30000,3183.86610144711,39.1778470989868,50.8221529010132,0,1000,2872.84504703302,39.2105949118023,6.30399844537945,39.9642185528357,4.07521615973199
three_point,三点法,missile_three_point,missile,5.07392477231144,3908.64542695974,-30000,3191.62114863647,39.1204769055193,50.8795230944807,0,1000,2859.17679949403,39.233503942539,6.33723823595297,40.003391870545,4.07921072645041
three_point,三点法,missile_three_point,missile,5.08392477231144,3914.95107016541,-30000,3199.38251806357,39.063024677894,50.936975322106,0,1000,2845.51103221237,39.2564354307668,6.37079384216026,40.0426099915044,4.0832098618289
three_point,三点法,missile_three_point,missile,5.09392477231144,3921.24892207439,-30000,3207.15021095977,39.0054902891364,50.9945097108636,0,1000,2831.84775270783,39.279389402167,6.40466973095587,40.0818729532983,4.08721356969998
three_point,三点法,missile_three_point,missile,5.10392477231144,3927.53896518892,-30000,3214.92422853052,38.947873612154,51.052126387846,0,1000,2818.18696852483,39.302365882442,6.43887045380993,40.1211807934427,4.09122185388922
three_point,三点法,missile_three_point,missile,5.11392477231144,3933.82118197464,-30000,3222.70457195522,38.8901745195701,51.1098254804299,0,1000,2804.5286872325,39.3253648973162,6.47340064871609,40.1605335493848,4.09523471821517
three_point,三点法,missile_three_point,missile,5.12392477231144,3940.09555486048,-30000,3230.49124238707,38.832392883841,51.167607116159,0,1000,2790.87291642477,39.3483864725349,6.50826504225694,40.1999312585022,4.09925216648929
three_point,三点法,missile_three_point,missile,5.13392477231144,3946.36206623868,-30000,3238.28424095292,38.7745285772715,51.2254714227285,0,1000,2777.21966372041,39.3714306338653,6.54346845172889,40.2393739581023,4.10327420251588
three_point,三点法,missile_three_point,missile,5.14392477231144,3952.62069846471,-30000,3246.08356875315,38.7165814719606,51.2834185280394,0,1000,2763.56893676315,39.3944974070955,6.57901578732854,40.2788616854217,4.107300830092
three_point,三点法,missile_three_point,missile,5.15392477231144,3958.87143385724,-30000,3253.88922686149,38.6585514398348,51.3414485601652,0,1000,2749.92074322176,39.4175868180354,6.6149120544026,40.3183944776254,4.11133205300744
three_point,三点法,missile_three_point,missile,5.16392477231144,3965.11425469808,-30000,3261.7012163249,38.600438352628,51.399561647372,0,1000,2736.27509079008,39.4406988925156,6.65116235576337,40.3579723718065,4.11536787504464
three_point,三点法,missile_three_point,missile,5.17392477231144,3971.34914323215,-30000,3269.5195381634,38.5422420819198,51.4577579180802,0,1000,2722.63198718716,39.4638336563885,6.68777189407241,40.397595404985,4.11940829997859
three_point,三点法,missile_three_point,missile,5.18392477231144,3977.57608166743,-30000,3277.34419336994,38.4839624990302,51.5160375009698,0,1000,2708.99144015729,39.4869911355272,6.72474597429427,40.4372636141077,4.12345333157681
three_point,三点法,missile_three_point,missile,5.19392477231144,3983.7950521749,-30000,3285.17518291025,38.4255994751839,51.5744005248161,0,1000,2695.35345747013,39.5101713558264,6.76209000622307,40.4769770360472,4.12750297359926
three_point,三点法,missile_three_point,missile,5.20392477231144,3990.00603688854,-30000,3293.01250772268,38.367152881372,51.632847118628,0,1000,2681.71804692073,39.5333743432016,6.79980950708433,40.5167357076013,4.13155722979828
three_point,三点法,missile_three_point,missile,5.21392477231144,3996.20901790522,-30000,3300.85616871806,38.3086225883738,51.6913774116262,0,1000,2668.08521632966,39.5566001235893,6.83791010421462,40.5565396654923,4.1356161039185
three_point,三点法,missile_three_point,missile,5.22392477231144,4002.40397728471,-30000,3308.70616677954,38.2500084668313,51.7499915331687,0,1000,2654.45497354308,39.5798487229474,6.87639753782179,40.5963889463666,4.1396795996968
three_point,三点法,missile_three_point,missile,5.23392477231144,4008.59089704961,-30000,3316.56250276246,38.1913103872009,51.8086896127991,0,1000,2640.82732643279,39.6031201672543,6.9152776638288,40.6362835867937,4.14374772086224
three_point,三点法,missile_three_point,missile,5.24392477231144,4014.76975918532,-30000,3324.42517749416,38.1325282197437,51.8674717802563,0,1000,2627.20228289635,39.6264144825098,6.95455645680376,40.6762236232656,4.14782047113598
three_point,三点法,missile_three_point,missile,5.25392477231144,4020.94054563999,-30000,3332.29419177388,38.073661834538,51.926338165462,0,1000,2613.57985085715,39.6497316947342,6.99424001297961,40.7162090921962,4.15189785423118
three_point,三点法,missile_three_point,missile,5.26392477231144,4027.10323832448,-30000,3340.16954637255,38.0147111013955,51.9852888986045,0,1000,2599.96003826447,39.6730718299688,7.03433455336644,40.7562400299206,4.15597987385301
three_point,三点法,missile_three_point,missile,5.27392477231144,4033.25781911229,-30000,3348.05124203271,37.9556758900658,52.0443241099342,0,1000,2586.34285309359,39.6964349142757,7.07484642695979,40.7963164726944,4.1600665336985
three_point,三点法,missile_three_point,missile,5.28392477231144,4039.40426983958,-30000,3355.93927946826,37.8965560700767,52.1034439299233,0,1000,2572.72830334586,39.7198209737378,7.11578211404859,40.836438456693,4.16415783745652
three_point,三点法,missile_three_point,missile,5.29392477231144,4045.54257230505,-30000,3363.8336593644,37.8373515107091,52.1626484892909,0,1000,2559.11639704879,39.7432300344586,7.15714822962605,40.8766060180109,4.16825378880768
three_point,三点法,missile_three_point,missile,5.30392477231144,4051.67270826997,-30000,3371.73438237741,37.7780620810991,52.2219379189009,0,1000,2545.50714225609,39.7666621225623,7.19895152690754,40.916819192661,4.17235439142429
three_point,三点法,missile_three_point,missile,5.31392477231144,4057.79465945806,-30000,3379.64144913453,37.7186876502084,52.2813123497916,0,1000,2531.90054704784,39.7901172641938,7.24119890095931,40.9570780165741,4.17645964897025
three_point,三点法,missile_three_point,missile,5.32392477231144,4063.90840755555,-30000,3387.55486023379,37.6592280867872,52.3407719132128,0,1000,2518.29661953048,39.8135954855183,7.28389739244213,40.9973825255978,4.18056956510101
three_point,三点法,missile_three_point,missile,5.33392477231144,4070.01393421102,-30000,3395.47461624386,37.5996832593842,52.4003167406158,0,1000,2504.69536783694,39.8370968127218,7.32705419147397,41.0377327554962,4.18468414346348
three_point,三点法,missile_three_point,missile,5.34392477231144,4076.11122103545,-30000,3403.40071770386,37.5400530364492,52.4599469635508,0,1000,2491.09680012673,39.8606212720107,7.37067664161653,41.0781287419489,4.18880338769599
three_point,三点法,missile_three_point,missile,5.35392477231144,4082.20024960216,-30000,3411.33316512328,37.4803372861037,52.5196627138963,0,1000,2477.500924586,39.8841688896116,7.41477224398989,41.1185705205505,4.19292730142816
three_point,三点法,missile_three_point,missile,5.36392477231144,4088.28100144671,-30000,3419.27195898172,37.4205358763952,52.5794641236047,0,1000,2463.90774942763,39.9077396917719,7.45934866152033,41.1590581268097,4.19705588828088
three_point,三点法,missile_three_point,missile,5.37392477231143,4094.35345806695,-30000,3427.21709972881,37.3606486751453,52.6393513248547,0,1000,2450.31728289132,39.9313337047588,7.50441372332635,41.1995915961488,4.20118915186622
three_point,三点法,missile_three_point,missile,5.38392477231143,4100.41760092291,-30000,3435.16858778402,37.3006755499086,52.6993244500914,0,1000,2436.72953324367,39.9549509548603,7.54997542924807,41.2401709639028,4.20532709578733
three_point,三点法,missile_three_point,missile,5.39392477231143,4106.47341143678,-30000,3443.12642353651,37.2406163681994,52.7593836318006,0,1000,2423.14450877828,39.9785914683841,7.59604195452564,41.2807962653188,4.20946972363843
three_point,三点法,missile_three_point,missile,5.40392477231143,4112.52087099289,-30000,3451.09060734493,37.1804709972996,52.8195290027004,0,1000,2409.5622178158,40.0022552716585,7.64262165463225,41.3214675355551,4.21361703900466
three_point,三点法,missile_three_point,missile,5.41392477231143,4118.55996093765,-30000,3459.06113953732,37.1202393041627,52.8797606958373,0,1000,2395.98266870404,40.0259423910317,7.68972307026794,41.3621848096806,4.21776904546207
three_point,三点法,missile_three_point,missile,5.42392477231143,4124.59066257949,-30000,3467.03802041091,37.0599211556686,52.9400788443314,0,1000,2382.40586981805,40.049652852872,7.7373549325203,41.4029481226741,4.22192574657749
three_point,三点法,missile_three_point,missile,5.43392477231143,4130.61295718886,-30000,3475.02125023196,36.9995164185989,53.0004835814011,0,1000,2368.83182956022,40.0733866835677,7.7855261681987,41.4437575094237,4.22608714590851
three_point,三点法,missile_three_point,missile,5.44392477231143,4136.62682599819,-30000,3483.01082923559,36.9390249593757,53.0609750406243,0,1000,2355.26055636033,40.0971439095271,7.83424590534882,41.4846130047255,4.23025324700336
three_point,三点法,missile_three_point,missile,5.45392477231143,4142.63225020181,-30000,3491.00675762566,36.8784466442877,53.1215533557123,0,1000,2341.69205867567,40.1209245571785,7.88352347895481,41.5255146432836,4.23442405340087
three_point,三点法,missile_three_point,missile,5.46392477231143,4148.62921095595,-30000,3499.00903557453,36.8177813394333,53.1822186605667,0,1000,2328.1263449911,40.1447286529698,7.93336843683627,41.5664624597088,4.23859956863034
three_point,三点法,missile_three_point,missile,5.47392477231143,4154.61768937867,-30000,3507.01766322298,36.7570289107734,53.2429710892266,0,1000,2314.56342381917,40.168556223369,7.98379054574819,41.607456488518,4.24277979621155
three_point,三点法,missile_three_point,missile,5.48392477231143,4160.59766654987,-30000,3515.03264067995,36.6961892240416,53.3038107759584,0,1000,2301.00330370016,40.1924072948636,8.03479979769176,41.6484967641337,4.24696473965459
three_point,三点法,missile_three_point,missile,5.49392477231143,4166.5691235112,-30000,3523.05396802248,36.6352621446792,53.3647378553208,0,1000,2287.44599320221,40.216281893961,8.08640641644488,41.6895833208829,4.25115440245985
three_point,三点法,missile_three_point,missile,5.50392477231143,4172.53204126603,-30000,3531.08164529544,36.5742475381269,53.4257524618731,0,1000,2273.89150092138,40.2401800471882,8.13862086432101,41.7307161929965,4.25534878811791
three_point,三点法,missile_three_point,missile,5.51392477231143,4178.48640077947,-30000,3539.11567251144,36.5131452694873,53.4868547305127,0,1000,2260.33983548175,40.2641017810915,8.19145384916612,41.7718954146086,4.25954790010948
three_point,三点法,missile_three_point,missile,5.52392477231143,4184.43218297824,-30000,3547.15604965062,36.4519552037299,53.5480447962701,0,1000,2246.7910055355,40.2880471222371,8.2449163316032,41.8131210197555,4.26375174190529
three_point,三点法,missile_three_point,missile,5.53392477231143,4190.36936875071,-30000,3555.20277666047,36.3906772056287,53.6093227943713,0,1000,2233.245019763,40.3120160972106,8.29901953253491,41.8543930423754,4.26796031696608
three_point,三点法,missile_three_point,missile,5.54392477231143,4196.29793894683,-30000,3563.25585345573,36.3293111397559,53.6706888602441,0,1000,2219.7018868729,40.3360087326169,8.35377494091503,41.8957115163068,4.27217362874242
three_point,三点法,missile_three_point,missile,5.55392477231143,4202.2178743781,-30000,3571.31527991812,36.2678568704889,53.7321431295111,0,1000,2206.16161560223,40.3600250550802,8.40919432179994,41.9370764752888,4.27639168067473
three_point,三点法,missile_three_point,missile,5.56392477231143,4208.12915581752,-30000,3579.38105589626,36.2063142619604,53.7936857380396,0,1000,2192.62421471646,40.3840650912443,8.46528972469221,41.9784879529595,4.28061447619315
three_point,三点法,missile_three_point,missile,5.57392477231143,4214.03176399957,-30000,3587.45318120544,36.1446831782601,53.8553168217399,0,1000,2179.0896930096,40.408128867772,8.52207349218845,42.0199459828555,4.28484201871745
three_point,三点法,missile_three_point,missile,5.58392477231143,4219.92567962019,-30000,3595.53165562746,36.0829634831547,53.9170365168453,0,1000,2165.5580593043,40.4322164113453,8.57955826894466,42.0614505984111,4.289074311657
three_point,三点法,missile_three_point,missile,5.59392477231143,4225.81088333669,-30000,3603.61647891047,36.021155040255,53.978844959745,0,1000,2152.02932245195,40.4563277486653,8.63775701097264,42.1030018329575,4.29331135841062
three_point,三点法,missile_three_point,missile,5.60392477231143,4231.68735576779,-30000,3611.70765076879,35.9592577129335,54.0407422870665,0,1000,2138.50349133271,40.4804629064524,8.69668299528201,42.1445997197222,4.29755316236657
three_point,三点法,missile_three_point,missile,5.61392477231143,4237.5550774935,-30000,3619.80517088275,35.8972713644101,54.1027286355899,0,1000,2124.98057485567,40.5046219114457,8.75634982988247,42.1862442918277,4.30179972690243
three_point,三点法,missile_three_point,missile,5.62392477231143,4243.41402905517,-30000,3627.90903889848,35.8351958577911,54.1648041422089,0,1000,2111.46058195891,40.5288047904035,8.81677146416277,42.2279355822914,4.30605105538501
three_point,三点法,missile_three_point,missile,5.63392477231143,4249.2641909554,-30000,3636.01925442776,35.7730310558447,54.2269689441553,0,1000,2097.94352160957,40.5530115701028,8.87796219966236,42.2696736240243,4.3103071511703
three_point,三点法,missile_three_point,missile,5.64392477231143,4255.10554365801,-30000,3644.13581704783,35.7107768211788,54.2892231788213,0,1000,2084.429402804,40.5772422773396,8.9399367012537,42.3114584498301,4.31456801760337
three_point,三点法,missile_three_point,missile,5.65392477231143,4260.93806758803,-30000,3652.25872630125,35.6484330163038,54.3515669836962,0,1000,2070.91823456776,40.6014969389285,9.00271000875323,42.3532900924049,4.31883365801827
three_point,三点法,missile_three_point,missile,5.66392477231143,4266.76174313167,-30000,3660.38798169566,35.5859995034651,54.4140004965349,0,1000,2057.4100259558,40.625775581703,9.06629754898067,42.395168584336,4.323104075738
three_point,三点法,missile_three_point,missile,5.67392477231143,4272.57655063625,-30000,3668.52358270366,35.523476144636,54.476523855364,0,1000,2043.9047860525,40.6500782325149,9.13071514828652,42.4370939581013,4.32737927407436
three_point,三点法,missile_three_point,missile,5.68392477231143,4278.38247041019,-30000,3676.6655287626,35.4608628017316,54.5391371982684,0,1000,2030.40252397177,40.6744049182349,9.19597904556951,42.4790662460682,4.33165925632792
three_point,三点法,missile_three_point,missile,5.69392477231143,4284.17948272299,-30000,3684.8138192744,35.3981593363793,54.6018406636208,0,1000,2016.90324885715,40.6987556657521,9.26210590580635,42.5210854804931,4.33594402578792
three_point,三点法,missile_three_point,missile,5.70392477231143,4289.96756780516,-30000,3692.96845360539,35.3353656100584,54.6646343899416,0,1000,2003.4069698819,40.7231305019741,9.32911283411734,42.5631516935202,4.34023358573215
three_point,三点法,missile_three_point,missile,5.71392477231143,4295.74670584825,-30000,3701.12943108611,35.2724814840714,54.7275185159286,0,1000,1989.91369624909,40.7475294538268,9.39701739039299,42.6052649171812,4.34452793942694
three_point,三点法,missile_three_point,missile,5.72392477231143,4301.51687700475,-30000,3709.29675101113,35.2095068194093,54.7904931805907,0,1000,1976.42343719167,40.7719525482544,9.46583760450772,42.6474251833941,4.34882709012701
three_point,三点法,missile_three_point,missile,5.73392477231143,4307.27806138809,-30000,3717.47041263888,35.1464414769896,54.8535585230104,0,1000,1962.93620197262,40.7963998122195,9.53559199214849,42.6896325239621,4.35313104107541
three_point,三点法,missile_three_point,missile,5.74392477231143,4313.03023907263,-30000,3725.65041519146,35.0832853175128,54.9167146824872,0,1000,1949.45199988499,40.8208712727027,9.60629957128748,42.7318869705736,4.35743979550342
three_point,三点法,missile_three_point,missile,5.75392477231143,4318.7733900936,-30000,3733.83675785446,35.0200382013808,54.9799617986192,0,1000,1935.97084025199,40.845366956703,9.67797987932954,42.7741885548005,4.3617533566305
three_point,三点法,missile_three_point,missile,5.76392477231143,4324.50749444705,-30000,3742.02943977676,34.9566999889532,55.0433000110468,0,1000,1922.49273242712,40.8698868912371,9.75065299096687,42.8165373080978,4.36607172766417
three_point,三点法,missile_three_point,missile,5.77392477231143,4330.2325320899,-30000,3750.22846007036,34.8932705402875,55.1067294597125,0,1000,1909.01768579426,40.89443110334,9.82433953677556,42.8589332618026,4.37039491179992
three_point,三点法,missile_three_point,missile,5.78392477231143,4335.94848293981,-30000,3758.43381781021,34.8297497152004,55.1702502847996,0,1000,1895.54570976773,40.9189996200643,9.89906072258947,42.9013764471335,4.37472291222114
three_point,三点法,missile_three_point,missile,5.79392477231143,4341.65532687522,-30000,3766.64551203399,34.7661373734723,55.2338626265277,0,1000,1882.07681379241,40.9435924684809,9.97483834969055,42.9438668951892,4.37905573209906
three_point,三点法,missile_three_point,missile,5.80392477231143,4347.35304373531,-30000,3774.86354174194,34.702433374558,55.297566625442,0,1000,1868.61100734382,40.9682096756781,10.051694835855,42.9864046369483,4.38339337459258
three_point,三点法,missile_three_point,missile,5.81392477231143,4353.04161331993,-30000,3783.08790589666,34.6386375777382,55.3613624222618,0,1000,1855.14829992824,40.992851268762,10.1296532372991,43.0289897032679,4.38773584284826
three_point,三点法,missile_three_point,missile,5.82392477231143,4358.72101538964,-30000,3791.31860342296,34.5747498420816,55.4252501579184,0,1000,1841.68870108277,41.0175172748565,10.2087372715682,43.0716221248831,4.39208314000022
three_point,三点法,missile_three_point,missile,5.83392477231143,4364.39122966561,-30000,3799.55563320763,34.5107700265024,55.4892299734976,0,1000,1828.23222037544,41.0422077211028,10.2889713414189,43.114301932406,4.39643526917
three_point,三点法,missile_three_point,missile,5.84392477231142,4370.05223582966,-30000,3807.79899409926,34.4466979897114,55.5533020102886,0,1000,1814.77886740533,41.0669226346599,10.3703805597426,43.1570291563245,4.40079223346653
three_point,三点法,missile_three_point,missile,5.85392477231142,4375.70401352417,-30000,3816.04868490805,34.3825335901713,55.6174664098287,0,1000,1801.32865180261,41.0916620427041,10.4529907755851,43.1998038270021,4.405154035986
three_point,三点法,missile_three_point,missile,5.86392477231142,4381.34654235211,-30000,3824.30470440564,34.3182766861694,55.6817233138306,0,1000,1787.88158322871,41.116425972429,10.5368286013192,43.2426259746764,4.4095206798118
three_point,三点法,missile_three_point,missile,5.87392477231142,4386.97980187697,-30000,3832.5670513249,34.2539271358043,55.7460728641957,0,1000,1774.43767137632,41.1412144510455,10.6219214410292,43.2854956294587,4.41389216801443
three_point,三点法,missile_three_point,missile,5.88392477231142,4392.60377162275,-30000,3840.83572435971,34.1894847969775,55.8105152030225,0,1000,1760.99692596959,41.1660275057819,10.7082975201718,43.3284128213325,4.41826850365135
three_point,三点法,missile_three_point,missile,5.89392477231142,4398.21843107395,-30000,3849.11072216484,34.1249495273431,55.8750504726569,0,1000,1747.55935676415,41.1908651638834,10.7959859165803,43.3713775801533,4.42264968976698
three_point,三点法,missile_three_point,missile,5.90392477231142,4403.82375967551,-30000,3857.39204335568,34.0603211844095,55.9396788155905,0,1000,1734.12497354723,41.2157274526124,10.8850165928844,43.4143899356473,4.42703572939253
three_point,三点法,missile_three_point,missile,5.91392477231142,4409.41973683281,-30000,3865.67968650808,33.9955996254497,56.0044003745503,0,1000,1720.69378613779,41.2406143992483,10.9754204304202,43.4574499174104,4.43142662554597
three_point,三点法,missile_three_point,missile,5.92392477231142,4415.00634191164,-30000,3873.97365015817,33.9307847075591,56.0692152924409,0,1000,1707.26580438655,41.2655260310874,11.0672292647123,43.5005575549077,4.43582238123189
three_point,三点法,missile_three_point,missile,5.93392477231142,4420.58355423819,-30000,3882.27393280214,33.8658762876711,56.1341237123289,0,1000,1693.84103817614,41.2904623754427,11.1604759226133,43.5437128774724,4.44022299944144
three_point,三点法,missile_three_point,missile,5.94392477231142,4426.151353099,-30000,3890.58053289603,33.8008742223774,56.1991257776226,0,1000,1680.41949742119,41.3154234596443,11.2551942611909,43.5869159143045,4.44462848315219
three_point,三点法,missile_three_point,missile,5.95392477231142,4431.70971774093,-30000,3898.89344885559,33.7357783681471,56.2642216318529,0,1000,1667.00119206842,41.3404093110387,11.3514192084609,43.6301666944705,4.44903883532812
three_point,三点法,missile_three_point,missile,5.96392477231142,4437.25862737117,-30000,3907.21267905601,33.6705885813623,56.3294114186377,0,1000,1653.58613209672,41.365419956989,11.4491868060672,43.6734652469024,4.45345405891945
three_point,三点法,missile_three_point,missile,5.97392477231142,4442.79806115722,-30000,3915.53822183177,33.6053047180427,56.3946952819573,0,1000,1640.17432751729,41.3904554248751,11.5485342540206,43.7168116003962,4.45787415686256
three_point,三点法,missile_three_point,missile,5.98392477231142,4448.32799822682,-30000,3923.87007547643,33.5399266339929,56.4600733660071,0,1000,1626.7657883737,41.4155157420933,11.64949995761,43.7602057836116,4.46229913207993
three_point,三点法,missile_three_point,missile,5.99392477231142,4453.84841766796,-30000,3932.20823824243,33.4744541849396,56.5255458150604,0,1000,1613.36052474201,41.4406009360559,11.7521235766139,43.8036478250709,4.46672898748002
three_point,三点法,missile_three_point,missile,6.00392477231142,4459.35929852888,-30000,3940.55270834088,33.4088872263539,56.5911127736461,0,1000,1599.95854673087,41.465711034192,11.856446076942,43.8471377531578,4.47116372595716
three_point,三点法,missile_three_point,missile,6.01392477231142,4464.86061981799,-30000,3948.90348394135,33.3432256134581,56.6567743865419,0,1000,1586.55986448159,41.4908460639466,11.9625097848486,43.8906755961168,4.4756033503915
three_point,三点法,missile_three_point,missile,6.02392477231142,4470.35236050391,-30000,3957.26056317171,33.2774692013585,56.7225307986415,0,1000,1573.16448816831,41.5160060527811,12.0703584438694,43.9342613820522,4.48004786364887
three_point,三点法,missile_three_point,missile,6.03392477231142,4475.83449951542,-30000,3965.62394411787,33.2116178448494,56.7883821551506,0,1000,1559.77242799799,41.5411910281728,12.1800372746425,43.9778951389268,4.48449726858069
three_point,三点法,missile_three_point,missile,6.04392477231142,4481.30701574142,-30000,3973.99362482363,33.1456713985687,56.8543286014313,0,1000,1546.38369421064,41.5664010176148,12.2915930377841,44.0215768945617,4.48895156802391
three_point,三点法,missile_three_point,missile,6.05392477231142,4486.76988803097,-30000,3982.36960329045,33.079629717006,56.920370282994,0,1000,1532.99829707929,41.5916360486165,12.4050741000044,44.0653066766344,4.49341076480086
three_point,三点法,missile_three_point,missile,6.06392477231142,4492.2230951932,-30000,3990.75187747722,33.0134926543199,56.9865073456801,0,1000,1519.61624691021,41.6168961487029,12.5205305036585,44.1090845126786,4.4978748617192
three_point,三点法,missile_three_point,missile,6.07392477231142,4497.66661599733,-30000,3999.14044530011,32.947260064598,57.052739935402,0,1000,1506.23755404292,41.6421813454147,12.638014039944,44.152910430083,4.50234386157179
three_point,三点法,missile_three_point,missile,6.08392477231142,4503.10042917268,-30000,4007.53530463232,32.8809318016731,57.1190681983269,0,1000,1492.86222885033,41.6674916663082,12.7575783259682,44.1967844560901,4.5068177671366
three_point,三点法,missile_three_point,missile,6.09392477231142,4508.52451340858,-30000,4015.93645330388,32.8145077191349,57.1854922808651,0,1000,1479.49028173886,41.6928271389556,12.8792788859286,44.2407066177956,4.51129658117661
three_point,三点法,missile_three_point,missile,6.10392477231142,4513.93884735442,-30000,4024.34388910146,32.7479876703524,57.2520123296476,0,1000,1466.12172314849,41.7181877909442,13.0031732366615,44.2846769421472,4.51578030643973
three_point,三点法,missile_three_point,missile,6.11392477231142,4519.34340961957,-30000,4032.75760976815,32.6813715085608,57.3186284914392,0,1000,1452.75656355293,41.7435736498768,13.1293209778387,44.3286954559437,4.52026894565868
three_point,三点法,missile_three_point,missile,6.12392477231142,4524.73817877344,-30000,4041.17761300324,32.6146590867958,57.3853409132042,0,1000,1439.39481345965,41.7689847433717,13.2577838871079,44.3727621858339,4.52476250155088
three_point,三点法,missile_three_point,missile,6.13392477231142,4530.12313334539,-30000,4049.60389646202,32.5478502577817,57.4521497422183,0,1000,1426.03648341003,41.7944210990622,13.3886260204961,44.416877158316,4.52926097681839
three_point,三点法,missile_three_point,missile,6.14392477231142,4535.49825182476,-30000,4058.03645775558,32.4809448741284,57.5190551258716,0,1000,1412.68158397944,41.8198827445968,13.5219138184188,44.4610403997362,4.53376437414776
three_point,三点法,missile_three_point,missile,6.15392477231142,4540.86351266084,-30000,4066.47529445058,32.4139427881897,57.5860572118103,0,1000,1399.33012577739,41.8453697076392,13.6577162176641,44.5052519362876,4.53827269620998
three_point,三点法,missile_three_point,missile,6.16392477231142,4546.21889426285,-30000,4074.92040406905,32.3468438521312,57.6531561478688,0,1000,1385.98211944755,41.8708820158678,13.7961047697473,44.5495117940099,4.54278594566033
three_point,三点法,missile_three_point,missile,6.17392477231142,4551.56437499994,-30000,4083.37178408817,32.2796479179148,57.7203520820852,0,1000,1372.63757566792,41.8964196969761,13.9371537660644,44.5938199987875,4.5473041251383
three_point,三点法,missile_three_point,missile,6.18392477231142,4556.89993320115,-30000,4091.82943194004,32.2123548372943,57.7876451627057,0,1000,1359.29650515092,41.9219827786722,14.0809403703025,44.6381765763494,4.5518272372675
three_point,三点法,missile_three_point,missile,6.19392477231142,4562.22554715544,-30000,4100.29334501151,32.1449644617725,57.8550355382275,0,1000,1345.95891864348,41.9475712886792,14.2275447586048,44.6825815522673,4.55635528465555
three_point,三点法,missile_three_point,missile,6.20392477231142,4567.54119511163,-30000,4108.76352064394,32.0774766427342,57.9225233572658,0,1000,1332.62482692715,41.9731852547344,14.377050268024,44.7270349519554,4.56088826989394
three_point,三点法,missile_three_point,missile,6.21392477231142,4572.84685527843,-30000,4117.23995613294,32.0098912312475,57.9901087687525,0,1000,1319.29424081821,41.9988247045899,14.5295435538419,44.7715368006689,4.56542619555801
three_point,三点法,missile_three_point,missile,6.22392477231142,4578.14250582437,-30000,4125.72264872825,31.9422080781822,58.0577919218178,0,1000,1305.96717116779,42.0244896660121,14.6851147563796,44.816087123503,4.56996906420674
three_point,三点法,missile_three_point,missile,6.23392477231142,4583.42812487786,-30000,4134.21159563343,31.8744270343417,58.1255729656583,0,1000,1292.64362886192,42.0501801667818,14.8438576779729,44.8606859453921,4.57451687838274
three_point,三点法,missile_three_point,missile,6.24392477231142,4588.70369052713,-30000,4142.70679400568,31.8065479501414,58.1934520498586,0,1000,1279.32362482171,42.0758962346941,15.0058699708415,44.9053332911086,4.57906964061209
three_point,三点法,missile_three_point,missile,6.25392477231142,4593.96918082024,-30000,4151.20824095566,31.7385706758398,58.2614293241602,0,1000,1266.00717000339,42.1016378975581,15.171253336646,44.9500291852618,4.58362735340426
three_point,三点法,missile_three_point,missile,6.26392477231142,4599.22457376504,-30000,4159.71593354717,31.6704950615381,58.3295049384619,0,1000,1252.69427539846,42.127405183197,15.3401137385853,44.9947736522974,4.58819001925197
three_point,三点法,missile_three_point,missile,6.27392477231142,4604.46984732921,-30000,4168.22986879703,31.6023209570815,58.3976790429185,0,1000,1239.38495203378,42.153198119448,15.512561626968,45.0395667164955,4.59275764063116
three_point,三点法,missile_three_point,missile,6.28392477231142,4609.70497944022,-30000,4176.75004367482,31.5340482120733,58.4659517879267,0,1000,1226.07921097168,42.1790167341621,15.6887121792635,45.0844084019706,4.59733022000077
three_point,三点法,missile_three_point,missile,6.29392477231142,4614.9299479853,-30000,4185.27645510263,31.4656766760006,58.5343233239994,0,1000,1212.77706331006,42.204861055204,15.8686855557309,45.1292987326697,4.60190775980275
three_point,三点法,missile_three_point,missile,6.30392477231142,4620.1447308115,-30000,4193.80909995488,31.3972061980434,58.6027938019566,0,1000,1199.47852018248,42.2307311104524,16.0526071718184,45.1742377323718,4.60649026246188
three_point,三点法,missile_three_point,missile,6.31392477231141,4625.3493057256,-30000,4202.34797505809,31.3286366271928,58.6713633728072,0,1000,1186.18359275834,42.2566269277993,16.2406079886283,45.2192254246866,4.61107773038567
three_point,三点法,missile_three_point,missile,6.32392477231141,4630.54365049417,-30000,4210.89307719062,31.2599678122685,58.7400321877315,0,1000,1172.89229224288,42.2825485351502,16.4328248228644,45.2642618330536,4.61567016596428
three_point,三点法,missile_three_point,missile,6.33392477231141,4635.72774284351,-30000,4219.44440308248,31.1911996017917,58.8088003982082,0,1000,1159.60462987739,42.308495960424,16.6294006778015,45.3093469807409,4.6202675715704
three_point,三点法,missile_three_point,missile,6.34392477231141,4640.90156045969,-30000,4228.00194941511,31.1223318441454,58.8776681558546,0,1000,1146.32061693923,42.3344692315529,16.8304850969596,45.3544808908439,4.62486994955912
three_point,三点法,missile_three_point,missile,6.35392477231141,4646.06508098851,-30000,4236.56571282112,31.0533643875016,58.9466356124984,0,1000,1133.04026474203,42.3604683764824,17.0362345423217,45.3996635862849,4.62947730226784
three_point,三点法,missile_three_point,missile,6.36392477231141,4651.21828203553,-30000,4245.13568988409,30.9842970798029,59.0157029201971,0,1000,1119.7635846357,42.3864934231708,17.2468127991052,45.4448950898115,4.63408963201618
three_point,三点法,missile_three_point,missile,6.37392477231141,4656.36114116602,-30000,4253.71187713831,30.9151297687341,59.0848702312659,0,1000,1106.49058800662,42.4125443995896,17.4623914092872,45.4901754239955,4.63870694110583
three_point,三点法,missile_three_point,missile,6.38392477231141,4661.493635905,-30000,4262.29427106861,30.8458623017599,59.15413769824,0,1000,1093.2212862777,42.4386213337231,17.6831501362966,45.5355046112322,4.64332923182047
three_point,三点法,missile_three_point,missile,6.39392477231141,4666.61574373719,-30000,4270.88286811007,30.776494526203,59.223505473797,0,1000,1079.95569090853,42.4647242535685,17.9092774635165,45.5808826737389,4.64795650642563
three_point,三点法,missile_three_point,missile,6.40392477231141,4671.72744210706,-30000,4279.47766464781,30.7070262891857,59.2929737108143,0,1000,1066.69381339545,42.4908531871356,18.1409711295048,45.626309633554,4.6525887671686
three_point,三点法,missile_three_point,missile,6.41392477231141,4676.8287084188,-30000,4288.07865701677,30.637457437463,59.362542562537,0,1000,1053.43566527167,42.5170081624466,18.3784387031251,45.671785512536,4.65722601627834
three_point,三点法,missile_three_point,missile,6.42392477231141,4681.91952003629,-30000,4296.68584150148,30.5677878177211,59.4322121822789,0,1000,1040.1812581074,42.5431892075365,18.6218982021058,45.7173103323623,4.66186825596532
three_point,三点法,missile_three_point,missile,6.43392477231141,4686.99985428317,-30000,4305.29921433579,30.4980172764154,59.5019827235846,0,1000,1026.93060350995,42.5693963504524,18.8715787588996,45.762884114528,4.66651548842142
three_point,三点法,missile_three_point,missile,6.44392477231141,4692.06968844277,-30000,4313.91877170269,30.4281456596554,59.5718543403446,0,1000,1013.68371312383,42.5956296192539,19.1277213381204,45.8085068803449,4.67116771581987
three_point,三点法,missile_three_point,missile,6.45392477231141,4697.12899975813,-30000,4322.54450973403,30.3581728134933,59.6418271865067,0,1000,1000.44059863088,42.6218890420125,19.3905795102772,45.8541786509404,4.67582494031504
three_point,三点法,missile_three_point,missile,6.46392477231141,4702.17776543204,-30000,4331.17642451032,30.2880985836813,59.7119014163187,0,1000,987.201271750357,42.6481746468118,19.6604202870282,45.8998994472565,4.68048716404241
three_point,三点法,missile_three_point,missile,6.47392477231141,4707.21596262697,-30000,4339.81451206046,30.217922815785,59.782077184215,0,1000,973.965744239072,42.6744864617477,19.9375250237397,45.9456692900483,4.68515438911844
three_point,三点法,missile_three_point,missile,6.48392477231141,4712.24356846515,-30000,4348.45876836153,30.1476453551086,59.8523546448914,0,1000,960.734027891486,42.7008245149274,20.2221903957602,45.9914881998833,4.68982661764041
three_point,三点法,missile_three_point,missile,6.49392477231141,4717.26056002849,-30000,4357.10918933855,30.0772660466987,59.9227339533013,0,1000,947.506134539833,42.7271888344703,20.5147294555339,46.03735619714,4.69450385168636
three_point,三点法,missile_three_point,missile,6.50392477231141,4722.26691435864,-30000,4365.76577086423,30.0067847355801,59.99321526442,0,1000,934.282076054223,42.7535794485071,20.8154727784703,46.0832733020069,4.69918609331494
three_point,三点法,missile_three_point,missile,6.51392477231141,4727.26260845701,-30000,4374.42850875873,29.9362012663348,60.0637987336652,0,1000,921.061864342758,42.77999638518,21.1247697063883,46.1292395344813,4.7038733445653
three_point,三点法,missile_three_point,missile,6.52392477231141,4732.24761928468,-30000,4383.09739878944,29.8655154834083,60.1344845165917,0,1000,907.845511351647,42.806439672643,21.4429896983678,46.1752549143682,4.708565607457
three_point,三点法,missile_three_point,missile,6.53392477231141,4737.22192376252,-30000,4391.77243667071,29.794727231086,60.205272768914,0,1000,894.633029065319,42.832909339061,21.7705237999892,46.2213194612791,4.71326288398986
three_point,三点法,missile_three_point,missile,6.54392477231141,4742.18549877111,-30000,4400.45361806364,29.7238363533227,60.2761636466773,0,1000,881.424429506533,42.8594054126101,22.1077862432492,46.2674331946311,4.71796517614385
three_point,三点法,missile_three_point,missile,6.55392477231141,4747.13832115079,-30000,4409.14093857581,29.6528426939449,60.3471573060551,0,1000,868.219724736499,42.8859279214777,22.4552161909113,46.3135961336451,4.72267248587899
three_point,三点法,missile_three_point,missile,6.56392477231141,4752.08036770165,-30000,4417.83439376106,29.5817460964672,60.4182539035328,0,1000,855.018926854983,42.9124768938619,22.8132796407394,46.3598082973456,4.7273848151352
three_point,三点法,missile_three_point,missile,6.57392477231141,4757.01161518352,-30000,4426.53397911922,29.5105464042619,60.4894535957381,0,1000,841.822048000429,42.9390523579719,23.1824715069753,46.4060697045587,4.73210216583224
three_point,三点法,missile_three_point,missile,6.58392477231141,4761.93204031603,-30000,4435.2396900959,29.4392434604289,60.5607565395711,0,1000,828.629100350071,42.9656543420275,23.5633178986108,46.4523803739113,4.73682453986951
three_point,三点法,missile_three_point,missile,6.59392477231141,4766.84161977855,-30000,4443.95152208222,29.3678371079061,60.6321628920939,0,1000,815.440096120049,42.9922828742591,23.9563786165081,46.49874032383,4.741551939126
three_point,三点法,missile_three_point,missile,6.60392477231141,4771.74033021027,-30000,4452.66947041455,29.2963271893654,60.7036728106346,0,1000,802.25504756552,43.0189379829075,24.3622498942957,46.5451495725396,4.74628436546014
three_point,三点法,missile_three_point,missile,6.61392477231141,4776.62814821014,-30000,4461.39353037431,29.2247135471873,60.7752864528127,0,1000,789.073966980781,43.0456196962241,24.7815674112618,46.5916081380624,4.75102182070967
three_point,三点法,missile_three_point,missile,6.62392477231141,4781.50505033693,-30000,4470.12369718769,29.1529960236533,60.8470039763467,0,1000,775.896866699379,43.0723280424705,25.2150096092647,46.6381160382167,4.75576430669155
three_point,三点法,missile_three_point,missile,6.63392477231141,4786.37101310921,-30000,4478.85996602538,29.0811744607651,60.9188255392349,0,1000,762.723759094229,43.0990630499183,25.6633013500657,46.6846732906154,4.76051182520181
three_point,三点法,missile_three_point,missile,6.64392477231141,4791.22601300539,-30000,4487.60233200238,29.0092487002881,60.9907512997119,0,1000,749.554656577729,43.1258247468493,26.1272179545509,46.7312799126654,4.76526437801547
three_point,三点法,missile_three_point,missile,6.65392477231141,4796.0700264637,-30000,4496.35079017769,28.937218583768,61.062781416232,0,1000,736.389571601882,43.1526131615553,26.6075896711905,46.7779359215659,4.77002196688634
three_point,三点法,missile_three_point,missile,6.66392477231141,4800.90302988223,-30000,4505.10533555411,28.8650839524926,61.1349160475074,0,1000,723.228516658407,43.1794283223376,27.105306627911,46.8246413343075,4.77478459354698
three_point,三点法,missile_three_point,missile,6.67392477231141,4805.72499961891,-30000,4513.86596307795,28.7928446476126,61.2071553523874,0,1000,710.071504278858,43.2062702575074,27.6213243295136,46.8713961676709,4.77955225970855
three_point,三点法,missile_three_point,missile,6.68392477231141,4810.53591199158,-30000,4522.63266763879,28.7205005100045,61.2794994899955,0,1000,696.918547034743,43.2331389953852,28.1566697720695,46.9182004382254,4.78432496706066
three_point,三点法,missile_three_point,missile,6.69392477231141,4815.33574327793,-30000,4531.40544406922,28.6480513802514,61.3519486197486,0,1000,683.76965753764,43.2600345643015,28.7124482566177,46.9650541623283,4.78910271727127
three_point,三点法,missile_three_point,missile,6.70392477231141,4820.12446971558,-30000,4540.18428714462,28.5754970988416,61.4245029011584,0,1000,670.624848439319,43.2869569925954,29.2898509972855,47.0119573561232,4.79388551198658
three_point,三点法,missile_three_point,missile,6.71392477231141,4824.90206750207,-30000,4548.96919158285,28.5028375059375,61.4971624940625,0,1000,657.484132431853,43.3139063086157,29.8901636340363,47.058910035539,4.79867335283088
three_point,三点法,missile_three_point,missile,6.72392477231141,4829.66851279486,-30000,4557.76015204404,28.4300724414573,61.5699275585427,0,1000,644.347522247744,43.34088254072,30.5147757780687,47.1059122162883,4.80346624140643
three_point,三点法,missile_three_point,missile,6.73392477231141,4834.42378171137,-30000,4566.55716313031,28.3572017451698,61.6427982548302,0,1000,631.215030660039,43.3678857172748,31.1651917390297,47.152963913867,4.80826417929333
three_point,三点法,missile_three_point,missile,6.74392477231141,4839.167850329,-30000,4575.36021938553,28.2842252565721,61.7157747434279,0,1000,618.08667048245,43.3949158666558,31.843042608346,47.200065143552,4.81306716804944
three_point,三点法,missile_three_point,missile,6.75392477231141,4843.90069468512,-30000,4584.16931529502,28.2111428149466,61.7888571850534,0,1000,604.962454569472,43.421973017247,32.5500999029873,47.2472159204009,4.81787520921017
three_point,三点法,missile_three_point,missile,6.76392477231141,4848.62229077713,-30000,4592.98444528535,28.1379542593215,61.8620457406786,0,1000,591.842395816504,43.4490571974411,33.2882910099348,47.2944162592502,4.82268830428843
three_point,三点法,missile_three_point,missile,6.77392477231141,4853.33261456244,-30000,4601.80560372404,28.0646594285031,61.9353405714969,0,1000,578.72650715997,43.4761684356393,34.0597167148546,47.3416661747141,4.82750645477447
three_point,三点法,missile_three_point,missile,6.7839247723114,4858.03164195852,-30000,4610.63278491931,27.9912581610523,62.0087418389477,0,1000,565.614801577437,43.503306760251,34.8666711506654,47.3889656811836,4.83232966213575
three_point,三点法,missile_three_point,missile,6.7939247723114,4862.7193488429,-30000,4619.46598311984,27.917750295367,62.082249704633,0,1000,552.507292087738,43.5304721996937,35.7116645649311,47.4363147928248,4.83715792781682
three_point,三点法,missile_three_point,missile,6.8039247723114,4867.39571105322,-30000,4628.30519251444,27.8441356695237,62.1558643304763,0,1000,539.403991751095,43.557664782393,36.5974493819866,47.4837135235779,4.84199125323917
three_point,三点法,missile_three_point,missile,6.8139247723114,4872.0607043872,-30000,4637.15040723188,27.7704141214142,62.2295858785858,0,1000,526.304913669231,43.5848845367829,37.5270501298,47.5311618871561,4.84682963980117
three_point,三点法,missile_three_point,missile,6.8239247723114,4876.71430460274,-30000,4646.00162134055,27.6965854887251,62.3034145112749,0,1000,513.210070985504,43.6121314913045,38.503797917125,47.5786598970438,4.85167308887784
three_point,三点法,missile_three_point,missile,6.8339247723114,4881.35648741787,-30000,4654.85882884824,27.6226496088185,62.3773503911815,0,1000,500.119476885022,43.639405674407,39.5313702891092,47.6262075664959,4.85652160182079
three_point,三点法,missile_three_point,missile,6.8439247723114,4885.98722851082,-30000,4663.72202370185,27.5486063188766,62.4513936811234,0,1000,487.033144594765,43.6667071145468,40.613837466358,47.673804908536,4.86137517995809
three_point,三点法,missile_three_point,missile,6.8539247723114,4890.60650352002,-30000,4672.59119978715,27.4744554558681,62.5255445441319,0,1000,473.951087383708,43.6940358401879,41.7557161929824,47.7214519359555,4.86623382459408
three_point,三点法,missile_three_point,missile,6.8639247723114,4895.21428804415,-30000,4681.46635092846,27.4001968565579,62.5998031434421,0,1000,460.873318562946,43.7213918798016,42.9620326956206,47.7691486613124,4.87109753700932
three_point,三点法,missile_three_point,missile,6.8739247723114,4899.81055764216,-30000,4690.34747088845,27.3258303573264,62.6741696426736,0,1000,447.799851485814,43.7487752618663,44.2383966041061,47.8168950969296,4.87596631846039
three_point,三点法,missile_three_point,missile,6.8839247723114,4904.39528783326,-30000,4699.23455336782,27.2513557944655,62.7486442055345,0,1000,434.730699548015,43.7761860148674,45.5910881269149,47.8646912548938,4.88084017017981
three_point,三点法,missile_three_point,missile,6.8939247723114,4908.96845409703,-30000,4708.12759200506,27.1767730040022,62.8232269959978,0,1000,421.665876187736,43.8036241672969,47.0271613396604,47.9125371470544,4.88571909337586
three_point,三点法,missile_three_point,missile,6.9039247723114,4913.53003187336,-30000,4717.02658037616,27.1020818216449,62.8979181783551,0,1000,408.605394885779,43.831089747654,48.5545671716992,47.9604327850217,4.89060308923248
three_point,三点法,missile_three_point,missile,6.9139247723114,4918.07999656253,-30000,4725.93151199434,27.0272820829825,62.9727179170175,0,1000,395.549269165683,43.858582784444,50.1823006174501,48.0083781801663,4.89549215890914
three_point,三点法,missile_three_point,missile,6.9239247723114,4922.61832352525,-30000,4734.8423803098,26.9523736232791,63.0476263767209,0,1000,382.497512593846,43.886103306179,51.9205779281871,48.0563733436171,4.90038630354067
three_point,三点法,missile_three_point,missile,6.9339247723114,4927.14498808264,-30000,4743.75917870941,26.8773562775416,63.1226437224584,0,1000,369.450138779655,43.9136513413771,53.7810511579058,48.1044182862604,4.90528552423717
three_point,三点法,missile_three_point,missile,6.9439247723114,4931.65996551631,-30000,4752.68190051648,26.8022298806809,63.1977701193191,0,1000,356.407161375604,43.9412269185628,55.7770695849267,48.1525130187385,4.91018982208384
three_point,三点法,missile_three_point,missile,6.9539247723114,4936.1632310684,-30000,4761.61053899044,26.7269942672487,63.2730057327513,0,1000,343.368594077426,43.9688300662666,57.9240004095486,48.2006575514483,4.91509919814088
three_point,三点法,missile_three_point,missile,6.9639247723114,4940.65475994155,-30000,4770.54508732659,26.651649271516,63.348350728484,0,1000,330.334450624216,43.9964608130249,60.2396250242499,48.2488518945398,4.92001365344331
three_point,三点法,missile_three_point,missile,6.9739247723114,4945.134527299,-30000,4779.48553865583,26.5761947276506,63.4238052723494,0,1000,317.304744798557,44.0241191873798,62.7446324826319,48.2970960579153,4.92493318900087
three_point,三点法,missile_three_point,missile,6.9839247723114,4949.60250826461,-30000,4788.43188604437,26.5006304694501,63.4993695305499,0,1000,304.279490426647,44.0518052178788,65.4632391675092,48.3453900512276,4.92985780579787
three_point,三点法,missile_three_point,missile,6.9939247723114,4954.05867792285,-30000,4797.38412249344,26.4249563305381,63.5750436694619,0,1000,291.258701378422,44.0795189330753,68.4239739875069,48.3937338838788,4.93478750479305
three_point,三点法,missile_three_point,missile,7.0039247723114,4958.50301131892,-30000,4806.34224093905,26.3491721443184,63.6508278556816,0,1000,278.242391567691,44.1072603615277,71.6606830919855,48.4421275650189,4.93972228691947
three_point,三点法,missile_three_point,missile,7.0139247723114,4962.93548345871,-30000,4815.30623425166,26.2732777439011,63.7267222560989,0,1000,265.230574952252,44.1350295317996,75.2138292030477,48.4905711035444,4.94466215308433
three_point,三点法,missile_three_point,missile,7.0239247723114,4967.35606930889,-30000,4824.27609523593,26.1972729621545,63.8027270378455,0,1000,252.223265534031,44.1628264724596,79.1321915341419,48.5390645080973,4.94960710416884
three_point,三点法,missile_three_point,missile,7.0339247723114,4971.76474379691,-30000,4833.25181663044,26.1211576316854,63.8788423683146,0,1000,239.220477359201,44.1906512120814,83.475118185165,48.5876077870633,4.95455714102811
three_point,三点法,missile_three_point,missile,7.0439247723114,4976.16148181107,-30000,4842.2333911074,26.0449315849659,63.9550684150341,0,1000,226.222224518314,44.2185037792432,88.3155524926667,48.6362009485706,4.959512264491
three_point,三点法,missile_three_point,missile,7.0539247723114,4980.54625820057,-30000,4851.22081127236,25.968594654107,64.031405345893,0,1000,213.22852114643,44.2463842025279,93.7441624488903,48.6848440004887,4.96447247535995
three_point,三点法,missile_three_point,missile,7.0639247723114,4984.9190477755,-30000,4860.21406966394,25.8921466709793,64.1078533290207,0,1000,200.239381423243,44.2742925105228,99.8750725921433,48.7335369504266,4.9694377744109
three_point,三点法,missile_three_point,missile,7.0739247723114,4989.27982530694,-30000,4869.21315875354,25.8155874673117,64.1844125326883,0,1000,187.254819573214,44.3022287318193,106.853974038109,48.782279805732,4.97440816239307
three_point,三点法,missile_three_point,missile,7.0839247723114,4993.62856552698,-30000,4878.21807094504,25.7389168744406,64.2610831255594,0,1000,174.274849865695,44.3301928950134,114.86984929444,48.8310725734893,4.97938364002889
three_point,三点法,missile_three_point,missile,7.0939247723114,4997.96524312873,-30000,4887.22879857453,25.6621347235621,64.3378652764379,0,1000,161.299486615062,44.3581850287044,124.172342401092,48.8799152605187,4.98436420801382
three_point,三点法,missile_three_point,missile,7.1039247723114,5002.28983276645,-30000,4896.24533391002,25.5852408456036,64.4147591543964,0,1000,148.328744180845,44.3862051614964,135.098222242474,48.9288078733747,4.98934986701623
three_point,三点法,missile_three_point,missile,7.1139247723114,5006.6023090555,-30000,4905.26766915115,25.5082350712003,64.4917649287997,0,1000,135.362636967858,44.414253321996,148.11302349041,48.9777504183445,4.99434061767724
three_point,三点法,missile_three_point,missile,7.1239247723114,5010.90264657247,-30000,4914.29579642891,25.4311172307827,64.5688827692173,0,1000,122.401179426327,44.4423295388143,163.879094273871,49.0267429014467,4.99933646061058
three_point,三点法,missile_three_point,missile,7.1339247723114,5015.19081985516,-30000,4923.32970780533,25.353887154498,64.646112845502,0,1000,109.444386052026,44.4704338405653,183.371896394705,49.0757853284301,5.00433739640245
three_point,三点法,missile_three_point,missile,7.1439247723114,5019.46680340267,-30000,4932.36939527319,25.2765446723163,64.7234553276837,0,1000,96.4922713864006,44.4985662558662,208.089826539871,49.1248777047719,5.00934342561139
three_point,三点法,missile_three_point,missile,7.1539247723114,5023.73057167545,-30000,4941.41485075575,25.1990896138368,64.8009103861632,0,1000,83.5448500167076,44.5267268133372,240.458874448396,49.1740200356767,5.0143545487681
three_point,三点法,missile_three_point,missile,7.1639247723114,5027.98209909531,-30000,4950.46606610645,25.1215218084779,64.8784781915221,0,1000,70.6021365761403,44.5549155416022,284.681843143722,49.2232123260747,5.01937076637534
three_point,三点法,missile_three_point,missile,7.1739247723114,5032.22136004553,-30000,4959.5230331086,25.0438410854219,64.9561589145781,0,1000,57.664145743965,44.5831324692875,348.729649191055,49.2724545806207,5.02439207890775
three_point,三点法,missile_three_point,missile,7.1839247723114,5036.44832887086,-30000,4968.58574347511,24.9660472736063,65.0339527263937,0,1000,44.7308922456503,44.611377625021,449.784308346292,49.3217468036922,5.02941848681173
three_point,三点法,missile_three_point,missile,7.1939247723114,5040.66297987762,-30000,4977.65418884815,24.8881402016332,65.1118597983668,0,1000,31.8023908530024,44.6396510374331,632.949729954065,49.3710889993884,5.03444999050526
three_point,三点法,missile_three_point,missile,7.2039247723114,5044.8652873337,-30000,4986.72836079894,24.8101196978798,65.1898803021202,0,1000,18.8786563842929,44.6679527351582,1066.78042621251,49.4204811715284,5.0394865903778
three_point,三点法,missile_three_point,missile,7.2139247723114,5049.05522546866,-30000,4995.80825082734,24.7319855905406,65.2680144094594,0,1000,5.9597037043998,44.6962827468401,3380.94864784637,49.46992332365,5.04452828679009
three_point,三点法,missile_three_point,missile,7.2239247723114,5053.23276847377,-30000,5004.89385036166,24.6928901144543,65.3071098855457,0,1000,6.95445227506448,-135.275358898918,-2898.79465187242,49.5194154590082,5.04957508007405
three_point,三点法,target_three_point,target,0,8660.25403784439,-30000,5000,270,0,0,500,0,NaN,NaN,0,0
three_point,三点法,target_three_point,target,2.00950914520766e-07,8660.25393736893,-30000,5000,270,0,0,500,0,NaN,NaN,0,0
three_point,三点法,target_three_point,target,1.2057054871246e-06,8660.25343499164,-30000,5000,270,0,0,500,0,NaN,NaN,0,0
three_point,三点法,target_three_point,target,6.22947835014376e-06,8660.25092310521,-30000,5000,270,0,0,500,0,NaN,NaN,0,0
three_point,三点法,target_three_point,target,3.13483426652396e-05,8660.23836367305,-30000,5000,270,0,0,500,0,NaN,NaN,0,0
three_point,三点法,target_three_point,target,0.000156942664240719,8660.17556651227,-30000,5000,270,0,0,500,0,NaN,NaN,0,0
three_point,三点法,target_three_point,target,0.000784914272118113,8659.86158070833,-30000,5000,270,0,0,500,0,NaN,NaN,0,0
three_point,三点法,target_three_point,target,0.00392477231150509,8658.29165168863,-30000,5000,270,0,0,500,0,NaN,NaN,0,0
three_point,三点法,target_three_point,target,0.0139247723115051,8653.29165168863,-30000,5000,270,0,0,500,0,NaN,NaN,0,0
three_point,三点法,target_three_point,target,0.0239247723115051,8648.29165168863,-30000,5000,270,0,0,500,0,NaN,NaN,0,0
three_point,三点法,target_three_point,target,0.0339247723115051,8643.29165168863,-30000,5000,270,0,0,500,0,NaN,NaN,0,0
three_point,三点法,target_three_point,target,0.0439247723115051,8638.29165168863,-30000,5000,270,0,0,500,0,NaN,NaN,0,0
three_point,三点法,target_three_point,target,0.0539247723115051,8633.29165168863,-30000,5000,270,0,0,500,0,NaN,NaN,0,0
three_point,三点法,target_three_point,target,0.0639247723115051,8628.29165168863,-30000,5000,270,0,0,500,0,NaN,NaN,0,0
three_point,三点法,target_three_point,target,0.0739247723115051,8623.29165168863,-30000,5000,270,0,0,500,0,NaN,NaN,0,0
three_point,三点法,target_three_point,target,0.0839247723115051,8618.29165168863,-30000,5000,270,0,0,500,0,NaN,NaN,0,0
three_point,三点法,target_three_point,target,0.0939247723115051,8613.29165168863,-30000,5000,270,0,0,500,0,NaN,NaN,0,0
three_point,三点法,target_three_point,target,0.103924772311505,8608.29165168863,-30000,5000,270,0,0,500,0,NaN,NaN,0,0
three_point,三点法,target_three_point,target,0.113924772311505,8603.29165168863,-30000,5000,270,0,0,500,0,NaN,NaN,0,0
three_point,三点法,target_three_point,target,0.123924772311505,8598.29165168863,-30000,5000,270,0,0,500,0,NaN,NaN,0,0
three_point,三点法,target_three_point,target,0.133924772311505,8593.29165168863,-30000,5000,270,0,0,500,0,NaN,NaN,0,0
three_point,三点法,target_three_point,target,0.143924772311505,8588.29165168863,-30000,5000,270,0,0,500,0,NaN,NaN,0,0
three_point,三点法,target_three_point,target,0.153924772311505,8583.29165168863,-30000,5000,270,0,0,500,0,NaN,NaN,0,0
three_point,三点法,target_three_point,target,0.163924772311505,8578.29165168863,-30000,5000,270,0,0,500,0,NaN,NaN,0,0
three_point,三点法,target_three_point,target,0.173924772311505,8573.29165168863,-30000,5000,270,0,0,500,0,NaN,NaN,0,0
three_point,三点法,target_three_point,target,0.183924772311505,8568.29165168863,-30000,5000,270,0,0,500,0,NaN,NaN,0,0
three_point,三点法,target_three_point,target,0.193924772311505,8563.29165168863,-30000,5000,270,0,0,500,0,NaN,NaN,0,0
three_point,三点法,target_three_point,target,0.203924772311505,8558.29165168863,-30000,5000,270,0,0,500,0,NaN,NaN,0,0
three_point,三点法,target_three_point,target,0.213924772311505,8553.29165168863,-30000,5000,270,0,0,500,0,NaN,NaN,0,0
three_point,三点法,target_three_point,target,0.223924772311505,8548.29165168863,-30000,5000,270,0,0,500,0,NaN,NaN,0,0
three_point,三点法,target_three_point,target,0.233924772311505,8543.29165168863,-30000,5000,270,0,0,500,0,NaN,NaN,0,0
three_point,三点法,target_three_point,target,0.243924772311505,8538.29165168863,-30000,5000,270,0,0,500,0,NaN,NaN,0,0
three_point,三点法,target_three_point,target,0.253924772311505,8533.29165168863,-30000,5000,270,0,0,500,0,NaN,NaN,0,0
three_point,三点法,target_three_point,target,0.263924772311505,8528.29165168863,-30000,5000,270,0,0,500,0,NaN,NaN,0,0
three_point,三点法,target_three_point,target,0.273924772311505,8523.29165168863,-30000,5000,270,0,0,500,0,NaN,NaN,0,0
three_point,三点法,target_three_point,target,0.283924772311505,8518.29165168863,-30000,5000,270,0,0,500,0,NaN,NaN,0,0
three_point,三点法,target_three_point,target,0.293924772311505,8513.29165168863,-30000,5000,270,0,0,500,0,NaN,NaN,0,0
three_point,三点法,target_three_point,target,0.303924772311505,8508.29165168863,-30000,5000,270,0,0,500,0,NaN,NaN,0,0
three_point,三点法,target_three_point,target,0.313924772311505,8503.29165168863,-30000,5000,270,0,0,500,0,NaN,NaN,0,0
three_point,三点法,target_three_point,target,0.323924772311505,8498.29165168863,-30000,5000,270,0,0,500,0,NaN,NaN,0,0
three_point,三点法,target_three_point,target,0.333924772311505,8493.29165168863,-30000,5000,270,0,0,500,0,NaN,NaN,0,0
three_point,三点法,target_three_point,target,0.343924772311505,8488.29165168863,-30000,5000,270,0,0,500,0,NaN,NaN,0,0
three_point,三点法,target_three_point,target,0.353924772311505,8483.29165168863,-30000,5000,270,0,0,500,0,NaN,NaN,0,0
three_point,三点法,target_three_point,target,0.363924772311505,8478.29165168863,-30000,5000,270,0,0,500,0,NaN,NaN,0,0
three_point,三点法,target_three_point,target,0.373924772311505,8473.29165168863,-30000,5000,270,0,0,500,0,NaN,NaN,0,0
three_point,三点法,target_three_point,target,0.383924772311505,8468.29165168863,-30000,5000,270,0,0,500,0,NaN,NaN,0,0
three_point,三点法,target_three_point,target,0.393924772311505,8463.29165168863,-30000,5000,270,0,0,500,0,NaN,NaN,0,0
three_point,三点法,target_three_point,target,0.403924772311505,8458.29165168863,-30000,5000,270,0,0,500,0,NaN,NaN,0,0
three_point,三点法,target_three_point,target,0.413924772311505,8453.29165168863,-30000,5000,270,0,0,500,0,NaN,NaN,0,0
three_point,三点法,target_three_point,target,0.423924772311505,8448.29165168863,-30000,5000,270,0,0,500,0,NaN,NaN,0,0
three_point,三点法,target_three_point,target,0.433924772311505,8443.29165168863,-30000,5000,270,0,0,500,0,NaN,NaN,0,0
three_point,三点法,target_three_point,target,0.443924772311505,8438.29165168863,-30000,5000,270,0,0,500,0,NaN,NaN,0,0
three_point,三点法,target_three_point,target,0.453924772311505,8433.29165168863,-30000,5000,270,0,0,500,0,NaN,NaN,0,0
three_point,三点法,target_three_point,target,0.463924772311505,8428.29165168863,-30000,5000,270,0,0,500,0,NaN,NaN,0,0
three_point,三点法,target_three_point,target,0.473924772311505,8423.29165168863,-30000,5000,270,0,0,500,0,NaN,NaN,0,0
three_point,三点法,target_three_point,target,0.483924772311505,8418.29165168863,-30000,5000,270,0,0,500,0,NaN,NaN,0,0
three_point,三点法,target_three_point,target,0.493924772311505,8413.29165168863,-30000,5000,270,0,0,500,0,NaN,NaN,0,0
three_point,三点法,target_three_point,target,0.503924772311505,8408.29165168863,-30000,5000,270,0,0,500,0,NaN,NaN,0,0
three_point,三点法,target_three_point,target,0.513924772311505,8403.29165168863,-30000,5000,270,0,0,500,0,NaN,NaN,0,0
three_point,三点法,target_three_point,target,0.523924772311505,8398.29165168863,-30000,5000,270,0,0,500,0,NaN,NaN,0,0
three_point,三点法,target_three_point,target,0.533924772311505,8393.29165168863,-30000,5000,270,0,0,500,0,NaN,NaN,0,0
three_point,三点法,target_three_point,target,0.543924772311505,8388.29165168863,-30000,5000,270,0,0,500,0,NaN,NaN,0,0
three_point,三点法,target_three_point,target,0.553924772311505,8383.29165168863,-30000,5000,270,0,0,500,0,NaN,NaN,0,0
three_point,三点法,target_three_point,target,0.563924772311505,8378.29165168863,-30000,5000,270,0,0,500,0,NaN,NaN,0,0
three_point,三点法,target_three_point,target,0.573924772311505,8373.29165168863,-30000,5000,270,0,0,500,0,NaN,NaN,0,0
three_point,三点法,target_three_point,target,0.583924772311505,8368.29165168863,-30000,5000,270,0,0,500,0,NaN,NaN,0,0
three_point,三点法,target_three_point,target,0.593924772311505,8363.29165168863,-30000,5000,270,0,0,500,0,NaN,NaN,0,0
three_point,三点法,target_three_point,target,0.603924772311505,8358.29165168863,-30000,5000,270,0,0,500,0,NaN,NaN,0,0
three_point,三点法,target_three_point,target,0.613924772311505,8353.29165168863,-30000,5000,270,0,0,500,0,NaN,NaN,0,0
three_point,三点法,target_three_point,target,0.623924772311505,8348.29165168863,-30000,5000,270,0,0,500,0,NaN,NaN,0,0
three_point,三点法,target_three_point,target,0.633924772311505,8343.29165168863,-30000,5000,270,0,0,500,0,NaN,NaN,0,0
three_point,三点法,target_three_point,target,0.643924772311505,8338.29165168863,-30000,5000,270,0,0,500,0,NaN,NaN,0,0
three_point,三点法,target_three_point,target,0.653924772311505,8333.29165168863,-30000,5000,270,0,0,500,0,NaN,NaN,0,0
three_point,三点法,target_three_point,target,0.663924772311505,8328.29165168863,-30000,5000,270,0,0,500,0,NaN,NaN,0,0
three_point,三点法,target_three_point,target,0.673924772311505,8323.29165168863,-30000,5000,270,0,0,500,0,NaN,NaN,0,0
three_point,三点法,target_three_point,target,0.683924772311506,8318.29165168863,-30000,5000,270,0,0,500,0,NaN,NaN,0,0
three_point,三点法,target_three_point,target,0.693924772311506,8313.29165168863,-30000,5000,270,0,0,500,0,NaN,NaN,0,0
three_point,三点法,target_three_point,target,0.703924772311506,8308.29165168863,-30000,5000,270,0,0,500,0,NaN,NaN,0,0
three_point,三点法,target_three_point,target,0.713924772311506,8303.29165168863,-30000,5000,270,0,0,500,0,NaN,NaN,0,0
three_point,三点法,target_three_point,target,0.723924772311506,8298.29165168863,-30000,5000,270,0,0,500,0,NaN,NaN,0,0
three_point,三点法,target_three_point,target,0.733924772311506,8293.29165168863,-30000,5000,270,0,0,500,0,NaN,NaN,0,0
three_point,三点法,target_three_point,target,0.743924772311506,8288.29165168863,-30000,5000,270,0,0,500,0,NaN,NaN,0,0
three_point,三点法,target_three_point,target,0.753924772311506,8283.29165168863,-30000,5000,270,0,0,500,0,NaN,NaN,0,0
three_point,三点法,target_three_point,target,0.763924772311506,8278.29165168863,-30000,5000,270,0,0,500,0,NaN,NaN,0,0
three_point,三点法,target_three_point,target,0.773924772311506,8273.29165168863,-30000,5000,270,0,0,500,0,NaN,NaN,0,0
three_point,三点法,target_three_point,target,0.783924772311506,8268.29165168863,-30000,5000,270,0,0,500,0,NaN,NaN,0,0
three_point,三点法,target_three_point,target,0.793924772311506,8263.29165168863,-30000,5000,270,0,0,500,0,NaN,NaN,0,0
three_point,三点法,target_three_point,target,0.803924772311506,8258.29165168863,-30000,5000,270,0,0,500,0,NaN,NaN,0,0
three_point,三点法,target_three_point,target,0.813924772311506,8253.29165168863,-30000,5000,270,0,0,500,0,NaN,NaN,0,0
three_point,三点法,target_three_point,target,0.823924772311506,8248.29165168863,-30000,5000,270,0,0,500,0,NaN,NaN,0,0
three_point,三点法,target_three_point,target,0.833924772311506,8243.29165168863,-30000,5000,270,0,0,500,0,NaN,NaN,0,0
three_point,三点法,target_three_point,target,0.843924772311506,8238.29165168863,-30000,5000,270,0,0,500,0,NaN,NaN,0,0
three_point,三点法,target_three_point,target,0.853924772311506,8233.29165168863,-30000,5000,270,0,0,500,0,NaN,NaN,0,0
three_point,三点法,target_three_point,target,0.863924772311506,8228.29165168863,-30000,5000,270,0,0,500,0,NaN,NaN,0,0
three_point,三点法,target_three_point,target,0.873924772311506,8223.29165168863,-30000,5000,270,0,0,500,0,NaN,NaN,0,0
three_point,三点法,target_three_point,target,0.883924772311506,8218.29165168863,-30000,5000,270,0,0,500,0,NaN,NaN,0,0
three_point,三点法,target_three_point,target,0.893924772311506,8213.29165168863,-30000,5000,270,0,0,500,0,NaN,NaN,0,0
three_point,三点法,target_three_point,target,0.903924772311506,8208.29165168863,-30000,5000,270,0,0,500,0,NaN,NaN,0,0
three_point,三点法,target_three_point,target,0.913924772311506,8203.29165168863,-30000,5000,270,0,0,500,0,NaN,NaN,0,0
three_point,三点法,target_three_point,target,0.923924772311506,8198.29165168863,-30000,5000,270,0,0,500,0,NaN,NaN,0,0
three_point,三点法,target_three_point,target,0.933924772311506,8193.29165168863,-30000,5000,270,0,0,500,0,NaN,NaN,0,0
three_point,三点法,target_three_point,target,0.943924772311506,8188.29165168863,-30000,5000,270,0,0,500,0,NaN,NaN,0,0
three_point,三点法,target_three_point,target,0.953924772311506,8183.29165168863,-30000,5000,270,0,0,500,0,NaN,NaN,0,0
three_point,三点法,target_three_point,target,0.963924772311506,8178.29165168863,-30000,5000,270,0,0,500,0,NaN,NaN,0,0
three_point,三点法,target_three_point,target,0.973924772311506,8173.29165168863,-30000,5000,270,0,0,500,0,NaN,NaN,0,0
three_point,三点法,target_three_point,target,0.983924772311506,8168.29165168863,-30000,5000,270,0,0,500,0,NaN,NaN,0,0
three_point,三点法,target_three_point,target,0.993924772311506,8163.29165168863,-30000,5000,270,0,0,500,0,NaN,NaN,0,0
three_point,三点法,target_three_point,target,1.00392477231151,8158.29165168863,-30000,5000,270,0,0,500,0,NaN,NaN,0,0
three_point,三点法,target_three_point,target,1.01392477231151,8153.29165168863,-30000,5000,270,0,0,500,0,NaN,NaN,0,0
three_point,三点法,target_three_point,target,1.02392477231151,8148.29165168863,-30000,5000,270,0,0,500,0,NaN,NaN,0,0
three_point,三点法,target_three_point,target,1.03392477231151,8143.29165168863,-30000,5000,270,0,0,500,0,NaN,NaN,0,0
three_point,三点法,target_three_point,target,1.04392477231151,8138.29165168863,-30000,5000,270,0,0,500,0,NaN,NaN,0,0
three_point,三点法,target_three_point,target,1.05392477231151,8133.29165168863,-30000,5000,270,0,0,500,0,NaN,NaN,0,0
three_point,三点法,target_three_point,target,1.06392477231151,8128.29165168863,-30000,5000,270,0,0,500,0,NaN,NaN,0,0
three_point,三点法,target_three_point,target,1.07392477231151,8123.29165168863,-30000,5000,270,0,0,500,0,NaN,NaN,0,0
three_point,三点法,target_three_point,target,1.08392477231151,8118.29165168863,-30000,5000,270,0,0,500,0,NaN,NaN,0,0
three_point,三点法,target_three_point,target,1.09392477231151,8113.29165168863,-30000,5000,270,0,0,500,0,NaN,NaN,0,0
three_point,三点法,target_three_point,target,1.10392477231151,8108.29165168863,-30000,5000,270,0,0,500,0,NaN,NaN,0,0
three_point,三点法,target_three_point,target,1.11392477231151,8103.29165168863,-30000,5000,270,0,0,500,0,NaN,NaN,0,0
three_point,三点法,target_three_point,target,1.12392477231151,8098.29165168863,-30000,5000,270,0,0,500,0,NaN,NaN,0,0
three_point,三点法,target_three_point,target,1.13392477231151,8093.29165168863,-30000,5000,270,0,0,500,0,NaN,NaN,0,0
three_point,三点法,target_three_point,target,1.14392477231151,8088.29165168863,-30000,5000,270,0,0,500,0,NaN,NaN,0,0
three_point,三点法,target_three_point,target,1.15392477231151,8083.29165168863,-30000,5000,270,0,0,500,0,NaN,NaN,0,0
three_point,三点法,target_three_point,target,1.16392477231151,8078.29165168863,-30000,5000,270,0,0,500,0,NaN,NaN,0,0
three_point,三点法,target_three_point,target,1.17392477231151,8073.29165168863,-30000,5000,270,0,0,500,0,NaN,NaN,0,0
three_point,三点法,target_three_point,target,1.18392477231151,8068.29165168863,-30000,5000,270,0,0,500,0,NaN,NaN,0,0
three_point,三点法,target_three_point,target,1.19392477231151,8063.29165168863,-30000,5000,270,0,0,500,0,NaN,NaN,0,0
three_point,三点法,target_three_point,target,1.20392477231151,8058.29165168863,-30000,5000,270,0,0,500,0,NaN,NaN,0,0
three_point,三点法,target_three_point,target,1.21392477231151,8053.29165168863,-30000,5000,270,0,0,500,0,NaN,NaN,0,0
three_point,三点法,target_three_point,target,1.22392477231151,8048.29165168863,-30000,5000,270,0,0,500,0,NaN,NaN,0,0
three_point,三点法,target_three_point,target,1.23392477231151,8043.29165168863,-30000,5000,270,0,0,500,0,NaN,NaN,0,0
three_point,三点法,target_three_point,target,1.24392477231151,8038.29165168863,-30000,5000,270,0,0,500,0,NaN,NaN,0,0
three_point,三点法,target_three_point,target,1.25392477231151,8033.29165168863,-30000,5000,270,0,0,500,0,NaN,NaN,0,0
three_point,三点法,target_three_point,target,1.26392477231151,8028.29165168863,-30000,5000,270,0,0,500,0,NaN,NaN,0,0
three_point,三点法,target_three_point,target,1.27392477231151,8023.29165168863,-30000,5000,270,0,0,500,0,NaN,NaN,0,0
three_point,三点法,target_three_point,target,1.28392477231151,8018.29165168863,-30000,5000,270,0,0,500,0,NaN,NaN,0,0
three_point,三点法,target_three_point,target,1.29392477231151,8013.29165168863,-30000,5000,270,0,0,500,0,NaN,NaN,0,0
three_point,三点法,target_three_point,target,1.30392477231151,8008.29165168863,-30000,5000,270,0,0,500,0,NaN,NaN,0,0
three_point,三点法,target_three_point,target,1.31392477231151,8003.29165168863,-30000,5000,270,0,0,500,0,NaN,NaN,0,0
three_point,三点法,target_three_point,target,1.32392477231151,7998.29165168863,-30000,5000,270,0,0,500,0,NaN,NaN,0,0
three_point,三点法,target_three_point,target,1.33392477231151,7993.29165168863,-30000,5000,270,0,0,500,0,NaN,NaN,0,0
three_point,三点法,target_three_point,target,1.34392477231151,7988.29165168863,-30000,5000,270,0,0,500,0,NaN,NaN,0,0
three_point,三点法,target_three_point,target,1.35392477231151,7983.29165168863,-30000,5000,270,0,0,500,0,NaN,NaN,0,0
three_point,三点法,target_three_point,target,1.36392477231151,7978.29165168863,-30000,5000,270,0,0,500,0,NaN,NaN,0,0
three_point,三点法,target_three_point,target,1.37392477231151,7973.29165168863,-30000,5000,270,0,0,500,0,NaN,NaN,0,0
three_point,三点法,target_three_point,target,1.38392477231151,7968.29165168863,-30000,5000,270,0,0,500,0,NaN,NaN,0,0
three_point,三点法,target_three_point,target,1.39392477231151,7963.29165168863,-30000,5000,270,0,0,500,0,NaN,NaN,0,0
three_point,三点法,target_three_point,target,1.40392477231151,7958.29165168863,-30000,5000,270,0,0,500,0,NaN,NaN,0,0
three_point,三点法,target_three_point,target,1.41392477231151,7953.29165168863,-30000,5000,270,0,0,500,0,NaN,NaN,0,0
three_point,三点法,target_three_point,target,1.42392477231151,7948.29165168863,-30000,5000,270,0,0,500,0,NaN,NaN,0,0
three_point,三点法,target_three_point,target,1.43392477231151,7943.29165168863,-30000,5000,270,0,0,500,0,NaN,NaN,0,0
three_point,三点法,target_three_point,target,1.44392477231151,7938.29165168863,-30000,5000,270,0,0,500,0,NaN,NaN,0,0
three_point,三点法,target_three_point,target,1.45392477231151,7933.29165168863,-30000,5000,270,0,0,500,0,NaN,NaN,0,0
three_point,三点法,target_three_point,target,1.46392477231151,7928.29165168863,-30000,5000,270,0,0,500,0,NaN,NaN,0,0
three_point,三点法,target_three_point,target,1.47392477231151,7923.29165168863,-30000,5000,270,0,0,500,0,NaN,NaN,0,0
three_point,三点法,target_three_point,target,1.48392477231151,7918.29165168863,-30000,5000,270,0,0,500,0,NaN,NaN,0,0
three_point,三点法,target_three_point,target,1.49392477231151,7913.29165168863,-30000,5000,270,0,0,500,0,NaN,NaN,0,0
three_point,三点法,target_three_point,target,1.50392477231151,7908.29165168863,-30000,5000,270,0,0,500,0,NaN,NaN,0,0
three_point,三点法,target_three_point,target,1.51392477231151,7903.29165168863,-30000,5000,270,0,0,500,0,NaN,NaN,0,0
three_point,三点法,target_three_point,target,1.52392477231151,7898.29165168863,-30000,5000,270,0,0,500,0,NaN,NaN,0,0
three_point,三点法,target_three_point,target,1.53392477231151,7893.29165168863,-30000,5000,270,0,0,500,0,NaN,NaN,0,0
three_point,三点法,target_three_point,target,1.54392477231151,7888.29165168863,-30000,5000,270,0,0,500,0,NaN,NaN,0,0
three_point,三点法,target_three_point,target,1.55392477231151,7883.29165168863,-30000,5000,270,0,0,500,0,NaN,NaN,0,0
three_point,三点法,target_three_point,target,1.56392477231151,7878.29165168863,-30000,5000,270,0,0,500,0,NaN,NaN,0,0
three_point,三点法,target_three_point,target,1.57392477231151,7873.29165168863,-30000,5000,270,0,0,500,0,NaN,NaN,0,0
three_point,三点法,target_three_point,target,1.58392477231151,7868.29165168863,-30000,5000,270,0,0,500,0,NaN,NaN,0,0
three_point,三点法,target_three_point,target,1.59392477231151,7863.29165168863,-30000,5000,270,0,0,500,0,NaN,NaN,0,0
three_point,三点法,target_three_point,target,1.60392477231151,7858.29165168863,-30000,5000,270,0,0,500,0,NaN,NaN,0,0
three_point,三点法,target_three_point,target,1.61392477231151,7853.29165168863,-30000,5000,270,0,0,500,0,NaN,NaN,0,0
three_point,三点法,target_three_point,target,1.62392477231151,7848.29165168863,-30000,5000,270,0,0,500,0,NaN,NaN,0,0
three_point,三点法,target_three_point,target,1.63392477231151,7843.29165168863,-30000,5000,270,0,0,500,0,NaN,NaN,0,0
three_point,三点法,target_three_point,target,1.64392477231151,7838.29165168863,-30000,5000,270,0,0,500,0,NaN,NaN,0,0
three_point,三点法,target_three_point,target,1.65392477231151,7833.29165168863,-30000,5000,270,0,0,500,0,NaN,NaN,0,0
three_point,三点法,target_three_point,target,1.66392477231151,7828.29165168863,-30000,5000,270,0,0,500,0,NaN,NaN,0,0
three_point,三点法,target_three_point,target,1.67392477231151,7823.29165168863,-30000,5000,270,0,0,500,0,NaN,NaN,0,0
three_point,三点法,target_three_point,target,1.68392477231151,7818.29165168863,-30000,5000,270,0,0,500,0,NaN,NaN,0,0
three_point,三点法,target_three_point,target,1.69392477231151,7813.29165168863,-30000,5000,270,0,0,500,0,NaN,NaN,0,0
three_point,三点法,target_three_point,target,1.70392477231151,7808.29165168863,-30000,5000,270,0,0,500,0,NaN,NaN,0,0
three_point,三点法,target_three_point,target,1.71392477231151,7803.29165168863,-30000,5000,270,0,0,500,0,NaN,NaN,0,0
three_point,三点法,target_three_point,target,1.72392477231151,7798.29165168863,-30000,5000,270,0,0,500,0,NaN,NaN,0,0
three_point,三点法,target_three_point,target,1.73392477231151,7793.29165168863,-30000,5000,270,0,0,500,0,NaN,NaN,0,0
three_point,三点法,target_three_point,target,1.74392477231151,7788.29165168863,-30000,5000,270,0,0,500,0,NaN,NaN,0,0
three_point,三点法,target_three_point,target,1.75392477231151,7783.29165168863,-30000,5000,270,0,0,500,0,NaN,NaN,0,0
three_point,三点法,target_three_point,target,1.76392477231151,7778.29165168863,-30000,5000,270,0,0,500,0,NaN,NaN,0,0
three_point,三点法,target_three_point,target,1.77392477231151,7773.29165168863,-30000,5000,270,0,0,500,0,NaN,NaN,0,0
three_point,三点法,target_three_point,target,1.78392477231151,7768.29165168863,-30000,5000,270,0,0,500,0,NaN,NaN,0,0
three_point,三点法,target_three_point,target,1.79392477231151,7763.29165168863,-30000,5000,270,0,0,500,0,NaN,NaN,0,0
three_point,三点法,target_three_point,target,1.80392477231151,7758.29165168863,-30000,5000,270,0,0,500,0,NaN,NaN,0,0
three_point,三点法,target_three_point,target,1.81392477231151,7753.29165168863,-30000,5000,270,0,0,500,0,NaN,NaN,0,0
three_point,三点法,target_three_point,target,1.82392477231151,7748.29165168863,-30000,5000,270,0,0,500,0,NaN,NaN,0,0
three_point,三点法,target_three_point,target,1.83392477231151,7743.29165168863,-30000,5000,270,0,0,500,0,NaN,NaN,0,0
three_point,三点法,target_three_point,target,1.84392477231151,7738.29165168863,-30000,5000,270,0,0,500,0,NaN,NaN,0,0
three_point,三点法,target_three_point,target,1.85392477231151,7733.29165168863,-30000,5000,270,0,0,500,0,NaN,NaN,0,0
three_point,三点法,target_three_point,target,1.86392477231151,7728.29165168863,-30000,5000,270,0,0,500,0,NaN,NaN,0,0
three_point,三点法,target_three_point,target,1.87392477231151,7723.29165168863,-30000,5000,270,0,0,500,0,NaN,NaN,0,0
three_point,三点法,target_three_point,target,1.88392477231151,7718.29165168863,-30000,5000,270,0,0,500,0,NaN,NaN,0,0
three_point,三点法,target_three_point,target,1.89392477231151,7713.29165168863,-30000,5000,270,0,0,500,0,NaN,NaN,0,0
three_point,三点法,target_three_point,target,1.90392477231151,7708.29165168863,-30000,5000,270,0,0,500,0,NaN,NaN,0,0
three_point,三点法,target_three_point,target,1.91392477231151,7703.29165168863,-30000,5000,270,0,0,500,0,NaN,NaN,0,0
three_point,三点法,target_three_point,target,1.92392477231151,7698.29165168863,-30000,5000,270,0,0,500,0,NaN,NaN,0,0
three_point,三点法,target_three_point,target,1.93392477231151,7693.29165168863,-30000,5000,270,0,0,500,0,NaN,NaN,0,0
three_point,三点法,target_three_point,target,1.94392477231151,7688.29165168863,-30000,5000,270,0,0,500,0,NaN,NaN,0,0
three_point,三点法,target_three_point,target,1.95392477231151,7683.29165168863,-30000,5000,270,0,0,500,0,NaN,NaN,0,0
three_point,三点法,target_three_point,target,1.96392477231151,7678.29165168863,-30000,5000,270,0,0,500,0,NaN,NaN,0,0
three_point,三点法,target_three_point,target,1.97392477231151,7673.29165168863,-30000,5000,270,0,0,500,0,NaN,NaN,0,0
three_point,三点法,target_three_point,target,1.98392477231151,7668.29165168863,-30000,5000,270,0,0,500,0,NaN,NaN,0,0
three_point,三点法,target_three_point,target,1.99392477231151,7663.29165168863,-30000,5000,270,0,0,500,0,NaN,NaN,0,0
three_point,三点法,target_three_point,target,2.00392477231151,7658.29165168863,-30000,5000,270,0,0,500,0,NaN,NaN,0,0
three_point,三点法,target_three_point,target,2.01392477231151,7653.29165168863,-30000,5000,270,0,0,500,0,NaN,NaN,0,0
three_point,三点法,target_three_point,target,2.02392477231151,7648.29165168863,-30000,5000,270,0,0,500,0,NaN,NaN,0,0
three_point,三点法,target_three_point,target,2.03392477231151,7643.29165168863,-30000,5000,270,0,0,500,0,NaN,NaN,0,0
three_point,三点法,target_three_point,target,2.04392477231151,7638.29165168863,-30000,5000,270,0,0,500,0,NaN,NaN,0,0
three_point,三点法,target_three_point,target,2.05392477231151,7633.29165168863,-30000,5000,270,0,0,500,0,NaN,NaN,0,0
three_point,三点法,target_three_point,target,2.06392477231151,7628.29165168863,-30000,5000,270,0,0,500,0,NaN,NaN,0,0
three_point,三点法,target_three_point,target,2.0739247723115,7623.29165168863,-30000,5000,270,0,0,500,0,NaN,NaN,0,0
three_point,三点法,target_three_point,target,2.0839247723115,7618.29165168863,-30000,5000,270,0,0,500,0,NaN,NaN,0,0
three_point,三点法,target_three_point,target,2.0939247723115,7613.29165168863,-30000,5000,270,0,0,500,0,NaN,NaN,0,0
three_point,三点法,target_three_point,target,2.1039247723115,7608.29165168863,-30000,5000,270,0,0,500,0,NaN,NaN,0,0
three_point,三点法,target_three_point,target,2.1139247723115,7603.29165168863,-30000,5000,270,0,0,500,0,NaN,NaN,0,0
three_point,三点法,target_three_point,target,2.1239247723115,7598.29165168863,-30000,5000,270,0,0,500,0,NaN,NaN,0,0
three_point,三点法,target_three_point,target,2.1339247723115,7593.29165168863,-30000,5000,270,0,0,500,0,NaN,NaN,0,0
three_point,三点法,target_three_point,target,2.1439247723115,7588.29165168863,-30000,5000,270,0,0,500,0,NaN,NaN,0,0
three_point,三点法,target_three_point,target,2.1539247723115,7583.29165168863,-30000,5000,270,0,0,500,0,NaN,NaN,0,0
three_point,三点法,target_three_point,target,2.1639247723115,7578.29165168863,-30000,5000,270,0,0,500,0,NaN,NaN,0,0
three_point,三点法,target_three_point,target,2.1739247723115,7573.29165168864,-30000,5000,270,0,0,500,0,NaN,NaN,0,0
three_point,三点法,target_three_point,target,2.1839247723115,7568.29165168864,-30000,5000,270,0,0,500,0,NaN,NaN,0,0
three_point,三点法,target_three_point,target,2.1939247723115,7563.29165168864,-30000,5000,270,0,0,500,0,NaN,NaN,0,0
three_point,三点法,target_three_point,target,2.2039247723115,7558.29165168864,-30000,5000,270,0,0,500,0,NaN,NaN,0,0
three_point,三点法,target_three_point,target,2.2139247723115,7553.29165168864,-30000,5000,270,0,0,500,0,NaN,NaN,0,0
three_point,三点法,target_three_point,target,2.2239247723115,7548.29165168864,-30000,5000,270,0,0,500,0,NaN,NaN,0,0
three_point,三点法,target_three_point,target,2.2339247723115,7543.29165168864,-30000,5000,270,0,0,500,0,NaN,NaN,0,0
three_point,三点法,target_three_point,target,2.2439247723115,7538.29165168864,-30000,5000,270,0,0,500,0,NaN,NaN,0,0
three_point,三点法,target_three_point,target,2.2539247723115,7533.29165168864,-30000,5000,270,0,0,500,0,NaN,NaN,0,0
three_point,三点法,target_three_point,target,2.2639247723115,7528.29165168864,-30000,5000,270,0,0,500,0,NaN,NaN,0,0
three_point,三点法,target_three_point,target,2.2739247723115,7523.29165168864,-30000,5000,270,0,0,500,0,NaN,NaN,0,0
three_point,三点法,target_three_point,target,2.2839247723115,7518.29165168864,-30000,5000,270,0,0,500,0,NaN,NaN,0,0
three_point,三点法,target_three_point,target,2.2939247723115,7513.29165168864,-30000,5000,270,0,0,500,0,NaN,NaN,0,0
three_point,三点法,target_three_point,target,2.3039247723115,7508.29165168864,-30000,5000,270,0,0,500,0,NaN,NaN,0,0
three_point,三点法,target_three_point,target,2.3139247723115,7503.29165168864,-30000,5000,270,0,0,500,0,NaN,NaN,0,0
three_point,三点法,target_three_point,target,2.3239247723115,7498.29165168864,-30000,5000,270,0,0,500,0,NaN,NaN,0,0
three_point,三点法,target_three_point,target,2.3339247723115,7493.29165168864,-30000,5000,270,0,0,500,0,NaN,NaN,0,0
three_point,三点法,target_three_point,target,2.3439247723115,7488.29165168864,-30000,5000,270,0,0,500,0,NaN,NaN,0,0
three_point,三点法,target_three_point,target,2.3539247723115,7483.29165168864,-30000,5000,270,0,0,500,0,NaN,NaN,0,0
three_point,三点法,target_three_point,target,2.3639247723115,7478.29165168864,-30000,5000,270,0,0,500,0,NaN,NaN,0,0
three_point,三点法,target_three_point,target,2.3739247723115,7473.29165168864,-30000,5000,270,0,0,500,0,NaN,NaN,0,0
three_point,三点法,target_three_point,target,2.3839247723115,7468.29165168864,-30000,5000,270,0,0,500,0,NaN,NaN,0,0
three_point,三点法,target_three_point,target,2.3939247723115,7463.29165168864,-30000,5000,270,0,0,500,0,NaN,NaN,0,0
three_point,三点法,target_three_point,target,2.4039247723115,7458.29165168864,-30000,5000,270,0,0,500,0,NaN,NaN,0,0
three_point,三点法,target_three_point,target,2.4139247723115,7453.29165168864,-30000,5000,270,0,0,500,0,NaN,NaN,0,0
three_point,三点法,target_three_point,target,2.4239247723115,7448.29165168864,-30000,5000,270,0,0,500,0,NaN,NaN,0,0
three_point,三点法,target_three_point,target,2.4339247723115,7443.29165168864,-30000,5000,270,0,0,500,0,NaN,NaN,0,0
three_point,三点法,target_three_point,target,2.4439247723115,7438.29165168864,-30000,5000,270,0,0,500,0,NaN,NaN,0,0
three_point,三点法,target_three_point,target,2.4539247723115,7433.29165168864,-30000,5000,270,0,0,500,0,NaN,NaN,0,0
three_point,三点法,target_three_point,target,2.4639247723115,7428.29165168864,-30000,5000,270,0,0,500,0,NaN,NaN,0,0
three_point,三点法,target_three_point,target,2.4739247723115,7423.29165168864,-30000,5000,270,0,0,500,0,NaN,NaN,0,0
three_point,三点法,target_three_point,target,2.4839247723115,7418.29165168864,-30000,5000,270,0,0,500,0,NaN,NaN,0,0
three_point,三点法,target_three_point,target,2.4939247723115,7413.29165168864,-30000,5000,270,0,0,500,0,NaN,NaN,0,0
three_point,三点法,target_three_point,target,2.5039247723115,7408.29165168864,-30000,5000,270,0,0,500,0,NaN,NaN,0,0
three_point,三点法,target_three_point,target,2.5139247723115,7403.29165168864,-30000,5000,270,0,0,500,0,NaN,NaN,0,0
three_point,三点法,target_three_point,target,2.5239247723115,7398.29165168864,-30000,5000,270,0,0,500,0,NaN,NaN,0,0
three_point,三点法,target_three_point,target,2.5339247723115,7393.29165168864,-30000,5000,270,0,0,500,0,NaN,NaN,0,0
three_point,三点法,target_three_point,target,2.54392477231149,7388.29165168864,-30000,5000,270,0,0,500,0,NaN,NaN,0,0
three_point,三点法,target_three_point,target,2.55392477231149,7383.29165168864,-30000,5000,270,0,0,500,0,NaN,NaN,0,0
three_point,三点法,target_three_point,target,2.56392477231149,7378.29165168864,-30000,5000,270,0,0,500,0,NaN,NaN,0,0
three_point,三点法,target_three_point,target,2.57392477231149,7373.29165168864,-30000,5000,270,0,0,500,0,NaN,NaN,0,0
three_point,三点法,target_three_point,target,2.58392477231149,7368.29165168864,-30000,5000,270,0,0,500,0,NaN,NaN,0,0
three_point,三点法,target_three_point,target,2.59392477231149,7363.29165168864,-30000,5000,270,0,0,500,0,NaN,NaN,0,0
three_point,三点法,target_three_point,target,2.60392477231149,7358.29165168864,-30000,5000,270,0,0,500,0,NaN,NaN,0,0
three_point,三点法,target_three_point,target,2.61392477231149,7353.29165168864,-30000,5000,270,0,0,500,0,NaN,NaN,0,0
three_point,三点法,target_three_point,target,2.62392477231149,7348.29165168864,-30000,5000,270,0,0,500,0,NaN,NaN,0,0
three_point,三点法,target_three_point,target,2.63392477231149,7343.29165168864,-30000,5000,270,0,0,500,0,NaN,NaN,0,0
three_point,三点法,target_three_point,target,2.64392477231149,7338.29165168864,-30000,5000,270,0,0,500,0,NaN,NaN,0,0
three_point,三点法,target_three_point,target,2.65392477231149,7333.29165168864,-30000,5000,270,0,0,500,0,NaN,NaN,0,0
three_point,三点法,target_three_point,target,2.66392477231149,7328.29165168864,-30000,5000,270,0,0,500,0,NaN,NaN,0,0
three_point,三点法,target_three_point,target,2.67392477231149,7323.29165168864,-30000,5000,270,0,0,500,0,NaN,NaN,0,0
three_point,三点法,target_three_point,target,2.68392477231149,7318.29165168864,-30000,5000,270,0,0,500,0,NaN,NaN,0,0
three_point,三点法,target_three_point,target,2.69392477231149,7313.29165168864,-30000,5000,270,0,0,500,0,NaN,NaN,0,0
three_point,三点法,target_three_point,target,2.70392477231149,7308.29165168864,-30000,5000,270,0,0,500,0,NaN,NaN,0,0
three_point,三点法,target_three_point,target,2.71392477231149,7303.29165168864,-30000,5000,270,0,0,500,0,NaN,NaN,0,0
three_point,三点法,target_three_point,target,2.72392477231149,7298.29165168864,-30000,5000,270,0,0,500,0,NaN,NaN,0,0
three_point,三点法,target_three_point,target,2.73392477231149,7293.29165168864,-30000,5000,270,0,0,500,0,NaN,NaN,0,0
three_point,三点法,target_three_point,target,2.74392477231149,7288.29165168864,-30000,5000,270,0,0,500,0,NaN,NaN,0,0
three_point,三点法,target_three_point,target,2.75392477231149,7283.29165168864,-30000,5000,270,0,0,500,0,NaN,NaN,0,0
three_point,三点法,target_three_point,target,2.76392477231149,7278.29165168864,-30000,5000,270,0,0,500,0,NaN,NaN,0,0
three_point,三点法,target_three_point,target,2.77392477231149,7273.29165168864,-30000,5000,270,0,0,500,0,NaN,NaN,0,0
three_point,三点法,target_three_point,target,2.78392477231149,7268.29165168864,-30000,5000,270,0,0,500,0,NaN,NaN,0,0
three_point,三点法,target_three_point,target,2.79392477231149,7263.29165168864,-30000,5000,270,0,0,500,0,NaN,NaN,0,0
three_point,三点法,target_three_point,target,2.80392477231149,7258.29165168864,-30000,5000,270,0,0,500,0,NaN,NaN,0,0
three_point,三点法,target_three_point,target,2.81392477231149,7253.29165168864,-30000,5000,270,0,0,500,0,NaN,NaN,0,0
three_point,三点法,target_three_point,target,2.82392477231149,7248.29165168864,-30000,5000,270,0,0,500,0,NaN,NaN,0,0
three_point,三点法,target_three_point,target,2.83392477231149,7243.29165168864,-30000,5000,270,0,0,500,0,NaN,NaN,0,0
three_point,三点法,target_three_point,target,2.84392477231149,7238.29165168864,-30000,5000,270,0,0,500,0,NaN,NaN,0,0
three_point,三点法,target_three_point,target,2.85392477231149,7233.29165168864,-30000,5000,270,0,0,500,0,NaN,NaN,0,0
three_point,三点法,target_three_point,target,2.86392477231149,7228.29165168864,-30000,5000,270,0,0,500,0,NaN,NaN,0,0
three_point,三点法,target_three_point,target,2.87392477231149,7223.29165168864,-30000,5000,270,0,0,500,0,NaN,NaN,0,0
three_point,三点法,target_three_point,target,2.88392477231149,7218.29165168864,-30000,5000,270,0,0,500,0,NaN,NaN,0,0
three_point,三点法,target_three_point,target,2.89392477231149,7213.29165168864,-30000,5000,270,0,0,500,0,NaN,NaN,0,0
three_point,三点法,target_three_point,target,2.90392477231149,7208.29165168864,-30000,5000,270,0,0,500,0,NaN,NaN,0,0
three_point,三点法,target_three_point,target,2.91392477231149,7203.29165168864,-30000,5000,270,0,0,500,0,NaN,NaN,0,0
three_point,三点法,target_three_point,target,2.92392477231149,7198.29165168864,-30000,5000,270,0,0,500,0,NaN,NaN,0,0
three_point,三点法,target_three_point,target,2.93392477231149,7193.29165168864,-30000,5000,270,0,0,500,0,NaN,NaN,0,0
three_point,三点法,target_three_point,target,2.94392477231149,7188.29165168864,-30000,5000,270,0,0,500,0,NaN,NaN,0,0
three_point,三点法,target_three_point,target,2.95392477231149,7183.29165168864,-30000,5000,270,0,0,500,0,NaN,NaN,0,0
three_point,三点法,target_three_point,target,2.96392477231149,7178.29165168864,-30000,5000,270,0,0,500,0,NaN,NaN,0,0
three_point,三点法,target_three_point,target,2.97392477231149,7173.29165168864,-30000,5000,270,0,0,500,0,NaN,NaN,0,0
three_point,三点法,target_three_point,target,2.98392477231149,7168.29165168864,-30000,5000,270,0,0,500,0,NaN,NaN,0,0
three_point,三点法,target_three_point,target,2.99392477231149,7163.29165168864,-30000,5000,270,0,0,500,0,NaN,NaN,0,0
three_point,三点法,target_three_point,target,3.00392477231149,7158.29165168864,-30000,5000,270,0,0,500,0,NaN,NaN,0,0
three_point,三点法,target_three_point,target,3.01392477231148,7153.29165168864,-30000,5000,270,0,0,500,0,NaN,NaN,0,0
three_point,三点法,target_three_point,target,3.02392477231148,7148.29165168864,-30000,5000,270,0,0,500,0,NaN,NaN,0,0
three_point,三点法,target_three_point,target,3.03392477231148,7143.29165168864,-30000,5000,270,0,0,500,0,NaN,NaN,0,0
three_point,三点法,target_three_point,target,3.04392477231148,7138.29165168864,-30000,5000,270,0,0,500,0,NaN,NaN,0,0
three_point,三点法,target_three_point,target,3.05392477231148,7133.29165168864,-30000,5000,270,0,0,500,0,NaN,NaN,0,0
three_point,三点法,target_three_point,target,3.06392477231148,7128.29165168864,-30000,5000,270,0,0,500,0,NaN,NaN,0,0
three_point,三点法,target_three_point,target,3.07392477231148,7123.29165168864,-30000,5000,270,0,0,500,0,NaN,NaN,0,0
three_point,三点法,target_three_point,target,3.08392477231148,7118.29165168865,-30000,5000,270,0,0,500,0,NaN,NaN,0,0
three_point,三点法,target_three_point,target,3.09392477231148,7113.29165168865,-30000,5000,270,0,0,500,0,NaN,NaN,0,0
three_point,三点法,target_three_point,target,3.10392477231148,7108.29165168865,-30000,5000,270,0,0,500,0,NaN,NaN,0,0
three_point,三点法,target_three_point,target,3.11392477231148,7103.29165168865,-30000,5000,270,0,0,500,0,NaN,NaN,0,0
three_point,三点法,target_three_point,target,3.12392477231148,7098.29165168865,-30000,5000,270,0,0,500,0,NaN,NaN,0,0
three_point,三点法,target_three_point,target,3.13392477231148,7093.29165168865,-30000,5000,270,0,0,500,0,NaN,NaN,0,0
three_point,三点法,target_three_point,target,3.14392477231148,7088.29165168865,-30000,5000,270,0,0,500,0,NaN,NaN,0,0
three_point,三点法,target_three_point,target,3.15392477231148,7083.29165168865,-30000,5000,270,0,0,500,0,NaN,NaN,0,0
three_point,三点法,target_three_point,target,3.16392477231148,7078.29165168865,-30000,5000,270,0,0,500,0,NaN,NaN,0,0
three_point,三点法,target_three_point,target,3.17392477231148,7073.29165168865,-30000,5000,270,0,0,500,0,NaN,NaN,0,0
three_point,三点法,target_three_point,target,3.18392477231148,7068.29165168865,-30000,5000,270,0,0,500,0,NaN,NaN,0,0
three_point,三点法,target_three_point,target,3.19392477231148,7063.29165168865,-30000,5000,270,0,0,500,0,NaN,NaN,0,0
three_point,三点法,target_three_point,target,3.20392477231148,7058.29165168865,-30000,5000,270,0,0,500,0,NaN,NaN,0,0
three_point,三点法,target_three_point,target,3.21392477231148,7053.29165168865,-30000,5000,270,0,0,500,0,NaN,NaN,0,0
three_point,三点法,target_three_point,target,3.22392477231148,7048.29165168865,-30000,5000,270,0,0,500,0,NaN,NaN,0,0
three_point,三点法,target_three_point,target,3.23392477231148,7043.29165168865,-30000,5000,270,0,0,500,0,NaN,NaN,0,0
three_point,三点法,target_three_point,target,3.24392477231148,7038.29165168865,-30000,5000,270,0,0,500,0,NaN,NaN,0,0
three_point,三点法,target_three_point,target,3.25392477231148,7033.29165168865,-30000,5000,270,0,0,500,0,NaN,NaN,0,0
three_point,三点法,target_three_point,target,3.26392477231148,7028.29165168865,-30000,5000,270,0,0,500,0,NaN,NaN,0,0
three_point,三点法,target_three_point,target,3.27392477231148,7023.29165168865,-30000,5000,270,0,0,500,0,NaN,NaN,0,0
three_point,三点法,target_three_point,target,3.28392477231148,7018.29165168865,-30000,5000,270,0,0,500,0,NaN,NaN,0,0
three_point,三点法,target_three_point,target,3.29392477231148,7013.29165168865,-30000,5000,270,0,0,500,0,NaN,NaN,0,0
three_point,三点法,target_three_point,target,3.30392477231148,7008.29165168865,-30000,5000,270,0,0,500,0,NaN,NaN,0,0
three_point,三点法,target_three_point,target,3.31392477231148,7003.29165168865,-30000,5000,270,0,0,500,0,NaN,NaN,0,0
three_point,三点法,target_three_point,target,3.32392477231148,6998.29165168865,-30000,5000,270,0,0,500,0,NaN,NaN,0,0
three_point,三点法,target_three_point,target,3.33392477231148,6993.29165168865,-30000,5000,270,0,0,500,0,NaN,NaN,0,0
three_point,三点法,target_three_point,target,3.34392477231148,6988.29165168865,-30000,5000,270,0,0,500,0,NaN,NaN,0,0
three_point,三点法,target_three_point,target,3.35392477231148,6983.29165168865,-30000,5000,270,0,0,500,0,NaN,NaN,0,0
three_point,三点法,target_three_point,target,3.36392477231148,6978.29165168865,-30000,5000,270,0,0,500,0,NaN,NaN,0,0
three_point,三点法,target_three_point,target,3.37392477231148,6973.29165168865,-30000,5000,270,0,0,500,0,NaN,NaN,0,0
three_point,三点法,target_three_point,target,3.38392477231148,6968.29165168865,-30000,5000,270,0,0,500,0,NaN,NaN,0,0
three_point,三点法,target_three_point,target,3.39392477231148,6963.29165168865,-30000,5000,270,0,0,500,0,NaN,NaN,0,0
three_point,三点法,target_three_point,target,3.40392477231148,6958.29165168865,-30000,5000,270,0,0,500,0,NaN,NaN,0,0
three_point,三点法,target_three_point,target,3.41392477231148,6953.29165168865,-30000,5000,270,0,0,500,0,NaN,NaN,0,0
three_point,三点法,target_three_point,target,3.42392477231148,6948.29165168865,-30000,5000,270,0,0,500,0,NaN,NaN,0,0
three_point,三点法,target_three_point,target,3.43392477231148,6943.29165168865,-30000,5000,270,0,0,500,0,NaN,NaN,0,0
three_point,三点法,target_three_point,target,3.44392477231148,6938.29165168865,-30000,5000,270,0,0,500,0,NaN,NaN,0,0
three_point,三点法,target_three_point,target,3.45392477231148,6933.29165168865,-30000,5000,270,0,0,500,0,NaN,NaN,0,0
three_point,三点法,target_three_point,target,3.46392477231148,6928.29165168865,-30000,5000,270,0,0,500,0,NaN,NaN,0,0
three_point,三点法,target_three_point,target,3.47392477231148,6923.29165168865,-30000,5000,270,0,0,500,0,NaN,NaN,0,0
three_point,三点法,target_three_point,target,3.48392477231147,6918.29165168865,-30000,5000,270,0,0,500,0,NaN,NaN,0,0
three_point,三点法,target_three_point,target,3.49392477231147,6913.29165168865,-30000,5000,270,0,0,500,0,NaN,NaN,0,0
three_point,三点法,target_three_point,target,3.50392477231147,6908.29165168865,-30000,5000,270,0,0,500,0,NaN,NaN,0,0
three_point,三点法,target_three_point,target,3.51392477231147,6903.29165168865,-30000,5000,270,0,0,500,0,NaN,NaN,0,0
three_point,三点法,target_three_point,target,3.52392477231147,6898.29165168865,-30000,5000,270,0,0,500,0,NaN,NaN,0,0
three_point,三点法,target_three_point,target,3.53392477231147,6893.29165168865,-30000,5000,270,0,0,500,0,NaN,NaN,0,0
three_point,三点法,target_three_point,target,3.54392477231147,6888.29165168865,-30000,5000,270,0,0,500,0,NaN,NaN,0,0
three_point,三点法,target_three_point,target,3.55392477231147,6883.29165168865,-30000,5000,270,0,0,500,0,NaN,NaN,0,0
three_point,三点法,target_three_point,target,3.56392477231147,6878.29165168865,-30000,5000,270,0,0,500,0,NaN,NaN,0,0
three_point,三点法,target_three_point,target,3.57392477231147,6873.29165168865,-30000,5000,270,0,0,500,0,NaN,NaN,0,0
three_point,三点法,target_three_point,target,3.58392477231147,6868.29165168865,-30000,5000,270,0,0,500,0,NaN,NaN,0,0
three_point,三点法,target_three_point,target,3.59392477231147,6863.29165168865,-30000,5000,270,0,0,500,0,NaN,NaN,0,0
three_point,三点法,target_three_point,target,3.60392477231147,6858.29165168865,-30000,5000,270,0,0,500,0,NaN,NaN,0,0
three_point,三点法,target_three_point,target,3.61392477231147,6853.29165168865,-30000,5000,270,0,0,500,0,NaN,NaN,0,0
three_point,三点法,target_three_point,target,3.62392477231147,6848.29165168865,-30000,5000,270,0,0,500,0,NaN,NaN,0,0
three_point,三点法,target_three_point,target,3.63392477231147,6843.29165168865,-30000,5000,270,0,0,500,0,NaN,NaN,0,0
three_point,三点法,target_three_point,target,3.64392477231147,6838.29165168865,-30000,5000,270,0,0,500,0,NaN,NaN,0,0
three_point,三点法,target_three_point,target,3.65392477231147,6833.29165168865,-30000,5000,270,0,0,500,0,NaN,NaN,0,0
three_point,三点法,target_three_point,target,3.66392477231147,6828.29165168865,-30000,5000,270,0,0,500,0,NaN,NaN,0,0
three_point,三点法,target_three_point,target,3.67392477231147,6823.29165168865,-30000,5000,270,0,0,500,0,NaN,NaN,0,0
three_point,三点法,target_three_point,target,3.68392477231147,6818.29165168865,-30000,5000,270,0,0,500,0,NaN,NaN,0,0
three_point,三点法,target_three_point,target,3.69392477231147,6813.29165168865,-30000,5000,270,0,0,500,0,NaN,NaN,0,0
three_point,三点法,target_three_point,target,3.70392477231147,6808.29165168865,-30000,5000,270,0,0,500,0,NaN,NaN,0,0
three_point,三点法,target_three_point,target,3.71392477231147,6803.29165168865,-30000,5000,270,0,0,500,0,NaN,NaN,0,0
three_point,三点法,target_three_point,target,3.72392477231147,6798.29165168865,-30000,5000,270,0,0,500,0,NaN,NaN,0,0
three_point,三点法,target_three_point,target,3.73392477231147,6793.29165168865,-30000,5000,270,0,0,500,0,NaN,NaN,0,0
three_point,三点法,target_three_point,target,3.74392477231147,6788.29165168865,-30000,5000,270,0,0,500,0,NaN,NaN,0,0
three_point,三点法,target_three_point,target,3.75392477231147,6783.29165168865,-30000,5000,270,0,0,500,0,NaN,NaN,0,0
three_point,三点法,target_three_point,target,3.76392477231147,6778.29165168865,-30000,5000,270,0,0,500,0,NaN,NaN,0,0
three_point,三点法,target_three_point,target,3.77392477231147,6773.29165168865,-30000,5000,270,0,0,500,0,NaN,NaN,0,0
three_point,三点法,target_three_point,target,3.78392477231147,6768.29165168865,-30000,5000,270,0,0,500,0,NaN,NaN,0,0
three_point,三点法,target_three_point,target,3.79392477231147,6763.29165168865,-30000,5000,270,0,0,500,0,NaN,NaN,0,0
three_point,三点法,target_three_point,target,3.80392477231147,6758.29165168865,-30000,5000,270,0,0,500,0,NaN,NaN,0,0
three_point,三点法,target_three_point,target,3.81392477231147,6753.29165168865,-30000,5000,270,0,0,500,0,NaN,NaN,0,0
three_point,三点法,target_three_point,target,3.82392477231147,6748.29165168865,-30000,5000,270,0,0,500,0,NaN,NaN,0,0
three_point,三点法,target_three_point,target,3.83392477231147,6743.29165168865,-30000,5000,270,0,0,500,0,NaN,NaN,0,0
three_point,三点法,target_three_point,target,3.84392477231147,6738.29165168865,-30000,5000,270,0,0,500,0,NaN,NaN,0,0
three_point,三点法,target_three_point,target,3.85392477231147,6733.29165168865,-30000,5000,270,0,0,500,0,NaN,NaN,0,0
three_point,三点法,target_three_point,target,3.86392477231147,6728.29165168865,-30000,5000,270,0,0,500,0,NaN,NaN,0,0
three_point,三点法,target_three_point,target,3.87392477231147,6723.29165168865,-30000,5000,270,0,0,500,0,NaN,NaN,0,0
three_point,三点法,target_three_point,target,3.88392477231147,6718.29165168865,-30000,5000,270,0,0,500,0,NaN,NaN,0,0
three_point,三点法,target_three_point,target,3.89392477231147,6713.29165168865,-30000,5000,270,0,0,500,0,NaN,NaN,0,0
three_point,三点法,target_three_point,target,3.90392477231147,6708.29165168865,-30000,5000,270,0,0,500,0,NaN,NaN,0,0
three_point,三点法,target_three_point,target,3.91392477231147,6703.29165168865,-30000,5000,270,0,0,500,0,NaN,NaN,0,0
three_point,三点法,target_three_point,target,3.92392477231147,6698.29165168865,-30000,5000,270,0,0,500,0,NaN,NaN,0,0
three_point,三点法,target_three_point,target,3.93392477231147,6693.29165168865,-30000,5000,270,0,0,500,0,NaN,NaN,0,0
three_point,三点法,target_three_point,target,3.94392477231146,6688.29165168865,-30000,5000,270,0,0,500,0,NaN,NaN,0,0
three_point,三点法,target_three_point,target,3.95392477231146,6683.29165168865,-30000,5000,270,0,0,500,0,NaN,NaN,0,0
three_point,三点法,target_three_point,target,3.96392477231146,6678.29165168865,-30000,5000,270,0,0,500,0,NaN,NaN,0,0
three_point,三点法,target_three_point,target,3.97392477231146,6673.29165168865,-30000,5000,270,0,0,500,0,NaN,NaN,0,0
three_point,三点法,target_three_point,target,3.98392477231146,6668.29165168865,-30000,5000,270,0,0,500,0,NaN,NaN,0,0
three_point,三点法,target_three_point,target,3.99392477231146,6663.29165168865,-30000,5000,270,0,0,500,0,NaN,NaN,0,0
three_point,三点法,target_three_point,target,4.00392477231146,6658.29165168865,-30000,5000,270,0,0,500,0,NaN,NaN,0,0
three_point,三点法,target_three_point,target,4.01392477231146,6653.29165168865,-30000,5000,270,0,0,500,0,NaN,NaN,0,0
three_point,三点法,target_three_point,target,4.02392477231146,6648.29165168865,-30000,5000,270,0,0,500,0,NaN,NaN,0,0
three_point,三点法,target_three_point,target,4.03392477231146,6643.29165168865,-30000,5000,270,0,0,500,0,NaN,NaN,0,0
three_point,三点法,target_three_point,target,4.04392477231146,6638.29165168865,-30000,5000,270,0,0,500,0,NaN,NaN,0,0
three_point,三点法,target_three_point,target,4.05392477231146,6633.29165168865,-30000,5000,270,0,0,500,0,NaN,NaN,0,0
three_point,三点法,target_three_point,target,4.06392477231146,6628.29165168866,-30000,5000,270,0,0,500,0,NaN,NaN,0,0
three_point,三点法,target_three_point,target,4.07392477231146,6623.29165168866,-30000,5000,270,0,0,500,0,NaN,NaN,0,0
three_point,三点法,target_three_point,target,4.08392477231146,6618.29165168866,-30000,5000,270,0,0,500,0,NaN,NaN,0,0
three_point,三点法,target_three_point,target,4.09392477231146,6613.29165168866,-30000,5000,270,0,0,500,0,NaN,NaN,0,0
three_point,三点法,target_three_point,target,4.10392477231146,6608.29165168866,-30000,5000,270,0,0,500,0,NaN,NaN,0,0
three_point,三点法,target_three_point,target,4.11392477231146,6603.29165168866,-30000,5000,270,0,0,500,0,NaN,NaN,0,0
three_point,三点法,target_three_point,target,4.12392477231146,6598.29165168866,-30000,5000,270,0,0,500,0,NaN,NaN,0,0
three_point,三点法,target_three_point,target,4.13392477231146,6593.29165168866,-30000,5000,270,0,0,500,0,NaN,NaN,0,0
three_point,三点法,target_three_point,target,4.14392477231146,6588.29165168866,-30000,5000,270,0,0,500,0,NaN,NaN,0,0
three_point,三点法,target_three_point,target,4.15392477231146,6583.29165168866,-30000,5000,270,0,0,500,0,NaN,NaN,0,0
three_point,三点法,target_three_point,target,4.16392477231146,6578.29165168866,-30000,5000,270,0,0,500,0,NaN,NaN,0,0
three_point,三点法,target_three_point,target,4.17392477231146,6573.29165168866,-30000,5000,270,0,0,500,0,NaN,NaN,0,0
three_point,三点法,target_three_point,target,4.18392477231146,6568.29165168866,-30000,5000,270,0,0,500,0,NaN,NaN,0,0
three_point,三点法,target_three_point,target,4.19392477231146,6563.29165168866,-30000,5000,270,0,0,500,0,NaN,NaN,0,0
three_point,三点法,target_three_point,target,4.20392477231146,6558.29165168866,-30000,5000,270,0,0,500,0,NaN,NaN,0,0
three_point,三点法,target_three_point,target,4.21392477231146,6553.29165168866,-30000,5000,270,0,0,500,0,NaN,NaN,0,0
three_point,三点法,target_three_point,target,4.22392477231146,6548.29165168866,-30000,5000,270,0,0,500,0,NaN,NaN,0,0
three_point,三点法,target_three_point,target,4.23392477231146,6543.29165168866,-30000,5000,270,0,0,500,0,NaN,NaN,0,0
three_point,三点法,target_three_point,target,4.24392477231146,6538.29165168866,-30000,5000,270,0,0,500,0,NaN,NaN,0,0
three_point,三点法,target_three_point,target,4.25392477231146,6533.29165168866,-30000,5000,270,0,0,500,0,NaN,NaN,0,0
three_point,三点法,target_three_point,target,4.26392477231146,6528.29165168866,-30000,5000,270,0,0,500,0,NaN,NaN,0,0
three_point,三点法,target_three_point,target,4.27392477231146,6523.29165168866,-30000,5000,270,0,0,500,0,NaN,NaN,0,0
three_point,三点法,target_three_point,target,4.28392477231146,6518.29165168866,-30000,5000,270,0,0,500,0,NaN,NaN,0,0
three_point,三点法,target_three_point,target,4.29392477231146,6513.29165168866,-30000,5000,270,0,0,500,0,NaN,NaN,0,0
three_point,三点法,target_three_point,target,4.30392477231146,6508.29165168866,-30000,5000,270,0,0,500,0,NaN,NaN,0,0
three_point,三点法,target_three_point,target,4.31392477231146,6503.29165168866,-30000,5000,270,0,0,500,0,NaN,NaN,0,0
three_point,三点法,target_three_point,target,4.32392477231146,6498.29165168866,-30000,5000,270,0,0,500,0,NaN,NaN,0,0
three_point,三点法,target_three_point,target,4.33392477231146,6493.29165168866,-30000,5000,270,0,0,500,0,NaN,NaN,0,0
three_point,三点法,target_three_point,target,4.34392477231146,6488.29165168866,-30000,5000,270,0,0,500,0,NaN,NaN,0,0
three_point,三点法,target_three_point,target,4.35392477231146,6483.29165168866,-30000,5000,270,0,0,500,0,NaN,NaN,0,0
three_point,三点法,target_three_point,target,4.36392477231146,6478.29165168866,-30000,5000,270,0,0,500,0,NaN,NaN,0,0
three_point,三点法,target_three_point,target,4.37392477231146,6473.29165168866,-30000,5000,270,0,0,500,0,NaN,NaN,0,0
three_point,三点法,target_three_point,target,4.38392477231146,6468.29165168866,-30000,5000,270,0,0,500,0,NaN,NaN,0,0
three_point,三点法,target_three_point,target,4.39392477231146,6463.29165168866,-30000,5000,270,0,0,500,0,NaN,NaN,0,0
three_point,三点法,target_three_point,target,4.40392477231146,6458.29165168866,-30000,5000,270,0,0,500,0,NaN,NaN,0,0
three_point,三点法,target_three_point,target,4.41392477231146,6453.29165168866,-30000,5000,270,0,0,500,0,NaN,NaN,0,0
three_point,三点法,target_three_point,target,4.42392477231146,6448.29165168866,-30000,5000,270,0,0,500,0,NaN,NaN,0,0
three_point,三点法,target_three_point,target,4.43392477231145,6443.29165168866,-30000,5000,270,0,0,500,0,NaN,NaN,0,0
three_point,三点法,target_three_point,target,4.44392477231145,6438.29165168866,-30000,5000,270,0,0,500,0,NaN,NaN,0,0
three_point,三点法,target_three_point,target,4.45392477231145,6433.29165168866,-30000,5000,270,0,0,500,0,NaN,NaN,0,0
three_point,三点法,target_three_point,target,4.46392477231145,6428.29165168866,-30000,5000,270,0,0,500,0,NaN,NaN,0,0
three_point,三点法,target_three_point,target,4.47392477231145,6423.29165168866,-30000,5000,270,0,0,500,0,NaN,NaN,0,0
three_point,三点法,target_three_point,target,4.48392477231145,6418.29165168866,-30000,5000,270,0,0,500,0,NaN,NaN,0,0
three_point,三点法,target_three_point,target,4.49392477231145,6413.29165168866,-30000,5000,270,0,0,500,0,NaN,NaN,0,0
three_point,三点法,target_three_point,target,4.50392477231145,6408.29165168866,-30000,5000,270,0,0,500,0,NaN,NaN,0,0
three_point,三点法,target_three_point,target,4.51392477231145,6403.29165168866,-30000,5000,270,0,0,500,0,NaN,NaN,0,0
three_point,三点法,target_three_point,target,4.52392477231145,6398.29165168866,-30000,5000,270,0,0,500,0,NaN,NaN,0,0
three_point,三点法,target_three_point,target,4.53392477231145,6393.29165168866,-30000,5000,270,0,0,500,0,NaN,NaN,0,0
three_point,三点法,target_three_point,target,4.54392477231145,6388.29165168866,-30000,5000,270,0,0,500,0,NaN,NaN,0,0
three_point,三点法,target_three_point,target,4.55392477231145,6383.29165168866,-30000,5000,270,0,0,500,0,NaN,NaN,0,0
three_point,三点法,target_three_point,target,4.56392477231145,6378.29165168866,-30000,5000,270,0,0,500,0,NaN,NaN,0,0
three_point,三点法,target_three_point,target,4.57392477231145,6373.29165168866,-30000,5000,270,0,0,500,0,NaN,NaN,0,0
three_point,三点法,target_three_point,target,4.58392477231145,6368.29165168866,-30000,5000,270,0,0,500,0,NaN,NaN,0,0
three_point,三点法,target_three_point,target,4.59392477231145,6363.29165168866,-30000,5000,270,0,0,500,0,NaN,NaN,0,0
three_point,三点法,target_three_point,target,4.60392477231145,6358.29165168866,-30000,5000,270,0,0,500,0,NaN,NaN,0,0
three_point,三点法,target_three_point,target,4.61392477231145,6353.29165168866,-30000,5000,270,0,0,500,0,NaN,NaN,0,0
three_point,三点法,target_three_point,target,4.62392477231145,6348.29165168866,-30000,5000,270,0,0,500,0,NaN,NaN,0,0
three_point,三点法,target_three_point,target,4.63392477231145,6343.29165168866,-30000,5000,270,0,0,500,0,NaN,NaN,0,0
three_point,三点法,target_three_point,target,4.64392477231145,6338.29165168866,-30000,5000,270,0,0,500,0,NaN,NaN,0,0
three_point,三点法,target_three_point,target,4.65392477231145,6333.29165168866,-30000,5000,270,0,0,500,0,NaN,NaN,0,0
three_point,三点法,target_three_point,target,4.66392477231145,6328.29165168866,-30000,5000,270,0,0,500,0,NaN,NaN,0,0
three_point,三点法,target_three_point,target,4.67392477231145,6323.29165168866,-30000,5000,270,0,0,500,0,NaN,NaN,0,0
three_point,三点法,target_three_point,target,4.68392477231145,6318.29165168866,-30000,5000,270,0,0,500,0,NaN,NaN,0,0
three_point,三点法,target_three_point,target,4.69392477231145,6313.29165168866,-30000,5000,270,0,0,500,0,NaN,NaN,0,0
three_point,三点法,target_three_point,target,4.70392477231145,6308.29165168866,-30000,5000,270,0,0,500,0,NaN,NaN,0,0
three_point,三点法,target_three_point,target,4.71392477231145,6303.29165168866,-30000,5000,270,0,0,500,0,NaN,NaN,0,0
three_point,三点法,target_three_point,target,4.72392477231145,6298.29165168866,-30000,5000,270,0,0,500,0,NaN,NaN,0,0
three_point,三点法,target_three_point,target,4.73392477231145,6293.29165168866,-30000,5000,270,0,0,500,0,NaN,NaN,0,0
three_point,三点法,target_three_point,target,4.74392477231145,6288.29165168866,-30000,5000,270,0,0,500,0,NaN,NaN,0,0
three_point,三点法,target_three_point,target,4.75392477231145,6283.29165168866,-30000,5000,270,0,0,500,0,NaN,NaN,0,0
three_point,三点法,target_three_point,target,4.76392477231145,6278.29165168866,-30000,5000,270,0,0,500,0,NaN,NaN,0,0
three_point,三点法,target_three_point,target,4.77392477231145,6273.29165168866,-30000,5000,270,0,0,500,0,NaN,NaN,0,0
three_point,三点法,target_three_point,target,4.78392477231145,6268.29165168866,-30000,5000,270,0,0,500,0,NaN,NaN,0,0
three_point,三点法,target_three_point,target,4.79392477231145,6263.29165168866,-30000,5000,270,0,0,500,0,NaN,NaN,0,0
three_point,三点法,target_three_point,target,4.80392477231145,6258.29165168866,-30000,5000,270,0,0,500,0,NaN,NaN,0,0
three_point,三点法,target_three_point,target,4.81392477231145,6253.29165168866,-30000,5000,270,0,0,500,0,NaN,NaN,0,0
three_point,三点法,target_three_point,target,4.82392477231145,6248.29165168866,-30000,5000,270,0,0,500,0,NaN,NaN,0,0
three_point,三点法,target_three_point,target,4.83392477231145,6243.29165168866,-30000,5000,270,0,0,500,0,NaN,NaN,0,0
three_point,三点法,target_three_point,target,4.84392477231145,6238.29165168866,-30000,5000,270,0,0,500,0,NaN,NaN,0,0
three_point,三点法,target_three_point,target,4.85392477231145,6233.29165168866,-30000,5000,270,0,0,500,0,NaN,NaN,0,0
three_point,三点法,target_three_point,target,4.86392477231145,6228.29165168866,-30000,5000,270,0,0,500,0,NaN,NaN,0,0
three_point,三点法,target_three_point,target,4.87392477231145,6223.29165168866,-30000,5000,270,0,0,500,0,NaN,NaN,0,0
three_point,三点法,target_three_point,target,4.88392477231145,6218.29165168866,-30000,5000,270,0,0,500,0,NaN,NaN,0,0
three_point,三点法,target_three_point,target,4.89392477231145,6213.29165168866,-30000,5000,270,0,0,500,0,NaN,NaN,0,0
three_point,三点法,target_three_point,target,4.90392477231144,6208.29165168866,-30000,5000,270,0,0,500,0,NaN,NaN,0,0
three_point,三点法,target_three_point,target,4.91392477231144,6203.29165168866,-30000,5000,270,0,0,500,0,NaN,NaN,0,0
three_point,三点法,target_three_point,target,4.92392477231144,6198.29165168866,-30000,5000,270,0,0,500,0,NaN,NaN,0,0
three_point,三点法,target_three_point,target,4.93392477231144,6193.29165168866,-30000,5000,270,0,0,500,0,NaN,NaN,0,0
three_point,三点法,target_three_point,target,4.94392477231144,6188.29165168866,-30000,5000,270,0,0,500,0,NaN,NaN,0,0
three_point,三点法,target_three_point,target,4.95392477231144,6183.29165168866,-30000,5000,270,0,0,500,0,NaN,NaN,0,0
three_point,三点法,target_three_point,target,4.96392477231144,6178.29165168866,-30000,5000,270,0,0,500,0,NaN,NaN,0,0
three_point,三点法,target_three_point,target,4.97392477231144,6173.29165168867,-30000,5000,270,0,0,500,0,NaN,NaN,0,0
three_point,三点法,target_three_point,target,4.98392477231144,6168.29165168867,-30000,5000,270,0,0,500,0,NaN,NaN,0,0
three_point,三点法,target_three_point,target,4.99392477231144,6163.29165168867,-30000,5000,270,0,0,500,0,NaN,NaN,0,0
three_point,三点法,target_three_point,target,5.00392477231144,6158.29165168867,-30000,5000,270,0,0,500,0,NaN,NaN,0,0
three_point,三点法,target_three_point,target,5.01392477231144,6153.29165168867,-30000,5000,270,0,0,500,0,NaN,NaN,0,0
three_point,三点法,target_three_point,target,5.02392477231144,6148.29165168867,-30000,5000,270,0,0,500,0,NaN,NaN,0,0
three_point,三点法,target_three_point,target,5.03392477231144,6143.29165168867,-30000,5000,270,0,0,500,0,NaN,NaN,0,0
three_point,三点法,target_three_point,target,5.04392477231144,6138.29165168867,-30000,5000,270,0,0,500,0,NaN,NaN,0,0
three_point,三点法,target_three_point,target,5.05392477231144,6133.29165168867,-30000,5000,270,0,0,500,0,NaN,NaN,0,0
three_point,三点法,target_three_point,target,5.06392477231144,6128.29165168867,-30000,5000,270,0,0,500,0,NaN,NaN,0,0
three_point,三点法,target_three_point,target,5.07392477231144,6123.29165168867,-30000,5000,270,0,0,500,0,NaN,NaN,0,0
three_point,三点法,target_three_point,target,5.08392477231144,6118.29165168867,-30000,5000,270,0,0,500,0,NaN,NaN,0,0
three_point,三点法,target_three_point,target,5.09392477231144,6113.29165168867,-30000,5000,270,0,0,500,0,NaN,NaN,0,0
three_point,三点法,target_three_point,target,5.10392477231144,6108.29165168867,-30000,5000,270,0,0,500,0,NaN,NaN,0,0
three_point,三点法,target_three_point,target,5.11392477231144,6103.29165168867,-30000,5000,270,0,0,500,0,NaN,NaN,0,0
three_point,三点法,target_three_point,target,5.12392477231144,6098.29165168867,-30000,5000,270,0,0,500,0,NaN,NaN,0,0
three_point,三点法,target_three_point,target,5.13392477231144,6093.29165168867,-30000,5000,270,0,0,500,0,NaN,NaN,0,0
three_point,三点法,target_three_point,target,5.14392477231144,6088.29165168867,-30000,5000,270,0,0,500,0,NaN,NaN,0,0
three_point,三点法,target_three_point,target,5.15392477231144,6083.29165168867,-30000,5000,270,0,0,500,0,NaN,NaN,0,0
three_point,三点法,target_three_point,target,5.16392477231144,6078.29165168867,-30000,5000,270,0,0,500,0,NaN,NaN,0,0
three_point,三点法,target_three_point,target,5.17392477231144,6073.29165168867,-30000,5000,270,0,0,500,0,NaN,NaN,0,0
three_point,三点法,target_three_point,target,5.18392477231144,6068.29165168867,-30000,5000,270,0,0,500,0,NaN,NaN,0,0
three_point,三点法,target_three_point,target,5.19392477231144,6063.29165168867,-30000,5000,270,0,0,500,0,NaN,NaN,0,0
three_point,三点法,target_three_point,target,5.20392477231144,6058.29165168867,-30000,5000,270,0,0,500,0,NaN,NaN,0,0
three_point,三点法,target_three_point,target,5.21392477231144,6053.29165168867,-30000,5000,270,0,0,500,0,NaN,NaN,0,0
three_point,三点法,target_three_point,target,5.22392477231144,6048.29165168867,-30000,5000,270,0,0,500,0,NaN,NaN,0,0
three_point,三点法,target_three_point,target,5.23392477231144,6043.29165168867,-30000,5000,270,0,0,500,0,NaN,NaN,0,0
three_point,三点法,target_three_point,target,5.24392477231144,6038.29165168867,-30000,5000,270,0,0,500,0,NaN,NaN,0,0
three_point,三点法,target_three_point,target,5.25392477231144,6033.29165168867,-30000,5000,270,0,0,500,0,NaN,NaN,0,0
three_point,三点法,target_three_point,target,5.26392477231144,6028.29165168867,-30000,5000,270,0,0,500,0,NaN,NaN,0,0
three_point,三点法,target_three_point,target,5.27392477231144,6023.29165168867,-30000,5000,270,0,0,500,0,NaN,NaN,0,0
three_point,三点法,target_three_point,target,5.28392477231144,6018.29165168867,-30000,5000,270,0,0,500,0,NaN,NaN,0,0
three_point,三点法,target_three_point,target,5.29392477231144,6013.29165168867,-30000,5000,270,0,0,500,0,NaN,NaN,0,0
three_point,三点法,target_three_point,target,5.30392477231144,6008.29165168867,-30000,5000,270,0,0,500,0,NaN,NaN,0,0
three_point,三点法,target_three_point,target,5.31392477231144,6003.29165168867,-30000,5000,270,0,0,500,0,NaN,NaN,0,0
three_point,三点法,target_three_point,target,5.32392477231144,5998.29165168867,-30000,5000,270,0,0,500,0,NaN,NaN,0,0
three_point,三点法,target_three_point,target,5.33392477231144,5993.29165168867,-30000,5000,270,0,0,500,0,NaN,NaN,0,0
three_point,三点法,target_three_point,target,5.34392477231144,5988.29165168867,-30000,5000,270,0,0,500,0,NaN,NaN,0,0
three_point,三点法,target_three_point,target,5.35392477231144,5983.29165168867,-30000,5000,270,0,0,500,0,NaN,NaN,0,0
three_point,三点法,target_three_point,target,5.36392477231144,5978.29165168867,-30000,5000,270,0,0,500,0,NaN,NaN,0,0
three_point,三点法,target_three_point,target,5.37392477231143,5973.29165168867,-30000,5000,270,0,0,500,0,NaN,NaN,0,0
three_point,三点法,target_three_point,target,5.38392477231143,5968.29165168867,-30000,5000,270,0,0,500,0,NaN,NaN,0,0
three_point,三点法,target_three_point,target,5.39392477231143,5963.29165168867,-30000,5000,270,0,0,500,0,NaN,NaN,0,0
three_point,三点法,target_three_point,target,5.40392477231143,5958.29165168867,-30000,5000,270,0,0,500,0,NaN,NaN,0,0
three_point,三点法,target_three_point,target,5.41392477231143,5953.29165168867,-30000,5000,270,0,0,500,0,NaN,NaN,0,0
three_point,三点法,target_three_point,target,5.42392477231143,5948.29165168867,-30000,5000,270,0,0,500,0,NaN,NaN,0,0
three_point,三点法,target_three_point,target,5.43392477231143,5943.29165168867,-30000,5000,270,0,0,500,0,NaN,NaN,0,0
three_point,三点法,target_three_point,target,5.44392477231143,5938.29165168867,-30000,5000,270,0,0,500,0,NaN,NaN,0,0
three_point,三点法,target_three_point,target,5.45392477231143,5933.29165168867,-30000,5000,270,0,0,500,0,NaN,NaN,0,0
three_point,三点法,target_three_point,target,5.46392477231143,5928.29165168867,-30000,5000,270,0,0,500,0,NaN,NaN,0,0
three_point,三点法,target_three_point,target,5.47392477231143,5923.29165168867,-30000,5000,270,0,0,500,0,NaN,NaN,0,0
three_point,三点法,target_three_point,target,5.48392477231143,5918.29165168867,-30000,5000,270,0,0,500,0,NaN,NaN,0,0
three_point,三点法,target_three_point,target,5.49392477231143,5913.29165168867,-30000,5000,270,0,0,500,0,NaN,NaN,0,0
three_point,三点法,target_three_point,target,5.50392477231143,5908.29165168867,-30000,5000,270,0,0,500,0,NaN,NaN,0,0
three_point,三点法,target_three_point,target,5.51392477231143,5903.29165168867,-30000,5000,270,0,0,500,0,NaN,NaN,0,0
three_point,三点法,target_three_point,target,5.52392477231143,5898.29165168867,-30000,5000,270,0,0,500,0,NaN,NaN,0,0
three_point,三点法,target_three_point,target,5.53392477231143,5893.29165168867,-30000,5000,270,0,0,500,0,NaN,NaN,0,0
three_point,三点法,target_three_point,target,5.54392477231143,5888.29165168867,-30000,5000,270,0,0,500,0,NaN,NaN,0,0
three_point,三点法,target_three_point,target,5.55392477231143,5883.29165168867,-30000,5000,270,0,0,500,0,NaN,NaN,0,0
three_point,三点法,target_three_point,target,5.56392477231143,5878.29165168867,-30000,5000,270,0,0,500,0,NaN,NaN,0,0
three_point,三点法,target_three_point,target,5.57392477231143,5873.29165168867,-30000,5000,270,0,0,500,0,NaN,NaN,0,0
three_point,三点法,target_three_point,target,5.58392477231143,5868.29165168867,-30000,5000,270,0,0,500,0,NaN,NaN,0,0
three_point,三点法,target_three_point,target,5.59392477231143,5863.29165168867,-30000,5000,270,0,0,500,0,NaN,NaN,0,0
three_point,三点法,target_three_point,target,5.60392477231143,5858.29165168867,-30000,5000,270,0,0,500,0,NaN,NaN,0,0
three_point,三点法,target_three_point,target,5.61392477231143,5853.29165168867,-30000,5000,270,0,0,500,0,NaN,NaN,0,0
three_point,三点法,target_three_point,target,5.62392477231143,5848.29165168867,-30000,5000,270,0,0,500,0,NaN,NaN,0,0
three_point,三点法,target_three_point,target,5.63392477231143,5843.29165168867,-30000,5000,270,0,0,500,0,NaN,NaN,0,0
three_point,三点法,target_three_point,target,5.64392477231143,5838.29165168867,-30000,5000,270,0,0,500,0,NaN,NaN,0,0
three_point,三点法,target_three_point,target,5.65392477231143,5833.29165168867,-30000,5000,270,0,0,500,0,NaN,NaN,0,0
three_point,三点法,target_three_point,target,5.66392477231143,5828.29165168867,-30000,5000,270,0,0,500,0,NaN,NaN,0,0
three_point,三点法,target_three_point,target,5.67392477231143,5823.29165168867,-30000,5000,270,0,0,500,0,NaN,NaN,0,0
three_point,三点法,target_three_point,target,5.68392477231143,5818.29165168867,-30000,5000,270,0,0,500,0,NaN,NaN,0,0
three_point,三点法,target_three_point,target,5.69392477231143,5813.29165168867,-30000,5000,270,0,0,500,0,NaN,NaN,0,0
three_point,三点法,target_three_point,target,5.70392477231143,5808.29165168867,-30000,5000,270,0,0,500,0,NaN,NaN,0,0
three_point,三点法,target_three_point,target,5.71392477231143,5803.29165168867,-30000,5000,270,0,0,500,0,NaN,NaN,0,0
three_point,三点法,target_three_point,target,5.72392477231143,5798.29165168867,-30000,5000,270,0,0,500,0,NaN,NaN,0,0
three_point,三点法,target_three_point,target,5.73392477231143,5793.29165168867,-30000,5000,270,0,0,500,0,NaN,NaN,0,0
three_point,三点法,target_three_point,target,5.74392477231143,5788.29165168867,-30000,5000,270,0,0,500,0,NaN,NaN,0,0
three_point,三点法,target_three_point,target,5.75392477231143,5783.29165168867,-30000,5000,270,0,0,500,0,NaN,NaN,0,0
three_point,三点法,target_three_point,target,5.76392477231143,5778.29165168867,-30000,5000,270,0,0,500,0,NaN,NaN,0,0
three_point,三点法,target_three_point,target,5.77392477231143,5773.29165168867,-30000,5000,270,0,0,500,0,NaN,NaN,0,0
three_point,三点法,target_three_point,target,5.78392477231143,5768.29165168867,-30000,5000,270,0,0,500,0,NaN,NaN,0,0
three_point,三点法,target_three_point,target,5.79392477231143,5763.29165168867,-30000,5000,270,0,0,500,0,NaN,NaN,0,0
three_point,三点法,target_three_point,target,5.80392477231143,5758.29165168867,-30000,5000,270,0,0,500,0,NaN,NaN,0,0
three_point,三点法,target_three_point,target,5.81392477231143,5753.29165168867,-30000,5000,270,0,0,500,0,NaN,NaN,0,0
three_point,三点法,target_three_point,target,5.82392477231143,5748.29165168867,-30000,5000,270,0,0,500,0,NaN,NaN,0,0
three_point,三点法,target_three_point,target,5.83392477231143,5743.29165168867,-30000,5000,270,0,0,500,0,NaN,NaN,0,0
three_point,三点法,target_three_point,target,5.84392477231142,5738.29165168867,-30000,5000,270,0,0,500,0,NaN,NaN,0,0
three_point,三点法,target_three_point,target,5.85392477231142,5733.29165168867,-30000,5000,270,0,0,500,0,NaN,NaN,0,0
three_point,三点法,target_three_point,target,5.86392477231142,5728.29165168867,-30000,5000,270,0,0,500,0,NaN,NaN,0,0
three_point,三点法,target_three_point,target,5.87392477231142,5723.29165168867,-30000,5000,270,0,0,500,0,NaN,NaN,0,0
three_point,三点法,target_three_point,target,5.88392477231142,5718.29165168867,-30000,5000,270,0,0,500,0,NaN,NaN,0,0
three_point,三点法,target_three_point,target,5.89392477231142,5713.29165168867,-30000,5000,270,0,0,500,0,NaN,NaN,0,0
three_point,三点法,target_three_point,target,5.90392477231142,5708.29165168867,-30000,5000,270,0,0,500,0,NaN,NaN,0,0
three_point,三点法,target_three_point,target,5.91392477231142,5703.29165168867,-30000,5000,270,0,0,500,0,NaN,NaN,0,0
three_point,三点法,target_three_point,target,5.92392477231142,5698.29165168867,-30000,5000,270,0,0,500,0,NaN,NaN,0,0
three_point,三点法,target_three_point,target,5.93392477231142,5693.29165168867,-30000,5000,270,0,0,500,0,NaN,NaN,0,0
three_point,三点法,target_three_point,target,5.94392477231142,5688.29165168867,-30000,5000,270,0,0,500,0,NaN,NaN,0,0
three_point,三点法,target_three_point,target,5.95392477231142,5683.29165168868,-30000,5000,270,0,0,500,0,NaN,NaN,0,0
three_point,三点法,target_three_point,target,5.96392477231142,5678.29165168868,-30000,5000,270,0,0,500,0,NaN,NaN,0,0
three_point,三点法,target_three_point,target,5.97392477231142,5673.29165168868,-30000,5000,270,0,0,500,0,NaN,NaN,0,0
three_point,三点法,target_three_point,target,5.98392477231142,5668.29165168868,-30000,5000,270,0,0,500,0,NaN,NaN,0,0
three_point,三点法,target_three_point,target,5.99392477231142,5663.29165168868,-30000,5000,270,0,0,500,0,NaN,NaN,0,0
three_point,三点法,target_three_point,target,6.00392477231142,5658.29165168868,-30000,5000,270,0,0,500,0,NaN,NaN,0,0
three_point,三点法,target_three_point,target,6.01392477231142,5653.29165168868,-30000,5000,270,0,0,500,0,NaN,NaN,0,0
three_point,三点法,target_three_point,target,6.02392477231142,5648.29165168868,-30000,5000,270,0,0,500,0,NaN,NaN,0,0
three_point,三点法,target_three_point,target,6.03392477231142,5643.29165168868,-30000,5000,270,0,0,500,0,NaN,NaN,0,0
three_point,三点法,target_three_point,target,6.04392477231142,5638.29165168868,-30000,5000,270,0,0,500,0,NaN,NaN,0,0
three_point,三点法,target_three_point,target,6.05392477231142,5633.29165168868,-30000,5000,270,0,0,500,0,NaN,NaN,0,0
three_point,三点法,target_three_point,target,6.06392477231142,5628.29165168868,-30000,5000,270,0,0,500,0,NaN,NaN,0,0
three_point,三点法,target_three_point,target,6.07392477231142,5623.29165168868,-30000,5000,270,0,0,500,0,NaN,NaN,0,0
three_point,三点法,target_three_point,target,6.08392477231142,5618.29165168868,-30000,5000,270,0,0,500,0,NaN,NaN,0,0
three_point,三点法,target_three_point,target,6.09392477231142,5613.29165168868,-30000,5000,270,0,0,500,0,NaN,NaN,0,0
three_point,三点法,target_three_point,target,6.10392477231142,5608.29165168868,-30000,5000,270,0,0,500,0,NaN,NaN,0,0
three_point,三点法,target_three_point,target,6.11392477231142,5603.29165168868,-30000,5000,270,0,0,500,0,NaN,NaN,0,0
three_point,三点法,target_three_point,target,6.12392477231142,5598.29165168868,-30000,5000,270,0,0,500,0,NaN,NaN,0,0
three_point,三点法,target_three_point,target,6.13392477231142,5593.29165168868,-30000,5000,270,0,0,500,0,NaN,NaN,0,0
three_point,三点法,target_three_point,target,6.14392477231142,5588.29165168868,-30000,5000,270,0,0,500,0,NaN,NaN,0,0
three_point,三点法,target_three_point,target,6.15392477231142,5583.29165168868,-30000,5000,270,0,0,500,0,NaN,NaN,0,0
three_point,三点法,target_three_point,target,6.16392477231142,5578.29165168868,-30000,5000,270,0,0,500,0,NaN,NaN,0,0
three_point,三点法,target_three_point,target,6.17392477231142,5573.29165168868,-30000,5000,270,0,0,500,0,NaN,NaN,0,0
three_point,三点法,target_three_point,target,6.18392477231142,5568.29165168868,-30000,5000,270,0,0,500,0,NaN,NaN,0,0
three_point,三点法,target_three_point,target,6.19392477231142,5563.29165168868,-30000,5000,270,0,0,500,0,NaN,NaN,0,0
three_point,三点法,target_three_point,target,6.20392477231142,5558.29165168868,-30000,5000,270,0,0,500,0,NaN,NaN,0,0
three_point,三点法,target_three_point,target,6.21392477231142,5553.29165168868,-30000,5000,270,0,0,500,0,NaN,NaN,0,0
three_point,三点法,target_three_point,target,6.22392477231142,5548.29165168868,-30000,5000,270,0,0,500,0,NaN,NaN,0,0
three_point,三点法,target_three_point,target,6.23392477231142,5543.29165168868,-30000,5000,270,0,0,500,0,NaN,NaN,0,0
three_point,三点法,target_three_point,target,6.24392477231142,5538.29165168868,-30000,5000,270,0,0,500,0,NaN,NaN,0,0
three_point,三点法,target_three_point,target,6.25392477231142,5533.29165168868,-30000,5000,270,0,0,500,0,NaN,NaN,0,0
three_point,三点法,target_three_point,target,6.26392477231142,5528.29165168868,-30000,5000,270,0,0,500,0,NaN,NaN,0,0
three_point,三点法,target_three_point,target,6.27392477231142,5523.29165168868,-30000,5000,270,0,0,500,0,NaN,NaN,0,0
three_point,三点法,target_three_point,target,6.28392477231142,5518.29165168868,-30000,5000,270,0,0,500,0,NaN,NaN,0,0
three_point,三点法,target_three_point,target,6.29392477231142,5513.29165168868,-30000,5000,270,0,0,500,0,NaN,NaN,0,0
three_point,三点法,target_three_point,target,6.30392477231142,5508.29165168868,-30000,5000,270,0,0,500,0,NaN,NaN,0,0
three_point,三点法,target_three_point,target,6.31392477231141,5503.29165168868,-30000,5000,270,0,0,500,0,NaN,NaN,0,0
three_point,三点法,target_three_point,target,6.32392477231141,5498.29165168868,-30000,5000,270,0,0,500,0,NaN,NaN,0,0
three_point,三点法,target_three_point,target,6.33392477231141,5493.29165168868,-30000,5000,270,0,0,500,0,NaN,NaN,0,0
three_point,三点法,target_three_point,target,6.34392477231141,5488.29165168868,-30000,5000,270,0,0,500,0,NaN,NaN,0,0
three_point,三点法,target_three_point,target,6.35392477231141,5483.29165168868,-30000,5000,270,0,0,500,0,NaN,NaN,0,0
three_point,三点法,target_three_point,target,6.36392477231141,5478.29165168868,-30000,5000,270,0,0,500,0,NaN,NaN,0,0
three_point,三点法,target_three_point,target,6.37392477231141,5473.29165168868,-30000,5000,270,0,0,500,0,NaN,NaN,0,0
three_point,三点法,target_three_point,target,6.38392477231141,5468.29165168868,-30000,5000,270,0,0,500,0,NaN,NaN,0,0
three_point,三点法,target_three_point,target,6.39392477231141,5463.29165168868,-30000,5000,270,0,0,500,0,NaN,NaN,0,0
three_point,三点法,target_three_point,target,6.40392477231141,5458.29165168868,-30000,5000,270,0,0,500,0,NaN,NaN,0,0
three_point,三点法,target_three_point,target,6.41392477231141,5453.29165168868,-30000,5000,270,0,0,500,0,NaN,NaN,0,0
three_point,三点法,target_three_point,target,6.42392477231141,5448.29165168868,-30000,5000,270,0,0,500,0,NaN,NaN,0,0
three_point,三点法,target_three_point,target,6.43392477231141,5443.29165168868,-30000,5000,270,0,0,500,0,NaN,NaN,0,0
three_point,三点法,target_three_point,target,6.44392477231141,5438.29165168868,-30000,5000,270,0,0,500,0,NaN,NaN,0,0
three_point,三点法,target_three_point,target,6.45392477231141,5433.29165168868,-30000,5000,270,0,0,500,0,NaN,NaN,0,0
three_point,三点法,target_three_point,target,6.46392477231141,5428.29165168868,-30000,5000,270,0,0,500,0,NaN,NaN,0,0
three_point,三点法,target_three_point,target,6.47392477231141,5423.29165168868,-30000,5000,270,0,0,500,0,NaN,NaN,0,0
three_point,三点法,target_three_point,target,6.48392477231141,5418.29165168868,-30000,5000,270,0,0,500,0,NaN,NaN,0,0
three_point,三点法,target_three_point,target,6.49392477231141,5413.29165168868,-30000,5000,270,0,0,500,0,NaN,NaN,0,0
three_point,三点法,target_three_point,target,6.50392477231141,5408.29165168868,-30000,5000,270,0,0,500,0,NaN,NaN,0,0
three_point,三点法,target_three_point,target,6.51392477231141,5403.29165168868,-30000,5000,270,0,0,500,0,NaN,NaN,0,0
three_point,三点法,target_three_point,target,6.52392477231141,5398.29165168868,-30000,5000,270,0,0,500,0,NaN,NaN,0,0
three_point,三点法,target_three_point,target,6.53392477231141,5393.29165168868,-30000,5000,270,0,0,500,0,NaN,NaN,0,0
three_point,三点法,target_three_point,target,6.54392477231141,5388.29165168868,-30000,5000,270,0,0,500,0,NaN,NaN,0,0
three_point,三点法,target_three_point,target,6.55392477231141,5383.29165168868,-30000,5000,270,0,0,500,0,NaN,NaN,0,0
three_point,三点法,target_three_point,target,6.56392477231141,5378.29165168868,-30000,5000,270,0,0,500,0,NaN,NaN,0,0
three_point,三点法,target_three_point,target,6.57392477231141,5373.29165168868,-30000,5000,270,0,0,500,0,NaN,NaN,0,0
three_point,三点法,target_three_point,target,6.58392477231141,5368.29165168868,-30000,5000,270,0,0,500,0,NaN,NaN,0,0
three_point,三点法,target_three_point,target,6.59392477231141,5363.29165168868,-30000,5000,270,0,0,500,0,NaN,NaN,0,0
three_point,三点法,target_three_point,target,6.60392477231141,5358.29165168868,-30000,5000,270,0,0,500,0,NaN,NaN,0,0
three_point,三点法,target_three_point,target,6.61392477231141,5353.29165168868,-30000,5000,270,0,0,500,0,NaN,NaN,0,0
three_point,三点法,target_three_point,target,6.62392477231141,5348.29165168868,-30000,5000,270,0,0,500,0,NaN,NaN,0,0
three_point,三点法,target_three_point,target,6.63392477231141,5343.29165168868,-30000,5000,270,0,0,500,0,NaN,NaN,0,0
three_point,三点法,target_three_point,target,6.64392477231141,5338.29165168868,-30000,5000,270,0,0,500,0,NaN,NaN,0,0
three_point,三点法,target_three_point,target,6.65392477231141,5333.29165168868,-30000,5000,270,0,0,500,0,NaN,NaN,0,0
three_point,三点法,target_three_point,target,6.66392477231141,5328.29165168868,-30000,5000,270,0,0,500,0,NaN,NaN,0,0
three_point,三点法,target_three_point,target,6.67392477231141,5323.29165168868,-30000,5000,270,0,0,500,0,NaN,NaN,0,0
three_point,三点法,target_three_point,target,6.68392477231141,5318.29165168868,-30000,5000,270,0,0,500,0,NaN,NaN,0,0
three_point,三点法,target_three_point,target,6.69392477231141,5313.29165168868,-30000,5000,270,0,0,500,0,NaN,NaN,0,0
three_point,三点法,target_three_point,target,6.70392477231141,5308.29165168868,-30000,5000,270,0,0,500,0,NaN,NaN,0,0
three_point,三点法,target_three_point,target,6.71392477231141,5303.29165168868,-30000,5000,270,0,0,500,0,NaN,NaN,0,0
three_point,三点法,target_three_point,target,6.72392477231141,5298.29165168868,-30000,5000,270,0,0,500,0,NaN,NaN,0,0
three_point,三点法,target_three_point,target,6.73392477231141,5293.29165168868,-30000,5000,270,0,0,500,0,NaN,NaN,0,0
three_point,三点法,target_three_point,target,6.74392477231141,5288.29165168868,-30000,5000,270,0,0,500,0,NaN,NaN,0,0
three_point,三点法,target_three_point,target,6.75392477231141,5283.29165168868,-30000,5000,270,0,0,500,0,NaN,NaN,0,0
three_point,三点法,target_three_point,target,6.76392477231141,5278.29165168868,-30000,5000,270,0,0,500,0,NaN,NaN,0,0
three_point,三点法,target_three_point,target,6.77392477231141,5273.29165168868,-30000,5000,270,0,0,500,0,NaN,NaN,0,0
three_point,三点法,target_three_point,target,6.7839247723114,5268.29165168868,-30000,5000,270,0,0,500,0,NaN,NaN,0,0
three_point,三点法,target_three_point,target,6.7939247723114,5263.29165168868,-30000,5000,270,0,0,500,0,NaN,NaN,0,0
three_point,三点法,target_three_point,target,6.8039247723114,5258.29165168868,-30000,5000,270,0,0,500,0,NaN,NaN,0,0
three_point,三点法,target_three_point,target,6.8139247723114,5253.29165168868,-30000,5000,270,0,0,500,0,NaN,NaN,0,0
three_point,三点法,target_three_point,target,6.8239247723114,5248.29165168868,-30000,5000,270,0,0,500,0,NaN,NaN,0,0
three_point,三点法,target_three_point,target,6.8339247723114,5243.29165168868,-30000,5000,270,0,0,500,0,NaN,NaN,0,0
three_point,三点法,target_three_point,target,6.8439247723114,5238.29165168868,-30000,5000,270,0,0,500,0,NaN,NaN,0,0
three_point,三点法,target_three_point,target,6.8539247723114,5233.29165168869,-30000,5000,270,0,0,500,0,NaN,NaN,0,0
three_point,三点法,target_three_point,target,6.8639247723114,5228.29165168869,-30000,5000,270,0,0,500,0,NaN,NaN,0,0
three_point,三点法,target_three_point,target,6.8739247723114,5223.29165168869,-30000,5000,270,0,0,500,0,NaN,NaN,0,0
three_point,三点法,target_three_point,target,6.8839247723114,5218.29165168869,-30000,5000,270,0,0,500,0,NaN,NaN,0,0
three_point,三点法,target_three_point,target,6.8939247723114,5213.29165168869,-30000,5000,270,0,0,500,0,NaN,NaN,0,0
three_point,三点法,target_three_point,target,6.9039247723114,5208.29165168869,-30000,5000,270,0,0,500,0,NaN,NaN,0,0
three_point,三点法,target_three_point,target,6.9139247723114,5203.29165168869,-30000,5000,270,0,0,500,0,NaN,NaN,0,0
three_point,三点法,target_three_point,target,6.9239247723114,5198.29165168869,-30000,5000,270,0,0,500,0,NaN,NaN,0,0
three_point,三点法,target_three_point,target,6.9339247723114,5193.29165168869,-30000,5000,270,0,0,500,0,NaN,NaN,0,0
three_point,三点法,target_three_point,target,6.9439247723114,5188.29165168869,-30000,5000,270,0,0,500,0,NaN,NaN,0,0
three_point,三点法,target_three_point,target,6.9539247723114,5183.29165168869,-30000,5000,270,0,0,500,0,NaN,NaN,0,0
three_point,三点法,target_three_point,target,6.9639247723114,5178.29165168869,-30000,5000,270,0,0,500,0,NaN,NaN,0,0
three_point,三点法,target_three_point,target,6.9739247723114,5173.29165168869,-30000,5000,270,0,0,500,0,NaN,NaN,0,0
three_point,三点法,target_three_point,target,6.9839247723114,5168.29165168869,-30000,5000,270,0,0,500,0,NaN,NaN,0,0
three_point,三点法,target_three_point,target,6.9939247723114,5163.29165168869,-30000,5000,270,0,0,500,0,NaN,NaN,0,0
three_point,三点法,target_three_point,target,7.0039247723114,5158.29165168869,-30000,5000,270,0,0,500,0,NaN,NaN,0,0
three_point,三点法,target_three_point,target,7.0139247723114,5153.29165168869,-30000,5000,270,0,0,500,0,NaN,NaN,0,0
three_point,三点法,target_three_point,target,7.0239247723114,5148.29165168869,-30000,5000,270,0,0,500,0,NaN,NaN,0,0
three_point,三点法,target_three_point,target,7.0339247723114,5143.29165168869,-30000,5000,270,0,0,500,0,NaN,NaN,0,0
three_point,三点法,target_three_point,target,7.0439247723114,5138.29165168869,-30000,5000,270,0,0,500,0,NaN,NaN,0,0
three_point,三点法,target_three_point,target,7.0539247723114,5133.29165168869,-30000,5000,270,0,0,500,0,NaN,NaN,0,0
three_point,三点法,target_three_point,target,7.0639247723114,5128.29165168869,-30000,5000,270,0,0,500,0,NaN,NaN,0,0
three_point,三点法,target_three_point,target,7.0739247723114,5123.29165168869,-30000,5000,270,0,0,500,0,NaN,NaN,0,0
three_point,三点法,target_three_point,target,7.0839247723114,5118.29165168869,-30000,5000,270,0,0,500,0,NaN,NaN,0,0
three_point,三点法,target_three_point,target,7.0939247723114,5113.29165168869,-30000,5000,270,0,0,500,0,NaN,NaN,0,0
three_point,三点法,target_three_point,target,7.1039247723114,5108.29165168869,-30000,5000,270,0,0,500,0,NaN,NaN,0,0
three_point,三点法,target_three_point,target,7.1139247723114,5103.29165168869,-30000,5000,270,0,0,500,0,NaN,NaN,0,0
three_point,三点法,target_three_point,target,7.1239247723114,5098.29165168869,-30000,5000,270,0,0,500,0,NaN,NaN,0,0
three_point,三点法,target_three_point,target,7.1339247723114,5093.29165168869,-30000,5000,270,0,0,500,0,NaN,NaN,0,0
three_point,三点法,target_three_point,target,7.1439247723114,5088.29165168869,-30000,5000,270,0,0,500,0,NaN,NaN,0,0
three_point,三点法,target_three_point,target,7.1539247723114,5083.29165168869,-30000,5000,270,0,0,500,0,NaN,NaN,0,0
three_point,三点法,target_three_point,target,7.1639247723114,5078.29165168869,-30000,5000,270,0,0,500,0,NaN,NaN,0,0
three_point,三点法,target_three_point,target,7.1739247723114,5073.29165168869,-30000,5000,270,0,0,500,0,NaN,NaN,0,0
three_point,三点法,target_three_point,target,7.1839247723114,5068.29165168869,-30000,5000,270,0,0,500,0,NaN,NaN,0,0
three_point,三点法,target_three_point,target,7.1939247723114,5063.29165168869,-30000,5000,270,0,0,500,0,NaN,NaN,0,0
three_point,三点法,target_three_point,target,7.2039247723114,5058.29165168869,-30000,5000,270,0,0,500,0,NaN,NaN,0,0
three_point,三点法,target_three_point,target,7.2139247723114,5053.29165168869,-30000,5000,270,0,0,500,0,NaN,NaN,0,0
three_point,三点法,target_three_point,target,7.2239247723114,5048.29165168869,-30000,5000,270,0,0,500,0,NaN,NaN,0,0
pursuit,追踪法,station_pursuit,station,0,0,0,0,0,0,0,0,0,0,0,0,0
pursuit,追踪法,missile_pursuit,missile,0,0,0,0,59.999999833815,30.000000166185,0,1000,10000,30,1.43239448782704,24.9999999999998,2.5492905324448
pursuit,追踪法,missile_pursuit,missile,2.32038129184932e-07,0.000200950914184256,0,0.000116019065175319,59.9999990028896,30.0000009971104,0,1000,9999.99966748641,30.0000003323701,1.43239454984816,25.0000010824724,2.54929064282629
pursuit,追踪法,missile_pursuit,missile,1.39222877510959e-06,0.00120570547501022,0,0.000696114408537521,59.9999946820754,30.0000053179246,0,1000,9999.99800491849,30.0000019942211,1.4323948599538,25.0000064948369,2.54929119473387
pursuit,追踪法,missile_pursuit,missile,7.19318200473289e-06,0.00622947802675691,0,0.00359659156248882,59.9999730779582,30.0000269220418,0,1000,9999.98969207898,30.0000103034812,1.43239641048375,25.0000335566897,2.54929395427487
pursuit,追踪法,missile_pursuit,missile,3.61979481528494e-05,0.0313483344758953,0,0.0180989882607752,59.9998650562009,30.0001349437991,0,1000,9999.94812788461,30.0000518499165,1.4324041631771,25.0001688667146,2.54930775205749
pursuit,追踪法,missile_pursuit,missile,0.000181221778893432,0.156942458979536,0,0.0906112449682734,59.9993249181345,30.0006750818655,0,1000,9999.74030699162,30.0002595854663,1.43244292773408,25.0008454358669,2.54937674291087
pursuit,追踪法,missile_pursuit,missile,0.000906340932596344,0.784909137674697,0,0.45317935925991,59.9966234955392,30.0033765044608,0,1000,9998.70120449857,30.0012983475492,1.43263677777752,25.0042287573801,2.54972174569094
pursuit,追踪法,missile_pursuit,missile,0.0045319367011109,3.92464390159082,0,2.26619074364741,59.9889331054424,30.0110668945576,0,1000,9993.50574134809,30.006494267336,1.43360670992771,25.0211572669218,2.55144797325506
pursuit,追踪法,missile_pursuit,missile,0.0145319367011109,12.5837050201374,0,7.26825631924563,59.9791517912975,30.0208482087025,0,1000,9979.17621078882,30.0208437328983,1.43628784867312,25.067951965732,2.55621970456089
pursuit,追踪法,missile_pursuit,missile,0.0245319367011109,21.2415119505148,0,12.2724923879837,59.9647754563692,30.0352245436309,0,1000,9964.84730732363,30.0352200532986,1.43897768418031,25.1148984516695,2.56100691384616
pursuit,追踪法,missile_pursuit,missile,0.0345319367011109,29.8980617983281,0,17.2789026993452,59.9503721793685,30.0496278206315,0,1000,9950.51903239972,30.0496233157048,1.44167625654511,25.1619974245386,2.56580967247109
pursuit,追踪法,missile_pursuit,missile,0.0445319367011109,38.5533516585617,0,22.2874910141043,59.9359418727238,30.0640581272762,0,1000,9936.19138746961,30.0640536076868,1.44438360610293,25.209249588325,2.57062805222221
pursuit,追踪法,missile_pursuit,missile,0.0545319367011109,47.2073786155263,0,27.2982611043745,59.9214844484608,30.0785155515392,0,1000,9921.86437399113,30.0785110172194,1.44709977343045,25.2566556512254,2.57546212531551
pursuit,追踪法,missile_pursuit,missile,0.0645319367011109,55.8601397428052,0,32.3112167536564,59.906999818198,30.093000181802,0,1000,9907.53799342749,30.092995632684,1.44982479934744,25.304216325679,2.58031196439957
pursuit,追踪法,missile_pursuit,missile,0.0745319367011109,64.5116321032002,0,37.3263617568876,59.8924878931428,30.1075121068572,0,1000,9893.21224724729,30.1075075428718,1.45255872491851,25.3519323283986,2.58517764255873
pursuit,追踪法,missile_pursuit,missile,0.0845319367011109,73.161852748677,0,42.3436999204914,59.8779485840928,30.1220514159072,0,1000,9878.88713692455,30.1220468369856,1.45530159145492,25.3998043804018,2.59005923331635
pursuit,追踪法,missile_pursuit,missile,0.0945319367011109,81.8107987203108,0,47.3632350624261,59.8633818014304,30.1366181985696,0,1000,9864.56266393873,30.1366136046426,1.45805344051644,25.4478332070432,2.594956810638
pursuit,追踪法,missile_pursuit,missile,0.104531936701111,90.4584670482309,0,52.3849710122353,59.8487874551201,30.1512125448799,0,1000,9850.23882977477,30.151207935877,1.46081431391313,25.4960195380461,2.59987044893476
pursuit,追踪法,missile_pursuit,missile,0.114531936701111,99.1048547515652,0,57.4089116110976,59.8341654547096,30.1658345452904,0,1000,9835.91563592311,30.1658299211422,1.46358425370722,25.544364107535,2.60480022306649
pursuit,追踪法,missile_pursuit,missile,0.124531936701111,107.749958838385,0,62.4350607118766,59.8195157093213,30.1804842906788,0,1000,9821.5930838797,30.1804796513135,1.46636330221498,25.592867654068,2.60974620834515
pursuit,追踪法,missile_pursuit,missile,0.134531936701111,116.393776305647,0,67.4634221791724,59.8048381276558,30.1951618723442,0,1000,9807.27117514606,30.1951572176907,1.46915150200859,25.64153092067,2.61470848053821
pursuit,追踪法,missile_pursuit,missile,0.144531936701111,125.03630413914,0,72.4939998893713,59.7901326179877,30.2098673820123,0,1000,9792.94991122932,30.2098627120007,1.47194889591806,25.6903546548654,2.61968711587193
pursuit,追踪法,missile_pursuit,missile,0.154531936701111,133.677539313425,0,77.526797730698,59.7753990881565,30.2246009118435,0,1000,9778.62929364218,30.2245962263998,1.47475552703312,25.7393396087123,2.62468219103488
pursuit,追踪法,missile_pursuit,missile,0.164531936701111,142.317478791778,0,82.5618196032664,59.7606374455746,30.2393625544254,0,1000,9764.309323903,30.2393578534765,1.47757143870519,25.7884865388352,2.62969378318133
pursuit,追踪法,missile_pursuit,missile,0.174531936701111,150.956119526135,0,87.5990694191316,59.7458475972212,30.2541524027788,0,1000,9749.99000353582,30.2541476862544,1.48039667454929,25.8377962064601,2.6347219699347
pursuit,追踪法,missile_pursuit,missile,0.184531936701111,159.593458457033,0,92.6385511023419,59.7310294496316,30.2689705503684,0,1000,9735.67133407037,30.2689658181943,1.48323127844605,25.8872693774483,2.63976682939111
pursuit,追踪法,missile_pursuit,missile,0.194531936701111,168.229492513548,0,97.6802685889911,59.7161829089032,30.2838170910968,0,1000,9721.35331704211,30.2838123431973,1.48607529454365,25.9369068223312,2.6448284401229
pursuit,追踪法,missile_pursuit,missile,0.204531936701111,176.864218613241,0,102.724225827271,59.7013078806969,30.2986921193031,0,1000,9707.03595399227,30.2986873556072,1.48892876725988,25.9867093163452,2.64990688118218
pursuit,追踪法,missile_pursuit,missile,0.214531936701111,185.497633662098,0,107.770426777524,59.6864042702188,30.3135957297812,0,1000,9692.71924646784,30.3135909502135,1.49179174128411,26.0366776394671,2.65500223210445
pursuit,追踪法,missile_pursuit,missile,0.224531936701111,194.129734554467,0,112.818875412298,59.6714719822279,30.3285280177721,0,1000,9678.40319602166,30.3285232222538,1.49466426157935,26.0868125764495,2.66011457291221
pursuit,追踪法,missile_pursuit,missile,0.234531936701111,202.760518173002,0,117.869575716398,59.65651092104,30.3434890789601,0,1000,9664.08780421239,30.3434842674168,1.49754637338433,26.137114916857,2.66524398411863
pursuit,追踪法,missile_pursuit,missile,0.244531936701111,211.389981388601,0,122.92253168694,59.6415209905119,30.3584790094881,0,1000,9649.77307260459,30.3584741818449,1.50043812221553,26.1875854551021,2.67039054673126
pursuit,追踪法,missile_pursuit,missile,0.254531936701111,220.018121060345,0,127.977747333406,59.6265020940456,30.3734979059544,0,1000,9635.45900276872,30.3734930621371,1.50333955386931,26.2382249904822,2.67555434225574
pursuit,追踪法,missile_pursuit,missile,0.264531936701111,228.644934035439,0,133.035226677698,59.6114541345779,30.3885458654221,0,1000,9621.14559628117,30.3885410053519,1.50625071442401,26.2890343272159,2.68073545269953
pursuit,追踪法,missile_pursuit,missile,0.274531936701111,237.270417149146,0,138.094973754194,59.5963770145889,30.4036229854111,0,1000,9606.83285472432,30.4036181090098,1.50917165024208,26.3400142744806,2.68593396057579
pursuit,追踪法,missile_pursuit,missile,0.284531936701111,245.89456722473,0,143.1569926098,59.5812706360929,30.4187293639071,0,1000,9592.52077968652,30.4187244710964,1.51210240797224,26.3911656464501,2.69114994890713
pursuit,追踪法,missile_pursuit,missile,0.294531936701111,254.517381073391,0,148.22128730401,59.5661349006359,30.4338650993641,0,1000,9578.20937276219,30.4338601900653,1.51504303455164,26.4424892623322,2.6963835012295
pursuit,追踪法,missile_pursuit,missile,0.304531936701111,263.138855494203,0,153.287861908956,59.5509697092934,30.4490302907066,0,1000,9563.89863555179,30.449025364841,1.51799357720805,26.4939859464072,2.70163470159608
pursuit,追踪法,missile_pursuit,missile,0.314531936701111,271.758987274049,0,158.356720509469,59.5357749626684,30.4642250373316,0,1000,9549.58856966186,30.4642200948215,1.5209540834621,26.5456565280662,2.70690363458125
pursuit,追踪法,missile_pursuit,missile,0.324531936701111,280.377773187563,0,163.427867203132,59.5205505608823,30.4794494391177,0,1000,9535.27917670511,30.4794444798816,1.52392460112945,26.5975018418502,2.7121903852845
pursuit,追踪法,missile_pursuit,missile,0.334531936701111,288.995209997057,0,168.50130610034,59.5052964035801,30.4947035964199,0,1000,9520.97045830036,30.4946986203758,1.52690517832311,26.6495227274894,2.71749503933447
pursuit,追踪法,missile_pursuit,missile,0.344531936701111,297.611294452465,0,173.577041324352,59.4900123899295,30.5099876100705,0,1000,9506.66241607266,30.5099826171411,1.52989586345564,26.7017200299425,2.72281768289299
pursuit,追踪法,missile_pursuit,missile,0.354531936701111,306.226023291275,0,178.655077011354,59.4746984186021,30.5253015813979,0,1000,9492.35505165325,30.5252965715004,1.5328967052415,26.7540945994372,2.72815840265913
pursuit,追踪法,missile_pursuit,missile,0.364531936701111,314.839393238461,0,183.735417310512,59.4593543877888,30.5406456122112,0,1000,9478.04836667966,30.5406405852648,1.53590775269933,26.8066472915101,2.73351728587337
pursuit,追踪法,missile_pursuit,missile,0.374531936701111,323.451401006423,0,188.818066384033,59.4439801951806,30.5560198048194,0,1000,9463.74236279568,30.5560147607376,1.53892905515428,26.8593789670476,2.73889442032168
pursuit,追踪法,missile_pursuit,missile,0.384531936701111,332.062043294914,0,193.903028407223,59.4285757379851,30.5714242620149,0,1000,9449.43704165143,30.5714192007167,1.54196066224039,26.912290492327,2.74428989433976
pursuit,追踪法,missile_pursuit,missile,0.394531936701111,340.67131679098,0,198.990307568541,59.4131409129044,30.5868590870956,0,1000,9435.1324049034,30.5868540084977,1.54500262390293,26.9653827390577,2.74970379681723
pursuit,追踪法,missile_pursuit,missile,0.404531936701111,349.279218168888,0,204.079908069667,59.3976756161428,30.6023243838572,0,1000,9420.82845421444,30.6023192878775,1.54805499040082,27.0186565844235,2.75513621720195
pursuit,追踪法,missile_pursuit,missile,0.414531936701111,357.885744090064,0,209.171834125551,59.3821797433953,30.6178202566047,0,1000,9406.52519125386,30.617815143157,1.55111781230905,27.0721129111244,2.76058724550427
pursuit,追踪法,missile_pursuit,missile,0.424531936701111,366.490891203016,0,214.266089964483,59.366653189851,30.633346810149,0,1000,9392.22261769738,30.6333416791446,1.55419114052111,27.1257526074193,2.76605697230138
pursuit,追踪法,missile_pursuit,missile,0.434531936701111,375.094656143276,0,219.362679828143,59.3510958502007,30.6489041497993,0,1000,9377.92073522725,30.6488990011591,1.55727502625146,27.1795765671691,2.77154548874173
pursuit,追踪法,missile_pursuit,missile,0.444531936701111,383.697035533325,0,224.461607971669,59.3355076186039,30.6644923813961,0,1000,9363.61954553223,30.6644872150331,1.56036952103799,27.2335856898799,2.77705288654942
pursuit,追踪法,missile_pursuit,missile,0.454531936701111,392.298025982523,0,229.562878663713,59.3198883887071,30.6801116112929,0,1000,9349.31905030763,30.6801064271163,1.56347467674459,27.2877808807471,2.78257925802869
pursuit,追踪法,missile_pursuit,missile,0.464531936701111,400.897624087043,0,234.666496186507,59.304238053645,30.695761946355,0,1000,9335.01925125537,30.6957567442784,1.5665905455636,27.3421630506991,2.78812469606839
pursuit,追踪法,missile_pursuit,missile,0.474531936701111,409.4958264298,0,239.772464835918,59.2885565060244,30.7114434939756,0,1000,9320.72015008399,30.7114382739129,1.56971718001844,27.3967331164424,2.79368929414656
pursuit,追踪法,missile_pursuit,missile,0.484531936701111,418.092629580378,0,244.880788921516,59.2728436379211,30.7271563620789,0,1000,9306.4217485087,30.7271511239403,1.57285463296614,27.4514920005061,2.799273146335
pursuit,追踪法,missile_pursuit,missile,0.494531936701111,426.688030094958,0,249.99147276663,59.2570993408878,30.7429006591122,0,1000,9292.12404825141,30.7428954028112,1.57600295759996,27.5064406312879,2.80487634730392
pursuit,追踪法,missile_pursuit,missile,0.504531936701111,435.282024516251,0,255.104520708416,59.241323505935,30.758676494065,0,1000,9277.82705104076,30.7586712195097,1.57916220745202,27.5615799430994,2.81049899232658
pursuit,追踪法,missile_pursuit,missile,0.514531936701111,443.874609373423,0,260.219937097919,59.2255160235439,30.7744839764561,0,1000,9263.53075861218,30.7744786835572,1.58233243639592,27.6169108762126,2.81614117728405
pursuit,追踪法,missile_pursuit,missile,0.524531936701111,452.465781182022,0,265.337726300132,59.2096767836535,30.7903232163465,0,1000,9249.23517270788,30.7903179050153,1.58551369864948,27.6724343769065,2.82180299866993
pursuit,追踪法,missile_pursuit,missile,0.534531936701111,461.055536443904,0,270.457892694064,59.1938056756525,30.8061943243475,0,1000,9234.94029507694,30.8061889944897,1.58870604877735,27.7281513975145,2.82748455359521
pursuit,追踪法,missile_pursuit,missile,0.544531936701111,469.643871647161,0,275.580440672803,59.1779025883901,30.8220974116099,0,1000,9220.64612747531,30.8220920631334,1.59190954169384,27.7840628964715,2.83318593979305
pursuit,追踪法,missile_pursuit,missile,0.554531936701111,478.230783266049,0,280.70537464358,59.1619674101641,30.8380325898359,0,1000,9206.35267166587,30.8380272226504,1.59512423266557,27.8401698383623,2.83890725562372
pursuit,追踪法,missile_pursuit,missile,0.564531936701111,486.816267760907,0,285.832699027832,59.1460000287131,30.8539999712869,0,1000,9192.05992941844,30.8539945852989,1.59835017731431,27.8964731939699,2.84464860007953
pursuit,追踪法,missile_pursuit,missile,0.574531936701111,495.400321578088,0,290.962418261271,59.1300003312206,30.8699996687794,0,1000,9177.76790250984,30.8699942638955,1.60158743161976,27.9529739403244,2.85041007278983
pursuit,追踪法,missile_pursuit,missile,0.584531936701111,503.98294114988,0,296.094536793946,59.1139682043069,30.8860317956931,0,1000,9163.47659272395,30.886026371818,1.60483605192238,28.0096730607522,2.85619177402602
pursuit,追踪法,missile_pursuit,missile,0.594531936701111,512.564122894431,0,301.229059090312,59.0979035340295,30.9020964659704,0,1000,9149.18600185167,30.9020910230096,1.60809609492626,28.0665715449264,2.86199380470665
pursuit,追踪法,missile_pursuit,missile,0.604531936701111,521.143863215671,0,306.365989629292,59.0818062058768,30.9181937941232,0,1000,9134.89613169105,30.9181883319823,1.61136761770195,28.1236703889163,2.86781626640252
pursuit,追踪法,missile_pursuit,missile,0.614531936701111,529.722158503237,0,311.505332904349,59.0656761047629,30.9343238952371,0,1000,9120.60698404727,30.9343184138209,1.61465067768945,28.1809705952386,2.87365926134191
pursuit,追踪法,missile_pursuit,missile,0.624531936701111,538.299005132392,0,316.647093423548,59.0495131150223,30.9504868849777,0,1000,9106.31856073269,30.9504813841862,1.61794533270107,28.2384731729088,2.87952289241574
pursuit,追踪法,missile_pursuit,missile,0.634531936701111,546.874399463949,0,321.791275709629,59.0333171204168,30.9666828795832,0,1000,9092.03086356691,30.9666773593189,1.62125164092446,28.2961791374927,2.88540726318291
pursuit,追踪法,missile_pursuit,missile,0.644531936701111,555.448337844193,0,326.937884300069,59.0170880041256,30.9829119958744,0,1000,9077.74389437679,30.9829064560439,1.62456966092553,28.3540895111583,2.89131247787556
pursuit,追踪法,missile_pursuit,missile,0.654531936701111,564.020816604798,0,332.086923747154,59.0008256487287,30.9991743512713,0,1000,9063.45765499649,30.9991687917732,1.62789945165152,28.4122053227293,2.89723864140448
pursuit,追踪法,missile_pursuit,missile,0.664531936701111,572.59183206275,0,337.238398618048,58.9845299362244,31.0154700637756,0,1000,9049.17214726751,31.0154644845104,1.63124107243405,28.4705276077375,2.90318585936457
pursuit,追踪法,missile_pursuit,missile,0.674531936701111,581.161380520266,0,342.39231349486,58.9682007480172,31.0317992519828,0,1000,9034.88737303875,31.0317936528544,1.63459458299217,28.5290574084771,2.90915423804022
pursuit,追踪法,missile_pursuit,missile,0.684531936701111,589.729458264712,0,347.548672974714,58.9518379649009,31.0481620350991,0,1000,9020.60333416653,31.0481564160031,1.63796004343548,28.5877957740584,2.91514388441093
pursuit,追踪法,missile_pursuit,missile,0.694531936701111,598.29606156852,0,352.707481669822,58.9354414670755,31.0645585329245,0,1000,9006.32003251463,31.0645528937577,1.64133751426726,28.6467437604632,2.92115490615686
pursuit,追踪法,missile_pursuit,missile,0.704531936701111,606.861186689111,0,357.86874420755,58.9190111341397,31.0809888658603,0,1000,8992.03746995433,31.0809832065261,1.64472705638767,28.7059024305992,2.92718741166445
pursuit,追踪法,missile_pursuit,missile,0.714531936701111,615.424829868806,0,363.03246523049,58.9025468450646,31.0974531549354,0,1000,8977.75564836449,31.0974474753273,1.64812873109687,28.7652728543566,2.93324151003213
pursuit,追踪法,missile_pursuit,missile,0.724531936701111,623.986987334745,0,368.198649396535,58.8860484782188,31.1139515217812,0,1000,8963.47456963152,31.1139458217956,1.65154260009833,28.824856108664,2.93931731107605
pursuit,追踪法,missile_pursuit,missile,0.734531936701111,632.547655298806,0,373.367301378945,58.8695159113532,31.1304840886468,0,1000,8949.19423564949,31.130478368184,1.65496872550206,28.8846532775452,2.94541492533589
pursuit,追踪法,missile_pursuit,missile,0.744531936701111,641.106829957516,0,378.538425866423,58.8529490215843,31.1470509784157,0,1000,8934.91464832013,31.1470452373687,1.65840716982785,28.9446654521767,2.95153446408067
pursuit,追踪法,missile_pursuit,missile,0.754531936701111,649.664507491966,0,383.712027563186,58.8363476854123,31.1636523145877,0,1000,8920.6358095529,31.1636465528533,1.66185799600866,29.0048937309459,2.95767603931474
pursuit,追踪法,missile_pursuit,missile,0.764531936701111,658.22068406773,0,388.888111189038,58.8197117786985,31.1802882213015,0,1000,8906.35772126502,31.1802824387728,1.66532126739394,29.0653392195092,2.96383976378368
pursuit,追踪法,missile_pursuit,missile,0.774531936701111,666.775355834773,0,394.066681479446,58.8030411766702,31.1969588233298,0,1000,8892.0803853815,31.1969530198977,1.66879704775302,29.1260030308512,2.97002575098032
pursuit,追踪法,missile_pursuit,missile,0.784531936701111,675.328518927367,0,399.247743185609,58.7863357539207,31.2136642460793,0,1000,8877.8038038352,31.2136584216384,1.6722854012785,29.1868862853444,2.97623411515089
pursuit,追踪法,missile_pursuit,missile,0.794531936701111,683.880169464004,0,404.431301074537,58.7695953843925,31.2304046156075,0,1000,8863.52797856689,31.2303987700492,1.67578639258976,29.2479901108095,2.98246497130106
pursuit,追踪法,missile_pursuit,missile,0.804531936701111,692.430303547304,0,409.617359929122,58.7528199413831,31.247180058617,0,1000,8849.25291152524,31.2471741918329,1.67930008673637,29.309315642576,2.98871843520224
pursuit,追踪法,missile_pursuit,missile,0.814531936701111,700.978917263932,0,414.805924548217,58.7360092975359,31.2639907024641,0,1000,8834.97860466692,31.2639848143449,1.68282654920168,29.3708640235436,2.99499462339776
pursuit,追踪法,missile_pursuit,missile,0.824531936701111,709.526006684502,0,419.996999746708,58.7191633248363,31.2808366751637,0,1000,8820.70505995664,31.2808307655977,1.6863658459063,29.4326364042443,3.00129365320923
pursuit,追踪法,missile_pursuit,missile,0.834531936701111,718.071567863493,0,425.190590355594,58.7022818946122,31.2977181053878,0,1000,8806.43227936714,31.297712174265,1.68991804321176,29.494633942905,3.00761564274294
pursuit,追踪法,missile_pursuit,missile,0.844531936701111,726.615596839153,0,430.386701222059,58.6853648775223,31.3146351224777,0,1000,8792.16026487931,31.3146291696866,1.69348320792406,29.5568578055106,3.01396071089624
pursuit,追踪法,missile_pursuit,missile,0.854531936701111,735.158089633413,0,435.585337209555,58.6684121435569,31.3315878564431,0,1000,8777.88901848218,31.3315818818723,1.69706140729736,29.6193091658675,3.02032897736408
pursuit,追踪法,missile_pursuit,missile,0.864531936701112,743.699042251788,0,440.786503197872,58.6514235620293,31.3485764379707,0,1000,8763.618542173,31.348570441507,1.70065270903768,29.6819892056687,3.02672056264562
pursuit,追踪法,missile_pursuit,missile,0.874531936701112,752.238450683292,0,445.990204083225,58.6343990015727,31.3656009984274,0,1000,8749.34883795724,31.3655949799548,1.70425718130662,29.7448991145584,3.0331355880508
pursuit,追踪法,missile_pursuit,missile,0.884531936701112,760.776310900338,0,451.196444778325,58.6173383301413,31.3826616698587,0,1000,8735.07990784872,31.3826556292636,1.70787489272508,29.8080400901977,3.03957417570706
pursuit,追踪法,missile_pursuit,missile,0.894531936701112,769.312618858649,0,456.405230212462,58.6002414149966,31.3997585850034,0,1000,8720.81175386956,31.39975252217,1.71150591237716,29.871413338331,3.04603644856613
pursuit,追踪法,missile_pursuit,missile,0.904531936701112,777.847370497159,0,461.616565331583,58.5831081227076,31.4168918772924,0,1000,8706.54437805031,31.4168857921037,1.71515030981389,29.9350200728532,3.05252253041081
pursuit,追踪法,missile_pursuit,missile,0.914531936701112,786.380561737921,0,466.830455098373,58.5659383191457,31.4340616808543,0,1000,8692.27778242993,31.4340555731923,1.71880815505716,29.9988615158767,3.05903254586191
pursuit,追踪法,missile_pursuit,missile,0.924531936701112,794.912188486009,0,472.046904492335,58.5487318694822,31.4512681305178,0,1000,8678.01196905588,31.4512620002658,1.72247951860365,30.0629388978006,3.06556662038521
pursuit,追踪法,missile_pursuit,missile,0.934531936701112,803.442246629422,0,477.26591850987,58.5314886381815,31.4685113618185,0,1000,8663.74693998418,31.4685052088619,1.72616447142873,30.127253457379,3.07212488029847
pursuit,追踪法,missile_pursuit,missile,0.944531936701112,811.970732038987,0,482.48750216436,58.5142084889846,31.4857915110154,0,1000,8649.4826972794,31.4857853352301,1.72986308499051,30.1918064417909,3.07870745277856
pursuit,追踪法,missile_pursuit,missile,0.954531936701112,820.497640568258,0,487.711660486252,58.4968912849292,31.5031087150707,0,1000,8635.21924301476,31.5031025163372,1.73357543123381,30.2565991067105,3.08531446586862
pursuit,追踪法,missile_pursuit,missile,0.964531936701112,829.022968053422,0,492.938398523134,58.4795368883257,31.5204631116743,0,1000,8620.95657927218,31.5204568898718,1.73730158259428,30.3216327163783,3.09194604848529
pursuit,追踪法,missile_pursuit,missile,0.974531936701112,837.546710313193,0,498.167721339826,58.4621451607546,31.5378548392454,0,1000,8606.69470814229,31.5378485942492,1.74104161200248,30.3869085436729,3.09860233042608
pursuit,追踪法,missile_pursuit,missile,0.984531936701112,846.068863148718,0,503.399634018457,58.4447159630755,31.5552840369245,0,1000,8592.43363172453,31.5552777686167,1.74479559288807,30.4524278701834,3.10528344237669
pursuit,追踪法,missile_pursuit,missile,0.994531936701112,854.589422343473,0,508.634141658553,58.4272491553966,31.5727508446034,0,1000,8578.17335212715,31.5727445528583,1.74856359918395,30.5181919862823,3.11198951591851
pursuit,追踪法,missile_pursuit,missile,1.00453193670111,863.108383663159,0,513.871249377121,58.4097445970927,31.5902554029073,0,1000,8563.91387146731,31.5902490875998,1.75234570533052,30.5842021912,3.11872068353617
pursuit,追踪法,missile_pursuit,missile,1.01453193670111,871.625742855603,0,519.110962308732,58.3922021467923,31.6077978532077,0,1000,8549.65519187109,31.6077915142142,1.75614198628,30.650459793099,3.12547707862512
pursuit,追踪法,missile_pursuit,missile,1.02453193670111,880.141495650655,0,524.353285605611,58.3746216623646,31.6253783376353,0,1000,8535.39731547356,31.6253719748263,1.75995251750065,30.7169661091494,3.13225883549932
pursuit,追踪法,missile_pursuit,missile,1.03453193670111,888.655637760079,0,529.598224437719,58.3570030009311,31.6429969990689,0,1000,8521.14024441885,31.6429906123183,1.76377737498123,30.7837224656052,3.13906608939905
pursuit,追踪法,missile_pursuit,missile,1.04453193670111,897.168164877453,0,534.84578399284,58.3393460188463,31.6606539811537,0,1000,8506.88398086016,31.6606475703351,1.76761663523537,30.8507301978808,3.14589897649869
pursuit,追踪法,missile_pursuit,missile,1.05453193670111,905.679072678063,0,540.095969476673,58.3216505716948,31.6783494283052,0,1000,8492.62852695986,31.6783429932891,1.771470375306,30.9179906506294,3.15275763391468
pursuit,追踪法,missile_pursuit,missile,1.06453193670111,914.188356818794,0,545.348786112914,58.3039165142905,31.6960834857095,0,1000,8478.37388488949,31.6960770263658,1.77533867276988,30.9855051778207,3.15964219971353
pursuit,追踪法,missile_pursuit,missile,1.07453193670111,922.696012938023,0,550.604239143348,58.2861437006699,31.7138562993301,0,1000,8464.12005682988,31.7138498155294,1.77922160574212,31.0532751428205,3.16655281291986
pursuit,追踪法,missile_pursuit,missile,1.08453193670111,931.202036655516,0,555.862333827937,58.2683319840825,31.7316680159175,0,1000,8449.86704497113,31.7316615075278,1.78311925288078,31.1213019184711,3.1734896135246
pursuit,追踪法,missile_pursuit,missile,1.09453193670111,939.706423572311,0,561.12307544491,58.2504812169887,31.7495187830113,0,1000,8435.61485151273,31.7495122498982,1.78703169339149,31.1895868871713,3.18045274249323
pursuit,追踪法,missile_pursuit,missile,1.10453193670111,948.209169270617,0,566.386469290853,58.2325912510591,31.7674087489409,0,1000,8421.36347866358,31.7674021909727,1.79095900703213,31.2581314409589,3.18744234177409
pursuit,追踪法,missile_pursuit,missile,1.11453193670111,956.710269313696,0,571.652520680798,58.2146619371566,31.7853380628435,0,1000,8407.11292864204,31.7853314798836,1.79490127411757,31.3269369815929,3.19445855430682
pursuit,追踪法,missile_pursuit,missile,1.12453193670111,965.209719245757,0,576.921234948318,58.1966931253465,31.8033068746535,0,1000,8392.86320367601,31.8033002665694,1.79885857552446,31.3960049206369,3.20150152403082
pursuit,追踪法,missile_pursuit,missile,1.13453193670111,973.707514591843,0,582.192617445614,58.1786846648769,31.8213153351231,0,1000,8378.61430600297,31.8213087017799,1.80283099269599,31.4653366795428,3.20857139589389
pursuit,追踪法,missile_pursuit,missile,1.14453193670111,982.203650857716,0,587.466673543613,58.1606364041766,31.8393635958234,0,1000,8364.36623787003,31.8393569370825,1.80681860764684,31.534933689737,3.21566831586087
pursuit,追踪法,missile_pursuit,missile,1.15453193670111,990.698123529745,0,592.743408632056,58.1425481908554,31.8574518091446,0,1000,8350.11900153402,31.8574451248674,1.81082150296806,31.6047973927049,3.22279243092238
pursuit,追踪法,missile_pursuit,missile,1.16453193670111,999.190928074791,0,598.022828119596,58.1244198716886,31.8755801283114,0,1000,8335.87259926149,31.8755734183536,1.81483976183205,31.6749292400789,3.22994388910371
pursuit,追踪法,missile_pursuit,missile,1.17453193670111,1007.68205994009,0,603.304937433889,58.1062512926269,31.8937487073732,0,1000,8321.62703332884,31.893741971595,1.81887346799757,31.7453306937254,3.23712283947376
pursuit,追踪法,missile_pursuit,missile,1.18453193670111,1016.17151455314,0,608.589742021689,58.0880422987879,31.9119577012121,0,1000,8307.38230602232,31.9119509394857,1.82292270581487,31.8160032258334,3.24432943215404
pursuit,追踪法,missile_pursuit,missile,1.19453193670111,1024.65928732159,0,613.877247348946,58.0697927344162,31.9302072655838,0,1000,8293.13841963809,31.9302004777665,1.82698756023073,31.8869483190045,3.25156381832782
pursuit,追踪法,missile_pursuit,missile,1.20453193670111,1033.1453736331,0,619.167458900901,58.051502442905,31.948497557095,0,1000,8278.89537648234,31.9484907430307,1.83106811679373,31.9581674663427,3.25882615024934
pursuit,追踪法,missile_pursuit,missile,1.21453193670111,1041.62976885524,0,624.460382182181,58.0331712668132,31.9668287331868,0,1000,8264.65317887127,31.96682189273,1.83516446165941,32.029662171546,3.26611658125313
pursuit,追踪法,missile_pursuit,missile,1.22453193670111,1050.11246833537,0,629.756022716899,58.0147990478361,31.9852009521639,0,1000,8250.4118291312,31.9851940851807,1.83927668159561,32.1014339489989,3.27343526576342
pursuit,追踪法,missile_pursuit,missile,1.23453193670111,1058.59346740052,0,635.054386048749,57.9963856267721,32.0036143732279,0,1000,8236.17132959863,32.00360747957,1.84340486398778,32.1734843238651,3.28078235930364
pursuit,追踪法,missile_pursuit,missile,1.24453193670111,1067.07276135725,0,640.355477741108,57.9779308435449,32.0220691564551,0,1000,8221.93168262026,32.022062235962,1.84754909684439,32.2458148321822,3.28815801850604
pursuit,追踪法,missile_pursuit,missile,1.25453193670111,1075.55034549155,0,645.659303377133,57.9594345372385,32.0405654627615,0,1000,8207.69289055311,32.0405585153038,1.85170946880238,32.3184270209568,3.29556240112136
pursuit,追踪法,missile_pursuit,missile,1.26453193670111,1084.02621506872,0,650.965868559862,57.9408965459879,32.0591034540121,0,1000,8193.45495576453,32.0590964794325,1.85588606913267,32.3913224482602,3.30299566602868
pursuit,追踪法,missile_pursuit,missile,1.27453193670111,1092.5003653332,0,656.275178912312,57.9223167070561,32.0776832929439,0,1000,8179.21788063229,32.0776762910807,1.86007898774573,32.4645026833262,3.31045797324532
pursuit,追踪法,missile_pursuit,missile,1.28453193670111,1100.97279150851,0,661.587240077584,57.9036948568488,32.0963051431512,0,1000,8164.98166754463,32.0962981138835,1.86428831519719,32.5379693066489,3.31794948393681
pursuit,追踪法,missile_pursuit,missile,1.29453193670111,1109.44348879709,0,666.902057718964,57.885030830767,32.114969169233,0,1000,8150.74631890035,32.1149621123847,1.86851414269357,32.6117239100819,3.32547036042705
pursuit,追踪法,missile_pursuit,missile,1.30453193670111,1117.91245238014,0,672.219637520024,57.866324463358,32.133675536642,0,1000,8136.51183710882,32.1336684520436,1.87275656209794,32.6857680969387,3.33302076620852
pursuit,追踪法,missile_pursuit,missile,1.31453193670111,1126.37967741756,0,677.539985184723,57.847575588292,32.152424411708,0,1000,8122.27822459011,32.1524172992414,1.87701566593581,32.7601034820939,3.34060086595258
pursuit,追踪法,missile_pursuit,missile,1.32453193670111,1134.84515904779,0,682.863106437519,57.8287840382065,32.1712159617935,0,1000,8108.04548377499,32.1712088212877,1.88129154740094,32.8347316920854,3.34821082551997
pursuit,追踪法,missile_pursuit,missile,1.33453193670111,1143.30889238764,0,688.189007023464,57.8099496448585,32.1900503551415,0,1000,8093.81361710507,32.1900431864276,1.88558430036128,32.909654365218,3.35585081197126
pursuit,追踪法,missile_pursuit,missile,1.34453193670111,1151.77087253223,0,693.517692708316,57.79107223909,32.20892776091,0,1000,8079.58262703277,32.2089205638483,1.88989401936494,32.9848731516677,3.3635209935776
pursuit,追踪法,missile_pursuit,missile,1.35453193670111,1160.23109455481,0,698.849169278642,57.7721516507311,32.227848349269,0,1000,8065.35251602148,32.2278411236858,1.89422079964631,33.0603897135879,3.37122153983143
pursuit,追踪法,missile_pursuit,missile,1.36453193670111,1168.68955350663,0,704.183442541926,57.7531877087123,32.2468122912878,0,1000,8051.12328654557,32.2468050370319,1.89856473713206,33.136205725215,3.37895262145738
pursuit,追踪法,missile_pursuit,missile,1.37453193670111,1177.14624441684,0,709.520518326675,57.7341802409745,32.2658197590255,0,1000,8036.89494109047,32.2658124759411,1.90292592844742,33.2123228729775,3.38671441042329
pursuit,追踪法,missile_pursuit,missile,1.38453193670111,1185.6011622923,0,714.860402482527,57.7151290744728,32.2848709255272,0,1000,8022.66748215274,32.2848636134379,1.90730447092238,33.288742855604,3.39450707995125
pursuit,追踪法,missile_pursuit,missile,1.39453193670111,1194.05430211749,0,720.203100880362,57.6960340352215,32.3039659647785,0,1000,8008.44091224014,32.3039586235235,1.911700462598,33.3654673842337,3.40233080452894
pursuit,追踪法,missile_pursuit,missile,1.40453193670111,1202.50565885435,0,725.548619412409,57.676894948229,32.3231050517711,0,1000,7994.21523387171,32.323097681183,1.91611400223278,33.4424981825281,3.41018575992088
pursuit,追踪法,missile_pursuit,missile,1.41453193670111,1210.95522744215,0,730.896963992359,57.657711637526,32.342288362474,0,1000,7979.99044957781,32.3422809623929,1.92054518930916,33.5198369867826,3.41807212317995
pursuit,追踪法,missile_pursuit,missile,1.42453193670111,1219.40300279735,0,736.248140555473,57.6384839261177,32.3615160738823,0,1000,7965.76656190021,32.361508644128,1.92499412403994,33.5974855460411,3.42599007265897
pursuit,追踪法,missile_pursuit,missile,1.43453193670111,1227.84897981344,0,741.602155058696,57.6192116360525,32.3807883639475,0,1000,7951.54357339217,32.3807809043689,1.92946090737496,33.6754456222104,3.43393978802245
pursuit,追踪法,missile_pursuit,missile,1.44453193670111,1236.29315336085,0,746.959013480767,57.5998945883113,32.4001054116887,0,1000,7937.32148661846,32.4000979221097,1.93394564100768,33.7537189901762,3.44192145025837
pursuit,追踪法,missile_pursuit,missile,1.45453193670111,1244.73551828672,0,752.318721822335,57.5805326028751,32.4194673971249,0,1000,7923.10030415553,32.4194598773648,1.93844842738194,33.832307437921,3.44993524169018
pursuit,追踪法,missile_pursuit,missile,1.46453193670111,1253.17606941486,0,757.681286106073,57.5611254987321,32.4388745012679,0,1000,7908.88002859146,32.4388669511771,1.94296936969876,33.9112127666423,3.45798134598893
pursuit,追踪法,missile_pursuit,missile,1.47453193670111,1261.61480154552,0,763.04671237679,57.5416730937653,32.4583269062347,0,1000,7894.66066252613,32.4583193256251,1.9475085719232,33.9904367908727,3.46605994818543
pursuit,追踪法,missile_pursuit,missile,1.48453193670111,1270.05170945528,0,768.415006701547,57.5221752048553,32.4778247951447,0,1000,7880.44220857125,32.4778171838309,1.9520661387913,34.0699813386007,3.47417123468266
pursuit,追踪法,missile_pursuit,missile,1.49453193670111,1278.4867878969,0,773.786175169778,57.5026316478281,32.4973683521718,0,1000,7866.22466935044,32.497360709968,1.95664217581709,34.149848251394,3.48231539326824
pursuit,追踪法,missile_pursuit,missile,1.50453193670111,1286.92003159917,0,779.160223893401,57.4830422374894,32.5169577625106,0,1000,7852.0080474993,32.5169500892687,1.96123678929973,34.2300393845225,3.49049261312706
pursuit,追踪法,missile_pursuit,missile,1.51453193670111,1295.35143526678,0,784.537159006938,57.4634067875074,32.5365932124926,0,1000,7837.7923456655,32.5365855080324,1.96585008633061,34.3105566070838,3.49870308485404
pursuit,追踪法,missile_pursuit,missile,1.52453193670111,1303.78099358011,0,789.916986667636,57.4437251104957,32.5562748895043,0,1000,7823.57756650883,32.5562671536333,1.97048217480066,34.39140180213,3.50694700046703
pursuit,追踪法,missile_pursuit,missile,1.53453193670111,1312.20870119515,0,795.299713055584,57.4239970179984,32.5760029820016,0,1000,7809.36371270131,32.5759952145288,1.97513316340766,34.4725768667948,3.51522455341986
pursuit,追踪法,missile_pursuit,missile,1.54453193670111,1320.63455274328,0,800.685344373834,57.4042223204822,32.5957776795178,0,1000,7795.15078692725,32.5957698802669,1.97980316166362,34.5540837124238,3.52353593861551
pursuit,追踪法,missile_pursuit,missile,1.55453193670111,1329.05854283119,0,806.073886848521,57.3844008273149,32.6155991726852,0,1000,7780.93879188329,32.6155913414952,1.9844922799023,34.6359242647041,3.53188135241944
pursuit,追踪法,missile_pursuit,missile,1.56453193670111,1337.48066604065,0,811.465346728987,57.3645323466811,32.6354676533189,0,1000,7766.72773027857,32.6354597899687,1.98920062928678,34.7181004637974,3.54026099267308
pursuit,追踪法,missile_pursuit,missile,1.57453193670111,1345.90091692838,0,816.859730287902,57.3446166857647,32.6553833142354,0,1000,7752.5176048347,32.655375418558,1.99392832181707,34.8006142644729,3.5486750587074
pursuit,追踪法,missile_pursuit,missile,1.58453193670111,1354.31929002594,0,822.257043821391,57.3246536505496,32.6753463494504,0,1000,7738.30841828592,32.6753384212582,1.99867547033788,34.8834676362423,3.55712375135672
pursuit,追踪法,missile_pursuit,missile,1.59453193670111,1362.73577983947,0,827.657293649153,57.3046430458942,32.6953569541058,0,1000,7724.10017337915,32.695348993197,2.00344218854647,34.9666625634969,3.56560727297262
pursuit,追踪法,missile_pursuit,missile,1.60453193670111,1371.15038084963,0,833.060486114589,57.2845846755379,32.7154153244621,0,1000,7709.89287287408,32.7154073306432,2.00822859100048,35.0502010456449,3.574125827438
pursuit,追踪法,missile_pursuit,missile,1.61453193670111,1379.56308751136,0,838.466627584932,57.2644783420728,32.7355216579272,0,1000,7695.68651954321,32.7355136310158,2.01303479312597,35.1340850972511,3.58267962018131
pursuit,追踪法,missile_pursuit,missile,1.62453193670111,1387.97389425379,0,843.875724451366,57.244323846914,32.755676153086,0,1000,7681.481116172,32.7556680928922,2.01786091122551,35.2183167481781,3.59126885819093
pursuit,追踪法,missile_pursuit,missile,1.63453193670111,1396.38279547999,0,849.287783129162,57.2241209902941,32.7758790097059,0,1000,7667.27666555889,32.7758709160174,2.02270706248632,35.3028980437289,3.59989375002972
pursuit,追踪法,missile_pursuit,missile,1.64453193670111,1404.78978556688,0,854.7028100578,57.2038695713059,32.7961304286941,0,1000,7653.07317051545,32.7961223013126,2.02757336498855,35.3878310447909,3.60855450584969
pursuit,追踪法,missile_pursuit,missile,1.65453193670111,1413.19485886501,0,860.120811701105,57.1835693878535,32.8164306121466,0,1000,7638.87063386638,32.8164224508845,2.03245993771362,35.4731178279815,3.61725133740691
pursuit,追踪法,missile_pursuit,missile,1.66453193670111,1421.59800969844,0,865.541794547371,57.1632202366277,32.8367797633723,0,1000,7624.66905844967,32.8367715680339,2.03736690055267,35.558760485796,3.62598445807651
pursuit,追踪法,missile_pursuit,missile,1.67453193670111,1429.99923236451,0,870.9657651095,57.1428219131032,32.8571780868968,0,1000,7610.46844711663,32.8571698572652,2.04229437431511,35.6447611267563,3.63475408286788
pursuit,追踪法,missile_pursuit,missile,1.68453193670111,1438.39852113372,0,876.392729925127,57.1223742115874,32.8776257884126,0,1000,7596.26880273203,32.8776175242956,2.04724248073723,35.7311218755612,3.64356042844001
pursuit,追踪法,missile_pursuit,missile,1.69453193670111,1446.79587024953,0,881.822695556758,57.1018769251221,32.8981230748779,0,1000,7582.07012817412,32.8981147760643,2.05221134249093,35.8178448732397,3.65240371311709
pursuit,追踪法,missile_pursuit,missile,1.70453193670111,1455.19127392819,0,887.255668591903,57.081329845554,32.918670154446,0,1000,7567.87242633479,32.9186618207418,2.05720108319256,35.904932277304,3.66128415690414
pursuit,追踪法,missile_pursuit,missile,1.71453193670111,1463.58472635858,0,892.691655643211,57.060732763448,32.939267236552,0,1000,7553.6757001196,32.9392588677397,2.06221182741186,35.9923862619061,3.67020198150297
pursuit,追踪法,missile_pursuit,missile,1.72453193670111,1471.97622170199,0,898.130663348606,57.0400854681269,32.9599145318731,0,1000,7539.47995244789,32.9599061277201,2.06724370068096,36.0802090179948,3.67915741032818
pursuit,追踪法,missile_pursuit,missile,1.73453193670111,1480.36575409199,0,903.572698371425,57.0193877477157,32.9806122522843,0,1000,7525.28518625289,32.9806038126051,2.07229682950348,36.1684027534753,3.68815066852344
pursuit,追踪法,missile_pursuit,missile,1.74453193670111,1488.75331763424,0,909.017767400554,56.9986393889949,33.0013606110051,0,1000,7511.09140448177,33.0013521355869,2.07737134136384,36.2569696933701,3.69718198297789
pursuit,追踪法,missile_pursuit,missile,1.75453193670111,1497.13890640627,0,914.46587715057,56.9778401774883,33.0221598225117,0,1000,7496.89861009575,33.0221513111373,2.08246736473651,36.3459120799818,3.70625158234278
pursuit,追踪法,missile_pursuit,missile,1.76453193670111,1505.52251445735,0,919.917034361878,56.9569898974251,33.0430101025749,0,1000,7482.70680607021,33.0430015550181,2.08758502909551,36.4352321730582,3.71535969704825
pursuit,追踪法,missile_pursuit,missile,1.77453193670111,1513.90413580825,0,925.371245800855,56.9360883317425,33.0639116682575,0,1000,7468.51599539476,33.0639030842907,2.09272446492389,36.5249322499585,3.72450655932031
pursuit,追踪法,missile_pursuit,missile,1.78453193670111,1522.28376445111,0,930.828518259988,56.9151352621008,33.0848647378992,0,1000,7454.32618107333,33.0848561173264,2.09788580372346,36.6150146058219,3.73369240319803
pursuit,追踪法,missile_pursuit,missile,1.79453193670111,1530.66139434922,0,936.288858558022,56.894130468789,33.105869531211,0,1000,7440.13736612428,33.1058608738167,2.1030691780245,36.7054815537383,3.74291746455092
pursuit,追踪法,missile_pursuit,missile,1.80453193670111,1539.03701943683,0,941.752273540099,56.8730737307584,33.1269262692416,0,1000,7425.94955358047,33.1269175747836,2.10827472139563,36.7963354249199,3.75218198109649
pursuit,追踪法,missile_pursuit,missile,1.81453193670111,1547.41063361895,0,947.218770077906,56.8519648256626,33.1480351743374,0,1000,7411.76274648941,33.1480264425901,2.11350256845384,36.8875785688763,3.76148619241803
pursuit,追踪法,missile_pursuit,missile,1.82453193670111,1555.7822307712,0,952.688355069821,56.8308035297889,33.1691964702111,0,1000,7397.57694791329,33.1691877009505,2.11875285487453,36.9792133535901,3.77083033998258
pursuit,追踪法,missile_pursuit,missile,1.83453193670111,1564.15180473956,0,958.161035441058,56.8095896180456,33.1904103819544,0,1000,7383.39216092911,33.1904015749412,2.12402571740178,37.0712421656957,3.78021466715909
pursuit,追踪法,missile_pursuit,missile,1.84453193670111,1572.51934934022,0,963.636818143818,56.7883228640076,33.2116771359924,0,1000,7369.20838862878,33.2116682910115,2.12932129385866,37.1636674106593,3.78963941923687
pursuit,追踪法,missile_pursuit,missile,1.85453193670111,1580.88485835936,0,969.115710157434,56.7670030398279,33.2329969601721,0,1000,7355.02563411921,33.2329880769944,2.13463972315764,37.2564915129611,3.7991048434441
pursuit,追踪法,missile_pursuit,missile,1.86453193670111,1589.24832555295,0,974.597718488527,56.7456299162616,33.2543700837385,0,1000,7340.84390052241,33.2543611621174,2.13998114531125,37.3497169162805,3.80861118896673
pursuit,追踪法,missile_pursuit,missile,1.87453193670111,1597.60974464655,0,980.082850171152,56.7242032626858,33.2757967373142,0,1000,7326.66319097561,33.2757877770137,2.14534570144268,37.4433460836821,3.81815870696742
pursuit,追踪法,missile_pursuit,missile,1.88453193670111,1605.96910933512,0,985.571112266953,56.7027228470534,33.2972771529466,0,1000,7312.48350863133,33.2972681537335,2.15073353379665,37.5373814978042,3.82774765060487
pursuit,追踪法,missile_pursuit,missile,1.89453193670111,1614.3264132828,0,991.062511865316,56.6811884358896,33.3188115641104,0,1000,7298.30485665749,33.3188025257549,2.15614478575032,37.6318256610508,3.83737827505324
pursuit,追踪法,missile_pursuit,missile,1.90453193670111,1622.68165012272,0,996.557056083523,56.659599794252,33.3404002057481,0,1000,7284.12723823753,33.3403911279955,2.16157960182438,37.7266810957834,3.84705083752183
pursuit,追踪法,missile_pursuit,missile,1.91453193670111,1631.03481345676,0,1002.05475206691,56.6379566857627,33.3620433142373,0,1000,7269.95065657051,33.3620341968239,2.16703812769422,37.8219503445175,3.85676559727507
pursuit,追踪法,missile_pursuit,missile,1.92453193670111,1639.38589685538,0,1007.55560698902,56.6162588726559,33.3837411273441,0,1000,7255.7751148712,33.3837319700713,2.17252051020129,37.9176359701196,3.8665228156526
pursuit,追踪法,missile_pursuit,missile,1.93453193670111,1647.73489385741,0,1013.05962805176,56.5945061155672,33.4054938844328,0,1000,7241.60061637019,33.4054846870433,2.1780268973645,38.0137405560071,3.8763227560897
pursuit,追踪法,missile_pursuit,missile,1.94453193670111,1656.08179796977,0,1018.56682248557,56.5726981736834,33.4273018263166,0,1000,7227.42716431401,33.4272925885314,2.18355743839185,38.1102667063511,3.88616568413791
pursuit,追踪法,missile_pursuit,missile,1.95453193670111,1664.42660266734,0,1024.07719754957,56.550834804746,33.449165195254,0,1000,7213.25476196522,33.4491559168252,2.18911228369217,38.2072170462805,3.89605186748589
pursuit,追踪法,missile_pursuit,missile,1.96453193670111,1672.7693013927,0,1029.59076053174,56.528915764948,33.471084235052,0,1000,7199.08341260254,33.4710749157247,2.19469158488691,38.3045942220892,3.9059815759805
pursuit,追踪法,missile_pursuit,missile,1.97453193670111,1681.10988755591,0,1035.10751874905,56.5069408089923,33.4930591910077,0,1000,7184.91311952093,33.493049830552,2.20029549482222,38.4024009014456,3.91595508164823
pursuit,追踪法,missile_pursuit,missile,1.98453193670111,1689.4483545343,0,1040.62747954765,56.4849096899671,33.5150903100329,0,1000,7170.74388603174,33.5150809081638,2.20592416758104,38.5006397736044,3.92597265871672
pursuit,追踪法,missile_pursuit,missile,1.99453193670111,1697.78469567225,0,1046.15065030305,56.4628221595067,33.5371778404933,0,1000,7156.57571546276,33.537168396964,2.21157775849541,38.5993135496209,3.9360345836367
pursuit,追踪法,missile_pursuit,missile,2.00453193670111,1706.11890428096,0,1051.67703842023,56.4406779676573,33.5593220323427,0,1000,7142.40861115841,33.559312546916,2.21725642415887,38.6984249625682,3.94614113510405
pursuit,追踪法,missile_pursuit,missile,2.01453193670111,1714.45097363822,0,1057.20665133387,56.4184768628253,33.5815231371747,0,1000,7128.24257647978,33.5815136095557,2.22296032243906,38.7979767677563,3.95629259408221
pursuit,追踪法,missile_pursuit,missile,2.02453193670111,1722.78089698818,0,1062.73949650848,56.3962185919122,33.6037814080878,0,1000,7114.0776148048,33.6037718380039,2.22868961249043,38.8979717429546,3.96648924382481
pursuit,追踪法,missile_pursuit,missile,2.03453193670111,1731.10866754113,0,1068.27558143858,56.3739029002215,33.6260970997785,0,1000,7099.91372952832,33.6260874869795,2.23444445476713,38.9984126886159,3.97673136989858
pursuit,追踪法,missile_pursuit,missile,2.04453193670111,1739.43427847327,0,1073.81491364887,56.3515295314084,33.6484704685916,0,1000,7085.75092406225,33.6484608128124,2.240225011036,39.0993024281046,3.98701926020655
pursuit,追踪法,missile_pursuit,missile,2.05453193670111,1747.75772292646,0,1079.35750069441,56.3290982274769,33.6709017725231,0,1000,7071.58920183566,33.670892073457,2.2460314443898,39.2006438079259,3.99735320501149
pursuit,追踪法,missile_pursuit,missile,2.06453193670111,1756.07899400799,0,1084.90335016079,56.3066087288787,33.6933912711213,0,1000,7057.42856629489,33.6933815285051,2.2518639192605,39.3024396979594,4.00773349695966
pursuit,追踪法,missile_pursuit,missile,2.07453193670111,1764.39808479036,0,1090.45246966429,56.2840607743986,33.7159392256014,0,1000,7043.26902090371,33.7159294391997,2.2577226014328,39.404692991694,4.01816043110482
pursuit,追踪法,missile_pursuit,missile,2.08453193670111,1772.71498831101,0,1096.00486685207,56.2614541010667,33.7385458989333,0,1000,7029.11056914338,33.7385360684485,2.26360765805781,39.5074066064667,4.02863430493254
pursuit,追踪法,missile_pursuit,missile,2.09453193670111,1781.02969757209,0,1101.56054940236,56.2387884442761,33.7612115557239,0,1000,7014.95321451285,33.7612016808373,2.26951925766681,39.6105834837033,4.0391554183848
pursuit,追踪法,missile_pursuit,missile,2.10453193670111,1789.34220554022,0,1107.11952502462,56.2160635377766,33.7839364622234,0,1000,7000.79696052878,33.7839265426447,2.2754575701853,39.7142265891634,4.04972407388491
pursuit,追踪法,missile_pursuit,missile,2.11453193670111,1797.65250514624,0,1112.68180145972,56.1932791136319,33.8067208863681,0,1000,6986.64181072577,33.806710921855,2.28142276694712,39.8183389131866,4.06034057636263
pursuit,追踪法,missile_pursuit,missile,2.12453193670111,1805.96058928496,0,1118.24738648011,56.1704349020837,33.8295650979163,0,1000,6972.48776865641,33.8295550881734,2.28741502070879,39.9229234709427,4.07100523327974
pursuit,追踪法,missile_pursuit,missile,2.13453193670111,1814.2664508149,0,1123.81628789005,56.1475306316722,33.8524693683278,0,1000,6958.33483789144,33.8524593130397,2.293434505664,40.0279833026853,4.0817183546558
pursuit,追踪法,missile_pursuit,missile,2.14453193670111,1822.57008255807,0,1129.38851352575,56.1245660292498,33.8754339707502,0,1000,6944.18302201985,33.8754238696427,2.29948139745828,40.1335214740073,4.09248025309431
pursuit,追踪法,missile_pursuit,missile,2.15453193670111,1830.87147729966,0,1134.96407125556,56.101540819844,33.8984591801561,0,1000,6930.03232464906,33.8984490329352,2.30555587320385,40.2395410761001,4.10329124380906
pursuit,追踪法,missile_pursuit,missile,2.16453193670111,1839.17062778784,0,1140.54296898018,56.0784547267133,33.9215452732867,0,1000,6915.88274940497,33.9215350796484,2.31165811149468,40.3460452260164,4.11415164465096
pursuit,追踪法,missile_pursuit,missile,2.17453193670111,1847.46752673344,0,1146.12521463282,56.0553074713321,33.9446925286679,0,1000,6901.73429993217,33.944682288307,2.31778829242165,40.453037066935,4.12506177613507
pursuit,追踪法,missile_pursuit,missile,2.18453193670111,1855.76216680974,0,1151.71081617941,56.0320987733639,33.9679012266361,0,1000,6887.58697989402,33.9678909392442,2.32394659758801,40.5605197684305,4.13602196146803
pursuit,追踪法,missile_pursuit,missile,2.19453193670111,1864.05454065218,0,1157.29978161879,56.008828350652,33.991171649348,0,1000,6873.4407929728,33.9911613146165,2.3301332101249,40.6684965267444,4.14703252657578
pursuit,追踪法,missile_pursuit,missile,2.20453193670111,1872.3446408581,0,1162.89211898289,55.985495919196,34.014504080804,0,1000,6859.29574286984,34.01449369842,2.33634831470717,40.7769705650609,4.15809380013163
pursuit,追踪法,missile_pursuit,missile,2.21453193670111,1880.63245998645,0,1168.48783633693,55.962101193169,34.0378988068311,0,1000,6845.15183330566,34.0378883765048,2.34259209756936,40.8859451337857,4.16920611358473
pursuit,追踪法,missile_pursuit,missile,2.22453193670111,1888.91799055757,0,1174.08694177962,55.9386438848236,34.0613561151764,0,1000,6831.00906802011,34.0613456365915,2.34886474652182,40.9954235108278,4.18036980118877
pursuit,追踪法,missile_pursuit,missile,2.23453193670111,1897.20122505283,0,1179.68944344335,55.9151237045504,34.0848762954496,0,1000,6816.86745077247,34.0848657682867,2.35516645096711,41.1054090018856,4.19158520003117
pursuit,追踪法,missile_pursuit,missile,2.24453193670111,1905.48215591446,0,1185.2953494944,55.8915403608141,34.1084596391859,0,1000,6802.72698534166,34.108449063099,2.36149740191653,41.2159049407353,4.20285265006249
pursuit,追踪法,missile_pursuit,missile,2.25453193670111,1913.76077554515,0,1190.90466813313,55.8678935602302,34.1321064397698,0,1000,6788.58767552631,34.1320958144553,2.36785779200695,41.3269146895243,4.21417249412637
pursuit,追踪法,missile_pursuit,missile,2.26453193670111,1922.0370763079,0,1196.51740759417,55.844183007414,34.1558169925861,0,1000,6774.44952514494,34.155806317717,2.37424781551771,41.438441639067,4.22554507798963
pursuit,追踪法,missile_pursuit,missile,2.27453193670111,1930.3110505256,0,1202.13357614666,55.8204084050584,34.1795915949416,0,1000,6760.31253803609,34.1795808701967,2.38066766838788,41.5504892091451,4.23697075037297
pursuit,追踪法,missile_pursuit,missile,2.28453193670111,1938.58269048087,0,1207.7531820944,55.7965694538772,34.2034305461228,0,1000,6746.17671805846,34.2034197711745,2.38711754823359,41.6630608488108,4.24844986298183
pursuit,追踪法,missile_pursuit,missile,2.29453193670111,1946.85198841565,0,1213.37623377612,55.7726658525882,34.2273341474118,0,1000,6732.04206909106,34.2273233219154,2.39359765436571,41.7761600366949,4.25998277053784
pursuit,追踪法,missile_pursuit,missile,2.30453193670111,1955.11893653103,0,1219.00273956563,55.7486972979465,34.2513027020535,0,1000,6717.90859503338,34.251291825686,2.40010818780763,41.8897902813176,4.27156983081048
pursuit,追踪法,missile_pursuit,missile,2.31453193670111,1963.38352698683,0,1224.63270787207,55.7246634846514,34.2753365153486,0,1000,6703.77629980547,34.2753255877716,2.40664935131336,42.0039551214038,4.28321140464928
pursuit,追踪法,missile_pursuit,missile,2.32453193670111,1971.64575190142,0,1230.26614714009,55.7005641053407,34.2994358946593,0,1000,6689.64518734818,34.2994249154939,2.41322134938578,42.1186581262023,4.29490785601631
pursuit,追踪法,missile_pursuit,missile,2.33453193670111,1979.90560335131,0,1235.90306585011,55.6763988506768,34.3236011493232,0,1000,6675.51526162323,34.3235901182286,2.41982438829519,42.2339028958087,4.30665955201916
pursuit,追踪法,missile_pursuit,missile,2.34453193670111,1988.16307337095,0,1241.54347251845,55.6521674092799,34.3478325907201,0,1000,6661.38652661341,34.3478215074226,2.426458676098,42.3496930614927,4.3184668629443
pursuit,追踪法,missile_pursuit,missile,2.3545319367011,1996.41815395234,0,1247.18737569763,55.6278694674682,34.3721305325318,0,1000,6647.25898632272,34.3721193966128,2.43312442265577,42.4660322860292,4.33033016229082
pursuit,追踪法,missile_pursuit,missile,2.3645319367011,2004.67083704477,0,1252.83478397657,55.6035047096581,34.3964952903419,0,1000,6633.1326447765,34.3964841014437,2.43982183965438,42.5829242640341,4.34224982680468
pursuit,追踪法,missile_pursuit,missile,2.3745319367011,2012.92111455449,0,1258.48570598076,55.5790728181033,34.4209271818967,0,1000,6619.00750602165,34.4209159396856,2.44655114062352,42.7003727223033,4.35422623651331
pursuit,追踪法,missile_pursuit,missile,2.3845319367011,2021.16897834439,0,1264.14015037253,55.5545734728445,34.4454265271555,0,1000,6604.8835741267,34.4454152312538,2.4533125409564,42.8183814201573,4.36625977476073
pursuit,追踪法,missile_pursuit,missile,2.3945319367011,2029.4144202337,0,1269.79812585126,55.5300063518543,34.4699936481457,0,1000,6590.76085318204,34.4699822982267,2.46010625792966,42.9369541497895,4.37835082824303
pursuit,追踪法,missile_pursuit,missile,2.4045319367011,2037.65743199767,0,1275.45964115359,55.5053711308179,34.4946288691821,0,1000,6576.63934730006,34.4946174648649,2.46693251072366,43.0560947366181,4.39049978704432
pursuit,追踪法,missile_pursuit,missile,2.4145319367011,2045.89800536721,0,1281.12470505368,55.4806674832262,34.5193325167738,0,1000,6562.51906061529,34.5193210576307,2.47379152044286,43.1758070396445,4.4027070446732
pursuit,追踪法,missile_pursuit,missile,2.4245319367011,2054.1361320286,0,1286.7933263634,55.4558950805082,34.5441049194918,0,1000,6548.39999728459,34.5440934052068,2.48068351013662,43.2960949518141,4.41497299809966
pursuit,追踪法,missile_pursuit,missile,2.4345319367011,2062.37180362318,0,1292.46551393257,55.4310535916901,34.5689464083099,0,1000,6534.2821614873,34.5689348385165,2.48760870482014,43.4169624003832,4.42729804779239
pursuit,追踪法,missile_pursuit,missile,2.4445319367011,2070.60501174694,0,1298.14127664921,55.4061426835462,34.5938573164538,0,1000,6520.16555742542,34.593845690743,2.49456733149576,43.5384133472899,4.43968259775662
pursuit,追踪法,missile_pursuit,missile,2.4545319367011,2078.83574795026,0,1303.82062343975,55.3811620206374,34.6188379793626,0,1000,6506.05018932376,34.6188262973495,2.50155961917448,43.6604517895301,4.4521270555725
pursuit,追踪法,missile_pursuit,missile,2.4645319367011,2087.06400373754,0,1309.50356326929,55.3561112651915,34.6438887348085,0,1000,6491.93606143012,34.6438769960997,2.50858579889774,43.7830817595378,4.46463183243389
pursuit,追踪法,missile_pursuit,missile,2.4745319367011,2095.28977056685,0,1315.1901051418,55.3309900771572,34.6690099228428,0,1000,6477.82317801547,34.6689981270777,2.51564610375955,43.9063073255711,4.47719734318764
pursuit,追踪法,missile_pursuit,missile,2.4845319367011,2103.51303984961,0,1320.88025810039,55.3057981140772,34.6942018859228,0,1000,6463.71154337409,34.694190032709,2.52274076892887,44.0301325921022,4.48982400637345
pursuit,追踪法,missile_pursuit,missile,2.4945319367011,2111.73380295022,0,1326.57403122755,55.2805350311321,34.7194649688679,0,1000,6449.60116182378,34.7194530577813,2.52987003167223,44.1545617002136,4.50251224426421
pursuit,追踪法,missile_pursuit,missile,2.5045319367011,2119.95205118571,0,1332.27143364538,55.2552004811757,34.7447995188244,0,1000,6435.49203770604,34.7447875494654,2.53703413137673,44.2795988279983,4.51526248290683
pursuit,追踪法,missile_pursuit,missile,2.5145319367011,2128.16777582538,0,1337.97247451582,55.2297941146461,34.7702058853539,0,1000,6421.3841753862,34.7701938573369,2.54423330957326,44.4052481909656,4.52807515216365
pursuit,追踪法,missile_pursuit,missile,2.5245319367011,2136.38096809048,0,1343.67716304094,55.2043155795277,34.7956844204723,0,1000,6407.27757925365,34.7956723333973,2.55146780996011,44.5315140424529,4.54095068575435
pursuit,追踪法,missile_pursuit,missile,2.5345319367011,2144.5916191538,0,1349.38550846315,55.1787645213164,34.8212354786836,0,1000,6393.172253722,34.8212233320961,2.55873787842676,44.6584006740414,4.55388952129845
pursuit,追踪法,missile_pursuit,missile,2.5445319367011,2152.7997201393,0,1355.09752006547,55.1531405831496,34.8468594168504,0,1000,6379.06820322924,34.8468472103528,2.56604376307813,44.7859124159787,4.5668921003583
pursuit,追踪法,missile_pursuit,missile,2.5545319367011,2161.00526212181,0,1360.81320717176,55.1274434056265,34.8725565943735,0,1000,6364.96543223799,34.8725443275792,2.57338571425902,44.9140536376059,4.5799588684827
pursuit,追踪法,missile_pursuit,missile,2.5645319367011,2169.20823612658,0,1366.53257914701,55.101672626752,34.898327373248,0,1000,6350.8639452356,34.8983150457016,2.58076398457894,45.0428287477907,4.59309027525105
pursuit,追踪法,missile_pursuit,missile,2.5745319367011,2177.40863312893,0,1372.25564539756,55.0758278820954,34.9241721179046,0,1000,6336.76374673443,34.924159729184,2.58817882893726,45.1722421953663,4.60628677431807
pursuit,追踪法,missile_pursuit,missile,2.5845319367011,2185.6064440539,0,1377.98241537139,55.0499088046356,34.9500911953644,0,1000,6322.66484127194,34.9500787450509,2.59563050454866,45.3022984695757,4.61954882345915
pursuit,追踪法,missile_pursuit,missile,2.5945319367011,2193.80165977582,0,1383.71289855835,55.0239150247423,34.9760849752577,0,1000,6308.56723341098,34.9760724629107,2.60311927096894,45.4330021005224,4.63287688461629
pursuit,追踪法,missile_pursuit,missile,2.6045319367011,2201.99427111795,0,1389.44710449045,54.9978461702033,35.0021538297967,0,1000,6294.47092773992,35.0021412549791,2.61064539012117,45.5643576596262,4.64627142394459
pursuit,追踪法,missile_pursuit,missile,2.6145319367011,2210.18426885208,0,1395.1850427421,54.9717018661649,35.0282981338351,0,1000,6280.37592887285,35.028285496103,2.61820912632218,45.6963697600862,4.65973291185942
pursuit,追踪法,missile_pursuit,missile,2.6245319367011,2218.37164369815,0,1400.92672293041,54.9454817351038,35.0545182648962,0,1000,6266.28224144982,35.0545055637846,2.6258107463094,45.8290430573486,4.6732618230842
pursuit,追踪法,missile_pursuit,missile,2.6345319367011,2226.55638632382,0,1406.67215471542,54.9191853968671,35.0808146031329,0,1000,6252.18987013699,35.0808018382055,2.63345051926807,45.9623822495822,4.68685863669879
pursuit,追踪法,missile_pursuit,missile,2.6445319367011,2234.7384873441,0,1412.42134780039,54.8928124685441,35.1071875314559,0,1000,6238.09881962684,35.1071747022518,2.64112871685876,46.0963920781585,4.70052383618856
pursuit,追踪法,missile_pursuit,missile,2.6545319367011,2242.91793732093,0,1418.17431193209,54.8663625645429,35.1336374354571,0,1000,6224.00909463843,35.1336245415384,2.64884561324537,46.23107732814,4.71425790949407
pursuit,追踪法,missile_pursuit,missile,2.6645319367011,2251.09472676277,0,1423.93105690103,54.839835296487,35.160164703513,0,1000,6209.92069991751,35.1601517444347,2.65660148512336,46.3664428287738,4.72806134906149
pursuit,追踪法,missile_pursuit,missile,2.6745319367011,2259.26884612419,0,1429.6915925418,54.8132302731461,35.1867697268539,0,1000,6195.8336402368,35.1867567020897,2.66439661174849,46.5024934539922,4.74193465189358
pursuit,追踪法,missile_pursuit,missile,2.6845319367011,2267.44028580542,0,1435.4559287333,54.7865471006358,35.2134528993642,0,1000,6181.74792039618,35.213439808458,2.67223127496584,46.6392341229198,4.75587831960148
pursuit,追踪法,missile_pursuit,missile,2.6945319367011,2275.60903615199,0,1441.22407539903,54.7597853821556,35.2402146178444,0,1000,6167.6635452229,35.2402014603256,2.6801057592393,46.7766698003882,4.76989285845709
pursuit,追踪法,missile_pursuit,missile,2.7045319367011,2283.77508745425,0,1446.99604250741,54.7329447180525,35.2670552819476,0,1000,6153.58051957177,35.2670420573364,2.6880203516814,46.9148054974564,4.78397877944623
pursuit,追踪法,missile_pursuit,missile,2.7145319367011,2291.93842994695,0,1452.771840072,54.7060247058103,35.2939752941897,0,1000,6139.49884832542,35.2939620020188,2.6959753420836,47.0536462719393,4.7981365983225
pursuit,追踪法,missile_pursuit,missile,2.7245319367011,2300.09905380884,0,1458.55147815188,54.6790249399443,35.3209750600557,0,1000,6125.41853639448,35.3209616998126,2.70397102294693,47.193197228943,4.81236683566183
pursuit,追踪法,missile_pursuit,missile,2.7345319367011,2308.25694916216,0,1464.33496685185,54.651945012116,35.348054987884,0,1000,6111.33958871781,35.3480415590965,2.71200768951307,47.3334635214071,4.82667001691781
pursuit,追踪法,missile_pursuit,missile,2.7445319367011,2316.41210607228,0,1470.12231632279,54.6247845109568,35.3752154890433,0,1000,6097.26201026276,35.375201991215,2.72008563979587,47.4744503506544,4.84104667247779
pursuit,追踪法,missile_pursuit,missile,2.7545319367011,2324.56451454717,0,1475.91353676192,54.5975430221031,35.4024569778969,0,1000,6083.18580602531,35.4024434105072,2.72820517461329,47.6161629669487,4.85549733771968
pursuit,追踪法,missile_pursuit,missile,2.7645319367011,2332.71416453702,0,1481.70863841313,54.5702201282025,35.4297798717975,0,1000,6069.11098103039,35.4297662343342,2.73636659761976,47.7586066700597,4.87002255306957
pursuit,追踪法,missile_pursuit,missile,2.7745319367011,2340.86104593373,0,1487.50763156725,54.5428154088374,35.4571845911626,0,1000,6055.03754033203,35.4571708831083,2.744570215339,47.9017868098353,4.88462286406013
pursuit,追踪法,missile_pursuit,missile,2.7845319367011,2349.00514857047,0,1493.31052656237,54.5153284405229,35.4846715594771,0,1000,6040.96548901366,35.4846577803212,2.75281633719726,48.0457087867826,4.89929882138984
pursuit,追踪法,missile_pursuit,missile,2.7945319367011,2357.14646222121,0,1499.11733378414,54.487758796626,35.512241203374,0,1000,6026.89483218829,35.5122273525736,2.76110527555708,48.1903780526564,4.91405098098295
pursuit,追踪法,missile_pursuit,missile,2.8045319367011,2365.28497660025,0,1504.9280636661,54.4601060474593,35.5398939525407,0,1000,6012.82557499877,35.5398800296048,2.76943734575146,48.3358001110555,4.92887990405036
pursuit,追踪法,missile_pursuit,missile,2.8145319367011,2373.42068136175,0,1510.74272668994,54.4323697600663,35.5676302399337,0,1000,5998.75772261802,35.5676162443222,2.77781286611847,48.4819805180278,4.9437861571513
pursuit,追踪法,missile_pursuit,missile,2.82453193670109,2381.55356609923,0,1516.5613333859,54.4045494983158,35.5954505016842,0,1000,5984.69128024928,35.5954364328319,2.78623215803647,48.6289248826834,4.95877031225581
pursuit,追踪法,missile_pursuit,missile,2.83453193670109,2389.6836203451,0,1522.38389433299,54.3766448229352,35.6233551770648,0,1000,5970.62625312635,35.6233410344692,2.79469554595966,48.7766388678166,4.9738329468082
pursuit,追踪法,missile_pursuit,missile,2.84453193670109,2397.81083357017,0,1528.21042015938,54.3486552912547,35.6513447087453,0,1000,5956.56264651381,35.6513304918294,2.80320335745424,48.925128190536,4.98897464379131
pursuit,追踪法,missile_pursuit,missile,2.85453193670109,2405.93519518314,0,1534.0409215427,54.3205804574145,35.6794195425855,0,1000,5942.50046570733,35.6794052507989,2.81175592323498,49.0743986229034,5.00419599179163
pursuit,追踪法,missile_pursuit,missile,2.86453193670109,2414.05669453012,0,1539.87540921035,54.2924198722086,35.7075801277914,0,1000,5928.43971603384,35.7075657605877,2.82035357720242,49.2244559925823,5.01949758506547
pursuit,追踪法,missile_pursuit,missile,2.87453193670109,2422.1753208941,0,1545.71389393985,54.2641730830364,35.7358269169636,0,1000,5914.38040285184,35.7358124737603,2.82899665648044,49.3753061834947,5.03488002360589
pursuit,追踪法,missile_pursuit,missile,2.88453193670109,2430.29106349447,0,1551.55638655917,54.2358396339672,35.7641603660328,0,1000,5900.32253155166,35.7641458462692,2.8376855014545,49.5269551364874,5.05034391321066
pursuit,追踪法,missile_pursuit,missile,2.89453193670109,2438.40391148646,0,1557.40289794703,54.2074190656163,35.7925809343837,0,1000,5886.26610755567,35.792566337487,2.8464204558103,49.6794088500076,5.06588986555119
pursuit,追踪法,missile_pursuit,missile,2.90453193670109,2446.51385396067,0,1563.25343903329,54.1789109151327,35.8210890848673,0,1000,5872.21113631856,35.8210744102397,2.85520186657308,49.8326733807881,5.08151849824233
pursuit,追踪法,missile_pursuit,missile,2.91453193670109,2454.62087994249,0,1569.10802079924,54.1503147162419,35.8496852837581,0,1000,5858.15762332765,35.8496705308408,2.86403008414739,49.9867548445422,5.09723043491327
pursuit,追踪法,missile_pursuit,missile,2.92453193670109,2462.72497839163,0,1574.96665427797,54.1216299990615,35.8783700009385,0,1000,5844.10557410308,35.8783551691244,2.87290546235747,50.1416594166679,5.11302630527937
pursuit,追踪法,missile_pursuit,missile,2.93453193670109,2470.8261382015,0,1580.82935055471,54.0928562901916,35.9071437098084,0,1000,5830.05499419815,35.9071287984806,2.88182835848822,50.297393332963,5.12890674521503
pursuit,追踪法,missile_pursuit,missile,2.94453193670109,2478.92434819874,0,1586.69612076716,54.0639931126806,35.9360068873194,0,1000,5816.00588919952,35.9359918958895,2.89079913332668,50.4539628903491,5.14487239682757
pursuit,追踪法,missile_pursuit,missile,2.95453193670109,2487.01959714265,0,1592.56697610588,54.0350399859256,35.9649600140745,0,1000,5801.95826472757,35.9649449419569,2.89981815120416,50.6113744476073,5.1609239085322
pursuit,追踪法,missile_pursuit,missile,2.96453193670109,2495.11187372462,0,1598.44192781459,54.0059964255981,35.9940035744019,0,1000,5787.91212643659,35.9939884209497,2.90888578003896,50.7696344261233,5.17706193512803
pursuit,追踪法,missile_pursuit,missile,2.97453193670109,2503.20116656756,0,1604.32098719059,53.9768619437347,36.0231380562654,0,1000,5773.86748001512,36.0231228208323,2.91800239137969,50.9287493106438,5.19328713787519
pursuit,追踪法,missile_pursuit,missile,2.98453193670109,2511.28746422537,0,1610.20416558505,53.9476360487238,36.0523639512762,0,1000,5759.82433118621,36.0523486333026,2.9271683604492,51.0887256500427,5.20960018457299
pursuit,追踪法,missile_pursuit,missile,2.99453193670109,2519.37075518235,0,1616.09147440342,53.9183182449752,36.0816817550248,0,1000,5745.78268570772,36.0816663538297,2.93638406618917,51.2495700581002,5.22600174963929
pursuit,追踪法,missile_pursuit,missile,3.00453193670109,2527.4510278526,0,1621.98292510581,53.8889080332333,36.1110919667667,0,1000,5731.7425493726,36.1110764816906,2.94564989130531,51.4112892142907,5.24249251419096
pursuit,追踪法,missile_pursuit,missile,3.01453193670109,2535.52827057948,0,1627.8785292073,53.8594049104355,36.1405950895645,0,1000,5717.70392800916,36.1405795200084,2.95496622231321,51.5738898645843,5.25907316612546
pursuit,追踪法,missile_pursuit,missile,3.02453193670109,2543.60247163498,0,1633.77829827836,53.8298083695056,36.1701916304944,0,1000,5703.66682748141,36.1701759757906,2.96433344958491,51.737378822258,5.27574440020374
pursuit,追踪法,missile_pursuit,missile,3.03453193670109,2551.67361921913,0,1639.68224394521,53.8001178995041,36.1998821004959,0,1000,5689.63125368933,36.1998663599681,2.97375196739605,51.9017629687201,5.29250691813413
pursuit,追踪法,missile_pursuit,missile,3.04453193670109,2559.74170145942,0,1645.59037789021,53.7703329855542,36.2296670144458,0,1000,5675.59721256919,36.229651187434,2.98322217397377,52.0670492543454,5.30936142865764
pursuit,追踪法,missile_pursuit,missile,3.05453193670109,2567.80670641015,0,1651.50271185221,53.7404531087493,36.2595468912507,0,1000,5661.56471009382,36.2595309770838,2.99274447154533,52.2332446993237,5.32630864763438
pursuit,追踪法,missile_pursuit,missile,3.06453193670109,2575.86862205187,0,1657.41925762699,53.7104777461565,36.2895222538435,0,1000,5647.53375227296,36.2895062518554,3.00231926638732,52.4003563945195,5.34334929813132
pursuit,追踪法,missile_pursuit,missile,3.07453193670109,2583.92743629069,0,1663.34002706758,53.6804063707113,36.3195936292887,0,1000,5633.50434515355,36.3195775387699,3.01194696887574,52.5683915023448,5.36048411051122
pursuit,追踪法,missile_pursuit,missile,3.08453193670109,2591.9831369577,0,1669.26503208473,53.6502384512775,36.3497615487225,0,1000,5619.47649482005,36.349745368973,3.02162799353668,52.737357257645,5.37771382252298
pursuit,追踪法,missile_pursuit,missile,3.09453193670109,2600.03571180832,0,1675.19428464723,53.6199734525742,36.3800265474258,0,1000,5605.45020739474,36.3800102777765,3.03136275909783,52.9072609685969,5.39503917939326
pursuit,追踪法,missile_pursuit,missile,3.10453193670109,2608.08514852166,0,1681.12779678237,53.5896108350009,36.4103891649991,0,1000,5591.42548903807,36.4103728047007,3.04115168854073,53.0781100176209,5.41246093391942
pursuit,追踪法,missile_pursuit,missile,3.11453193670109,2616.13143469984,0,1687.06558057631,53.5591500548435,36.4408499451565,0,1000,5577.40234594898,36.4408334935174,3.05099520915375,53.249911862306,5.42997984656392
pursuit,追踪法,missile_pursuit,missile,3.12453193670109,2624.17455786738,0,1693.00764817447,53.5285905640175,36.4714094359825,0,1000,5563.38078436521,36.4713928922927,3.0608937525859,53.4226740363486,5.44759668554997
pursuit,追踪法,missile_pursuit,missile,3.13453193670109,2632.2145054705,0,1698.954011782,53.4979318100755,36.5020681899245,0,1000,5549.36081056365,36.5020515534315,3.07084775490139,53.596404150505,5.46531222695875
pursuit,追踪法,missile_pursuit,missile,3.14453193670109,2640.25126487648,0,1704.90468366414,53.4671732362462,36.5328267637538,0,1000,5535.34243086066,36.5328100337216,3.08085765663506,53.7711098935587,5.48312725482797
pursuit,追踪法,missile_pursuit,missile,3.15453193670109,2648.28482337293,0,1710.85967614665,53.4363142813067,36.5636857186933,0,1000,5521.32565161243,36.5636688943787,3.09092390284858,53.9467990333011,5.50104256125191
pursuit,追踪法,missile_pursuit,missile,3.16453193670109,2656.31516816717,0,1716.81900161624,53.4053543795642,36.5946456204358,0,1000,5507.31047921531,36.5946287010918,3.1010469431875,54.1234794175274,5.51905894648299
pursuit,追踪法,missile_pursuit,missile,3.17453193670109,2664.34228638548,0,1722.78267252099,53.3742929607576,36.6257070392424,0,1000,5493.29692010616,36.6256900240699,3.11122723193917,54.3011589750477,5.53717721903481
pursuit,追踪法,missile_pursuit,missile,3.18453193670109,2672.36616507242,0,1728.75070137078,53.3431294501903,36.6568705498097,0,1000,5479.28498076269,36.6568534380881,3.12146522809151,54.4798457167126,5.5553981957868
pursuit,追踪法,missile_pursuit,missile,3.19453193670109,2680.38679119015,0,1734.7231007377,53.3118632684365,36.6881367315636,0,1000,5465.27466770382,36.6881195225351,3.13176139539267,54.659547736454,5.57372270209032
pursuit,追踪法,missile_pursuit,missile,3.20453193670109,2688.40415161766,0,1740.69988325654,53.2804938313528,36.7195061686472,0,1000,5451.26598749007,36.7194888614611,3.14211620241157,54.8402732123425,5.59215157187648
pursuit,追踪法,missile_pursuit,missile,3.21453193670109,2696.41823315007,0,1746.68106162518,53.249020550255,36.750979449745,0,1000,5437.25894672387,36.7509620436266,3.15253012259938,55.0220304076596,5.61068564776551
pursuit,追踪法,missile_pursuit,missile,3.22453193670109,2704.4290224979,0,1752.66664860503,53.2174428316306,36.7825571683694,0,1000,5423.25355204995,36.7825396625511,3.1630036343519,55.2048276719875,5.62932578117782
pursuit,追踪法,missile_pursuit,missile,3.23453193670109,2712.43650628635,0,1758.65665702153,53.1857600770892,36.8142399229108,0,1000,5409.24981015573,36.814222316563,3.17353722107292,55.3886734423137,5.64807283244672
pursuit,追踪法,missile_pursuit,missile,3.24453193670109,2720.44067105449,0,1764.65109976455,53.1539716834368,36.8460283165632,0,1000,5395.24772777166,36.8460106088501,3.1841313712385,55.5735762441537,5.66692767093285
pursuit,追踪法,missile_pursuit,missile,3.25453193670109,2728.44150325456,0,1770.64998978887,53.1220770426076,36.8779229573924,0,1000,5381.24731167162,36.8779051475107,3.19478657846224,55.7595446926903,5.68589117514037
pursuit,追踪法,missile_pursuit,missile,3.26453193670109,2736.4389892512,0,1776.65334011464,53.0900755415148,36.9099244584852,0,1000,5367.2485686733,36.9099065456051,3.20550334156158,55.94658749393,5.70496423283486
pursuit,追踪法,missile_pursuit,missile,3.27453193670109,2744.43311532064,0,1782.66116382784,53.0579665620472,36.9420334379528,0,1000,5353.25150563858,36.9420154212079,3.21628216462506,56.1347134458777,5.72414774116316
pursuit,追踪法,missile_pursuit,missile,3.28453193670109,2752.42386764993,0,1788.67347408074,53.0257494810849,36.9742505189151,0,1000,5339.25612947394,36.9742323974616,3.22712355708065,56.3239314397285,5.74344260677484
pursuit,追踪法,missile_pursuit,missile,3.29453193670108,2760.41123233618,0,1794.69028409239,52.9934236703533,37.0065763296467,0,1000,5325.26244713081,37.0065581026297,3.2380280337651,56.5142504610792,5.76284974594578
pursuit,追踪法,missile_pursuit,missile,3.30453193670108,2768.39519538571,0,1800.71160714908,52.9609884963793,37.0390115036207,0,1000,5311.27046560604,37.0389931701514,3.24899611499439,56.7056795911564,5.78237008470338
pursuit,追踪法,missile_pursuit,missile,3.31453193670108,2776.37574271329,0,1806.73745660485,52.9284433204965,37.0715566795035,0,1000,5297.28019194225,37.071538238697,3.26002832663523,56.8982280080659,5.80200455895397
pursuit,追踪法,missile_pursuit,missile,3.32453193670108,2784.35286014127,0,1812.76784588193,52.8957874987761,37.1042125012239,0,1000,5283.29163322826,37.1041939522232,3.27112520017769,57.0919049880593,5.82175411461196
pursuit,追踪法,missile_pursuit,missile,3.33453193670108,2792.32653339881,0,1818.80278847127,52.8630203818484,37.1369796181516,0,1000,5269.3047965995,37.1369609600302,3.28228727280896,57.2867199068218,5.84161970773116
pursuit,追踪法,missile_pursuit,missile,3.34453193670108,2800.29674812096,0,1824.84229793302,52.8301413150181,37.169858684982,0,1000,5255.31968923842,37.1698399168189,3.29351508748823,57.4826822407787,5.86160230463805
pursuit,追踪法,missile_pursuit,missile,3.35453193670108,2808.26348984792,0,1830.88638789703,52.7971496381454,37.2028503618546,0,1000,5241.33631837494,37.2028314827488,3.30480919302275,57.6798015684238,5.88170288206715
pursuit,追踪法,missile_pursuit,missile,3.36453193670108,2816.22674402408,0,1836.93507206335,52.7640446855136,37.2359553144864,0,1000,5227.35469128686,37.2359363234973,3.31617014414508,57.8780875716666,5.90192242729848
pursuit,追踪法,missile_pursuit,missile,3.37453193670108,2824.18649599722,0,1842.98836420274,52.7308257858826,37.2691742141174,0,1000,5213.37481530029,37.2691551103188,3.32759850159156,58.0775500372025,5.92226193829723
pursuit,追踪法,missile_pursuit,missile,3.38453193670108,2832.14273101762,0,1849.0462781572,52.6974922623345,37.3025077376655,0,1000,5199.39669779009,37.3024885201056,3.33909483218198,58.2781988579031,5.94272242385556
pursuit,追踪法,missile_pursuit,missile,3.39453193670108,2840.09543423715,0,1855.10882784046,52.6640434322651,37.3359565677349,0,1000,5185.42034618033,37.3359372354488,3.35065970890053,58.480044034229,5.96330490373664
pursuit,追踪法,missile_pursuit,missile,3.40453193670108,2848.04459070839,0,1861.17602723852,52.6304786073035,37.3695213926965,0,1000,5171.4457679447,37.3695019447007,3.36229371097801,58.6830956756648,5.98401040882104
pursuit,追踪法,missile_pursuit,missile,3.41453193670108,2855.99018538374,0,1867.24789041019,52.5967970933023,37.4032029066977,0,1000,5157.47297060703,37.4031833420374,3.37399742397533,58.8873640021765,6.00483998125522
pursuit,追踪法,missile_pursuit,missile,3.42453193670108,2863.93220311446,0,1873.32443148757,52.5629981901554,37.4370018098446,0,1000,5143.50196174167,37.4369821275225,3.38577143986838,59.0928593456925,6.02579467460269
pursuit,追踪法,missile_pursuit,missile,3.43453193670108,2871.87062864977,0,1879.40566467666,52.5290811918451,37.4709188081549,0,1000,5129.53274897401,37.470899007172,3.3976163571342,59.2995921516073,6.04687555399726
pursuit,追踪法,missile_pursuit,missile,3.44453193670108,2879.80544663593,0,1885.49160425785,52.495045386309,37.504954613691,0,1000,5115.56533998094,37.5049346930193,3.4095327808385,59.50757298031,6.06808369629894
pursuit,追踪法,missile_pursuit,missile,3.45453193670108,2887.73664161523,0,1891.5822645865,52.4608900554053,37.5391099445947,0,1000,5101.59974249129,37.5390899031819,3.42152132272465,59.7168125087367,6.08942019025219
pursuit,追踪法,missile_pursuit,missile,3.46453193670108,2895.66419802509,0,1897.67766009346,52.4266144749231,37.5733855250769,0,1000,5087.63596428635,37.5733653619286,3.43358260130406,59.9273215319476,6.11088613664683
pursuit,追踪法,missile_pursuit,missile,3.47453193670108,2903.58810019706,0,1903.77780528565,52.3922179143138,37.6077820856862,0,1000,5073.67401320037,37.6077617997475,3.44571724194797,60.1391109647301,6.1324826484814
pursuit,追踪法,missile_pursuit,missile,3.48453193670108,2911.50833235582,0,1909.88271474662,52.3576996367985,37.6423003632015,0,1000,5059.71389712099,37.6422799534148,3.45792587698075,60.3521918432265,6.15421085112923
pursuit,追踪法,missile_pursuit,missile,3.49453193670108,2919.42487861823,0,1915.99240313712,52.3230588992064,37.6769411007936,0,1000,5045.75562398978,37.6769205660655,3.47020914577473,60.5665753265889,6.17607188250716
pursuit,追踪法,missile_pursuit,missile,3.50453193670108,2927.33772299227,0,1922.10688519568,52.2882949520097,37.7117050479903,0,1000,5031.79920180276,37.7116843872637,3.48256769484649,60.7822726986605,6.19806689324698
pursuit,追踪法,missile_pursuit,missile,3.51453193670108,2935.24684937607,0,1928.22617573915,52.2534070391044,37.7465929608956,0,1000,5017.84463861087,37.746572173075,3.4950021779548,60.999295369684,6.22019704686963
pursuit,追踪法,missile_pursuit,missile,3.52453193670108,2943.15224155682,0,1934.35028966335,52.2183943977997,37.7816056022003,0,1000,5003.89194252049,37.7815846861391,3.50751325620004,61.2176548780381,6.24246351996228
pursuit,追踪法,missile_pursuit,missile,3.53453193670108,2951.0538832098,0,1940.47924194361,52.1832562588613,37.8167437411387,0,1000,4989.941121694,37.8167226957438,3.52010159812535,61.4373628920016,6.26486750235826
pursuit,追踪法,missile_pursuit,missile,3.54453193670108,2958.95175789726,0,1946.61304763538,52.1479918462375,37.8520081537625,0,1000,4975.99218435027,37.8519869779,3.53276787981933,61.6584312115467,6.28741019731985
pursuit,追踪法,missile_pursuit,missile,3.55453193670108,2966.84584906739,0,1952.75172187484,52.1126003771105,37.8873996228895,0,1000,4962.04513876521,37.8873783154177,3.54551278502051,61.8808717701619,6.31009282172422
pursuit,追踪法,missile_pursuit,missile,3.56453193670108,2974.73614005321,0,1958.89527987949,52.0770810617851,37.9229189382149,0,1000,4948.0999932723,37.9228974979829,3.55833700522346,62.104696636704,6.33291660625228
pursuit,追踪法,missile_pursuit,missile,3.57453193670108,2982.6226140715,0,1965.04373694878,52.041433103588,37.958566896412,0,1000,4934.15675626315,37.9585453222358,3.57124123978665,62.3299180172814,6.35588279558069
pursuit,追踪法,missile_pursuit,missile,3.58453193670108,2990.50525422169,0,1971.19710846474,52.0056556988331,37.9943443011669,0,1000,4920.21543618806,37.99432259185,3.58422619604217,62.5565482571675,6.37899264857699
pursuit,追踪法,missile_pursuit,missile,3.59453193670108,2998.38404348471,0,1977.35540989256,51.9697480367385,38.0302519632615,0,1000,4906.27604155655,38.0302301176128,3.59729258940713,62.7845998427469,6.40224743849805
pursuit,追踪法,missile_pursuit,missile,3.60453193670108,3006.2589647219,0,1983.51865678127,51.9337092993078,38.0662907006922,0,1000,4892.33858093795,38.0662687175063,3.61044114349704,63.0140854034924,6.4256484531917
pursuit,追踪法,missile_pursuit,missile,3.61453193670108,3014.13000067382,0,1989.68686476434,51.8975386612527,38.1024613387473,0,1000,4878.40306296199,38.1024392167906,3.62367259024094,63.2450177139757,6.44919699530173
pursuit,追踪法,missile_pursuit,missile,3.62453193670108,3021.99713395912,0,1995.86004956036,51.8612352899372,38.1387647100628,0,1000,4864.46949631934,38.1387424480869,3.63698766999856,63.4774096959118,6.47289438247636
pursuit,追踪法,missile_pursuit,missile,3.63453193670108,3029.86034707335,0,2002.03822697366,51.8247983452848,38.1752016547152,0,1000,4850.53788976223,38.1751792514627,3.65038713167936,63.7112744202366,6.49674194758012
pursuit,追踪法,missile_pursuit,missile,3.64453193670108,3037.71962238774,0,2008.22141289496,51.7882269797151,38.2117730202849,0,1000,4836.60825210503,38.2117504745179,3.66387173286361,63.94662510922,6.52074103890932
pursuit,追踪法,missile_pursuit,missile,3.65453193670108,3045.57494214808,0,2014.40962330207,51.7515203379465,38.2484796620535,0,1000,4822.68059222486,38.2484569724719,3.67744223992544,64.1834751386142,6.54489302041107
pursuit,追踪法,missile_pursuit,missile,3.66453193670108,3053.42628847338,0,2020.60287426053,51.7146775570167,38.2853224429833,0,1000,4808.75491906221,38.2852996082526,3.69109942815805,64.4218380398378,6.56919927190609
pursuit,追踪法,missile_pursuit,missile,3.67453193670108,3061.27364335474,0,2026.80118192429,51.6776977662786,38.3223022337214,0,1000,4794.83124162153,38.3222792525858,3.7048440819009,64.6617275021972,6.59366118931513
pursuit,追踪法,missile_pursuit,missile,3.68453193670108,3069.11698865405,0,2033.00456253638,51.6405800869962,38.3594199130038,0,1000,4780.90956897188,38.3593967840864,3.71867699466922,64.9031573751456,6.61828018488939
pursuit,追踪法,missile_pursuit,missile,3.69453193670108,3076.95630610271,0,2039.21303242965,51.6033236325942,38.3966763674058,0,1000,4766.98991024755,38.3966530893509,3.73259896928554,65.1461416705793,6.64305768744467
pursuit,追踪法,missile_pursuit,missile,3.70453193670108,3084.7915773004,0,2045.42660802738,51.5659275084579,38.4340724915421,0,1000,4753.0722746487,38.4340490630514,3.74661081801354,65.3906945651744,6.6679951425996
pursuit,追踪法,missile_pursuit,missile,3.71453193670108,3092.62278371373,0,2051.64530584405,51.5283908116411,38.4716091883589,0,1000,4739.15667144204,38.47158560803,3.76071336269424,65.6368304027622,6.69309401301792
pursuit,追踪法,missile_pursuit,missile,3.72453193670108,3100.44990667496,0,2057.86914248604,51.4907126310105,38.5092873689895,0,1000,4725.24310996142,38.5092636353959,3.77490743488437,65.8845636967457,6.71835577865486
pursuit,追踪法,missile_pursuit,missile,3.73453193670108,3108.27292738064,0,2064.09813465232,51.4528920471074,38.5471079528926,0,1000,4711.33159960858,38.5470840646229,3.78919387599721,66.1339091325571,6.74378193700775
pursuit,追踪法,missile_pursuit,missile,3.74453193670108,3116.09182689029,0,2070.33229913518,51.4149281320306,38.5850718679694,0,1000,4697.42214985376,38.5850478236491,3.80357353744586,66.3848815701581,6.76937400337099
pursuit,追踪法,missile_pursuit,missile,3.75453193670107,3123.90658612504,0,2076.57165282097,51.3768199491738,38.6231800508262,0,1000,4683.51477023638,38.623155848977,3.81804728078888,66.6374960465824,6.79513351109527
pursuit,追踪法,missile_pursuit,missile,3.76453193670107,3131.71718586621,0,2082.81621269086,51.3385665533554,38.6614334466446,0,1000,4669.6094703658,38.6614090857762,3.83261597787855,66.8917677785228,6.82106201185143
pursuit,追踪法,missile_pursuit,missile,3.77453193670107,3139.52360675396,0,2089.06599582153,51.3001669906932,38.6998330093068,0,1000,4655.70625992192,38.6998084879869,3.8472805110116,67.1477121649624,6.84716107589875
pursuit,追踪法,missile_pursuit,missile,3.78453193670107,3147.32582928583,0,2095.32101938595,51.2616202983055,38.7383797016945,0,1000,4641.80514865599,38.7383550184251,3.86204177308266,67.4053447898521,6.87343229235795
pursuit,追踪法,missile_pursuit,missile,3.79453193670107,3155.12383381533,0,2101.58130065415,51.2229255043479,38.7770744956521,0,1000,4627.90614639124,38.7770496488893,3.87690066774025,67.6646814248341,6.89987726948898
pursuit,追踪法,missile_pursuit,missile,3.80453193670107,3162.91760055049,0,2107.84685699399,51.1840816279433,38.8159183720567,0,1000,4614.00926302366,38.8158933602691,3.89185810954562,67.9257380320132,6.92649763497354
pursuit,追踪法,missile_pursuit,missile,3.81453193670107,3170.70710955239,0,2114.11770587191,51.1450876790021,38.8549123209979,0,1000,4600.11450852271,38.8548871426549,3.90691502413426,68.1885307667765,6.95329503620263
pursuit,追踪法,missile_pursuit,missile,3.82453193670107,3178.49234073363,0,2120.39386485371,51.1059426580767,38.8940573419233,0,1000,4586.22189293209,38.8940319954494,3.92207234838031,68.4530759806624,6.98027114056915
pursuit,追踪法,missile_pursuit,missile,3.83453193670107,3186.27327385688,0,2126.67535160538,51.0666455563173,38.9333544436827,0,1000,4572.33142637046,38.933328927481,3.93733103056383,68.7193902242803,7.00742763576556
pursuit,追踪法,missile_pursuit,missile,3.84453193670107,3194.04988853332,0,2132.96218389387,51.0271953553348,38.9728046446652,0,1000,4558.44311903225,38.9727789571187,3.95269203054103,68.9874902502813,7.03476623008686
pursuit,追踪法,missile_pursuit,missile,3.85453193670107,3201.82216422108,0,2139.25437958789,50.9875910270712,39.0124089729288,0,1000,4544.55698118837,39.0123831123885,3.9681563199175,69.2573930163818,7.06228865273888
pursuit,追踪法,missile_pursuit,missile,3.86453193670107,3209.5900802237,0,2145.55195665875,50.9478315337589,39.0521684662411,0,1000,4530.67302318705,39.0521424310921,3.98372488222449,69.5291156884407,7.08999665415211
pursuit,追踪法,missile_pursuit,missile,3.87453193670107,3217.35361568853,0,2151.85493318114,50.9079158276596,39.0920841723404,0,1000,4516.79125545464,39.0920579609269,3.99939871309839,69.802675643591,7.11789200630093
pursuit,追踪法,missile_pursuit,missile,3.88453193670107,3225.11274960512,0,2158.16332733403,50.8678428510038,39.1321571489962,0,1000,4502.91168849635,39.1321307596077,4.01517882046331,70.078090473427,7.14597650302877
pursuit,追踪法,missile_pursuit,missile,3.89453193670107,3232.86746080357,0,2164.47715740143,50.8276115359409,39.1723884640591,0,1000,4489.03433289712,39.172361894991,4.03106622471701,70.3553779872494,7.17425196037886
pursuit,追踪法,missile_pursuit,missile,3.90453193670107,3240.61772795291,0,2170.7964417733,50.7872208043025,39.2127791956975,0,1000,4475.15919932245,39.2127524452004,4.04706195892008,70.6345562153669,7.20272021693105
pursuit,追踪法,missile_pursuit,missile,3.91453193670107,3248.36352955941,0,2177.12119894638,50.7466695675743,39.2533304324257,0,1000,4461.2862985192,39.2533034987542,4.06316706898864,70.9156434124593,7.23138313414462
pursuit,追踪法,missile_pursuit,missile,3.92453193670107,3256.1048439649,0,2183.45144752506,50.7059567266898,39.2940432733102,0,1000,4447.41564131646,39.2940161546949,4.07938261389033,71.1986580609987,7.26024259670721
pursuit,追踪法,missile_pursuit,missile,3.93453193670107,3263.84164934501,0,2189.78720622224,50.665081171911,39.3349188280889,0,1000,4433.5472386264,39.3348915227207,4.09570966584401,71.4836188747347,7.2893005128902
pursuit,追踪法,missile_pursuit,missile,3.94453193670107,3271.57392370749,0,2196.12849386025,50.6240417827488,39.3759582172512,0,1000,4419.68110144516,39.3759307233193,4.11214931052298,71.7705448022408,7.31855881491037
pursuit,追踪法,missile_pursuit,missile,3.95453193670107,3279.3016448904,0,2202.4753293717,50.5828374277439,39.4171625722561,0,1000,4405.8172408537,39.4171348879031,4.12870264726194,72.059455030527,7.34801945929823
pursuit,追踪法,missile_pursuit,missile,3.96453193670107,3287.02479056034,0,2208.82773180042,50.5414669644379,39.4585330355621,0,1000,4391.95566801874,39.4585051589472,4.14537078926766,72.3503689887166,7.37768442727299
pursuit,追踪法,missile_pursuit,missile,3.97453193670107,3294.74333821064,0,2215.18572030232,50.4999292390807,39.5000707609193,0,1000,4378.09639419359,39.5000426901288,4.16215486383354,72.6433063517916,7.40755572512444
pursuit,追踪法,missile_pursuit,missile,3.98453193670107,3302.4572651595,0,2221.54931414638,50.4582230866373,39.5417769133627,0,1000,4364.23943071915,39.5417486464695,4.17905601255813,72.9382870444049,7.43763538460177
pursuit,追踪法,missile_pursuit,missile,3.99453193670107,3310.1665485482,0,2227.91853271552,50.4163473306104,39.5836526693896,0,1000,4350.38478902481,39.5836242044793,4.19607539156759,73.2353312447647,7.46792546330956
pursuit,追踪法,missile_pursuit,missile,4.00453193670107,3317.87116533911,0,2234.29339550756,50.3743007828031,39.6256992171969,0,1000,4336.53248062935,39.625670552303,4.21321417174226,73.5344593885882,7.49842804511104
pursuit,追踪法,missile_pursuit,missile,4.01453193670107,3325.57109231389,0,2240.67392213618,50.3320822432784,39.6679177567216,0,1000,4322.68251714196,39.6678888898692,4.23047353894747,73.83569217313,7.52914524053882
pursuit,追踪法,missile_pursuit,missile,4.02453193670107,3333.26630607147,0,2247.06013233187,50.2896905001179,39.7103094998821,0,1000,4308.83491026317,39.7102804290407,4.24785469426861,74.1390505612843,7.5600791872132
pursuit,追踪法,missile_pursuit,missile,4.03453193670107,3340.95678302611,0,2253.45204594288,50.2471243293531,39.7528756706469,0,1000,4294.98967178585,39.7528463937683,4.26535885425045,74.4445557857633,7.59123205026827
pursuit,追踪法,missile_pursuit,missile,4.04453193670107,3348.64249940545,0,2259.84968293625,50.2043824947608,39.7956175052392,0,1000,4281.14681359618,39.7955880202469,4.28298725114111,74.7522293533536,7.62260602278592
pursuit,追踪法,missile_pursuit,missile,4.05453193670107,3356.32343124844,0,2266.25306339874,50.161463747742,39.838536252258,0,1000,4267.30634767468,39.8385065570731,4.30074113314042,75.0620930492521,7.65420332623802
pursuit,追踪法,missile_pursuit,missile,4.06453193670107,3363.99955440334,0,2272.66220753787,50.1183668270831,39.8816331729169,0,1000,4253.46828609724,39.8816032654063,4.31862176465301,75.3741689414828,7.68602621093674
pursuit,追踪法,missile_pursuit,missile,4.07453193670107,3371.6708445256,0,2279.07713568291,50.0750904589091,39.9249095410909,0,1000,4239.6326410361,39.9248794191322,4.33663042654619,75.688479385397,7.71807695649351
pursuit,追踪法,missile_pursuit,missile,4.08453193670107,3379.33727707582,0,2285.4978682859,50.0316333563934,39.9683666436066,0,1000,4225.799424761,39.9683363050286,4.35476841641253,76.0050470282581,7.75035787228647
pursuit,追踪法,missile_pursuit,missile,4.09453193670107,3386.99882731755,0,2291.9244259227,49.9879942196285,40.0120057803715,0,1000,4211.96864964013,40.0119752229337,4.37303704883762,76.3238948139126,7.78287129793687
pursuit,追踪法,missile_pursuit,missile,4.10453193670107,3394.65547031521,0,2298.35682929403,49.9441717355631,40.0558282644369,0,1000,4198.1403281413,40.0557974859181,4.39143765567272,76.64504598755,7.81561960379436
pursuit,追踪法,missile_pursuit,missile,4.11453193670107,3402.30718093184,0,2304.7950992265,49.9001645776993,40.0998354223007,0,1000,4184.31447283299,40.0998044204579,4.40997158631267,76.9685241005534,7.84860519143167
pursuit,追踪法,missile_pursuit,missile,4.12453193670107,3409.95393382691,0,2311.23925667369,49.8559714059067,40.1440285940932,0,1000,4170.49109638545,40.1439973666124,4.42864020797909,77.2943530154417,7.88183049414853
pursuit,追踪法,missile_pursuit,missile,4.13453193670107,3417.59570345404,0,2317.68932271723,49.8115908663381,40.1884091336619,0,1000,4156.67021157189,40.1883776782033,4.447444906009,77.6225569109069,7.91529797748537
pursuit,追踪法,missile_pursuit,missile,4.14453193670107,3425.23246405877,0,2324.14531856788,49.7670215912301,40.2329784087699,0,1000,4142.85183126952,40.2329467229975,4.46638708414891,77.9531602869476,7.94901013974676
pursuit,追踪法,missile_pursuit,missile,4.15453193670107,3432.8641896762,0,2330.60726556663,49.7222621986182,40.2777378013818,0,1000,4129.03596846081,40.2777058828927,4.48546816485467,78.2861879701018,7.98296951253504
pursuit,追踪法,missile_pursuit,missile,4.16453193670107,3440.49085412867,0,2337.07518518582,49.6773112922981,40.3226887077019,0,1000,4115.22263623457,40.3226565541059,4.50468958959696,78.6216651187791,8.01717866129403
pursuit,追踪法,missile_pursuit,missile,4.17453193670107,3448.11243102337,0,2343.54909903023,49.6321674614943,40.3678325385057,0,1000,4101.41184778722,40.3678001473653,4.52405281917286,78.959617228698,8.05164018586347
pursuit,追踪法,missile_pursuit,missile,4.18453193670107,3455.72889374993,0,2350.02902883827,49.5868292806805,40.4131707193195,0,1000,4087.60361642394,40.4131380881048,4.54355933402326,79.3000701384268,8.08635672104407
pursuit,追踪法,missile_pursuit,missile,4.19453193670107,3463.34021547795,0,2356.51499648307,49.5412953095348,40.4587046904652,0,1000,4073.79795555993,40.4586718166624,4.56321063455664,79.6430500350331,8.12133093717357
pursuit,追踪法,missile_pursuit,missile,4.20453193670107,3470.94636915458,0,2363.00702397368,49.4955640926134,40.5044359073866,0,1000,4059.99487872162,40.5044027884816,4.58300824147901,79.988583459844,8.15656554071411
pursuit,追踪法,missile_pursuit,missile,4.21453193670107,3478.54732750193,0,2369.5051334562,49.4496341590707,40.5503658409293,0,1000,4046.19439954794,40.5503324743154,4.60295369613037,80.3366973143175,8.192063274851
pursuit,追踪法,missile_pursuit,missile,4.22453193670106,3486.14306301456,0,2376.00934721502,49.4035040226064,40.5964959773936,0,1000,4032.39653179163,40.5964623604353,4.62304856082781,80.6874188660306,8.22782692010325
pursuit,追踪法,missile_pursuit,missile,4.23453193670106,3493.73354795688,0,2382.51968767396,49.3571721812047,40.6428278187953,0,1000,4018.60128932047,40.6427939488419,4.64329441921527,81.0407757547842,8.26385929494621
pursuit,追踪法,missile_pursuit,missile,4.24453193670106,3501.31875436051,0,2389.03617739751,49.310637116906,40.689362883094,0,1000,4004.80868611865,40.6893287574805,4.66369287662026,81.3967959988293,8.30016325644632
pursuit,追踪法,missile_pursuit,missile,4.25453193670106,3508.89865402166,0,2395.55883909205,49.2638972955071,40.7361027044929,0,1000,3991.01873628808,40.7360683204598,4.6842455604177,81.7555080012159,8.33674170090866
pursuit,追踪法,missile_pursuit,missile,4.26453193670106,3516.47321849834,0,2402.08769560709,49.2169511664867,40.7830488335133,0,1000,3977.23145404974,40.7830141882737,4.7049541204008,82.1169405562677,8.37359756453709
pursuit,追踪法,missile_pursuit,missile,4.27453193670106,3524.04241910771,0,2408.62276993649,49.1697971627575,40.8302028372425,0,1000,3963.44685374505,40.8301679280278,4.72582022915953,82.4811228561867,8.41073382410779
pursuit,追踪法,missile_pursuit,missile,4.28453193670106,3531.60622692325,0,2415.16408521977,49.122433700278,40.877566299722,0,1000,3949.66494983729,40.8775311236694,4.74684558246654,82.8480844977891,8.44815349765609
pursuit,追踪法,missile_pursuit,missile,4.29453193670106,3539.16461277191,0,2421.71166474333,49.074859177995,40.925140822005,0,1000,3935.88575691295,40.9251053762208,4.76803189967083,83.2178554893759,8.48585964517709
pursuit,追踪法,missile_pursuit,missile,4.30453193670106,3546.71754723131,0,2428.2655319418,49.027071977571,40.9729280224291,0,1000,3922.10928968325,40.9728923040175,4.78938092409936,83.5904662577425,8.52385536934045
pursuit,追踪法,missile_pursuit,missile,4.31453193670106,3554.26500062679,0,2434.82571039929,48.9790704630305,41.0209295369695,0,1000,3908.33556298551,41.0208935429499,4.81089442346671,83.9659476553284,8.56214381621944
pursuit,追踪法,missile_pursuit,missile,4.32453193670106,3561.80694302845,0,2441.39222385076,48.9308529806193,41.0691470193807,0,1000,3894.56459178468,41.0691107467089,4.83257419029304,84.3443309675126,8.6007281760349
pursuit,追踪法,missile_pursuit,missile,4.33453193670106,3569.34334424819,0,2447.96509618331,48.8824178586406,41.1175821413594,0,1000,3880.79639117481,41.1175455870369,4.85442204233059,84.7256479200563,8.63961168391411
pursuit,追踪法,missile_pursuit,missile,4.34453193670106,3576.87417383666,0,2454.54435143754,48.8337634069229,41.1662365930771,0,1000,3867.03097638058,41.1661997539814,4.87643982299872,85.1099306866973,8.67879762066529
pursuit,追踪法,missile_pursuit,missile,4.35453193670106,3584.39940108014,0,2461.13001380894,48.7848879168317,41.2151120831683,0,1000,3853.26836275884,41.2150749561545,4.89862940182799,85.4972118968988,8.71828931356771
pursuit,追踪法,missile_pursuit,missile,4.36453193670106,3591.91899499748,0,2467.72210764922,48.7357896609205,41.2642103390795,0,1000,3839.50856580017,41.2641729209958,4.9209926749132,85.8875246437582,8.75809013717816
pursuit,追踪法,missile_pursuit,missile,4.37453193670106,3599.43292433685,0,2474.32065746774,48.6864668925689,41.3135331074311,0,1000,3825.75160113048,41.3134953950409,4.94353156537579,86.2809024920769,8.79820351415386
pursuit,追踪法,missile_pursuit,missile,4.38453193670106,3606.94115757258,0,2480.92568793291,48.6369178458091,41.3630821541909,0,1000,3811.99748451262,41.3630441441936,4.9662480238358,86.6773794865966,8.83863291609231
pursuit,追踪法,missile_pursuit,missile,4.39453193670106,3614.44366290182,0,2487.53722387361,48.5871407350706,41.4128592649294,0,1000,3798.246231848,41.4128209540032,4.98914402889348,87.0769901604064,8.87938186438859
pursuit,追踪法,missile_pursuit,missile,4.40453193670106,3621.94040824127,0,2494.1552902806,48.5371337548654,41.4628662451346,0,1000,3784.49785917827,41.4628276299471,5.01222158762099,87.4797695435237,8.92045393111039
pursuit,追踪法,missile_pursuit,missile,4.41453193670106,3629.43136122381,0,2500.77991230805,48.48689507942,41.51310492058,0,1000,3770.752382687,41.513065997718,5.03548273606423,87.8857531716535,8.96185273989114
pursuit,追踪法,missile_pursuit,missile,4.42453193670106,3636.91648919503,0,2507.41111527493,48.4364228624411,41.5635771375589,0,1000,3757.0098187014,41.5635379035159,5.05892953975528,88.294977095131,9.00358196684199
pursuit,追踪法,missile_pursuit,missile,4.43453193670106,3644.39575920977,0,2514.04892466656,48.3857152369077,41.6142847630923,0,1000,3743.27018369403,41.6142452143457,5.08256409423532,88.7074778880497,9.04564534148254
pursuit,追踪法,missile_pursuit,missile,4.44453193670106,3651.86913802862,0,2520.69336613606,48.3347703146979,41.6652296853021,0,1000,3729.5334942846,41.6651898183201,5.10638852558883,89.1232926575837,9.08804664769149
pursuit,追踪法,missile_pursuit,missile,4.45453193670106,3659.33659211432,0,2527.34446550593,48.2835861861725,41.7164138138275,0,1000,3715.79976724175,41.7163736249675,5.13040499098874,89.5424590535036,9.13078972467699
pursuit,追踪法,missile_pursuit,missile,4.46453193670106,3666.79808762808,0,2534.00224876953,48.2321609200374,41.7678390799626,0,1000,3702.06901948487,41.7677985655458,5.15461567925338,89.9650152778954,9.1738784679677
pursuit,追踪法,missile_pursuit,missile,4.47453193670106,3674.25359042595,0,2540.66674209268,48.1804925629363,41.8195074370637,0,1000,3688.34126808594,41.8194665933619,5.17902281141495,90.3910000950843,9.21731683042469
pursuit,追踪法,missile_pursuit,missile,4.48453193670106,3681.70306605502,0,2547.33797181521,48.1285791391401,41.8714208608599,0,1000,3674.6165302714,41.8713796840962,5.20362864130032,90.8204528417696,9.26110882327498
pursuit,追踪法,missile_pursuit,missile,4.49453193670106,3689.14647974963,0,2554.01596445255,48.0764186502302,41.9235813497698,0,1000,3660.89482342409,41.9235398361339,5.22843545612408,91.2534134373767,9.30525851716709
pursuit,追踪法,missile_pursuit,missile,4.50453193670106,3696.58379642751,0,2560.70074669736,48.0240090746646,41.9759909253354,0,1000,3647.17616508516,41.9759490709019,5.2534455770943,91.6899223946291,9.34977004324913
pursuit,追踪法,missile_pursuit,missile,4.51453193670106,3704.01498068579,0,2567.39234542113,47.9713483675669,42.0286516324331,0,1000,3633.46057295602,42.0286094332118,5.27866136003132,92.1300208303483,9.39464759427004
pursuit,追踪法,missile_pursuit,missile,4.52453193670106,3711.43999679708,0,2574.09078767584,47.9184344604185,42.0815655395815,0,1000,3619.74806490037,42.0815229916087,5.30408519599987,92.5737504764865,9.43989542570465
pursuit,追踪法,missile_pursuit,missile,4.53453193670106,3718.85880870539,0,2580.79610069561,47.8652652604353,42.1347347395647,0,1000,3606.03865894622,42.1346918387277,5.3297195119548,93.0211536913966,9.48551785690288
pursuit,追踪法,missile_pursuit,missile,4.54453193670106,3726.27138002196,0,2587.50831189841,47.8118386505149,42.1881613494851,0,1000,3592.33237328793,42.1881180916553,5.35556677140089,93.4722734713481,9.53151927226403
pursuit,追踪法,missile_pursuit,missile,4.55453193670106,3733.67767402117,0,2594.22744888771,47.7581524887156,42.2418475112844,0,1000,3578.62922628832,42.2418038922989,5.3816294750669,93.9271534622915,9.57790412243646
pursuit,追踪法,missile_pursuit,missile,4.56453193670106,3741.07765363619,0,2600.95353945426,47.704204607801,42.295795392199,0,1000,3564.92923648081,42.2957514077619,5.40791016159442,94.3858379718813,9.62467692554351
pursuit,追踪法,missile_pursuit,missile,4.57453193670106,3748.47128145473,0,2607.68661157779,47.6499928150681,42.3500071849319,0,1000,3551.23242257154,42.3499628307268,5.43441140824178,94.8483719817607,9.67184226843629
pursuit,追踪法,missile_pursuit,missile,4.58453193670106,3755.85851971461,0,2614.42669342878,47.595514891806,42.404485108194,0,1000,3537.5388034416,42.4044403798447,5.46113583160337,95.3148011601173,9.71940480797391
pursuit,追踪法,missile_pursuit,missile,4.59453193670106,3763.23933029933,0,2621.17381337024,47.5407685928766,42.4592314071234,0,1000,3523.84839814925,42.4591863001323,5.48808608834489,95.7851718745147,9.76736927233201
pursuit,追踪法,missile_pursuit,missile,4.60453193670106,3770.61367473349,0,2627.92799995952,47.4857516464404,42.5142483535596,0,1000,3510.16122593217,42.5142028633765,5.51526487595481,96.2595312050081,9.81574046234016
pursuit,追踪法,missile_pursuit,missile,4.61453193670106,3777.98151417826,0,2634.68928195011,47.4304617535482,42.5695382464518,0,1000,3496.47730620978,42.5694923685465,5.54267493351249,96.7379269575508,9.86452325284891
pursuit,追踪法,missile_pursuit,missile,4.62453193670106,3785.34280942663,0,2641.45768829347,47.3748965874412,42.6251034125588,0,1000,3482.7966585856,42.6250571422133,5.57031904247343,97.2204076776992,9.91372259412737
pursuit,追踪法,missile_pursuit,missile,4.63453193670106,3792.69752089868,0,2648.23324814096,47.3190537934589,42.6809462065411,0,1000,3469.11930284957,42.6808995389779,5.59820002747202,97.7070226646238,9.96334351329188
pursuit,追踪法,missile_pursuit,missile,4.64453193670106,3800.04560863677,0,2655.01599084564,47.2629309885676,42.7370690114324,0,1000,3455.44525898052,42.7370219419067,5.62632075714237,98.1978219854346,10.0133911157668
pursuit,追踪法,missile_pursuit,missile,4.65453193670106,3807.38703230059,0,2661.8059459642,47.2065257606314,42.7934742393686,0,1000,3441.77454714861,42.7934267629761,5.65468414495742,98.6928564898273,10.0638705867781
pursuit,追踪法,missile_pursuit,missile,4.66453193670106,3814.72175116218,0,2668.60314325893,47.1498356682152,42.8501643317848,0,1000,3428.10718771782,42.8501164435251,5.68329315008722,99.1921778250622,10.1147871928806
pursuit,追踪法,missile_pursuit,missile,4.67453193670106,3822.04972410086,0,2675.40761269961,47.0928582401169,42.9071417598831,0,1000,3414.44320124848,42.9070934547161,5.71215077827638,99.6958384512795,10.1661462835198
pursuit,追踪法,missile_pursuit,missile,4.68453193670106,3829.37090959806,0,2682.21938446551,47.0355909747775,42.9644090252225,0,1000,3400.78260849988,42.9643602980061,5.74126008274169,100.203891657165,10.2179532926294
pursuit,追踪法,missile_pursuit,missile,4.69453193670105,3836.68526573208,0,2689.03848894738,46.9780313399144,43.0219686600856,0,1000,3387.12543043287,43.0219195056251,5.77062416509001,100.71639157597,10.270213740265
pursuit,追踪法,missile_pursuit,missile,4.70453193670105,3843.99275017276,0,2695.86495674945,46.9201767719668,43.0798232280332,0,1000,3373.47168821253,43.0797736410651,5.80024617625729,101.233393201901,10.3229332342748
pursuit,追踪法,missile_pursuit,missile,4.71453193670105,3851.29332017605,0,2702.69881869149,46.8620246755278,43.1379753244722,0,1000,3359.82140321089,43.137925299578,5.83012931746907,101.754952406885,10.3761174720098
pursuit,追踪法,missile_pursuit,missile,4.72453193670105,3858.58693257849,0,2709.54010581088,46.8035724230176,43.1964275769824,0,1000,3346.17459700967,43.1963771086838,5.8602768412231,102.281125957716,10.4297722420721
pursuit,追踪法,missile_pursuit,missile,4.73453193670105,3865.87354379163,0,2716.38884936466,46.7448173540807,43.2551826459193,0,1000,3332.5312914031,43.2551317286877,5.89069205229468,102.811971533604,10.4839034261041
pursuit,追踪法,missile_pursuit,missile,4.74453193670105,3873.1531097963,0,2723.24508083167,46.685756774988,43.314243225012,0,1000,3318.89150840076,43.3141918532083,5.92137830876538,103.347547744129,10.5385170006199
pursuit,追踪法,missile_pursuit,missile,4.75453193670105,3880.42558613683,0,2730.10883191467,46.6263879581573,43.3736120418427,0,1000,3305.2552702305,43.3735602097163,5.95233902307556,103.887914147611,10.5936190388778
pursuit,追踪法,missile_pursuit,missile,4.76453193670105,3887.69092791513,0,2736.98013454251,46.5667081416787,43.4332918583213,0,1000,3291.62259934135,43.4332395600826,5.98357766310158,104.433131269911,10.649215712798
pursuit,追踪法,missile_pursuit,missile,4.77453193670105,3894.94908978474,0,2743.85902087229,46.5067145285729,43.4932854714271,0,1000,3277.99351840654,43.493232701139,6.01509775325826,104.98326062367,10.7053132949244
pursuit,追踪法,missile_pursuit,missile,4.78453193670105,3902.20002594467,0,2750.74552329163,46.4464042863726,43.5535957136274,0,1000,3264.36805032658,43.5535424652486,6.04690287562714,105.538364728007,10.7619181604326
pursuit,追踪法,missile_pursuit,missile,4.79453193670105,3909.44369013324,0,2757.63967442081,46.3857745465533,43.6142254534467,0,1000,3250.74621823229,43.6141717208886,6.07899667111155,106.098507128671,10.8190367891861
pursuit,追踪法,missile_pursuit,missile,4.80453193670105,3916.68003562175,0,2764.54150711512,46.3248224037802,43.6751775962198,0,1000,3237.12804548804,43.6751233732441,6.11138284061891,106.663752418684,10.8766757678396
pursuit,追踪法,missile_pursuit,missile,4.81453193670105,3923.90901520806,0,2771.45105446709,46.2635449154535,43.7364550845465,0,1000,3223.51355569488,43.7364003648145,6.14406514627114,107.234166259458,10.934841791994
pursuit,追踪法,missile_pursuit,missile,4.82453193670105,3931.13058121005,0,2778.36834980883,46.2019391010764,43.7980608989236,0,1000,3209.90277269389,43.7980056760316,6.17704741264403,107.809815402435,10.9935416684021
pursuit,追踪法,missile_pursuit,missile,4.83453193670105,3938.344685459,0,2785.29342671434,46.1400019415388,43.8599980584612,0,1000,3196.29572056941,43.8599423258903,6.21033352803618,108.390767711227,11.0527823172263
pursuit,追踪法,missile_pursuit,missile,4.84453193670105,3945.5512792928,0,2792.22631900193,46.0777303784974,43.9222696215026,0,1000,3182.69242365251,43.9222133725927,6.24392744576847,108.9770921843,11.1125707743521
pursuit,追踪法,missile_pursuit,missile,4.85453193670105,3952.75031354907,0,2799.16706073655,46.0151213137785,43.9848786862215,0,1000,3169.09290652438,43.9848219142049,6.27783318551491,109.568858978199,11.1729141937562
pursuit,追踪法,missile_pursuit,missile,4.86453193670105,3959.94173855816,0,2806.11568623226,45.9521716086945,44.0478283913055,0,1000,3155.49719401983,44.0477710893267,6.31205483466561,110.166139431341,11.2338198499326
pursuit,追踪法,missile_pursuit,missile,4.87453193670105,3967.12550413605,0,2813.07223005465,45.8888780832935,44.1111219167065,0,1000,3141.90531123089,44.1110640777767,6.34659654972288,110.769006088376,11.2952951403768
pursuit,追踪法,missile_pursuit,missile,4.88453193670105,3974.30155957704,0,2820.03672702334,45.825237515705,44.174762484295,0,1000,3128.31728351039,44.1747041012897,6.38146255773145,111.377532725152,11.3573475881318
pursuit,追踪法,missile_pursuit,missile,4.89453193670105,3981.46985364642,0,2827.00921221446,45.7612466415066,44.2387533584934,0,1000,3114.7331364757,44.2386944242298,6.41665715774355,111.991794374286,11.419984844395
pursuit,追踪法,missile_pursuit,missile,4.90453193670105,3988.63033457294,0,2833.98972096321,45.6969021527805,44.3030978472195,0,1000,3101.15289601245,44.3030383543181,6.45218472232003,112.611867351361,11.4832146911902
pursuit,追踪法,missile_pursuit,missile,4.91453193670105,3995.78295004112,0,2840.97828886641,45.6322006976204,44.3677993023796,0,1000,3087.57658827835,44.367739243375,6.48804969906854,113.237829281773,11.5470450441051
pursuit,追踪法,missile_pursuit,missile,4.92453193670105,4002.92764718355,0,2847.9749517851,45.5671388792077,44.4328611207923,0,1000,3074.00423970714,44.4328004880788,6.5242566122196,113.869759128243,11.6114839550961
pursuit,追踪法,missile_pursuit,missile,4.93453193670105,4010.06437257285,0,2854.97974584716,45.5017132550838,44.4982867449162,0,1000,3060.43587701249,44.4982255307401,6.560810064242,114.507737219004,11.6765396153634
pursuit,追踪法,missile_pursuit,missile,4.94453193670105,4017.1930722137,0,2861.99270744996,45.4359203364072,44.5640796635928,0,1000,3046.87152719206,44.564017860092,6.59771473749828,115.151845276698,11.7422203582975
pursuit,追踪法,missile_pursuit,missile,4.95453193670105,4024.31369153456,0,2869.01387326307,45.3697565870587,44.6302434129413,0,1000,3033.31121753164,44.6301810120981,6.63497539594177,115.802166447998,11.8085346624993
pursuit,追踪法,missile_pursuit,missile,4.96453193670105,4031.42617537931,0,2876.04328023092,45.3032184229108,44.6967815770892,0,1000,3019.75497560926,44.6967185707763,6.67259688685612,116.458785333963,11.8754911548758
pursuit,追踪法,missile_pursuit,missile,4.97453193670105,4038.53046799875,0,2883.08096557561,45.2363022108751,44.7636977891249,0,1000,3006.20282929954,44.7636341690418,6.71058414263875,117.121788021167,11.9430986138148
pursuit,追踪法,missile_pursuit,missile,4.98453193670105,4045.62651304189,0,2890.12696679965,45.169004268153,44.830995731847,0,1000,2992.65480677797,44.8309314895666,6.74894218262942,117.791262113616,12.0113659724387
pursuit,追踪法,missile_pursuit,missile,4.99453193670105,4052.71425354713,0,2897.18132168877,45.1013208612463,44.8986791387537,0,1000,2979.11093652535,44.8986142656588,6.78767611498518,118.467296765469,12.0803023219416
pursuit,追踪法,missile_pursuit,missile,5.00453193670105,4059.79363193324,0,2904.2440683148,45.033248205192,44.966751794808,0,1000,2965.57124733229,44.9666862821602,6.82679113860316,119.149982714598,12.1499169150115
pursuit,追踪法,missile_pursuit,missile,5.01453193670105,4066.86458999021,0,2911.31524503848,44.9647824625611,45.0352175374389,0,1000,2952.03576830381,45.0351513763633,6.86629254509257,119.839412317007,12.2202191693398
pursuit,追踪法,missile_pursuit,missile,5.02453193670105,4073.92706886988,0,2918.39489051243,44.8959197424771,45.1040802575229,0,1000,2938.50452886397,45.1040134389487,6.9061857207973,120.535679582131,12.2912186712211
pursuit,追踪法,missile_pursuit,missile,5.03453193670105,4080.98100907644,0,2925.48304368405,44.8266560997409,45.1733439002591,0,1000,2924.9775587607,45.1732764149428,6.94647614887075,121.23888020905,12.3629251792458
pursuit,追踪法,missile_pursuit,missile,5.04453193670105,4088.02635045671,0,2932.57974379852,44.7569875338917,45.2430124661083,0,1000,2911.45488807056,45.2429443046965,6.9871694114043,121.949111623639,12.435348628088
pursuit,追踪法,missile_pursuit,missile,5.05453193670105,4095.0630321903,0,2939.68503040177,44.6869099880599,45.3130900119401,0,1000,2897.93654720377,45.313021164885,7.0282711916111,122.666473016679,12.5084991323927
pursuit,追踪法,missile_pursuit,missile,5.06453193670105,4102.09099277948,0,2946.79894334358,44.6164193479838,45.3835806520162,0,1000,2884.42256690918,45.3835111095311,7.06978727606691,123.391065382969,12.5823869907633
pursuit,追踪法,missile_pursuit,missile,5.07453193670105,4109.11017003897,0,2953.92152278061,44.5455114411623,45.4544885588377,0,1000,2870.91297827943,45.4544183110493,7.1117235570095,124.122991561458,12.6570226898542
pursuit,追踪法,missile_pursuit,missile,5.08453193670105,4116.12050108547,0,2961.05280917952,44.4741820355137,45.5258179644863,0,1000,2857.40781275618,45.5257470013149,7.15408603469853,124.862356276435,12.7324169085707
pursuit,追踪法,missile_pursuit,missile,5.09453193670105,4123.12192232698,0,2968.19284332013,44.4024268384024,45.5975731615976,0,1000,2843.90710213542,45.5975014727556,7.19688081983784,125.609266179799,12.8085805223801
pursuit,追踪法,missile_pursuit,missile,5.10453193670105,4130.11436945196,0,2975.34166629859,44.3302414955558,45.6697585044442,0,1000,2830.41087857294,45.6696860794691,7.24011413606176,126.363829894463,12.8855246077368
pursuit,追踪法,missile_pursuit,missile,5.11453193670105,4137.09777741824,0,2982.4993195306,44.2576215898465,45.7423784101535,0,1000,2816.9191745898,45.7423052383644,7.28379232248765,127.126158058894,12.9632604466249
pursuit,追踪法,missile_pursuit,missile,5.12453193670105,4144.07208044174,0,2989.66584475467,44.1845626402151,45.8154373597849,0,1000,2803.43202307805,45.8153634303302,7.3279218363366,127.896363372863,13.0417995312225
pursuit,追踪法,missile_pursuit,missile,5.13453193670105,4151.03721198497,0,2996.8412840354,44.1110601003619,45.8889398996381,0,1000,2789.94945730643,45.8888652014289,7.37250925562439,128.674560644402,13.1211535686908
pursuit,追踪法,missile_pursuit,missile,5.14453193670105,4157.99310474525,0,3004.02567976681,44.0371093576415,45.9628906423585,0,1000,2776.47151092629,45.9628151641187,7.41756128192491,129.460866838041,13.2013344860927
pursuit,追踪法,missile_pursuit,missile,5.15453193670105,4164.93969064282,0,3011.2190746757,43.9627057317698,46.0372942682301,0,1000,2762.99821797751,46.037217998503,7.46308474320832,130.255401124341,13.2823544354434
pursuit,追踪法,missile_pursuit,missile,5.16453193670104,4171.87690080857,0,3018.42151182506,43.8878444734928,46.1121555265072,0,1000,2749.52961289463,46.112078453609,7.50908659675609,131.05828493077,13.3642257988987
pursuit,追踪法,missile_pursuit,missile,5.17453193670104,4178.80466557163,0,3025.63303461748,43.8125207632764,46.1874792367236,0,1000,2736.0657305131,46.1874013486959,7.55557393215568,131.869641993971,13.4469611940847
pursuit,追踪法,missile_pursuit,missile,5.18453193670104,4185.72291444665,0,3032.85368679868,43.7367297100601,46.2632702899399,0,1000,2722.60660607559,46.2631915745928,7.60255397437693,132.689598413458,13.5305734795734
pursuit,追踪法,missile_pursuit,missile,5.19453193670104,4192.6315761209,0,3040.08351246096,43.6604663499055,46.3395336500945,0,1000,2709.15227523847,46.3394540950688,7.65003408693318,133.518282706782,13.6150757605076
pursuit,追踪法,missile_pursuit,missile,5.20453193670104,4199.53057844104,0,3047.3225560468,43.5837256444553,46.4162743555447,0,1000,2695.7027740784,46.4161939482342,7.69802177512938,134.355825866226,13.700481394383
pursuit,追踪法,missile_pursuit,missile,5.21453193670104,4206.41984839964,0,3054.5708623524,43.5065024795364,46.4934975204636,0,1000,2682.2581390991,46.4934162479752,7.74652468940034,135.202361417067,13.7868039969885
pursuit,追踪法,missile_pursuit,missile,5.22453193670104,4213.29931212145,0,3061.82847653138,43.4287916638006,46.5712083361994,0,1000,2668.81840723819,46.5711261854222,7.79555062874168,136.058025477456,13.8740574485126
pursuit,追踪法,missile_pursuit,missile,5.23453193670104,4220.16889484939,0,3069.09544409836,43.3505879270643,46.6494120729357,0,1000,2655.38361587423,46.6493290304533,7.84510754423665,136.922956819976,13.9622558998207
pursuit,追踪法,missile_pursuit,missile,5.24453193670104,4227.02852093019,0,3076.37181093275,43.2718859189415,46.7281140810585,0,1000,2641.95380283382,46.7280301332324,7.8952035426819,137.79729693492,14.0514137789072
pursuit,追踪法,missile_pursuit,missile,5.25453193670104,4233.87811379989,0,3083.65762328242,43.1926802071847,46.8073197928153,0,1000,2628.52900639898,46.8072349257861,7.94584689031523,138.681190095354,14.1415457975306
pursuit,追踪法,missile_pursuit,missile,5.26453193670104,4240.71759596882,0,3090.95292776753,43.1129652759027,46.8870347240973,0,1000,2615.10926531451,46.8869489236158,7.99704601664882,139.574783424019,14.2326669580355
pursuit,追踪法,missile_pursuit,missile,5.27453193670104,4247.54688900649,0,3098.25777138437,43.0327355242627,46.9672644757373,0,1000,2601.69461879568,46.9671777273514,8.04880951841132,140.478226962137,14.3247925603684
pursuit,追踪法,missile_pursuit,missile,5.28453193670104,4254.365913526,0,3105.57220150914,42.9519852645143,47.0480147354857,0,1000,2588.28510653592,47.0479270244427,8.10114616360228,141.391673740167,14.4179382092934
pursuit,追踪法,missile_pursuit,missile,5.29453193670104,4261.17458916825,0,3112.89626590197,42.8707087203653,47.1292912796347,0,1000,2574.88076871479,47.1292025908931,8.15406489566275,142.315279850603,14.5121198218151
pursuit,追踪法,missile_pursuit,missile,5.30453193670104,4267.97283458571,0,3120.23001271074,42.7889000251612,47.2110999748388,0,1000,2561.48164600606,47.2110102930356,8.20757483776575,143.249204522852,14.6073536348143
pursuit,追踪法,missile_pursuit,missile,5.31453193670104,4274.76056742594,0,3127.57349047518,42.7065532200816,47.2934467799184,0,1000,2548.08777958595,47.293356089352,8.26168529723071,144.193610200282,14.7036562129047
pursuit,追踪法,missile_pursuit,missile,5.32453193670104,4281.5377043147,0,3134.92674813079,42.6236622523873,47.3763377476127,0,1000,2534.69921114157,47.3762460323367,8.31640577006589,145.148662619504,14.8010444565172
pursuit,追踪法,missile_pursuit,missile,5.33453193670104,4288.30416083876,0,3142.28983501296,42.5402209732932,47.4597790267068,0,1000,2521.31598287954,47.4596862704071,8.3717459456431,146.114530891958,14.8995356102194
pursuit,追踪法,missile_pursuit,missile,5.34453193670104,4295.05985152828,0,3149.66280086107,42.4562231361289,47.5437768638711,0,1000,2507.93813753478,47.5436830498613,8.42771571150927,147.091387587893,14.9991472712795
pursuit,追踪法,missile_pursuit,missile,5.35453193670104,4301.80468983886,0,3157.04569582261,42.3716623944202,47.6283376055798,0,1000,2494.56571837949,47.6282427168841,8.48432515833929,148.07940882281,15.0998973984806
pursuit,追踪法,missile_pursuit,missile,5.36453193670104,4308.53858813321,0,3164.43857045737,42.2865322996958,47.7134677003042,0,1000,2481.19876923231,47.713371719604,8.54158458503494,149.078774346453,15.2018043211956
pursuit,追踪法,missile_pursuit,missile,5.37453193670104,4315.26145766237,0,3171.84147574165,42.2008262993915,47.7991737006085,0,1000,2467.83733446773,47.7990766102013,8.59950450397512,150.089667634448,15.3048867487315
pursuit,追踪法,missile_pursuit,missile,5.38453193670104,4321.97320854659,0,3179.25446307254,42.1145377347382,47.8854622652618,0,1000,2454.48145902563,47.8853640470702,8.65809564642221,151.112275982654,15.4091637799508
pursuit,追踪法,missile_pursuit,missile,5.39453193670104,4328.67374975575,0,3186.6775842722,42.0276598385151,47.9723401614849,0,1000,2441.13118842104,47.9722407970349,8.71736896809012,152.146790604353,15.5146549131817
pursuit,追踪法,missile_pursuit,missile,5.40453193670104,4335.3629890894,0,3194.11089159224,41.9401857328459,48.0598142671541,0,1000,2427.78656875422,48.0597137376229,8.7773356548795,153.19340673034,15.621380056425
pursuit,追踪法,missile_pursuit,missile,5.41453193670104,4342.04083315628,0,3201.554437718,41.8521084267594,48.1478915732406,0,1000,2414.44764672078,48.147789859396,8.83800712878601,154.252323712046,15.7293595378693
pursuit,追踪法,missile_pursuit,missile,5.42453193670104,4348.7071873535,0,3209.00827577309,41.7634208138711,48.2365791861289,0,1000,2401.11446962217,48.236476268342,8.89939505398753,155.323745127781,15.838614116725
pursuit,追踪法,missile_pursuit,missile,5.43453193670104,4355.36195584516,0,3216.47245932373,41.6741156698406,48.3258843301594,0,1000,2387.78708537634,48.3257801883272,8.9615113431166,156.407878892204,15.9491649943869
pursuit,追踪法,missile_pursuit,missile,5.44453193670104,4362.00504154053,0,3223.94704238333,41.5841856500187,48.4158143499813,0,1000,2374.46554252865,48.4157089636136,9.02436816372473,157.504937369151,16.0610338259397
pursuit,追踪法,missile_pursuit,missile,5.45453193670104,4368.63634607182,0,3231.43207941694,41.4936232867642,48.5063767132358,0,1000,2361.14989026301,48.5062700614406,9.08797794494502,158.615137487919,16.1742427320154
pursuit,追踪法,missile_pursuit,missile,5.46453193670104,4375.25576977129,0,3238.92762534587,41.4024209866624,48.5975790133376,0,1000,2347.84017841328,48.5974710746759,9.15235338436038,159.738700863135,16.288814311017
pursuit,追踪法,missile_pursuit,missile,5.47453193670104,4381.86321164801,0,3246.43373555228,41.3105710280754,48.6894289719246,0,1000,2334.53645747492,48.6893197245342,9.21750745508459,160.875853918349,16.404771651721
pursuit,追踪法,missile_pursuit,missile,5.48453193670104,4388.45856936399,0,3253.95046588379,41.2180655581839,48.7819344418161,0,1000,2321.23877861693,48.7818238633695,9.28345341306373,162.026828013467,16.5221383462719
pursuit,追踪法,missile_pursuit,missile,5.49453193670104,4395.0417392098,0,3261.47787265815,41.1248965901721,48.8751034098279,0,1000,2307.94719369402,48.8749914775409,9.35020480460591,163.191859576166,16.6409385035834
pursuit,追踪法,missile_pursuit,missile,5.50453193670104,4401.61261607967,0,3269.01601266797,41.0310560001644,48.9689439998356,0,1000,2294.66175525908,48.9688306903543,9.41777547414751,164.371190237444,16.7611967631601
pursuit,追踪法,missile_pursuit,missile,5.51453193670104,4408.17109344594,0,3276.56494318546,40.9365355243972,49.0634644756028,0,1000,2281.38251657595,49.0633497650842,9.48617957226457,165.565066971444,16.8829383093558
pursuit,追踪法,missile_pursuit,missile,5.52453193670104,4414.717063333,0,3284.12472196713,40.8413267559879,49.1586732440121,0,1000,2268.10953163242,49.1585571080756,9.55543156393811,166.773742239711,17.0061888860835
pursuit,追踪法,missile_pursuit,missile,5.53453193670104,4421.25041629058,0,3291.69540725869,40.7454211417996,49.2545788582004,0,1000,2254.84285515363,49.254461271931,9.62554623708273,167.997474140044,17.1309748119943
pursuit,追踪法,missile_pursuit,missile,5.54453193670104,4427.77104136646,0,3299.27705779977,40.6488099791435,49.3511900208565,0,1000,2241.58254261569,49.3510709587832,9.69653871134807,169.236526560112,17.2573229961416
pursuit,追踪法,missile_pursuit,missile,5.55453193670104,4434.27882607849,0,3306.86973282888,40.5514844123627,49.4485155876373,0,1000,2228.32865025968,49.4483950236578,9.7684244472034,170.491169336006,17.3852609541491
pursuit,追踪法,missile_pursuit,missile,5.56453193670104,4440.77365638599,0,3314.47349208819,40.4534354295914,49.5465645704086,0,1000,2215.08123510592,49.5464424779281,9.84121925531537,171.761678415918,17.5148168249012
pursuit,追踪法,missile_pursuit,missile,5.57453193670104,4447.25541666052,0,3322.08839582852,40.3546538588802,49.6453461411198,0,1000,2201.84035496866,49.6452224928657,9.91493930623044,173.048336029123,17.646019387775
pursuit,追踪法,missile_pursuit,missile,5.58453193670104,4453.72398965582,0,3329.71450481423,40.2551303647773,49.7448696352227,0,1000,2188.60606847101,49.744744403288,9.98960114037273,174.351430860484,17.7788980804336
pursuit,追踪法,missile_pursuit,missile,5.59453193670104,4460.17925647721,0,3337.35188032817,40.1548554445754,49.8451445554246,0,1000,2175.37843506032,49.8450177113092,10.0652216783697,175.671258230661,17.9134830172037
pursuit,追踪法,missile_pursuit,missile,5.60453193670104,4466.62109655014,0,3345.00058417668,40.0538194243155,49.9461805756845,0,1000,2162.15751502385,49.9460520901953,10.1418182317174,177.008120282258,18.0498050080565
pursuit,追踪法,missile_pursuit,missile,5.61453193670104,4473.04938758802,0,3352.66067869456,39.9520124549453,50.0479875450547,0,1000,2148.94336950491,50.0478573883268,10.2194085137991,178.362326172134,18.1878955782183
pursuit,追踪法,missile_pursuit,missile,5.62453193670104,4479.46400555928,0,3360.33222675007,39.8494245081896,50.1505754918104,0,1000,2135.73606051928,50.1504436332754,10.2980106512694,179.734192270097,18.327786988431
pursuit,追踪法,missile_pursuit,missile,5.63453193670103,4485.86482465364,0,3368.01529174998,39.7460453723873,50.2539546276126,0,1000,2122.5356509721,50.253821035994,10.3776431958193,181.124042364234,18.469512255891
pursuit,追踪法,missile_pursuit,missile,5.64453193670103,4492.25171724755,0,3375.70993764458,39.6418646481649,50.3581353518351,0,1000,2109.34220467515,50.3579999951284,10.4583251363356,182.53220787314,18.6131051758899
pursuit,追踪法,missile_pursuit,missile,5.65453193670103,4498.62455386876,0,3383.41622893271,39.5368717439553,50.4631282560447,0,1000,2096.15578636454,50.4629911014514,10.5400759114704,183.959028065301,18.7586003441849
pursuit,追踪法,missile_pursuit,missile,5.66453193670103,4504.98320316006,0,3391.13423066683,39.4310558715178,50.5689441284822,0,1000,2082.97646171889,50.568805142425,10.6229154226374,185.404850285907,18.9060331801285
pursuit,追踪法,missile_pursuit,missile,5.67453193670103,4511.32753184213,0,3398.86400845806,39.3244060412573,50.6755939587427,0,1000,2069.80429737786,50.6754531068952,10.7068640474494,186.870030191398,19.0554399505844
pursuit,追踪法,missile_pursuit,missile,5.68453193670103,4517.65740467543,0,3406.60562848121,39.216911057231,50.783088942769,0,1000,2056.63936096121,50.7829461899225,10.7919426536172,188.354931992034,19.2068577946632
pursuit,追踪法,missile_pursuit,missile,5.69453193670103,4523.97268442114,0,3414.35915747985,39.1085595123192,50.8914404876808,0,1000,2043.48172108835,50.891295797755,10.8781726133256,189.859928702808,19.3603247493086
pursuit,追踪法,missile_pursuit,missile,5.70453193670103,4530.27323180117,0,3422.12466277131,38.9993397831301,51.0006602168699,0,1000,2030.33144739834,51.0005135529466,10.9655758181067,191.385402403033,19.5158797757677
pursuit,追踪法,missile_pursuit,missile,5.71453193670103,4536.55890545714,0,3429.90221225174,38.8892400246314,51.1107599753686,0,1000,2017.18861057035,51.1106112996272,11.0541746942301,192.931744504952,19.6735627869815
pursuit,追踪法,missile_pursuit,missile,5.72453193670103,4542.8295619083,0,3437.69187440108,38.7782481647583,51.2217518352417,0,1000,2004.05328234477,51.2216011089292,11.1439922186301,194.499356031723,19.8334146759314
pursuit,追踪法,missile_pursuit,missile,5.73453193670103,4549.08505550839,0,3445.49371828805,38.6663518987846,51.3336481012154,0,1000,1990.92553554473,51.3334952845761,11.2350519353922,196.088647905155,19.9954773449807
pursuit,追踪法,missile_pursuit,missile,5.74453193670103,4555.32523840144,0,3453.30781357515,38.5535386837075,51.4464613162925,0,1000,1977.8054440982,51.4463063686391,11.3273779728209,197.700041243606,20.159793736251
pursuit,追踪法,missile_pursuit,missile,5.75453193670103,4561.54996047639,0,3461.13423052351,38.4397957321467,51.5602042678533,0,1000,1964.69308306073,51.5600471474666,11.4209950611128,199.333967670429,20.3264078630754
pursuit,追踪法,missile_pursuit,missile,5.76453193670103,4567.75906932052,0,3468.97303999784,38.3251100062726,51.6748899937274,0,1000,1951.58852863866,51.6747306577946,11.5159285506589,200.990869633416,20.4953648425727
pursuit,追踪法,missile_pursuit,missile,5.77453193670103,4573.95241017177,0,3476.82431347127,38.2094682116184,51.7905317883816,0,1000,1938.49185821304,51.7903701930426,11.6122044310033,202.671200735682,20.6667109293879
pursuit,追踪法,missile_pursuit,missile,5.78453193670103,4580.12982586969,0,3484.68812303011,38.0928567905022,51.9071432094978,0,1000,1925.40315036408,51.906979309803,11.7098493504838,204.375426078462,20.840493550648
pursuit,追踪法,missile_pursuit,missile,5.79453193670103,4586.29115680523,0,3492.56454137863,37.9752619152669,52.0247380847331,0,1000,1912.32248489631,52.02457183453,11.8088906365833,206.104022616308,21.0167613421819
pursuit,追踪法,missile_pursuit,missile,5.80453193670103,4592.43624086907,0,3500.45364184372,37.8566694815729,52.1433305184271,0,1000,1899.24994286439,52.1431618704357,11.9093563170219,207.857479525218,21.1955641860592
pursuit,追踪法,missile_pursuit,missile,5.81453193670103,4598.56491339877,0,3508.35549837949,37.7370651010972,52.2629348989028,0,1000,1886.18560659954,52.2627638046016,12.0112751416197,209.636298584212,21.3769532495003
pursuit,追踪法,missile_pursuit,missile,5.82453193670103,4604.67700712428,0,3516.27018557183,37.6164340942225,52.3835659057775,0,1000,1873.12955973679,52.3833923153119,12.114676604964,211.440994570949,21.5609810252175
pursuit,追踪法,missile_pursuit,missile,5.83453193670103,4610.77235211223,0,3524.19777864283,37.4947614827073,52.5052385172927,0,1000,1860.08188724281,52.5050623796182,12.2195909699132,213.272095671952,21.7477013732469
pursuit,追踪法,missile_pursuit,missile,5.84453193670103,4616.85077570856,0,3532.13835345511,37.3720319815231,52.6279680184769,0,1000,1847.04267544465,52.6277892811431,12.3260492919749,215.130143908078,21.9371695643342
pursuit,追踪法,missile_pursuit,missile,5.85453193670103,4622.91210247965,0,3540.0919865161,37.2482299910339,52.7517700089661,0,1000,1834.0120120591,52.7515886181325,12.4340834445937,217.015695575877,22.1294423249405
pursuit,追踪法,missile_pursuit,missile,5.86453193670103,4628.95615415188,0,3548.05875498211,37.1233395886941,52.8766604113059,0,1000,1820.98998622299,52.8764763117655,12.5437261453883,218.929321705523,22.3245778839383
pursuit,追踪法,missile_pursuit,missile,5.87453193670103,4634.98274954952,0,3556.03873666237,36.9973445202714,53.0026554797286,0,1000,1807.97668852417,53.0024686147311,12.65501098338,220.871608536027,22.5226360210701
pursuit,追踪法,missile_pursuit,missile,5.88453193670103,4640.99170453088,0,3564.03201002287,36.8702281912048,53.1297718087952,0,1000,1794.97221103349,53.1295821200829,12.7679724472535,222.843158008492,22.7236781172461
pursuit,追踪法,missile_pursuit,missile,5.89453193670103,4646.98283192279,0,3572.03865419006,36.741973657393,53.258026342607,0,1000,1781.97664733753,53.2578337703816,12.8826459546964,224.84458827818,22.9277672067608
pursuit,追踪法,missile_pursuit,missile,5.90453193670103,4652.95594145315,0,3580.05874895438,36.6125636156632,53.3874363843368,0,1000,1768.99009257235,53.3872408671359,12.9990678828646,226.876534246236,23.1349680315129
pursuit,追踪法,missile_pursuit,missile,5.91453193670103,4658.91083968169,0,3588.09237477363,36.4819803941454,53.5180196058546,0,1000,1756.01264345808,53.5178210805551,13.1172756000226,228.939648111909,23.3453470973175
pursuit,追踪法,missile_pursuit,missile,5.92453193670103,4664.84732992877,0,3596.13961277615,36.3502059421023,53.6497940578977,0,1000,1743.04439833454,53.649592459623,13.2373074984107,231.034599946201,23.558972732401
pursuit,追踪法,missile_pursuit,missile,5.93453193670103,4670.76521220212,0,3604.20054476374,36.2172218195925,53.7827781804075,0,1000,1730.08545719787,53.7825734425072,13.3592030283946,233.162078287883,23.7759151481783
pursuit,追踪法,missile_pursuit,missile,5.94453193670103,4676.66428312161,0,3612.27525321442,36.0830091866748,53.9169908133252,0,1000,1717.13592173812,53.9167828673173,13.4830027339536,235.322790762888,23.9962465024129
pursuit,追踪法,missile_pursuit,missile,5.95453193670103,4682.54433584177,0,3620.3638212849,35.947548792208,54.052451207792,0,1000,1704.19589537805,54.0522399832234,13.6087482895687,237.517464728121,24.2200409648678
pursuit,追踪法,missile_pursuit,missile,5.96453193670103,4688.40515997214,0,3628.4663328128,35.8108209625156,54.1891790374844,0,1000,1691.26548331286,54.1889644619524,13.7364825385729,239.746847940806,24.4473747855594
pursuit,追踪法,missile_pursuit,missile,5.97453193670103,4694.24654149537,0,3636.58287231859,35.6728055894083,54.3271944105917,0,1000,1678.34479255124,54.3269764096742,13.8662495330309,242.011709254515,24.6783263657329
pursuit,追踪法,missile_pursuit,missile,5.98453193670103,4700.06826268287,0,3644.71352500722,35.5334821178012,54.4665178821988,0,1000,1665.43393195749,54.4662963792952,13.9980945752181,244.312839343113,24.9129763316845
pursuit,追踪法,missile_pursuit,missile,5.99453193670103,4705.87010200805,0,3652.85837676944,35.3928295331882,54.6071704668118,0,1000,1652.5330122949,54.6069453831746,14.1320642607724,246.651051453896,25.1514076115591
pursuit,追踪法,missile_pursuit,missile,6.00453193670103,4711.65183405703,0,3661.0175141827,35.2508263483063,54.7491736516937,0,1000,1639.64214627042,54.7489449062811,14.268206523595,249.027182191267,25.3937055152643
pursuit,追踪法,missile_pursuit,missile,6.01453193670103,4717.41322943668,0,3669.19102451179,35.1074505895877,54.8925494104123,0,1000,1626.76144858059,54.8923169198079,14.4065706825842,251.442092332381,25.6399578176422
pursuit,追踪法,missile_pursuit,missile,6.02453193670103,4723.15405468001,0,3677.37899570896,34.9626797831494,55.0373202168506,0,1000,1613.89103595892,55.0370838952637,14.5472074902844,253.896667676243,25.8902548450534
pursuit,追踪法,missile_pursuit,missile,6.03453193670103,4728.87407214867,0,3685.58151641366,34.8164909400495,55.1835090599505,0,1000,1601.03102722459,55.1832688190614,14.6901691835433,256.391819927838,26.1446895655334
pursuit,追踪法,missile_pursuit,missile,6.04453193670103,4734.57303993259,0,3693.79867595182,34.6688605412452,55.3311394587548,0,1000,1588.18154333263,55.3308952076227,14.8355095362708,258.928487618943,26.4033576826891
pursuit,追踪法,missile_pursuit,missile,6.05453193670103,4740.25071174656,0,3702.03056433461,34.5197645219559,55.4802354780441,0,1000,1575.34270742565,55.4799871230217,14.9832839143991,261.507637067369,26.6663577335144
pursuit,追踪法,missile_pursuit,missile,6.06453193670103,4745.90683682372,0,3710.27727225668,34.3691782554555,55.6308217445445,0,1000,1562.51464488707,55.6305691891897,15.1335493331505,264.130263376469,26.9337911903116
pursuit,追踪法,missile_pursuit,missile,6.07453193670103,4751.54115980577,0,3718.53889109381,34.2170765363008,55.7829234636992,0,1000,1549.69748339604,55.7826666087041,15.286364516723,266.797391476847,27.2057625669161
pursuit,追踪法,missile_pursuit,missile,6.08453193670103,4757.15342062987,0,3726.81551289997,34.0634335628113,55.9365664371887,0,1000,1536.891352984,55.9363051801876,15.4417899605101,269.510077212306,27.4823795294322
pursuit,追踪法,missile_pursuit,missile,6.09453193670103,4762.74335441199,0,3735.10723040375,33.9082229191762,56.0917770808238,0,1000,1524.09638609293,56.0915113163419,15.5998879959797,272.269408472187,27.7637530116999
pursuit,追踪法,missile_pursuit,missile,6.10453193670102,4768.31069132675,0,3743.41413700402,33.7514175567405,56.2485824432595,0,1000,1511.31271763555,56.2483120626443,15.76072285834,275.076506372365,28.0499973357227
pursuit,追踪法,missile_pursuit,missile,6.11453193670102,4773.85515648341,0,3751.73632676492,33.5929897744574,56.4070102255426,0,1000,1498.54048505723,56.4067351167361,15.9243607571305,277.932526487305,28.3412303373022
pursuit,追踪法,missile_pursuit,missile,6.12453193670102,4779.37646979806,0,3760.07389441003,33.4329111989366,56.5670888010634,0,1000,1485.7798283999,56.5668088485309,16.0908699498837,280.838660135685,28.6375734971356
pursuit,追踪法,missile_pursuit,missile,6.13453193670102,4784.87434586175,0,3768.42693531568,33.2711527635596,56.7288472364404,0,1000,1473.03089036805,56.7285623210768,16.2603208190076,283.796135722263,28.9391520776476
pursuit,追踪法,missile_pursuit,missile,6.14453193670102,4790.34849380446,0,3776.79554550335,33.1076846867438,56.8923153132562,0,1000,1460.2938163967,56.8920253122033,16.4327859520529,286.806220138794,29.2460952658445
pursuit,追踪法,missile_pursuit,missile,6.15453193670102,4795.79861715471,0,3785.17982163114,32.9424764494836,57.0575235505164,0,1000,1447.56875472158,57.0572283369888,16.6083402255336,289.87022022698,29.5585363224934
pursuit,追踪法,missile_pursuit,missile,6.16453193670102,4801.22441369472,0,3793.5798609842,32.7754967721434,57.2245032278566,0,1000,1434.85585645157,57.2242026710848,16.7870608924811,292.989484306572,29.8766127379454
pursuit,追踪法,missile_pursuit,missile,6.17453193670102,4806.62557531086,0,3801.99576146399,32.6067135900523,57.3932864099477,0,1000,1422.1552756435,57.3929803749354,16.9690276739213,296.165403771962,30.2004663949424
pursuit,追踪法,missile_pursuit,missile,6.18453193670102,4812.00178783926,0,3810.4276215765,32.4360940284721,57.563905971528,0,1000,1409.4671693793,57.5635943189312,17.1543228544777,299.399414760748,30.5302437387638
pursuit,追踪法,missile_pursuit,missile,6.19453193670102,4817.35273090643,0,3818.87554041908,32.2636043764151,57.7363956235849,0,1000,1396.79169784572,57.7360782095419,17.3430313823095,302.692999898004,30.8660959550921
pursuit,追踪法,missile_pursuit,missile,6.20453193670102,4822.67807776457,0,3827.33961766604,32.0892100594734,57.9107899405266,0,1000,1384.12902441665,57.9104666164695,17.5352409736121,306.047690120148,31.208179155996
pursuit,追踪法,missile_pursuit,missile,6.21453193670102,4827.97749512154,0,3835.81995355275,31.912875611596,58.087124388404,0,1000,1371.47931573817,58.086795000872,17.7310422219169,309.46506658258,31.5566545744551
pursuit,追踪法,missile_pursuit,missile,6.22453193670102,4833.25064296511,0,3844.31664885831,31.7345646457254,58.2654353542746,0,1000,1358.84274181638,58.2650997447032,17.9305287124403,312.946762655463,31.9116887678731
pursuit,追踪法,missile_pursuit,missile,6.23453193670102,4838.4971743814,0,3852.8298048865,31.5542398233839,58.4457601766161,0,1000,1346.21947610823,58.445418181224,18.1337971417513,316.494466012297,32.2734538310532
pursuit,追踪法,missile_pursuit,missile,6.24453193670102,4843.7167353672,0,3861.35952344509,31.3718628226959,58.6281371773041,0,1000,1333.60969561534,58.6277886267375,18.3409474430359,320.109920816212,32.6421276191372
pursuit,追踪法,missile_pursuit,missile,6.25453193670102,4848.90896463591,0,3869.90590682328,31.187394305572,58.8126056944281,0,1000,1321.01358098098,58.8122504136053,18.5520829172603,323.794930009186,33.0178939810421
pursuit,追踪法,missile_pursuit,missile,6.26453193670102,4854.07349341697,0,3878.46905776715,31.0007938833057,58.9992061166943,0,1000,1308.43131659045,58.9988439246077,18.7673103705464,327.551357709711,33.4009430039525
pursuit,追踪法,missile_pursuit,missile,6.27453193670102,4859.20994524836,0,3887.04907945308,30.8120200807192,59.1879799192808,0,1000,1295.86309067475,59.1876106287086,18.9867402580975,331.381131724758,33.7914712694711
pursuit,追踪法,missile_pursuit,missile,6.28453193670102,4864.317935762,0,3895.64607545889,30.621030298941,59.378969701059,0,1000,1283.30909541794,59.3785931182948,19.2104868350279,335.286246182261,34.189682122056
pursuit,追踪法,missile_pursuit,missile,6.29453193670102,4869.39707246168,0,3904.26014973262,30.427780776666,59.572219223334,0,1000,1270.7695270681,59.5718351479596,19.4386683144744,339.268764290675,34.5957859504188
pursuit,追踪法,missile_pursuit,missile,6.30453193670102,4874.44695449335,0,3912.89140655879,30.232226549687,59.767773450313,0,1000,1258.24458605226,59.7673816749053,19.6714070333895,343.330821232617,35.0100004825927
pursuit,追踪法,missile_pursuit,missile,6.31453193670102,4879.46717240724,0,3921.53995052194,30.0343214087162,59.9656785912838,0,1000,1245.73447709532,59.9652789010438,19.9088296264409,347.474627199986,35.4325510954287
pursuit,追踪法,missile_pursuit,missile,6.32453193670102,4884.45730791168,0,3930.20588646727,29.83401785571,60.16598214429,0,1000,1233.2394093431,60.1655743168787,20.1510672084676,351.702470578422,35.863671139321
pursuit,追踪法,missile_pursuit,missile,6.33453193670102,4889.41693361822,0,3938.88931945825,29.6312670578582,60.3687329421418,0,1000,1220.75959648983,60.368316747257,20.3982555659725,356.016721289479,36.3036022790127
pursuit,追踪法,missile_pursuit,missile,6.34453193670102,4894.34561277753,0,3947.59035473091,29.4260187998725,60.5739812001275,0,1000,1208.29525691018,60.5735563990826,20.6505353581581,360.419834299366,36.7525948513882
pursuit,追踪法,missile_pursuit,missile,6.35453193670102,4899.24289900595,0,3956.30909764466,29.2182214344303,60.7817785655697,0,1000,1195.84661379596,60.7813449110901,20.9080523280465,364.914353303678,37.2109082412116
pursuit,追踪法,missile_pursuit,missile,6.36453193670102,4904.10833600213,0,3965.04565362933,29.0078218300197,60.9921781699803,0,1000,1183.41389529787,60.9917354057829,21.1709575242579,369.502914598167,37.678811275835
pursuit,追踪法,missile_pursuit,missile,6.37453193670102,4908.94145725334,0,3973.80012812828,28.7947653166748,61.2052346833252,0,1000,1170.99733467227,61.204782543645,21.4394075340574,374.18825114618,38.1565826399617
pursuit,追踪法,missile_pursuit,missile,6.38453193670102,4913.74178573106,0,3982.5726265372,28.5789956294983,61.4210043705017,0,1000,1158.59717043341,61.4205425797415,21.7135647283203,378.973196854097,38.6445113116198
pursuit,追踪法,missile_pursuit,missile,6.39453193670102,4918.50883357543,0,3991.36325413843,28.3604548494676,61.6395451505324,0,1000,1146.21364651122,61.6390734228323,21.9935975191053,383.860691066844,39.1428970205772
pursuit,追踪法,missile_pursuit,missile,6.40453193670102,4923.24210176794,0,4000.17211603036,28.1390833415553,61.8609166584447,0,1000,1133.84701241497,61.8604346971267,22.2796806305724,388.853783296294,39.6520507305037
pursuit,追踪法,missile_pursuit,missile,6.41453193670102,4927.94107979198,0,4008.99931705173,27.9148196903588,62.0851803096412,0,1000,1121.49752340295,62.0846878068179,22.5719953840262,393.955638196219,40.1722951462751
pursuit,追踪法,missile_pursuit,missile,6.42453193670102,4932.60524528072,0,4017.84496170033,27.6876006325012,62.3123993674988,0,1000,1109.16544065858,62.3118960035411,22.8707299979196,399.169540798333,40.7039652479015
pursuit,追踪法,missile_pursuit,missile,6.43453193670102,4937.23406365161,0,4026.70915404583,27.4573609860271,62.5426390139729,0,1000,1096.85103147314,62.5421244569114,23.1760799037043,404.49890202493,41.2474088526592
pursuit,追踪法,missile_pursuit,missile,6.44453193670102,4941.82698772713,0,4035.59199763627,27.2240335767415,62.7759664232585,0,1000,1084.55456943538,62.7754403283018,23.4882480784741,409.947264494604,41.8029872071099
pursuit,追踪法,missile_pursuit,missile,6.45453193670102,4946.38345734103,0,4044.49359539784,26.9875491608957,63.0124508391043,0,1000,1072.27633462843,63.011912848037,23.8074453954102,415.518308638671,42.3710756108019
pursuit,追踪法,missile_pursuit,missile,6.46453193670102,4950.90289892948,0,4053.41404952742,26.7478363442339,63.2521636557661,0,1000,1060.0166138342,63.2516133961848,24.133890993102,421.215859147033,42.9520640735657
pursuit,追踪法,missile_pursuit,missile,6.47453193670102,4955.38472510636,0,4062.35346137743,26.5048214976313,63.4951785023687,0,1000,1047.77570074576,63.4946155871394,24.4678126648895,427.043891763489,43.5463580084421
pursuit,追踪法,missile_pursuit,missile,6.48453193670102,4959.82833422221,0,4071.31193133237,26.2584286683487,63.7415713316513,0,1000,1035.55389618784,63.7409953582039,24.8094472694516,433.006540451848,44.1543789624233
pursuit,追踪法,missile_pursuit,missile,6.49453193670102,4964.23310990577,0,4080.28955867663,26.0085794871312,63.9914205128688,0,1000,1023.35150834606,63.9908310623895,25.1590411639435,439.108104955601,44.776565387324
pursuit,追踪法,missile_pursuit,missile,6.50453193670102,4968.59842058765,0,4089.28644145277,25.7551930710736,64.2448069289264,0,1000,1011.16885300512,64.2442035656659,25.5168506610764,445.353058775475,45.4133734532664
pursuit,追踪法,missile_pursuit,missile,6.51453193670102,4972.92361900508,0,4098.30267630978,25.4981859214305,64.5018140785695,0,1000,999.006253796406,64.5011963489069,25.8831425116264,451.746057590796,46.0652779074195
pursuit,追踪法,missile_pursuit,missile,6.52453193670102,4977.20804168697,0,4107.33835834043,25.2374718168051,64.7625281831949,0,1000,986.864042455463,64.7618956147957,26.2581944139611,458.291948152405,46.7327729808247
pursuit,追踪法,missile_pursuit,missile,6.53453193670102,4981.45100841841,0,4116.3935809071,24.9729617010637,65.0270382989363,0,1000,974.742559089739,65.0263903999675,26.6422955522788,464.995777676706,47.4163733463218
pursuit,追踪法,missile_pursuit,missile,6.54453193670102,4985.65182168363,0,4125.46843545514,24.7045635652747,65.2954364347253,0,1000,962.642152457133,65.2947726926853,27.0357471653733,471.862803772487,48.1166151308028
pursuit,追踪法,missile_pursuit,missile,6.55453193670102,4989.8097660863,0,4134.56301131304,24.4321823243966,65.5678176756034,0,1000,950.563180255796,65.5671375563638,27.4388631478615,478.898504934319,48.8340569852415
pursuit,追踪法,missile_pursuit,missile,6.56453193670102,4993.92410774643,0,4143.67739547816,24.1557196875242,65.8442803124758,0,1000,938.506009425733,65.8435832592773,27.8519706859435,486.108591638658,49.5692812161806
pursuit,追踪法,missile_pursuit,missile,6.57453193670101,4997.99409367239,0,4152.81167238735,23.8750740213363,66.1249259786637,0,1000,926.471016462755,66.1242114108061,28.2754109299084,493.499018081294,50.3228949826183
pursuit,追踪法,missile_pursuit,missile,6.58453193670101,5002.01895110721,0,4161.96592367106,23.5901402071429,66.4098597928571,0,1000,914.458587745345,66.4091271046019,28.7095397057537,501.075994597447,51.0955315625057
pursuit,追踪法,missile_pursuit,missile,6.59453193670101,5005.99788684779,0,4171.14022788992,23.300809490163,66.699190509837,0,1000,902.469119875055,66.6984390690756,29.1547282684493,508.846000808706,51.8878516933617
pursuit,追踪法,missile_pursuit,missile,6.60453193670101,5009.93008653575,0,4180.33466025238,23.0069693212591,66.9930306787409,0,1000,890.503020031075,66.9922598256367,29.6113640995535,516.815799544055,52.7005449918224
pursuit,追踪法,missile_pursuit,missile,6.61453193670101,5013.81471391865,0,4189.5492923121,22.7085031903584,67.2914968096416,0,1000,878.560706339627,67.2907058551431,30.0798517520795,524.992451585573,53.5343314572839
pursuit,追踪法,missile_pursuit,missile,6.62453193670101,5017.65091008011,0,4198.78419164358,22.4052904512948,67.5947095487052,0,1000,866.642608258894,67.5938977730483,30.5606137457109,533.383331292892,54.3899630651539
pursuit,追踪法,missile_pursuit,missile,6.63453193670101,5021.43779263745,0,4208.03942149439,22.0972061373172,67.9027938626828,0,1000,854.749166980227,67.9019605137664,31.0540915156841,541.996143164324,55.2682254556168
pursuit,追踪法,missile_pursuit,missile,6.64453193670101,5025.17445490513,0,4217.31504041216,21.7841207668375,68.2158792331625,0,1000,842.880835846386,68.2150235248088,31.560746418886,550.83893939657,56.1699397242249
pursuit,追踪法,missile_pursuit,missile,6.65453193670101,5028.85996502261,0,4226.61110184466,21.4659001387968,68.5340998612032,0,1000,831.038080787649,68.5332209712841,32.0810608009659,559.920138509344,57.0959643210825
pursuit,追踪法,missile_pursuit,missile,6.66453193670101,5032.49336504468,0,4235.92765371071,21.1424051171594,68.8575948828406,0,1000,819.221380776613,68.8566919513901,32.615539128526,569.248545105821,58.0471970658503
pursuit,追踪法,missile_pursuit,missile,6.67453193670101,5036.07366999272,0,4245.26473793977,20.8134914035887,69.1865085964113,0,1000,807.431228302594,69.1855807235722,33.1647091907405,578.833370844845,59.0245772863154
pursuit,追踪法,missile_pursuit,missile,6.68453193670101,5039.59986686477,0,4254.62238997787,20.479009297713,69.520990702287,0,1000,795.668129866568,69.5200369460635,33.7291233750543,588.68425670608,60.0290880888051
pursuit,追踪法,missile_pursuit,missile,6.69453193670101,5043.0709136027,0,4264.00063825724,20.1388034444204,69.8611965555796,0,1000,783.932606497602,69.8602159295736,34.3093600219433,598.811296635024,61.061758769307
pursuit,追踪法,missile_pursuit,missile,6.70453193670101,5046.48573801423,0,4273.3995036268,19.7927125669384,70.2072874330616,0,1000,772.225194291838,70.2062789039418,34.9060248640562,609.225062660786,62.1236673747698
pursuit,追踪法,missile_pursuit,missile,6.71453193670101,5049.84323664778,0,4282.81899874053,19.4405691852537,70.5594308147463,0,1000,760.546444975064,70.5583932996272,35.5197525554343,619.936631585999,63.2159434247168
pursuit,追踪法,missile_pursuit,missile,6.72453193670101,5053.14227361787,0,4292.2591274004,19.0821993187451,70.9178006812549,0,1000,748.896926490019,70.916733044967,36.1512082968937,630.957613355087,64.3397708040041
pursuit,追踪法,missile_pursuit,missile,6.73453193670101,5056.38167937875,0,4301.71988385023,18.7174221718554,71.2825778281446,0,1000,737.277223609582,71.2814788801964,36.8010895640701,642.300181214349,65.4963908382933
pursuit,追踪法,missile_pursuit,missile,6.74453193670101,5059.56024944374,0,4311.20125201667,18.3460498021176,71.6539501978824,0,1000,725.687938577087,71.6528186892898,37.470127945072,653.977103785044,66.6871055645959
pursuit,追踪法,missile_pursuit,missile,6.75453193670101,5062.6767430479,0,4320.70320469306,17.9678867692759,72.0321132307241,0,1000,714.129691775006,72.030947850759,38.1590910951507,666.001779178828,67.9132812100797
pursuit,追踪法,missile_pursuit,missile,6.76453193670101,5065.72988175123,0,4330.22570266153,17.5827297638922,72.4172702361078,0,1000,702.603122423342,72.4160696086149,38.8687848162907,678.388271293452,69.1763518932002
pursuit,追踪法,missile_pursuit,missile,6.77453193670101,5068.71834797969,0,4339.76869374848,17.1903672148017,72.8096327851983,0,1000,691.108889309113,72.8083954647843,39.6000552701397,691.151348435671,70.4778235621411
pursuit,追踪法,missile_pursuit,missile,6.78453193670101,5071.64078350127,0,4349.33211180788,16.7905788737499,73.2094211262501,0,1000,679.64767154832,73.2081455943606,40.3537913332432,704.306524427846,71.8192781865209
pursuit,追踪法,missile_pursuit,missile,6.79453193670101,5074.4957878341,0,4358.9158756267,16.383135375318,73.6168646246821,0,1000,668.220169381908,73.6155492851574,41.1309271041098,717.870102364493,73.2023782193198
pursuit,追踪法,missile_pursuit,missile,6.80453193670101,5077.28191658348,0,4368.51988774587,15.9677977713591,74.0322022286409,0,1000,656.827105007219,74.0308454031337,41.9324445722285,731.859221195413,74.6288713470363
pursuit,追踪法,missile_pursuit,missile,6.81453193670101,5079.99767970489,0,4378.14403318992,15.5443170378328,74.4556829621672,0,1000,645.469223446513,74.4542828853641,42.7593764597566,746.291905322509,76.1005955471551
pursuit,追踪法,missile_pursuit,missile,6.82453193670101,5082.64153968959,0,4387.78817809771,15.1124335519881,74.8875664480119,0,1000,634.147293454164,74.8861212623351,43.6128092472237,761.187117408284,77.6194844731161
pursuit,追踪法,missile_pursuit,missile,6.83453193670101,5085.21190966958,0,4397.45216824593,14.6718765386191,75.328123461381,0,1000,622.862108464168,75.3266312114692,44.4938863952263,776.56481460501,79.1875731880928
pursuit,追踪法,missile_pursuit,missile,6.84453193670101,5087.70715143863,0,4407.13582745642,14.2223634829039,75.7776365170961,0,1000,611.614487579644,75.7760951438979,45.4038117747141,792.446008424531,80.8070042700138
pursuit,追踪法,missile_pursuit,missile,6.85453193670101,5090.1255733859,0,4416.83895587743,13.7635995079259,76.2364004920741,0,1000,600.405276606005,76.2348078266347,46.3438533190961,808.85282847953,82.4800343113632
pursuit,追踪法,missile_pursuit,missile,6.86453193670101,5092.46542833887,0,4426.56132812814,13.2952767142736,76.7047232857264,0,1000,589.23534912952,76.7030770424369,47.315346911993,825.80859033761,84.2090408383709
pursuit,追踪法,missile_pursuit,missile,6.87453193670101,5094.72491131203,0,4436.30269129485,12.8170734796542,77.1829265203458,0,1000,578.105607642941,77.1812242897815,48.3197005250279,843.337867739369,85.9965296752071
pursuit,追踪法,missile_pursuit,missile,6.88453193670101,5096.90215715815,0,4446.06276276581,12.328653715917,77.671346284083,0,1000,567.01698471988,77.6695855255322,49.3583986205552,861.466569440516,87.8451427796971
pursuit,追踪法,missile_pursuit,missile,6.89453193670101,5098.99523811877,0,4455.84122789114,11.8296660804175,78.1703339195825,0,1000,555.970444239565,78.1685119530214,50.4330068346526,880.222020945491,89.7576665778315
pursuit,追踪法,missile_pursuit,missile,6.90453193670101,5101.00216127081,0,4465.6377374523,11.3197431389722,78.6802568610278,0,1000,544.966982663547,78.6783708584288,51.5451769560107,899.633051405496,91.737040824899
pursuit,追踪法,missile_pursuit,missile,6.91453193670101,5102.92086586628,0,4475.45190492477,10.798500477879,79.201499522121,0,1000,534.007630365805,79.1995464984942,52.6966522165193,919.730085956629,93.7863680213559
pursuit,追踪法,missile_pursuit,missile,6.92453193670101,5104.74922056268,0,4485.28330351555,10.265535760955,79.734464239045,0,1000,523.093453017606,79.7324410427599,53.8892729092989,940.54524377305,95.9089234114657
pursuit,追踪法,missile_pursuit,missile,6.93453193670101,5106.48502054137,0,4495.13146295593,9.72042772877704,80.279572271223,0,1000,512.225553028257,80.2774755736967,55.1249823496356,962.112442104902,98.1081655922157
pursuit,追踪法,missile_pursuit,missile,6.94453193670101,5108.1259845125,0,4504.99586602762,9.16273513680387,80.8372648631961,0,1000,501.405071042688,80.8350911482133,56.4058331936272,984.467506559503,100.387747758868
pursuit,追踪法,missile_pursuit,missile,6.95453193670101,5109.66975160489,0,4514.87594479876,8.59199562791996,81.40800437208,0,1000,490.633187496489,81.4057499242009,57.7339941283081,1007.64828786605,102.751529611646
pursuit,追踪法,missile_pursuit,missile,6.96453193670101,5111.1138781405,0,4524.77107654388,8.0077245366134,81.9922754633866,0,1000,479.911124228678,81.9899363558874,59.1117569454195,1031.6947853362,105.20358994521
pursuit,追踪法,missile_pursuit,missile,6.97453193670101,5112.45583429382,0,4534.68057931949,7.40941362020214,82.5905863797979,0,1000,469.240146152014,82.5881584618889,60.5415440087451,1056.64927719365,107.748239938577
pursuit,追踪法,missile_pursuit,missile,6.98453193670101,5113.69300063764,0,4544.60370716462,6.79652971340337,83.2034702865966,0,1000,458.621562980098,83.2009491699348,62.0259161218596,1082.55645789228,110.390037157672
pursuit,追踪法,missile_pursuit,missile,6.99453193670101,5114.82266457809,0,4554.53964489245,6.16851330238735,83.8314866976127,0,1000,448.056731009865,83.8288677422829,63.5675807990315,1109.46358247063,113.133800275387
pursuit,追踪法,missile_pursuit,missile,7.00453193670101,5115.84201668345,0,4564.48750243627,5.5247770137861,84.4752229862139,0,1000,437.54705495718,84.4725012858532,65.1694009366852,1137.42061789743,115.984624504539
pursuit,追踪法,missile_pursuit,missile,7.01453193670101,5116.74814691313,0,4574.44630870972,4.86470401534371,85.1352959846563,0,1000,427.093989842329,85.1324663510426,66.8344038759226,1166.48040124251,118.947897726799
pursuit,追踪法,missile_pursuit,missile,7.02453193670101,5117.53804075591,0,4584.41500493753,4.18764632411247,85.8123536758875,0,1000,416.699042920925,85.8094106230475,68.565790837832,1196.69880435393,122.0293172851
pursuit,追踪法,missile_pursuit,missile,7.03453193670101,5118.20857528901,0,4594.39243740899,3.49292301827078,86.5070769817292,0,1000,406.363775654361,86.5040147092872,70.3669467022355,1228.13490452938,125.23490738727
pursuit,追踪法,missile_pursuit,missile,7.044531936701,5118.75651517328,0,4604.37734960249,2.77981835000136,87.2201816499987,0,1000,396.089805712212,87.2169940261576,72.2414500866575,1260.85116042732,128.571037043977
pursuit,追踪法,missile_pursuit,missile,7.054531936701,5119.17850860379,0,4614.36837362462,2.04757975637714,87.9524202436229,0,1000,385.878808996941,87.9491007878334,74.1930836650366,1294.91359216251,132.04443843336
pursuit,追踪法,missile_pursuit,missile,7.064531936701,5119.47108323992,0,4624.36402090281,1.29541576636213,88.7045842336379,0,1000,375.732521678855,88.7011260991232,76.2258446443504,1330.3919641576,135.662225546706
pursuit,追踪法,missile_pursuit,missile,7.074531936701,5119.63064214483,0,4634.36267206525,0.52249380281368,89.4775061971863,0,1000,365.652742226375,89.4739021534447,78.3439552910389,1367.35996886386,139.431912922748
pursuit,追踪法,missile_pursuit,missile,7.084531936701,5119.65345977088,0,4644.36256593656,359.727937879867,89.7279378798669,0,1000,355.641333413319,90.2683045357416,80.5518733668753,1405.8954089015,143.36143422081
pursuit,追踪法,missile_pursuit,missile,7.094531936701,5119.53567803569,0,4654.36178757227,358.910826197456,88.9108261974564,0,1000,345.700224280881,91.0852546285774,82.8543022946144,1446.08037448371,147.459160313024
pursuit,追踪法,missile_pursuit,missile,7.104531936701,5119.27330254274,0,4664.3582552493,358.070188636922,88.0701886369219,0,1000,335.831412027315,91.9257221176091,85.2562008259105,1488.00141215365,151.733916490713
pursuit,追踪法,missile_pursuit,missile,7.114531936701,5118.86219901162,0,4674.34970632394,357.205004164103,87.2050041641032,0,1000,326.036963792831,92.7907275900885,87.7627919260694,1531.74967985261,156.194998276945
pursuit,追踪法,missile_pursuit,missile,7.124531936701,5118.2980899957,0,4684.33368186333,356.314198149533,86.3141981495325,0,1000,316.319018300739,93.6813452168479,90.3795705203051,1577.42108211773,160.852185212864
pursuit,追踪法,missile_pursuit,missile,7.134531936701,5117.57655198024,0,4694.30750995069,355.396639619674,85.3966396196736,0,1000,306.679787308405,94.5987055042645,93.1123096621506,1625.11637774106,165.715751835852
pursuit,追踪法,missile_pursuit,missile,7.144531936701,5116.69301297137,0,4704.26828755983,354.451138457321,84.4511384573207,0,1000,297.121556812764,95.5439980978161,95.9670645840971,1674.94125046654,170.796474888625
pursuit,追踪法,missile_pursuit,missile,7.154531936701,5115.64275070667,0,4714.21286089008,353.476442576058,83.4764425760583,0,1000,287.646687945026,96.5184746128628,98.9501739706825,1727.0063312096,176.105635584996
pursuit,追踪法,missile_pursuit,missile,7.164531936701,5114.42089164178,0,4724.1378040497,352.471235100718,82.4712351007177,0,1000,278.257617477368,97.5234514609923,102.068257652065,1781.42715780243,181.655015505033
pursuit,追踪法,missile_pursuit,missile,7.174531936701,5113.02241089449,0,4734.03939597444,351.434131594528,81.434131594528,0,1000,268.956857850886,98.5603126314443,105.328209748406,1838.32405534087,187.456884393842
pursuit,追踪法,missile_pursuit,missile,7.184531936701,5111.44213335911,0,4743.91359546846,350.363677384232,80.3636773842316,0,1000,259.746996618433,99.6305123764608,108.737186098683,1897.82191677582,193.523977788115
pursuit,追踪法,missile_pursuit,missile,7.194531936701,5109.67473623939,0,4753.7560142589,349.258345048078,79.2583450480778,0,1000,250.630695178117,100.735577736638,112.302584578552,1960.04985939513,199.869461987033
pursuit,追踪法,missile_pursuit,missile,7.204531936701,5107.71475328931,0,4763.561887963,348.116532145849,78.1165321458486,0,1000,241.610686652951,101.877110827105,116.032016647409,2025.14072822616,206.506883413414
pursuit,追踪法,missile_pursuit,missile,7.214531936701,5105.55658109642,0,4773.32604487955,346.936559288609,76.9365592886091,0,1000,232.689772749152,103.056790787281,119.933268162398,2093.23041211114,213.45009887282
pursuit,追踪法,missile_pursuit,missile,7.224531936701,5103.19448779444,0,4783.04287253658,345.716668668148,75.7166686681478,0,1000,223.870819399841,104.27637527566,124.014247155485,2164.45693224522,220.713182610292
pursuit,追踪法,missile_pursuit,missile,7.234531936701,5100.62262464897,0,4792.70628195481,344.455023189164,74.4550231891645,0,1000,215.156750972219,105.537701366165,128.282915889522,2238.95925633111,228.310305387784
pursuit,追踪法,missile_pursuit,missile,7.244531936701,5097.83504102303,0,4802.30966962578,343.149706377763,73.1497063777628,0,1000,206.55054278476,106.842685673726,132.747204094136,2316.87578425957,236.255580066543
pursuit,追踪法,missile_pursuit,missile,7.254531936701,5094.82570329798,0,4811.84587725497,341.798723273017,71.7987232730167,0,1000,198.055211646757,108.193323503552,137.414899840397,2398.34244351316,244.562867392347
pursuit,追踪法,missile_pursuit,missile,7.264531936701,5091.58851839813,0,4821.30714938912,340.400002544565,70.4000025445646,0,1000,189.673804096046,109.591686780882,142.293514059099,2483.49032456411,253.245534873184
pursuit,追踪法,missile_pursuit,missile,7.274531936701,5088.11736264333,0,4830.685089134,338.951400122959,68.9514001229589,0,1000,181.409381972671,111.039920475826,147.390114264258,2572.44277880196,262.316160850236
pursuit,追踪法,missile_pursuit,missile,7.284531936701,5084.40611673115,0,4839.97061228067,337.45070467542,67.4507046754201,0,1000,173.265004927809,112.540237191453,152.711122646075,2665.31189459088,271.786175155724
pursuit,追踪法,missile_pursuit,missile,7.294531936701,5080.44870772427,0,4849.15390029649,335.895645308472,65.8956453084718,0,1000,165.243709430076,114.094909533352,158.26207339643,2762.19426180063,281.66542721527
pursuit,追踪法,missile_pursuit,missile,7.304531936701,5076.23915898576,0,4858.22435280816,334.283901931898,64.2839019318982,0,1000,157.348483797888,115.706259826628,164.047323994557,2863.16593279092,291.961672211297
pursuit,追踪法,missile_pursuit,missile,7.314531936701,5071.77164905788,0,4867.17054041054,332.613118770124,62.6131187701241,0,1000,149.582238760034,117.37664669397,170.069715304132,2968.2764899865,302.679966144045
pursuit,追踪法,missile_pursuit,missile,7.324531936701,5067.04058051033,0,4875.98015888194,330.880921555086,60.8809215550857,0,1000,141.947773031577,119.108447959052,176.330175836625,3077.54213896965,313.821961523013
pursuit,追踪法,missile_pursuit,missile,7.334531936701,5062.04065977986,0,4884.6399861755,329.084938975815,59.0849389758145,0,1000,134.447733394022,120.904039297749,182.827266570686,3190.93776407983,325.385097263574
pursuit,追踪法,missile_pursuit,missile,7.344531936701,5056.76698897138,0,4893.13584388928,327.222828987129,57.2228289871285,0,1000,127.084568794751,122.765768031623,189.556664465733,3308.38791402519,337.361679475171
pursuit,追踪法,missile_pursuit,missile,7.354531936701,5051.21517047351,0,4901.45256529105,325.292310583412,55.2923105834119,0,1000,119.860478039249,124.695921451982,196.510585478098,3429.75673161457,349.737854579756
pursuit,追踪法,missile_pursuit,missile,7.364531936701,5045.38142503895,0,4909.57397238203,323.291201615316,53.2912016153161,0,1000,112.777350750891,126.69668908895,203.677151703217,3554.83690830511,362.492482989105
pursuit,追踪法,missile_pursuit,missile,7.374531936701,5039.26272367008,0,4917.48286491273,321.217463154797,51.2174631547966,0,1000,105.836701428118,128.77011841087,211.039712442449,3683.33783458279,375.595930779908
pursuit,追踪法,missile_pursuit,missile,7.384531936701,5032.85693320896,0,4925.1610246944,319.069250780312,49.0692507803117,0,1000,99.039596649403,130.918063569553,218.576135698313,3814.87323422148,389.008808739119
pursuit,追踪法,missile_pursuit,missile,7.394531936701,5026.16297493571,0,4932.5892389476,316.844972945757,46.8449729457571,0,1000,92.3865757740096,133.142127012138,226.258094907471,3948.94871542519,402.680702933742
pursuit,追踪法,missile_pursuit,missile,7.404531936701,5019.18099471169,0,4939.7473467547,314.543356299962,44.5433562999624,0,1000,85.8775658703124,135.443594076273,234.050385522378,4084.94984292756,416.548958403487
pursuit,追踪法,missile_pursuit,missile,7.414531936701,5011.91254225377,0,4946.61431287777,312.163517420815,42.1635174208151,0,1000,79.5117920785477,137.823361085429,241.910316979228,4222.13152583068,430.537597021478
pursuit,追踪法,missile_pursuit,missile,7.424531936701,5004.36075599727,0,4953.16833319955,309.705039916953,39.7050399169527,0,1000,73.2876851791417,140.281857973154,249.787236904056,4359.60971343486,444.556470704559
pursuit,追踪法,missile_pursuit,missile,7.434531936701,4996.53054872367,0,4959.38697576463,307.168055230273,37.1680552302735,0,1000,67.2027887785519,142.818967087565,257.622254915205,4496.35657468248,458.500769853362
pursuit,追踪法,missile_pursuit,missile,7.444531936701,4988.42878774802,0,4965.24736075767,304.553324762364,34.5533247623639,0,1000,61.253669214994,145.433940543888,265.348241375857,4631.20047638536,472.251021132125
pursuit,追踪法,missile_pursuit,missile,7.454531936701,4980.06446206946,0,4970.72638167852,301.862320183594,31.8623201835937,0,1000,55.4358319822171,148.125319268126,272.890179757259,4762.83213312335,485.673714583814
pursuit,追踪法,missile_pursuit,missile,7.464531936701,4971.44882761242,0,4975.80096840255,299.097298023899,29.0972980238995,0,1000,49.7436491071101,150.89085764985,280.165947405627,4889.81823419746,498.622693192625
pursuit,追踪法,missile_pursuit,missile,7.474531936701,4962.59552069001,0,4980.44839072797,296.261363978197,26.2613639781975,0,1000,44.1703024143969,153.727458413195,287.087586011121,5010.62361749647,510.941413989127
pursuit,追踪法,missile_pursuit,missile,7.484531936701,4953.52062929661,0,4984.64659844711,293.358521894388,23.358521894388,0,1000,38.7077478727222,156.631122818383,293.563098091012,5123.64262404324,522.466145324167
pursuit,追踪法,missile_pursuit,missile,7.494531936701,4944.24271198223,0,4988.37459104823,290.393702290737,20.3937022907374,0,1000,33.3467061397315,159.596921511547,299.498768825298,5227.23962167081,533.030099133834
pursuit,追踪法,missile_pursuit,missile,7.504531936701,4934.78275505507,0,4991.61280706445,287.37276569785,17.3727656978502,0,1000,28.0766839149615,162.618991175079,304.801965755305,5319.79786898107,542.468413676543
pursuit,追踪法,missile_pursuit,missile,7.51453193670099,4925.16406080881,0,4994.34352016165,284.302477883054,14.3024778830543,0,1000,22.886029689775,165.690561738437,309.384321039484,5399.77505618616,550.623817122683
pursuit,追踪法,missile_pursuit,missile,7.52453193670099,4915.41206233117,0,4996.55122689389,281.190462564489,11.1904625644886,0,1000,17.762025850988,168.804019880312,313.165199771872,5465.76383868495,557.352800261553
pursuit,追踪法,missile_pursuit,missile,7.53453193670099,4905.55406360809,0,4998.22301202706,278.04522858526,8.0452285852596,0,1000,12.691016284527,171.951033494416,316.075967698686,5516.56632276932,562.533211929591
pursuit,追踪法,missile_pursuit,missile,7.54453193670099,4895.61890120417,0,4999.34890914015,274.879286866043,4.87928686604255,0,1000,7.6585580822028,175.123123500095,318.086914019636,5551.66395715076,566.112174611183
pursuit,追踪法,missile_pursuit,missile,7.55453193670099,4885.63637327593,0,4999.92330724636,272.944813171479,2.94481317147919,0,1000,2.64941402963237,178.341223774469,333.454400104824,5819.87718709171,593.462312521779
pursuit,追踪法,missile_pursuit,missile,7.55671515410621,4883.45377528475,0,4999.97470743086,270.986238549823,0.986238549822858,0,1000,1.55751987006125,179.069532792637,333.583247147826,5822.12599222355,593.691626827056
pursuit,追踪法,missile_pursuit,missile,7.55889837151143,4881.27069668161,0,4999.99846154005,270.496698979359,0.496698979359107,0,1000,0.465847133329382,179.810780369975,381.344736685341,6655.72124031,678.694685780568
pursuit,追踪法,missile_pursuit,missile,7.55965205891957,4880.51701144416,0,5000.00016697006,270.119313711243,0.119313711242951,0,1000,0.0890032161700286,180.107486965109,1447.09244033723,25256.5276646042,2575.44907431225
pursuit,追踪法,missile_pursuit,missile,7.55972966357052,4880.43940680939,0,5000.0001926348,269.963042798761,-0.03695720123946,0,1000,0.0502011198654968,180.219859397805,1447.41199301971,25262.104911047,2576.0177951744
pursuit,追踪法,missile_pursuit,missile,7.55980726822148,4880.36180226599,0,5000.00006685627,270.093562790502,0.0935627905023311,0,1000,0.0113987284098597,180.336055375017,2850.12391700909,49744.0464416463,5072.48106556737
pursuit,追踪法,missile_pursuit,missile,7.55985526448042,4880.3138101921,0,5000.00039773159,270.395012290578,0.395012290577858,0,1000,0.0126016901934809,358.191343676607,-118895.965451957,-2075126.06447408,-211603.969191731
pursuit,追踪法,target_pursuit,target,0,8660.25403784439,0,5000,270,0,0,500,0,NaN,NaN,0,0
pursuit,追踪法,target_pursuit,target,2.32038129184932e-07,8660.25392182532,0,5000,270,0,0,500,0,NaN,NaN,0,0
pursuit,追踪法,target_pursuit,target,1.39222877510959e-06,8660.25334173,0,5000,270,0,0,500,0,NaN,NaN,0,0
pursuit,追踪法,target_pursuit,target,7.19318200473289e-06,8660.25044125338,0,5000,270,0,0,500,0,NaN,NaN,0,0
pursuit,追踪法,target_pursuit,target,3.61979481528494e-05,8660.23593887031,0,5000,270,0,0,500,0,NaN,NaN,0,0
pursuit,追踪法,target_pursuit,target,0.000181221778893432,8660.16342695494,0,5000,270,0,0,500,0,NaN,NaN,0,0
pursuit,追踪法,target_pursuit,target,0.000906340932596344,8659.80086737809,0,5000,270,0,0,500,0,NaN,NaN,0,0
pursuit,追踪法,target_pursuit,target,0.0045319367011109,8657.98806949383,0,5000,270,0,0,500,0,NaN,NaN,0,0
pursuit,追踪法,target_pursuit,target,0.0145319367011109,8652.98806949383,0,5000,270,0,0,500,0,NaN,NaN,0,0
pursuit,追踪法,target_pursuit,target,0.0245319367011109,8647.98806949383,0,5000,270,0,0,500,0,NaN,NaN,0,0
pursuit,追踪法,target_pursuit,target,0.0345319367011109,8642.98806949383,0,5000,270,0,0,500,0,NaN,NaN,0,0
pursuit,追踪法,target_pursuit,target,0.0445319367011109,8637.98806949383,0,5000,270,0,0,500,0,NaN,NaN,0,0
pursuit,追踪法,target_pursuit,target,0.0545319367011109,8632.98806949383,0,5000,270,0,0,500,0,NaN,NaN,0,0
pursuit,追踪法,target_pursuit,target,0.0645319367011109,8627.98806949383,0,5000,270,0,0,500,0,NaN,NaN,0,0
pursuit,追踪法,target_pursuit,target,0.0745319367011109,8622.98806949383,0,5000,270,0,0,500,0,NaN,NaN,0,0
pursuit,追踪法,target_pursuit,target,0.0845319367011109,8617.98806949383,0,5000,270,0,0,500,0,NaN,NaN,0,0
pursuit,追踪法,target_pursuit,target,0.0945319367011109,8612.98806949383,0,5000,270,0,0,500,0,NaN,NaN,0,0
pursuit,追踪法,target_pursuit,target,0.104531936701111,8607.98806949383,0,5000,270,0,0,500,0,NaN,NaN,0,0
pursuit,追踪法,target_pursuit,target,0.114531936701111,8602.98806949383,0,5000,270,0,0,500,0,NaN,NaN,0,0
pursuit,追踪法,target_pursuit,target,0.124531936701111,8597.98806949383,0,5000,270,0,0,500,0,NaN,NaN,0,0
pursuit,追踪法,target_pursuit,target,0.134531936701111,8592.98806949383,0,5000,270,0,0,500,0,NaN,NaN,0,0
pursuit,追踪法,target_pursuit,target,0.144531936701111,8587.98806949383,0,5000,270,0,0,500,0,NaN,NaN,0,0
pursuit,追踪法,target_pursuit,target,0.154531936701111,8582.98806949383,0,5000,270,0,0,500,0,NaN,NaN,0,0
pursuit,追踪法,target_pursuit,target,0.164531936701111,8577.98806949383,0,5000,270,0,0,500,0,NaN,NaN,0,0
pursuit,追踪法,target_pursuit,target,0.174531936701111,8572.98806949383,0,5000,270,0,0,500,0,NaN,NaN,0,0
pursuit,追踪法,target_pursuit,target,0.184531936701111,8567.98806949383,0,5000,270,0,0,500,0,NaN,NaN,0,0
pursuit,追踪法,target_pursuit,target,0.194531936701111,8562.98806949383,0,5000,270,0,0,500,0,NaN,NaN,0,0
pursuit,追踪法,target_pursuit,target,0.204531936701111,8557.98806949383,0,5000,270,0,0,500,0,NaN,NaN,0,0
pursuit,追踪法,target_pursuit,target,0.214531936701111,8552.98806949383,0,5000,270,0,0,500,0,NaN,NaN,0,0
pursuit,追踪法,target_pursuit,target,0.224531936701111,8547.98806949383,0,5000,270,0,0,500,0,NaN,NaN,0,0
pursuit,追踪法,target_pursuit,target,0.234531936701111,8542.98806949383,0,5000,270,0,0,500,0,NaN,NaN,0,0
pursuit,追踪法,target_pursuit,target,0.244531936701111,8537.98806949383,0,5000,270,0,0,500,0,NaN,NaN,0,0
pursuit,追踪法,target_pursuit,target,0.254531936701111,8532.98806949383,0,5000,270,0,0,500,0,NaN,NaN,0,0
pursuit,追踪法,target_pursuit,target,0.264531936701111,8527.98806949383,0,5000,270,0,0,500,0,NaN,NaN,0,0
pursuit,追踪法,target_pursuit,target,0.274531936701111,8522.98806949383,0,5000,270,0,0,500,0,NaN,NaN,0,0
pursuit,追踪法,target_pursuit,target,0.284531936701111,8517.98806949383,0,5000,270,0,0,500,0,NaN,NaN,0,0
pursuit,追踪法,target_pursuit,target,0.294531936701111,8512.98806949383,0,5000,270,0,0,500,0,NaN,NaN,0,0
pursuit,追踪法,target_pursuit,target,0.304531936701111,8507.98806949383,0,5000,270,0,0,500,0,NaN,NaN,0,0
pursuit,追踪法,target_pursuit,target,0.314531936701111,8502.98806949383,0,5000,270,0,0,500,0,NaN,NaN,0,0
pursuit,追踪法,target_pursuit,target,0.324531936701111,8497.98806949383,0,5000,270,0,0,500,0,NaN,NaN,0,0
pursuit,追踪法,target_pursuit,target,0.334531936701111,8492.98806949383,0,5000,270,0,0,500,0,NaN,NaN,0,0
pursuit,追踪法,target_pursuit,target,0.344531936701111,8487.98806949383,0,5000,270,0,0,500,0,NaN,NaN,0,0
pursuit,追踪法,target_pursuit,target,0.354531936701111,8482.98806949383,0,5000,270,0,0,500,0,NaN,NaN,0,0
pursuit,追踪法,target_pursuit,target,0.364531936701111,8477.98806949383,0,5000,270,0,0,500,0,NaN,NaN,0,0
pursuit,追踪法,target_pursuit,target,0.374531936701111,8472.98806949383,0,5000,270,0,0,500,0,NaN,NaN,0,0
pursuit,追踪法,target_pursuit,target,0.384531936701111,8467.98806949383,0,5000,270,0,0,500,0,NaN,NaN,0,0
pursuit,追踪法,target_pursuit,target,0.394531936701111,8462.98806949383,0,5000,270,0,0,500,0,NaN,NaN,0,0
pursuit,追踪法,target_pursuit,target,0.404531936701111,8457.98806949383,0,5000,270,0,0,500,0,NaN,NaN,0,0
pursuit,追踪法,target_pursuit,target,0.414531936701111,8452.98806949383,0,5000,270,0,0,500,0,NaN,NaN,0,0
pursuit,追踪法,target_pursuit,target,0.424531936701111,8447.98806949383,0,5000,270,0,0,500,0,NaN,NaN,0,0
pursuit,追踪法,target_pursuit,target,0.434531936701111,8442.98806949383,0,5000,270,0,0,500,0,NaN,NaN,0,0
pursuit,追踪法,target_pursuit,target,0.444531936701111,8437.98806949383,0,5000,270,0,0,500,0,NaN,NaN,0,0
pursuit,追踪法,target_pursuit,target,0.454531936701111,8432.98806949383,0,5000,270,0,0,500,0,NaN,NaN,0,0
pursuit,追踪法,target_pursuit,target,0.464531936701111,8427.98806949383,0,5000,270,0,0,500,0,NaN,NaN,0,0
pursuit,追踪法,target_pursuit,target,0.474531936701111,8422.98806949383,0,5000,270,0,0,500,0,NaN,NaN,0,0
pursuit,追踪法,target_pursuit,target,0.484531936701111,8417.98806949383,0,5000,270,0,0,500,0,NaN,NaN,0,0
pursuit,追踪法,target_pursuit,target,0.494531936701111,8412.98806949383,0,5000,270,0,0,500,0,NaN,NaN,0,0
pursuit,追踪法,target_pursuit,target,0.504531936701111,8407.98806949383,0,5000,270,0,0,500,0,NaN,NaN,0,0
pursuit,追踪法,target_pursuit,target,0.514531936701111,8402.98806949383,0,5000,270,0,0,500,0,NaN,NaN,0,0
pursuit,追踪法,target_pursuit,target,0.524531936701111,8397.98806949383,0,5000,270,0,0,500,0,NaN,NaN,0,0
pursuit,追踪法,target_pursuit,target,0.534531936701111,8392.98806949383,0,5000,270,0,0,500,0,NaN,NaN,0,0
pursuit,追踪法,target_pursuit,target,0.544531936701111,8387.98806949383,0,5000,270,0,0,500,0,NaN,NaN,0,0
pursuit,追踪法,target_pursuit,target,0.554531936701111,8382.98806949383,0,5000,270,0,0,500,0,NaN,NaN,0,0
pursuit,追踪法,target_pursuit,target,0.564531936701111,8377.98806949383,0,5000,270,0,0,500,0,NaN,NaN,0,0
pursuit,追踪法,target_pursuit,target,0.574531936701111,8372.98806949383,0,5000,270,0,0,500,0,NaN,NaN,0,0
pursuit,追踪法,target_pursuit,target,0.584531936701111,8367.98806949383,0,5000,270,0,0,500,0,NaN,NaN,0,0
pursuit,追踪法,target_pursuit,target,0.594531936701111,8362.98806949383,0,5000,270,0,0,500,0,NaN,NaN,0,0
pursuit,追踪法,target_pursuit,target,0.604531936701111,8357.98806949383,0,5000,270,0,0,500,0,NaN,NaN,0,0
pursuit,追踪法,target_pursuit,target,0.614531936701111,8352.98806949383,0,5000,270,0,0,500,0,NaN,NaN,0,0
pursuit,追踪法,target_pursuit,target,0.624531936701111,8347.98806949383,0,5000,270,0,0,500,0,NaN,NaN,0,0
pursuit,追踪法,target_pursuit,target,0.634531936701111,8342.98806949383,0,5000,270,0,0,500,0,NaN,NaN,0,0
pursuit,追踪法,target_pursuit,target,0.644531936701111,8337.98806949383,0,5000,270,0,0,500,0,NaN,NaN,0,0
pursuit,追踪法,target_pursuit,target,0.654531936701111,8332.98806949383,0,5000,270,0,0,500,0,NaN,NaN,0,0
pursuit,追踪法,target_pursuit,target,0.664531936701111,8327.98806949383,0,5000,270,0,0,500,0,NaN,NaN,0,0
pursuit,追踪法,target_pursuit,target,0.674531936701111,8322.98806949383,0,5000,270,0,0,500,0,NaN,NaN,0,0
pursuit,追踪法,target_pursuit,target,0.684531936701111,8317.98806949383,0,5000,270,0,0,500,0,NaN,NaN,0,0
pursuit,追踪法,target_pursuit,target,0.694531936701111,8312.98806949383,0,5000,270,0,0,500,0,NaN,NaN,0,0
pursuit,追踪法,target_pursuit,target,0.704531936701111,8307.98806949383,0,5000,270,0,0,500,0,NaN,NaN,0,0
pursuit,追踪法,target_pursuit,target,0.714531936701111,8302.98806949383,0,5000,270,0,0,500,0,NaN,NaN,0,0
pursuit,追踪法,target_pursuit,target,0.724531936701111,8297.98806949383,0,5000,270,0,0,500,0,NaN,NaN,0,0
pursuit,追踪法,target_pursuit,target,0.734531936701111,8292.98806949383,0,5000,270,0,0,500,0,NaN,NaN,0,0
pursuit,追踪法,target_pursuit,target,0.744531936701111,8287.98806949383,0,5000,270,0,0,500,0,NaN,NaN,0,0
pursuit,追踪法,target_pursuit,target,0.754531936701111,8282.98806949383,0,5000,270,0,0,500,0,NaN,NaN,0,0
pursuit,追踪法,target_pursuit,target,0.764531936701111,8277.98806949383,0,5000,270,0,0,500,0,NaN,NaN,0,0
pursuit,追踪法,target_pursuit,target,0.774531936701111,8272.98806949383,0,5000,270,0,0,500,0,NaN,NaN,0,0
pursuit,追踪法,target_pursuit,target,0.784531936701111,8267.98806949383,0,5000,270,0,0,500,0,NaN,NaN,0,0
pursuit,追踪法,target_pursuit,target,0.794531936701111,8262.98806949383,0,5000,270,0,0,500,0,NaN,NaN,0,0
pursuit,追踪法,target_pursuit,target,0.804531936701111,8257.98806949383,0,5000,270,0,0,500,0,NaN,NaN,0,0
pursuit,追踪法,target_pursuit,target,0.814531936701111,8252.98806949383,0,5000,270,0,0,500,0,NaN,NaN,0,0
pursuit,追踪法,target_pursuit,target,0.824531936701111,8247.98806949383,0,5000,270,0,0,500,0,NaN,NaN,0,0
pursuit,追踪法,target_pursuit,target,0.834531936701111,8242.98806949383,0,5000,270,0,0,500,0,NaN,NaN,0,0
pursuit,追踪法,target_pursuit,target,0.844531936701111,8237.98806949383,0,5000,270,0,0,500,0,NaN,NaN,0,0
pursuit,追踪法,target_pursuit,target,0.854531936701111,8232.98806949383,0,5000,270,0,0,500,0,NaN,NaN,0,0
pursuit,追踪法,target_pursuit,target,0.864531936701112,8227.98806949383,0,5000,270,0,0,500,0,NaN,NaN,0,0
pursuit,追踪法,target_pursuit,target,0.874531936701112,8222.98806949383,0,5000,270,0,0,500,0,NaN,NaN,0,0
pursuit,追踪法,target_pursuit,target,0.884531936701112,8217.98806949383,0,5000,270,0,0,500,0,NaN,NaN,0,0
pursuit,追踪法,target_pursuit,target,0.894531936701112,8212.98806949383,0,5000,270,0,0,500,0,NaN,NaN,0,0
pursuit,追踪法,target_pursuit,target,0.904531936701112,8207.98806949383,0,5000,270,0,0,500,0,NaN,NaN,0,0
pursuit,追踪法,target_pursuit,target,0.914531936701112,8202.98806949383,0,5000,270,0,0,500,0,NaN,NaN,0,0
pursuit,追踪法,target_pursuit,target,0.924531936701112,8197.98806949383,0,5000,270,0,0,500,0,NaN,NaN,0,0
pursuit,追踪法,target_pursuit,target,0.934531936701112,8192.98806949383,0,5000,270,0,0,500,0,NaN,NaN,0,0
pursuit,追踪法,target_pursuit,target,0.944531936701112,8187.98806949383,0,5000,270,0,0,500,0,NaN,NaN,0,0
pursuit,追踪法,target_pursuit,target,0.954531936701112,8182.98806949383,0,5000,270,0,0,500,0,NaN,NaN,0,0
pursuit,追踪法,target_pursuit,target,0.964531936701112,8177.98806949383,0,5000,270,0,0,500,0,NaN,NaN,0,0
pursuit,追踪法,target_pursuit,target,0.974531936701112,8172.98806949383,0,5000,270,0,0,500,0,NaN,NaN,0,0
pursuit,追踪法,target_pursuit,target,0.984531936701112,8167.98806949383,0,5000,270,0,0,500,0,NaN,NaN,0,0
pursuit,追踪法,target_pursuit,target,0.994531936701112,8162.98806949383,0,5000,270,0,0,500,0,NaN,NaN,0,0
pursuit,追踪法,target_pursuit,target,1.00453193670111,8157.98806949383,0,5000,270,0,0,500,0,NaN,NaN,0,0
pursuit,追踪法,target_pursuit,target,1.01453193670111,8152.98806949383,0,5000,270,0,0,500,0,NaN,NaN,0,0
pursuit,追踪法,target_pursuit,target,1.02453193670111,8147.98806949383,0,5000,270,0,0,500,0,NaN,NaN,0,0
pursuit,追踪法,target_pursuit,target,1.03453193670111,8142.98806949383,0,5000,270,0,0,500,0,NaN,NaN,0,0
pursuit,追踪法,target_pursuit,target,1.04453193670111,8137.98806949383,0,5000,270,0,0,500,0,NaN,NaN,0,0
pursuit,追踪法,target_pursuit,target,1.05453193670111,8132.98806949383,0,5000,270,0,0,500,0,NaN,NaN,0,0
pursuit,追踪法,target_pursuit,target,1.06453193670111,8127.98806949383,0,5000,270,0,0,500,0,NaN,NaN,0,0
pursuit,追踪法,target_pursuit,target,1.07453193670111,8122.98806949383,0,5000,270,0,0,500,0,NaN,NaN,0,0
pursuit,追踪法,target_pursuit,target,1.08453193670111,8117.98806949383,0,5000,270,0,0,500,0,NaN,NaN,0,0
pursuit,追踪法,target_pursuit,target,1.09453193670111,8112.98806949383,0,5000,270,0,0,500,0,NaN,NaN,0,0
pursuit,追踪法,target_pursuit,target,1.10453193670111,8107.98806949383,0,5000,270,0,0,500,0,NaN,NaN,0,0
pursuit,追踪法,target_pursuit,target,1.11453193670111,8102.98806949383,0,5000,270,0,0,500,0,NaN,NaN,0,0
pursuit,追踪法,target_pursuit,target,1.12453193670111,8097.98806949383,0,5000,270,0,0,500,0,NaN,NaN,0,0
pursuit,追踪法,target_pursuit,target,1.13453193670111,8092.98806949383,0,5000,270,0,0,500,0,NaN,NaN,0,0
pursuit,追踪法,target_pursuit,target,1.14453193670111,8087.98806949383,0,5000,270,0,0,500,0,NaN,NaN,0,0
pursuit,追踪法,target_pursuit,target,1.15453193670111,8082.98806949383,0,5000,270,0,0,500,0,NaN,NaN,0,0
pursuit,追踪法,target_pursuit,target,1.16453193670111,8077.98806949383,0,5000,270,0,0,500,0,NaN,NaN,0,0
pursuit,追踪法,target_pursuit,target,1.17453193670111,8072.98806949383,0,5000,270,0,0,500,0,NaN,NaN,0,0
pursuit,追踪法,target_pursuit,target,1.18453193670111,8067.98806949383,0,5000,270,0,0,500,0,NaN,NaN,0,0
pursuit,追踪法,target_pursuit,target,1.19453193670111,8062.98806949383,0,5000,270,0,0,500,0,NaN,NaN,0,0
pursuit,追踪法,target_pursuit,target,1.20453193670111,8057.98806949383,0,5000,270,0,0,500,0,NaN,NaN,0,0
pursuit,追踪法,target_pursuit,target,1.21453193670111,8052.98806949383,0,5000,270,0,0,500,0,NaN,NaN,0,0
pursuit,追踪法,target_pursuit,target,1.22453193670111,8047.98806949383,0,5000,270,0,0,500,0,NaN,NaN,0,0
pursuit,追踪法,target_pursuit,target,1.23453193670111,8042.98806949383,0,5000,270,0,0,500,0,NaN,NaN,0,0
pursuit,追踪法,target_pursuit,target,1.24453193670111,8037.98806949383,0,5000,270,0,0,500,0,NaN,NaN,0,0
pursuit,追踪法,target_pursuit,target,1.25453193670111,8032.98806949383,0,5000,270,0,0,500,0,NaN,NaN,0,0
pursuit,追踪法,target_pursuit,target,1.26453193670111,8027.98806949383,0,5000,270,0,0,500,0,NaN,NaN,0,0
pursuit,追踪法,target_pursuit,target,1.27453193670111,8022.98806949383,0,5000,270,0,0,500,0,NaN,NaN,0,0
pursuit,追踪法,target_pursuit,target,1.28453193670111,8017.98806949383,0,5000,270,0,0,500,0,NaN,NaN,0,0
pursuit,追踪法,target_pursuit,target,1.29453193670111,8012.98806949383,0,5000,270,0,0,500,0,NaN,NaN,0,0
pursuit,追踪法,target_pursuit,target,1.30453193670111,8007.98806949383,0,5000,270,0,0,500,0,NaN,NaN,0,0
pursuit,追踪法,target_pursuit,target,1.31453193670111,8002.98806949383,0,5000,270,0,0,500,0,NaN,NaN,0,0
pursuit,追踪法,target_pursuit,target,1.32453193670111,7997.98806949383,0,5000,270,0,0,500,0,NaN,NaN,0,0
pursuit,追踪法,target_pursuit,target,1.33453193670111,7992.98806949383,0,5000,270,0,0,500,0,NaN,NaN,0,0
pursuit,追踪法,target_pursuit,target,1.34453193670111,7987.98806949383,0,5000,270,0,0,500,0,NaN,NaN,0,0
pursuit,追踪法,target_pursuit,target,1.35453193670111,7982.98806949383,0,5000,270,0,0,500,0,NaN,NaN,0,0
pursuit,追踪法,target_pursuit,target,1.36453193670111,7977.98806949383,0,5000,270,0,0,500,0,NaN,NaN,0,0
pursuit,追踪法,target_pursuit,target,1.37453193670111,7972.98806949383,0,5000,270,0,0,500,0,NaN,NaN,0,0
pursuit,追踪法,target_pursuit,target,1.38453193670111,7967.98806949383,0,5000,270,0,0,500,0,NaN,NaN,0,0
pursuit,追踪法,target_pursuit,target,1.39453193670111,7962.98806949383,0,5000,270,0,0,500,0,NaN,NaN,0,0
pursuit,追踪法,target_pursuit,target,1.40453193670111,7957.98806949383,0,5000,270,0,0,500,0,NaN,NaN,0,0
pursuit,追踪法,target_pursuit,target,1.41453193670111,7952.98806949383,0,5000,270,0,0,500,0,NaN,NaN,0,0
pursuit,追踪法,target_pursuit,target,1.42453193670111,7947.98806949383,0,5000,270,0,0,500,0,NaN,NaN,0,0
pursuit,追踪法,target_pursuit,target,1.43453193670111,7942.98806949383,0,5000,270,0,0,500,0,NaN,NaN,0,0
pursuit,追踪法,target_pursuit,target,1.44453193670111,7937.98806949383,0,5000,270,0,0,500,0,NaN,NaN,0,0
pursuit,追踪法,target_pursuit,target,1.45453193670111,7932.98806949383,0,5000,270,0,0,500,0,NaN,NaN,0,0
pursuit,追踪法,target_pursuit,target,1.46453193670111,7927.98806949383,0,5000,270,0,0,500,0,NaN,NaN,0,0
pursuit,追踪法,target_pursuit,target,1.47453193670111,7922.98806949383,0,5000,270,0,0,500,0,NaN,NaN,0,0
pursuit,追踪法,target_pursuit,target,1.48453193670111,7917.98806949383,0,5000,270,0,0,500,0,NaN,NaN,0,0
pursuit,追踪法,target_pursuit,target,1.49453193670111,7912.98806949383,0,5000,270,0,0,500,0,NaN,NaN,0,0
pursuit,追踪法,target_pursuit,target,1.50453193670111,7907.98806949383,0,5000,270,0,0,500,0,NaN,NaN,0,0
pursuit,追踪法,target_pursuit,target,1.51453193670111,7902.98806949383,0,5000,270,0,0,500,0,NaN,NaN,0,0
pursuit,追踪法,target_pursuit,target,1.52453193670111,7897.98806949383,0,5000,270,0,0,500,0,NaN,NaN,0,0
pursuit,追踪法,target_pursuit,target,1.53453193670111,7892.98806949383,0,5000,270,0,0,500,0,NaN,NaN,0,0
pursuit,追踪法,target_pursuit,target,1.54453193670111,7887.98806949383,0,5000,270,0,0,500,0,NaN,NaN,0,0
pursuit,追踪法,target_pursuit,target,1.55453193670111,7882.98806949383,0,5000,270,0,0,500,0,NaN,NaN,0,0
pursuit,追踪法,target_pursuit,target,1.56453193670111,7877.98806949383,0,5000,270,0,0,500,0,NaN,NaN,0,0
pursuit,追踪法,target_pursuit,target,1.57453193670111,7872.98806949383,0,5000,270,0,0,500,0,NaN,NaN,0,0
pursuit,追踪法,target_pursuit,target,1.58453193670111,7867.98806949383,0,5000,270,0,0,500,0,NaN,NaN,0,0
pursuit,追踪法,target_pursuit,target,1.59453193670111,7862.98806949383,0,5000,270,0,0,500,0,NaN,NaN,0,0
pursuit,追踪法,target_pursuit,target,1.60453193670111,7857.98806949383,0,5000,270,0,0,500,0,NaN,NaN,0,0
pursuit,追踪法,target_pursuit,target,1.61453193670111,7852.98806949383,0,5000,270,0,0,500,0,NaN,NaN,0,0
pursuit,追踪法,target_pursuit,target,1.62453193670111,7847.98806949383,0,5000,270,0,0,500,0,NaN,NaN,0,0
pursuit,追踪法,target_pursuit,target,1.63453193670111,7842.98806949383,0,5000,270,0,0,500,0,NaN,NaN,0,0
pursuit,追踪法,target_pursuit,target,1.64453193670111,7837.98806949383,0,5000,270,0,0,500,0,NaN,NaN,0,0
pursuit,追踪法,target_pursuit,target,1.65453193670111,7832.98806949383,0,5000,270,0,0,500,0,NaN,NaN,0,0
pursuit,追踪法,target_pursuit,target,1.66453193670111,7827.98806949383,0,5000,270,0,0,500,0,NaN,NaN,0,0
pursuit,追踪法,target_pursuit,target,1.67453193670111,7822.98806949383,0,5000,270,0,0,500,0,NaN,NaN,0,0
pursuit,追踪法,target_pursuit,target,1.68453193670111,7817.98806949383,0,5000,270,0,0,500,0,NaN,NaN,0,0
pursuit,追踪法,target_pursuit,target,1.69453193670111,7812.98806949383,0,5000,270,0,0,500,0,NaN,NaN,0,0
pursuit,追踪法,target_pursuit,target,1.70453193670111,7807.98806949383,0,5000,270,0,0,500,0,NaN,NaN,0,0
pursuit,追踪法,target_pursuit,target,1.71453193670111,7802.98806949383,0,5000,270,0,0,500,0,NaN,NaN,0,0
pursuit,追踪法,target_pursuit,target,1.72453193670111,7797.98806949383,0,5000,270,0,0,500,0,NaN,NaN,0,0
pursuit,追踪法,target_pursuit,target,1.73453193670111,7792.98806949383,0,5000,270,0,0,500,0,NaN,NaN,0,0
pursuit,追踪法,target_pursuit,target,1.74453193670111,7787.98806949383,0,5000,270,0,0,500,0,NaN,NaN,0,0
pursuit,追踪法,target_pursuit,target,1.75453193670111,7782.98806949383,0,5000,270,0,0,500,0,NaN,NaN,0,0
pursuit,追踪法,target_pursuit,target,1.76453193670111,7777.98806949383,0,5000,270,0,0,500,0,NaN,NaN,0,0
pursuit,追踪法,target_pursuit,target,1.77453193670111,7772.98806949383,0,5000,270,0,0,500,0,NaN,NaN,0,0
pursuit,追踪法,target_pursuit,target,1.78453193670111,7767.98806949383,0,5000,270,0,0,500,0,NaN,NaN,0,0
pursuit,追踪法,target_pursuit,target,1.79453193670111,7762.98806949383,0,5000,270,0,0,500,0,NaN,NaN,0,0
pursuit,追踪法,target_pursuit,target,1.80453193670111,7757.98806949383,0,5000,270,0,0,500,0,NaN,NaN,0,0
pursuit,追踪法,target_pursuit,target,1.81453193670111,7752.98806949383,0,5000,270,0,0,500,0,NaN,NaN,0,0
pursuit,追踪法,target_pursuit,target,1.82453193670111,7747.98806949383,0,5000,270,0,0,500,0,NaN,NaN,0,0
pursuit,追踪法,target_pursuit,target,1.83453193670111,7742.98806949383,0,5000,270,0,0,500,0,NaN,NaN,0,0
pursuit,追踪法,target_pursuit,target,1.84453193670111,7737.98806949383,0,5000,270,0,0,500,0,NaN,NaN,0,0
pursuit,追踪法,target_pursuit,target,1.85453193670111,7732.98806949383,0,5000,270,0,0,500,0,NaN,NaN,0,0
pursuit,追踪法,target_pursuit,target,1.86453193670111,7727.98806949383,0,5000,270,0,0,500,0,NaN,NaN,0,0
pursuit,追踪法,target_pursuit,target,1.87453193670111,7722.98806949383,0,5000,270,0,0,500,0,NaN,NaN,0,0
pursuit,追踪法,target_pursuit,target,1.88453193670111,7717.98806949383,0,5000,270,0,0,500,0,NaN,NaN,0,0
pursuit,追踪法,target_pursuit,target,1.89453193670111,7712.98806949383,0,5000,270,0,0,500,0,NaN,NaN,0,0
pursuit,追踪法,target_pursuit,target,1.90453193670111,7707.98806949383,0,5000,270,0,0,500,0,NaN,NaN,0,0
pursuit,追踪法,target_pursuit,target,1.91453193670111,7702.98806949383,0,5000,270,0,0,500,0,NaN,NaN,0,0
pursuit,追踪法,target_pursuit,target,1.92453193670111,7697.98806949383,0,5000,270,0,0,500,0,NaN,NaN,0,0
pursuit,追踪法,target_pursuit,target,1.93453193670111,7692.98806949383,0,5000,270,0,0,500,0,NaN,NaN,0,0
pursuit,追踪法,target_pursuit,target,1.94453193670111,7687.98806949383,0,5000,270,0,0,500,0,NaN,NaN,0,0
pursuit,追踪法,target_pursuit,target,1.95453193670111,7682.98806949383,0,5000,270,0,0,500,0,NaN,NaN,0,0
pursuit,追踪法,target_pursuit,target,1.96453193670111,7677.98806949383,0,5000,270,0,0,500,0,NaN,NaN,0,0
pursuit,追踪法,target_pursuit,target,1.97453193670111,7672.98806949383,0,5000,270,0,0,500,0,NaN,NaN,0,0
pursuit,追踪法,target_pursuit,target,1.98453193670111,7667.98806949383,0,5000,270,0,0,500,0,NaN,NaN,0,0
pursuit,追踪法,target_pursuit,target,1.99453193670111,7662.98806949383,0,5000,270,0,0,500,0,NaN,NaN,0,0
pursuit,追踪法,target_pursuit,target,2.00453193670111,7657.98806949383,0,5000,270,0,0,500,0,NaN,NaN,0,0
pursuit,追踪法,target_pursuit,target,2.01453193670111,7652.98806949383,0,5000,270,0,0,500,0,NaN,NaN,0,0
pursuit,追踪法,target_pursuit,target,2.02453193670111,7647.98806949383,0,5000,270,0,0,500,0,NaN,NaN,0,0
pursuit,追踪法,target_pursuit,target,2.03453193670111,7642.98806949383,0,5000,270,0,0,500,0,NaN,NaN,0,0
pursuit,追踪法,target_pursuit,target,2.04453193670111,7637.98806949383,0,5000,270,0,0,500,0,NaN,NaN,0,0
pursuit,追踪法,target_pursuit,target,2.05453193670111,7632.98806949383,0,5000,270,0,0,500,0,NaN,NaN,0,0
pursuit,追踪法,target_pursuit,target,2.06453193670111,7627.98806949383,0,5000,270,0,0,500,0,NaN,NaN,0,0
pursuit,追踪法,target_pursuit,target,2.07453193670111,7622.98806949383,0,5000,270,0,0,500,0,NaN,NaN,0,0
pursuit,追踪法,target_pursuit,target,2.08453193670111,7617.98806949383,0,5000,270,0,0,500,0,NaN,NaN,0,0
pursuit,追踪法,target_pursuit,target,2.09453193670111,7612.98806949383,0,5000,270,0,0,500,0,NaN,NaN,0,0
pursuit,追踪法,target_pursuit,target,2.10453193670111,7607.98806949383,0,5000,270,0,0,500,0,NaN,NaN,0,0
pursuit,追踪法,target_pursuit,target,2.11453193670111,7602.98806949383,0,5000,270,0,0,500,0,NaN,NaN,0,0
pursuit,追踪法,target_pursuit,target,2.12453193670111,7597.98806949383,0,5000,270,0,0,500,0,NaN,NaN,0,0
pursuit,追踪法,target_pursuit,target,2.13453193670111,7592.98806949383,0,5000,270,0,0,500,0,NaN,NaN,0,0
pursuit,追踪法,target_pursuit,target,2.14453193670111,7587.98806949383,0,5000,270,0,0,500,0,NaN,NaN,0,0
pursuit,追踪法,target_pursuit,target,2.15453193670111,7582.98806949383,0,5000,270,0,0,500,0,NaN,NaN,0,0
pursuit,追踪法,target_pursuit,target,2.16453193670111,7577.98806949383,0,5000,270,0,0,500,0,NaN,NaN,0,0
pursuit,追踪法,target_pursuit,target,2.17453193670111,7572.98806949383,0,5000,270,0,0,500,0,NaN,NaN,0,0
pursuit,追踪法,target_pursuit,target,2.18453193670111,7567.98806949383,0,5000,270,0,0,500,0,NaN,NaN,0,0
pursuit,追踪法,target_pursuit,target,2.19453193670111,7562.98806949383,0,5000,270,0,0,500,0,NaN,NaN,0,0
pursuit,追踪法,target_pursuit,target,2.20453193670111,7557.98806949383,0,5000,270,0,0,500,0,NaN,NaN,0,0
pursuit,追踪法,target_pursuit,target,2.21453193670111,7552.98806949383,0,5000,270,0,0,500,0,NaN,NaN,0,0
pursuit,追踪法,target_pursuit,target,2.22453193670111,7547.98806949383,0,5000,270,0,0,500,0,NaN,NaN,0,0
pursuit,追踪法,target_pursuit,target,2.23453193670111,7542.98806949383,0,5000,270,0,0,500,0,NaN,NaN,0,0
pursuit,追踪法,target_pursuit,target,2.24453193670111,7537.98806949383,0,5000,270,0,0,500,0,NaN,NaN,0,0
pursuit,追踪法,target_pursuit,target,2.25453193670111,7532.98806949383,0,5000,270,0,0,500,0,NaN,NaN,0,0
pursuit,追踪法,target_pursuit,target,2.26453193670111,7527.98806949383,0,5000,270,0,0,500,0,NaN,NaN,0,0
pursuit,追踪法,target_pursuit,target,2.27453193670111,7522.98806949383,0,5000,270,0,0,500,0,NaN,NaN,0,0
pursuit,追踪法,target_pursuit,target,2.28453193670111,7517.98806949383,0,5000,270,0,0,500,0,NaN,NaN,0,0
pursuit,追踪法,target_pursuit,target,2.29453193670111,7512.98806949383,0,5000,270,0,0,500,0,NaN,NaN,0,0
pursuit,追踪法,target_pursuit,target,2.30453193670111,7507.98806949383,0,5000,270,0,0,500,0,NaN,NaN,0,0
pursuit,追踪法,target_pursuit,target,2.31453193670111,7502.98806949383,0,5000,270,0,0,500,0,NaN,NaN,0,0
pursuit,追踪法,target_pursuit,target,2.32453193670111,7497.98806949383,0,5000,270,0,0,500,0,NaN,NaN,0,0
pursuit,追踪法,target_pursuit,target,2.33453193670111,7492.98806949383,0,5000,270,0,0,500,0,NaN,NaN,0,0
pursuit,追踪法,target_pursuit,target,2.34453193670111,7487.98806949383,0,5000,270,0,0,500,0,NaN,NaN,0,0
pursuit,追踪法,target_pursuit,target,2.3545319367011,7482.98806949383,0,5000,270,0,0,500,0,NaN,NaN,0,0
pursuit,追踪法,target_pursuit,target,2.3645319367011,7477.98806949383,0,5000,270,0,0,500,0,NaN,NaN,0,0
pursuit,追踪法,target_pursuit,target,2.3745319367011,7472.98806949383,0,5000,270,0,0,500,0,NaN,NaN,0,0
pursuit,追踪法,target_pursuit,target,2.3845319367011,7467.98806949383,0,5000,270,0,0,500,0,NaN,NaN,0,0
pursuit,追踪法,target_pursuit,target,2.3945319367011,7462.98806949383,0,5000,270,0,0,500,0,NaN,NaN,0,0
pursuit,追踪法,target_pursuit,target,2.4045319367011,7457.98806949383,0,5000,270,0,0,500,0,NaN,NaN,0,0
pursuit,追踪法,target_pursuit,target,2.4145319367011,7452.98806949383,0,5000,270,0,0,500,0,NaN,NaN,0,0
pursuit,追踪法,target_pursuit,target,2.4245319367011,7447.98806949383,0,5000,270,0,0,500,0,NaN,NaN,0,0
pursuit,追踪法,target_pursuit,target,2.4345319367011,7442.98806949383,0,5000,270,0,0,500,0,NaN,NaN,0,0
pursuit,追踪法,target_pursuit,target,2.4445319367011,7437.98806949383,0,5000,270,0,0,500,0,NaN,NaN,0,0
pursuit,追踪法,target_pursuit,target,2.4545319367011,7432.98806949383,0,5000,270,0,0,500,0,NaN,NaN,0,0
pursuit,追踪法,target_pursuit,target,2.4645319367011,7427.98806949383,0,5000,270,0,0,500,0,NaN,NaN,0,0
pursuit,追踪法,target_pursuit,target,2.4745319367011,7422.98806949383,0,5000,270,0,0,500,0,NaN,NaN,0,0
pursuit,追踪法,target_pursuit,target,2.4845319367011,7417.98806949384,0,5000,270,0,0,500,0,NaN,NaN,0,0
pursuit,追踪法,target_pursuit,target,2.4945319367011,7412.98806949384,0,5000,270,0,0,500,0,NaN,NaN,0,0
pursuit,追踪法,target_pursuit,target,2.5045319367011,7407.98806949384,0,5000,270,0,0,500,0,NaN,NaN,0,0
pursuit,追踪法,target_pursuit,target,2.5145319367011,7402.98806949384,0,5000,270,0,0,500,0,NaN,NaN,0,0
pursuit,追踪法,target_pursuit,target,2.5245319367011,7397.98806949384,0,5000,270,0,0,500,0,NaN,NaN,0,0
pursuit,追踪法,target_pursuit,target,2.5345319367011,7392.98806949384,0,5000,270,0,0,500,0,NaN,NaN,0,0
pursuit,追踪法,target_pursuit,target,2.5445319367011,7387.98806949384,0,5000,270,0,0,500,0,NaN,NaN,0,0
pursuit,追踪法,target_pursuit,target,2.5545319367011,7382.98806949384,0,5000,270,0,0,500,0,NaN,NaN,0,0
pursuit,追踪法,target_pursuit,target,2.5645319367011,7377.98806949384,0,5000,270,0,0,500,0,NaN,NaN,0,0
pursuit,追踪法,target_pursuit,target,2.5745319367011,7372.98806949384,0,5000,270,0,0,500,0,NaN,NaN,0,0
pursuit,追踪法,target_pursuit,target,2.5845319367011,7367.98806949384,0,5000,270,0,0,500,0,NaN,NaN,0,0
pursuit,追踪法,target_pursuit,target,2.5945319367011,7362.98806949384,0,5000,270,0,0,500,0,NaN,NaN,0,0
pursuit,追踪法,target_pursuit,target,2.6045319367011,7357.98806949384,0,5000,270,0,0,500,0,NaN,NaN,0,0
pursuit,追踪法,target_pursuit,target,2.6145319367011,7352.98806949384,0,5000,270,0,0,500,0,NaN,NaN,0,0
pursuit,追踪法,target_pursuit,target,2.6245319367011,7347.98806949384,0,5000,270,0,0,500,0,NaN,NaN,0,0
pursuit,追踪法,target_pursuit,target,2.6345319367011,7342.98806949384,0,5000,270,0,0,500,0,NaN,NaN,0,0
pursuit,追踪法,target_pursuit,target,2.6445319367011,7337.98806949384,0,5000,270,0,0,500,0,NaN,NaN,0,0
pursuit,追踪法,target_pursuit,target,2.6545319367011,7332.98806949384,0,5000,270,0,0,500,0,NaN,NaN,0,0
pursuit,追踪法,target_pursuit,target,2.6645319367011,7327.98806949384,0,5000,270,0,0,500,0,NaN,NaN,0,0
pursuit,追踪法,target_pursuit,target,2.6745319367011,7322.98806949384,0,5000,270,0,0,500,0,NaN,NaN,0,0
pursuit,追踪法,target_pursuit,target,2.6845319367011,7317.98806949384,0,5000,270,0,0,500,0,NaN,NaN,0,0
pursuit,追踪法,target_pursuit,target,2.6945319367011,7312.98806949384,0,5000,270,0,0,500,0,NaN,NaN,0,0
pursuit,追踪法,target_pursuit,target,2.7045319367011,7307.98806949384,0,5000,270,0,0,500,0,NaN,NaN,0,0
pursuit,追踪法,target_pursuit,target,2.7145319367011,7302.98806949384,0,5000,270,0,0,500,0,NaN,NaN,0,0
pursuit,追踪法,target_pursuit,target,2.7245319367011,7297.98806949384,0,5000,270,0,0,500,0,NaN,NaN,0,0
pursuit,追踪法,target_pursuit,target,2.7345319367011,7292.98806949384,0,5000,270,0,0,500,0,NaN,NaN,0,0
pursuit,追踪法,target_pursuit,target,2.7445319367011,7287.98806949384,0,5000,270,0,0,500,0,NaN,NaN,0,0
pursuit,追踪法,target_pursuit,target,2.7545319367011,7282.98806949384,0,5000,270,0,0,500,0,NaN,NaN,0,0
pursuit,追踪法,target_pursuit,target,2.7645319367011,7277.98806949384,0,5000,270,0,0,500,0,NaN,NaN,0,0
pursuit,追踪法,target_pursuit,target,2.7745319367011,7272.98806949384,0,5000,270,0,0,500,0,NaN,NaN,0,0
pursuit,追踪法,target_pursuit,target,2.7845319367011,7267.98806949384,0,5000,270,0,0,500,0,NaN,NaN,0,0
pursuit,追踪法,target_pursuit,target,2.7945319367011,7262.98806949384,0,5000,270,0,0,500,0,NaN,NaN,0,0
pursuit,追踪法,target_pursuit,target,2.8045319367011,7257.98806949384,0,5000,270,0,0,500,0,NaN,NaN,0,0
pursuit,追踪法,target_pursuit,target,2.8145319367011,7252.98806949384,0,5000,270,0,0,500,0,NaN,NaN,0,0
pursuit,追踪法,target_pursuit,target,2.82453193670109,7247.98806949384,0,5000,270,0,0,500,0,NaN,NaN,0,0
pursuit,追踪法,target_pursuit,target,2.83453193670109,7242.98806949384,0,5000,270,0,0,500,0,NaN,NaN,0,0
pursuit,追踪法,target_pursuit,target,2.84453193670109,7237.98806949384,0,5000,270,0,0,500,0,NaN,NaN,0,0
pursuit,追踪法,target_pursuit,target,2.85453193670109,7232.98806949384,0,5000,270,0,0,500,0,NaN,NaN,0,0
pursuit,追踪法,target_pursuit,target,2.86453193670109,7227.98806949384,0,5000,270,0,0,500,0,NaN,NaN,0,0
pursuit,追踪法,target_pursuit,target,2.87453193670109,7222.98806949384,0,5000,270,0,0,500,0,NaN,NaN,0,0
pursuit,追踪法,target_pursuit,target,2.88453193670109,7217.98806949384,0,5000,270,0,0,500,0,NaN,NaN,0,0
pursuit,追踪法,target_pursuit,target,2.89453193670109,7212.98806949384,0,5000,270,0,0,500,0,NaN,NaN,0,0
pursuit,追踪法,target_pursuit,target,2.90453193670109,7207.98806949384,0,5000,270,0,0,500,0,NaN,NaN,0,0
pursuit,追踪法,target_pursuit,target,2.91453193670109,7202.98806949384,0,5000,270,0,0,500,0,NaN,NaN,0,0
pursuit,追踪法,target_pursuit,target,2.92453193670109,7197.98806949384,0,5000,270,0,0,500,0,NaN,NaN,0,0
pursuit,追踪法,target_pursuit,target,2.93453193670109,7192.98806949384,0,5000,270,0,0,500,0,NaN,NaN,0,0
pursuit,追踪法,target_pursuit,target,2.94453193670109,7187.98806949384,0,5000,270,0,0,500,0,NaN,NaN,0,0
pursuit,追踪法,target_pursuit,target,2.95453193670109,7182.98806949384,0,5000,270,0,0,500,0,NaN,NaN,0,0
pursuit,追踪法,target_pursuit,target,2.96453193670109,7177.98806949384,0,5000,270,0,0,500,0,NaN,NaN,0,0
pursuit,追踪法,target_pursuit,target,2.97453193670109,7172.98806949384,0,5000,270,0,0,500,0,NaN,NaN,0,0
pursuit,追踪法,target_pursuit,target,2.98453193670109,7167.98806949384,0,5000,270,0,0,500,0,NaN,NaN,0,0
pursuit,追踪法,target_pursuit,target,2.99453193670109,7162.98806949384,0,5000,270,0,0,500,0,NaN,NaN,0,0
pursuit,追踪法,target_pursuit,target,3.00453193670109,7157.98806949384,0,5000,270,0,0,500,0,NaN,NaN,0,0
pursuit,追踪法,target_pursuit,target,3.01453193670109,7152.98806949384,0,5000,270,0,0,500,0,NaN,NaN,0,0
pursuit,追踪法,target_pursuit,target,3.02453193670109,7147.98806949384,0,5000,270,0,0,500,0,NaN,NaN,0,0
pursuit,追踪法,target_pursuit,target,3.03453193670109,7142.98806949384,0,5000,270,0,0,500,0,NaN,NaN,0,0
pursuit,追踪法,target_pursuit,target,3.04453193670109,7137.98806949384,0,5000,270,0,0,500,0,NaN,NaN,0,0
pursuit,追踪法,target_pursuit,target,3.05453193670109,7132.98806949384,0,5000,270,0,0,500,0,NaN,NaN,0,0
pursuit,追踪法,target_pursuit,target,3.06453193670109,7127.98806949384,0,5000,270,0,0,500,0,NaN,NaN,0,0
pursuit,追踪法,target_pursuit,target,3.07453193670109,7122.98806949384,0,5000,270,0,0,500,0,NaN,NaN,0,0
pursuit,追踪法,target_pursuit,target,3.08453193670109,7117.98806949384,0,5000,270,0,0,500,0,NaN,NaN,0,0
pursuit,追踪法,target_pursuit,target,3.09453193670109,7112.98806949384,0,5000,270,0,0,500,0,NaN,NaN,0,0
pursuit,追踪法,target_pursuit,target,3.10453193670109,7107.98806949384,0,5000,270,0,0,500,0,NaN,NaN,0,0
pursuit,追踪法,target_pursuit,target,3.11453193670109,7102.98806949384,0,5000,270,0,0,500,0,NaN,NaN,0,0
pursuit,追踪法,target_pursuit,target,3.12453193670109,7097.98806949384,0,5000,270,0,0,500,0,NaN,NaN,0,0
pursuit,追踪法,target_pursuit,target,3.13453193670109,7092.98806949384,0,5000,270,0,0,500,0,NaN,NaN,0,0
pursuit,追踪法,target_pursuit,target,3.14453193670109,7087.98806949384,0,5000,270,0,0,500,0,NaN,NaN,0,0
pursuit,追踪法,target_pursuit,target,3.15453193670109,7082.98806949384,0,5000,270,0,0,500,0,NaN,NaN,0,0
pursuit,追踪法,target_pursuit,target,3.16453193670109,7077.98806949384,0,5000,270,0,0,500,0,NaN,NaN,0,0
pursuit,追踪法,target_pursuit,target,3.17453193670109,7072.98806949384,0,5000,270,0,0,500,0,NaN,NaN,0,0
pursuit,追踪法,target_pursuit,target,3.18453193670109,7067.98806949384,0,5000,270,0,0,500,0,NaN,NaN,0,0
pursuit,追踪法,target_pursuit,target,3.19453193670109,7062.98806949384,0,5000,270,0,0,500,0,NaN,NaN,0,0
pursuit,追踪法,target_pursuit,target,3.20453193670109,7057.98806949384,0,5000,270,0,0,500,0,NaN,NaN,0,0
pursuit,追踪法,target_pursuit,target,3.21453193670109,7052.98806949384,0,5000,270,0,0,500,0,NaN,NaN,0,0
pursuit,追踪法,target_pursuit,target,3.22453193670109,7047.98806949384,0,5000,270,0,0,500,0,NaN,NaN,0,0
pursuit,追踪法,target_pursuit,target,3.23453193670109,7042.98806949384,0,5000,270,0,0,500,0,NaN,NaN,0,0
pursuit,追踪法,target_pursuit,target,3.24453193670109,7037.98806949384,0,5000,270,0,0,500,0,NaN,NaN,0,0
pursuit,追踪法,target_pursuit,target,3.25453193670109,7032.98806949384,0,5000,270,0,0,500,0,NaN,NaN,0,0
pursuit,追踪法,target_pursuit,target,3.26453193670109,7027.98806949384,0,5000,270,0,0,500,0,NaN,NaN,0,0
pursuit,追踪法,target_pursuit,target,3.27453193670109,7022.98806949384,0,5000,270,0,0,500,0,NaN,NaN,0,0
pursuit,追踪法,target_pursuit,target,3.28453193670109,7017.98806949384,0,5000,270,0,0,500,0,NaN,NaN,0,0
pursuit,追踪法,target_pursuit,target,3.29453193670108,7012.98806949384,0,5000,270,0,0,500,0,NaN,NaN,0,0
pursuit,追踪法,target_pursuit,target,3.30453193670108,7007.98806949384,0,5000,270,0,0,500,0,NaN,NaN,0,0
pursuit,追踪法,target_pursuit,target,3.31453193670108,7002.98806949384,0,5000,270,0,0,500,0,NaN,NaN,0,0
pursuit,追踪法,target_pursuit,target,3.32453193670108,6997.98806949384,0,5000,270,0,0,500,0,NaN,NaN,0,0
pursuit,追踪法,target_pursuit,target,3.33453193670108,6992.98806949384,0,5000,270,0,0,500,0,NaN,NaN,0,0
pursuit,追踪法,target_pursuit,target,3.34453193670108,6987.98806949384,0,5000,270,0,0,500,0,NaN,NaN,0,0
pursuit,追踪法,target_pursuit,target,3.35453193670108,6982.98806949384,0,5000,270,0,0,500,0,NaN,NaN,0,0
pursuit,追踪法,target_pursuit,target,3.36453193670108,6977.98806949384,0,5000,270,0,0,500,0,NaN,NaN,0,0
pursuit,追踪法,target_pursuit,target,3.37453193670108,6972.98806949384,0,5000,270,0,0,500,0,NaN,NaN,0,0
pursuit,追踪法,target_pursuit,target,3.38453193670108,6967.98806949384,0,5000,270,0,0,500,0,NaN,NaN,0,0
pursuit,追踪法,target_pursuit,target,3.39453193670108,6962.98806949385,0,5000,270,0,0,500,0,NaN,NaN,0,0
pursuit,追踪法,target_pursuit,target,3.40453193670108,6957.98806949385,0,5000,270,0,0,500,0,NaN,NaN,0,0
pursuit,追踪法,target_pursuit,target,3.41453193670108,6952.98806949385,0,5000,270,0,0,500,0,NaN,NaN,0,0
pursuit,追踪法,target_pursuit,target,3.42453193670108,6947.98806949385,0,5000,270,0,0,500,0,NaN,NaN,0,0
pursuit,追踪法,target_pursuit,target,3.43453193670108,6942.98806949385,0,5000,270,0,0,500,0,NaN,NaN,0,0
pursuit,追踪法,target_pursuit,target,3.44453193670108,6937.98806949385,0,5000,270,0,0,500,0,NaN,NaN,0,0
pursuit,追踪法,target_pursuit,target,3.45453193670108,6932.98806949385,0,5000,270,0,0,500,0,NaN,NaN,0,0
pursuit,追踪法,target_pursuit,target,3.46453193670108,6927.98806949385,0,5000,270,0,0,500,0,NaN,NaN,0,0
pursuit,追踪法,target_pursuit,target,3.47453193670108,6922.98806949385,0,5000,270,0,0,500,0,NaN,NaN,0,0
pursuit,追踪法,target_pursuit,target,3.48453193670108,6917.98806949385,0,5000,270,0,0,500,0,NaN,NaN,0,0
pursuit,追踪法,target_pursuit,target,3.49453193670108,6912.98806949385,0,5000,270,0,0,500,0,NaN,NaN,0,0
pursuit,追踪法,target_pursuit,target,3.50453193670108,6907.98806949385,0,5000,270,0,0,500,0,NaN,NaN,0,0
pursuit,追踪法,target_pursuit,target,3.51453193670108,6902.98806949385,0,5000,270,0,0,500,0,NaN,NaN,0,0
pursuit,追踪法,target_pursuit,target,3.52453193670108,6897.98806949385,0,5000,270,0,0,500,0,NaN,NaN,0,0
pursuit,追踪法,target_pursuit,target,3.53453193670108,6892.98806949385,0,5000,270,0,0,500,0,NaN,NaN,0,0
pursuit,追踪法,target_pursuit,target,3.54453193670108,6887.98806949385,0,5000,270,0,0,500,0,NaN,NaN,0,0
pursuit,追踪法,target_pursuit,target,3.55453193670108,6882.98806949385,0,5000,270,0,0,500,0,NaN,NaN,0,0
pursuit,追踪法,target_pursuit,target,3.56453193670108,6877.98806949385,0,5000,270,0,0,500,0,NaN,NaN,0,0
pursuit,追踪法,target_pursuit,target,3.57453193670108,6872.98806949385,0,5000,270,0,0,500,0,NaN,NaN,0,0
pursuit,追踪法,target_pursuit,target,3.58453193670108,6867.98806949385,0,5000,270,0,0,500,0,NaN,NaN,0,0
pursuit,追踪法,target_pursuit,target,3.59453193670108,6862.98806949385,0,5000,270,0,0,500,0,NaN,NaN,0,0
pursuit,追踪法,target_pursuit,target,3.60453193670108,6857.98806949385,0,5000,270,0,0,500,0,NaN,NaN,0,0
pursuit,追踪法,target_pursuit,target,3.61453193670108,6852.98806949385,0,5000,270,0,0,500,0,NaN,NaN,0,0
pursuit,追踪法,target_pursuit,target,3.62453193670108,6847.98806949385,0,5000,270,0,0,500,0,NaN,NaN,0,0
pursuit,追踪法,target_pursuit,target,3.63453193670108,6842.98806949385,0,5000,270,0,0,500,0,NaN,NaN,0,0
pursuit,追踪法,target_pursuit,target,3.64453193670108,6837.98806949385,0,5000,270,0,0,500,0,NaN,NaN,0,0
pursuit,追踪法,target_pursuit,target,3.65453193670108,6832.98806949385,0,5000,270,0,0,500,0,NaN,NaN,0,0
pursuit,追踪法,target_pursuit,target,3.66453193670108,6827.98806949385,0,5000,270,0,0,500,0,NaN,NaN,0,0
pursuit,追踪法,target_pursuit,target,3.67453193670108,6822.98806949385,0,5000,270,0,0,500,0,NaN,NaN,0,0
pursuit,追踪法,target_pursuit,target,3.68453193670108,6817.98806949385,0,5000,270,0,0,500,0,NaN,NaN,0,0
pursuit,追踪法,target_pursuit,target,3.69453193670108,6812.98806949385,0,5000,270,0,0,500,0,NaN,NaN,0,0
pursuit,追踪法,target_pursuit,target,3.70453193670108,6807.98806949385,0,5000,270,0,0,500,0,NaN,NaN,0,0
pursuit,追踪法,target_pursuit,target,3.71453193670108,6802.98806949385,0,5000,270,0,0,500,0,NaN,NaN,0,0
pursuit,追踪法,target_pursuit,target,3.72453193670108,6797.98806949385,0,5000,270,0,0,500,0,NaN,NaN,0,0
pursuit,追踪法,target_pursuit,target,3.73453193670108,6792.98806949385,0,5000,270,0,0,500,0,NaN,NaN,0,0
pursuit,追踪法,target_pursuit,target,3.74453193670108,6787.98806949385,0,5000,270,0,0,500,0,NaN,NaN,0,0
pursuit,追踪法,target_pursuit,target,3.75453193670107,6782.98806949385,0,5000,270,0,0,500,0,NaN,NaN,0,0
pursuit,追踪法,target_pursuit,target,3.76453193670107,6777.98806949385,0,5000,270,0,0,500,0,NaN,NaN,0,0
pursuit,追踪法,target_pursuit,target,3.77453193670107,6772.98806949385,0,5000,270,0,0,500,0,NaN,NaN,0,0
pursuit,追踪法,target_pursuit,target,3.78453193670107,6767.98806949385,0,5000,270,0,0,500,0,NaN,NaN,0,0
pursuit,追踪法,target_pursuit,target,3.79453193670107,6762.98806949385,0,5000,270,0,0,500,0,NaN,NaN,0,0
pursuit,追踪法,target_pursuit,target,3.80453193670107,6757.98806949385,0,5000,270,0,0,500,0,NaN,NaN,0,0
pursuit,追踪法,target_pursuit,target,3.81453193670107,6752.98806949385,0,5000,270,0,0,500,0,NaN,NaN,0,0
pursuit,追踪法,target_pursuit,target,3.82453193670107,6747.98806949385,0,5000,270,0,0,500,0,NaN,NaN,0,0
pursuit,追踪法,target_pursuit,target,3.83453193670107,6742.98806949385,0,5000,270,0,0,500,0,NaN,NaN,0,0
pursuit,追踪法,target_pursuit,target,3.84453193670107,6737.98806949385,0,5000,270,0,0,500,0,NaN,NaN,0,0
pursuit,追踪法,target_pursuit,target,3.85453193670107,6732.98806949385,0,5000,270,0,0,500,0,NaN,NaN,0,0
pursuit,追踪法,target_pursuit,target,3.86453193670107,6727.98806949385,0,5000,270,0,0,500,0,NaN,NaN,0,0
pursuit,追踪法,target_pursuit,target,3.87453193670107,6722.98806949385,0,5000,270,0,0,500,0,NaN,NaN,0,0
pursuit,追踪法,target_pursuit,target,3.88453193670107,6717.98806949385,0,5000,270,0,0,500,0,NaN,NaN,0,0
pursuit,追踪法,target_pursuit,target,3.89453193670107,6712.98806949385,0,5000,270,0,0,500,0,NaN,NaN,0,0
pursuit,追踪法,target_pursuit,target,3.90453193670107,6707.98806949385,0,5000,270,0,0,500,0,NaN,NaN,0,0
pursuit,追踪法,target_pursuit,target,3.91453193670107,6702.98806949385,0,5000,270,0,0,500,0,NaN,NaN,0,0
pursuit,追踪法,target_pursuit,target,3.92453193670107,6697.98806949385,0,5000,270,0,0,500,0,NaN,NaN,0,0
pursuit,追踪法,target_pursuit,target,3.93453193670107,6692.98806949385,0,5000,270,0,0,500,0,NaN,NaN,0,0
pursuit,追踪法,target_pursuit,target,3.94453193670107,6687.98806949385,0,5000,270,0,0,500,0,NaN,NaN,0,0
pursuit,追踪法,target_pursuit,target,3.95453193670107,6682.98806949385,0,5000,270,0,0,500,0,NaN,NaN,0,0
pursuit,追踪法,target_pursuit,target,3.96453193670107,6677.98806949385,0,5000,270,0,0,500,0,NaN,NaN,0,0
pursuit,追踪法,target_pursuit,target,3.97453193670107,6672.98806949385,0,5000,270,0,0,500,0,NaN,NaN,0,0
pursuit,追踪法,target_pursuit,target,3.98453193670107,6667.98806949385,0,5000,270,0,0,500,0,NaN,NaN,0,0
pursuit,追踪法,target_pursuit,target,3.99453193670107,6662.98806949385,0,5000,270,0,0,500,0,NaN,NaN,0,0
pursuit,追踪法,target_pursuit,target,4.00453193670107,6657.98806949385,0,5000,270,0,0,500,0,NaN,NaN,0,0
pursuit,追踪法,target_pursuit,target,4.01453193670107,6652.98806949385,0,5000,270,0,0,500,0,NaN,NaN,0,0
pursuit,追踪法,target_pursuit,target,4.02453193670107,6647.98806949385,0,5000,270,0,0,500,0,NaN,NaN,0,0
pursuit,追踪法,target_pursuit,target,4.03453193670107,6642.98806949385,0,5000,270,0,0,500,0,NaN,NaN,0,0
pursuit,追踪法,target_pursuit,target,4.04453193670107,6637.98806949385,0,5000,270,0,0,500,0,NaN,NaN,0,0
pursuit,追踪法,target_pursuit,target,4.05453193670107,6632.98806949385,0,5000,270,0,0,500,0,NaN,NaN,0,0
pursuit,追踪法,target_pursuit,target,4.06453193670107,6627.98806949385,0,5000,270,0,0,500,0,NaN,NaN,0,0
pursuit,追踪法,target_pursuit,target,4.07453193670107,6622.98806949385,0,5000,270,0,0,500,0,NaN,NaN,0,0
pursuit,追踪法,target_pursuit,target,4.08453193670107,6617.98806949385,0,5000,270,0,0,500,0,NaN,NaN,0,0
pursuit,追踪法,target_pursuit,target,4.09453193670107,6612.98806949385,0,5000,270,0,0,500,0,NaN,NaN,0,0
pursuit,追踪法,target_pursuit,target,4.10453193670107,6607.98806949385,0,5000,270,0,0,500,0,NaN,NaN,0,0
pursuit,追踪法,target_pursuit,target,4.11453193670107,6602.98806949385,0,5000,270,0,0,500,0,NaN,NaN,0,0
pursuit,追踪法,target_pursuit,target,4.12453193670107,6597.98806949385,0,5000,270,0,0,500,0,NaN,NaN,0,0
pursuit,追踪法,target_pursuit,target,4.13453193670107,6592.98806949385,0,5000,270,0,0,500,0,NaN,NaN,0,0
pursuit,追踪法,target_pursuit,target,4.14453193670107,6587.98806949385,0,5000,270,0,0,500,0,NaN,NaN,0,0
pursuit,追踪法,target_pursuit,target,4.15453193670107,6582.98806949385,0,5000,270,0,0,500,0,NaN,NaN,0,0
pursuit,追踪法,target_pursuit,target,4.16453193670107,6577.98806949385,0,5000,270,0,0,500,0,NaN,NaN,0,0
pursuit,追踪法,target_pursuit,target,4.17453193670107,6572.98806949385,0,5000,270,0,0,500,0,NaN,NaN,0,0
pursuit,追踪法,target_pursuit,target,4.18453193670107,6567.98806949385,0,5000,270,0,0,500,0,NaN,NaN,0,0
pursuit,追踪法,target_pursuit,target,4.19453193670107,6562.98806949385,0,5000,270,0,0,500,0,NaN,NaN,0,0
pursuit,追踪法,target_pursuit,target,4.20453193670107,6557.98806949385,0,5000,270,0,0,500,0,NaN,NaN,0,0
pursuit,追踪法,target_pursuit,target,4.21453193670107,6552.98806949385,0,5000,270,0,0,500,0,NaN,NaN,0,0
pursuit,追踪法,target_pursuit,target,4.22453193670106,6547.98806949385,0,5000,270,0,0,500,0,NaN,NaN,0,0
pursuit,追踪法,target_pursuit,target,4.23453193670106,6542.98806949385,0,5000,270,0,0,500,0,NaN,NaN,0,0
pursuit,追踪法,target_pursuit,target,4.24453193670106,6537.98806949385,0,5000,270,0,0,500,0,NaN,NaN,0,0
pursuit,追踪法,target_pursuit,target,4.25453193670106,6532.98806949385,0,5000,270,0,0,500,0,NaN,NaN,0,0
pursuit,追踪法,target_pursuit,target,4.26453193670106,6527.98806949385,0,5000,270,0,0,500,0,NaN,NaN,0,0
pursuit,追踪法,target_pursuit,target,4.27453193670106,6522.98806949385,0,5000,270,0,0,500,0,NaN,NaN,0,0
pursuit,追踪法,target_pursuit,target,4.28453193670106,6517.98806949385,0,5000,270,0,0,500,0,NaN,NaN,0,0
pursuit,追踪法,target_pursuit,target,4.29453193670106,6512.98806949385,0,5000,270,0,0,500,0,NaN,NaN,0,0
pursuit,追踪法,target_pursuit,target,4.30453193670106,6507.98806949385,0,5000,270,0,0,500,0,NaN,NaN,0,0
pursuit,追踪法,target_pursuit,target,4.31453193670106,6502.98806949385,0,5000,270,0,0,500,0,NaN,NaN,0,0
pursuit,追踪法,target_pursuit,target,4.32453193670106,6497.98806949385,0,5000,270,0,0,500,0,NaN,NaN,0,0
pursuit,追踪法,target_pursuit,target,4.33453193670106,6492.98806949385,0,5000,270,0,0,500,0,NaN,NaN,0,0
pursuit,追踪法,target_pursuit,target,4.34453193670106,6487.98806949385,0,5000,270,0,0,500,0,NaN,NaN,0,0
pursuit,追踪法,target_pursuit,target,4.35453193670106,6482.98806949385,0,5000,270,0,0,500,0,NaN,NaN,0,0
pursuit,追踪法,target_pursuit,target,4.36453193670106,6477.98806949386,0,5000,270,0,0,500,0,NaN,NaN,0,0
pursuit,追踪法,target_pursuit,target,4.37453193670106,6472.98806949386,0,5000,270,0,0,500,0,NaN,NaN,0,0
pursuit,追踪法,target_pursuit,target,4.38453193670106,6467.98806949386,0,5000,270,0,0,500,0,NaN,NaN,0,0
pursuit,追踪法,target_pursuit,target,4.39453193670106,6462.98806949386,0,5000,270,0,0,500,0,NaN,NaN,0,0
pursuit,追踪法,target_pursuit,target,4.40453193670106,6457.98806949386,0,5000,270,0,0,500,0,NaN,NaN,0,0
pursuit,追踪法,target_pursuit,target,4.41453193670106,6452.98806949386,0,5000,270,0,0,500,0,NaN,NaN,0,0
pursuit,追踪法,target_pursuit,target,4.42453193670106,6447.98806949386,0,5000,270,0,0,500,0,NaN,NaN,0,0
pursuit,追踪法,target_pursuit,target,4.43453193670106,6442.98806949386,0,5000,270,0,0,500,0,NaN,NaN,0,0
pursuit,追踪法,target_pursuit,target,4.44453193670106,6437.98806949386,0,5000,270,0,0,500,0,NaN,NaN,0,0
pursuit,追踪法,target_pursuit,target,4.45453193670106,6432.98806949386,0,5000,270,0,0,500,0,NaN,NaN,0,0
pursuit,追踪法,target_pursuit,target,4.46453193670106,6427.98806949386,0,5000,270,0,0,500,0,NaN,NaN,0,0
pursuit,追踪法,target_pursuit,target,4.47453193670106,6422.98806949386,0,5000,270,0,0,500,0,NaN,NaN,0,0
pursuit,追踪法,target_pursuit,target,4.48453193670106,6417.98806949386,0,5000,270,0,0,500,0,NaN,NaN,0,0
pursuit,追踪法,target_pursuit,target,4.49453193670106,6412.98806949386,0,5000,270,0,0,500,0,NaN,NaN,0,0
pursuit,追踪法,target_pursuit,target,4.50453193670106,6407.98806949386,0,5000,270,0,0,500,0,NaN,NaN,0,0
pursuit,追踪法,target_pursuit,target,4.51453193670106,6402.98806949386,0,5000,270,0,0,500,0,NaN,NaN,0,0
pursuit,追踪法,target_pursuit,target,4.52453193670106,6397.98806949386,0,5000,270,0,0,500,0,NaN,NaN,0,0
pursuit,追踪法,target_pursuit,target,4.53453193670106,6392.98806949386,0,5000,270,0,0,500,0,NaN,NaN,0,0
pursuit,追踪法,target_pursuit,target,4.54453193670106,6387.98806949386,0,5000,270,0,0,500,0,NaN,NaN,0,0
pursuit,追踪法,target_pursuit,target,4.55453193670106,6382.98806949386,0,5000,270,0,0,500,0,NaN,NaN,0,0
pursuit,追踪法,target_pursuit,target,4.56453193670106,6377.98806949386,0,5000,270,0,0,500,0,NaN,NaN,0,0
pursuit,追踪法,target_pursuit,target,4.57453193670106,6372.98806949386,0,5000,270,0,0,500,0,NaN,NaN,0,0
pursuit,追踪法,target_pursuit,target,4.58453193670106,6367.98806949386,0,5000,270,0,0,500,0,NaN,NaN,0,0
pursuit,追踪法,target_pursuit,target,4.59453193670106,6362.98806949386,0,5000,270,0,0,500,0,NaN,NaN,0,0
pursuit,追踪法,target_pursuit,target,4.60453193670106,6357.98806949386,0,5000,270,0,0,500,0,NaN,NaN,0,0
pursuit,追踪法,target_pursuit,target,4.61453193670106,6352.98806949386,0,5000,270,0,0,500,0,NaN,NaN,0,0
pursuit,追踪法,target_pursuit,target,4.62453193670106,6347.98806949386,0,5000,270,0,0,500,0,NaN,NaN,0,0
pursuit,追踪法,target_pursuit,target,4.63453193670106,6342.98806949386,0,5000,270,0,0,500,0,NaN,NaN,0,0
pursuit,追踪法,target_pursuit,target,4.64453193670106,6337.98806949386,0,5000,270,0,0,500,0,NaN,NaN,0,0
pursuit,追踪法,target_pursuit,target,4.65453193670106,6332.98806949386,0,5000,270,0,0,500,0,NaN,NaN,0,0
pursuit,追踪法,target_pursuit,target,4.66453193670106,6327.98806949386,0,5000,270,0,0,500,0,NaN,NaN,0,0
pursuit,追踪法,target_pursuit,target,4.67453193670106,6322.98806949386,0,5000,270,0,0,500,0,NaN,NaN,0,0
pursuit,追踪法,target_pursuit,target,4.68453193670106,6317.98806949386,0,5000,270,0,0,500,0,NaN,NaN,0,0
pursuit,追踪法,target_pursuit,target,4.69453193670105,6312.98806949386,0,5000,270,0,0,500,0,NaN,NaN,0,0
pursuit,追踪法,target_pursuit,target,4.70453193670105,6307.98806949386,0,5000,270,0,0,500,0,NaN,NaN,0,0
pursuit,追踪法,target_pursuit,target,4.71453193670105,6302.98806949386,0,5000,270,0,0,500,0,NaN,NaN,0,0
pursuit,追踪法,target_pursuit,target,4.72453193670105,6297.98806949386,0,5000,270,0,0,500,0,NaN,NaN,0,0
pursuit,追踪法,target_pursuit,target,4.73453193670105,6292.98806949386,0,5000,270,0,0,500,0,NaN,NaN,0,0
pursuit,追踪法,target_pursuit,target,4.74453193670105,6287.98806949386,0,5000,270,0,0,500,0,NaN,NaN,0,0
pursuit,追踪法,target_pursuit,target,4.75453193670105,6282.98806949386,0,5000,270,0,0,500,0,NaN,NaN,0,0
pursuit,追踪法,target_pursuit,target,4.76453193670105,6277.98806949386,0,5000,270,0,0,500,0,NaN,NaN,0,0
pursuit,追踪法,target_pursuit,target,4.77453193670105,6272.98806949386,0,5000,270,0,0,500,0,NaN,NaN,0,0
pursuit,追踪法,target_pursuit,target,4.78453193670105,6267.98806949386,0,5000,270,0,0,500,0,NaN,NaN,0,0
pursuit,追踪法,target_pursuit,target,4.79453193670105,6262.98806949386,0,5000,270,0,0,500,0,NaN,NaN,0,0
pursuit,追踪法,target_pursuit,target,4.80453193670105,6257.98806949386,0,5000,270,0,0,500,0,NaN,NaN,0,0
pursuit,追踪法,target_pursuit,target,4.81453193670105,6252.98806949386,0,5000,270,0,0,500,0,NaN,NaN,0,0
pursuit,追踪法,target_pursuit,target,4.82453193670105,6247.98806949386,0,5000,270,0,0,500,0,NaN,NaN,0,0
pursuit,追踪法,target_pursuit,target,4.83453193670105,6242.98806949386,0,5000,270,0,0,500,0,NaN,NaN,0,0
pursuit,追踪法,target_pursuit,target,4.84453193670105,6237.98806949386,0,5000,270,0,0,500,0,NaN,NaN,0,0
pursuit,追踪法,target_pursuit,target,4.85453193670105,6232.98806949386,0,5000,270,0,0,500,0,NaN,NaN,0,0
pursuit,追踪法,target_pursuit,target,4.86453193670105,6227.98806949386,0,5000,270,0,0,500,0,NaN,NaN,0,0
pursuit,追踪法,target_pursuit,target,4.87453193670105,6222.98806949386,0,5000,270,0,0,500,0,NaN,NaN,0,0
pursuit,追踪法,target_pursuit,target,4.88453193670105,6217.98806949386,0,5000,270,0,0,500,0,NaN,NaN,0,0
pursuit,追踪法,target_pursuit,target,4.89453193670105,6212.98806949386,0,5000,270,0,0,500,0,NaN,NaN,0,0
pursuit,追踪法,target_pursuit,target,4.90453193670105,6207.98806949386,0,5000,270,0,0,500,0,NaN,NaN,0,0
pursuit,追踪法,target_pursuit,target,4.91453193670105,6202.98806949386,0,5000,270,0,0,500,0,NaN,NaN,0,0
pursuit,追踪法,target_pursuit,target,4.92453193670105,6197.98806949386,0,5000,270,0,0,500,0,NaN,NaN,0,0
pursuit,追踪法,target_pursuit,target,4.93453193670105,6192.98806949386,0,5000,270,0,0,500,0,NaN,NaN,0,0
pursuit,追踪法,target_pursuit,target,4.94453193670105,6187.98806949386,0,5000,270,0,0,500,0,NaN,NaN,0,0
pursuit,追踪法,target_pursuit,target,4.95453193670105,6182.98806949386,0,5000,270,0,0,500,0,NaN,NaN,0,0
pursuit,追踪法,target_pursuit,target,4.96453193670105,6177.98806949386,0,5000,270,0,0,500,0,NaN,NaN,0,0
pursuit,追踪法,target_pursuit,target,4.97453193670105,6172.98806949386,0,5000,270,0,0,500,0,NaN,NaN,0,0
pursuit,追踪法,target_pursuit,target,4.98453193670105,6167.98806949386,0,5000,270,0,0,500,0,NaN,NaN,0,0
pursuit,追踪法,target_pursuit,target,4.99453193670105,6162.98806949386,0,5000,270,0,0,500,0,NaN,NaN,0,0
pursuit,追踪法,target_pursuit,target,5.00453193670105,6157.98806949386,0,5000,270,0,0,500,0,NaN,NaN,0,0
pursuit,追踪法,target_pursuit,target,5.01453193670105,6152.98806949386,0,5000,270,0,0,500,0,NaN,NaN,0,0
pursuit,追踪法,target_pursuit,target,5.02453193670105,6147.98806949386,0,5000,270,0,0,500,0,NaN,NaN,0,0
pursuit,追踪法,target_pursuit,target,5.03453193670105,6142.98806949386,0,5000,270,0,0,500,0,NaN,NaN,0,0
pursuit,追踪法,target_pursuit,target,5.04453193670105,6137.98806949386,0,5000,270,0,0,500,0,NaN,NaN,0,0
pursuit,追踪法,target_pursuit,target,5.05453193670105,6132.98806949386,0,5000,270,0,0,500,0,NaN,NaN,0,0
pursuit,追踪法,target_pursuit,target,5.06453193670105,6127.98806949386,0,5000,270,0,0,500,0,NaN,NaN,0,0
pursuit,追踪法,target_pursuit,target,5.07453193670105,6122.98806949386,0,5000,270,0,0,500,0,NaN,NaN,0,0
pursuit,追踪法,target_pursuit,target,5.08453193670105,6117.98806949386,0,5000,270,0,0,500,0,NaN,NaN,0,0
pursuit,追踪法,target_pursuit,target,5.09453193670105,6112.98806949386,0,5000,270,0,0,500,0,NaN,NaN,0,0
pursuit,追踪法,target_pursuit,target,5.10453193670105,6107.98806949386,0,5000,270,0,0,500,0,NaN,NaN,0,0
pursuit,追踪法,target_pursuit,target,5.11453193670105,6102.98806949386,0,5000,270,0,0,500,0,NaN,NaN,0,0
pursuit,追踪法,target_pursuit,target,5.12453193670105,6097.98806949386,0,5000,270,0,0,500,0,NaN,NaN,0,0
pursuit,追踪法,target_pursuit,target,5.13453193670105,6092.98806949386,0,5000,270,0,0,500,0,NaN,NaN,0,0
pursuit,追踪法,target_pursuit,target,5.14453193670105,6087.98806949386,0,5000,270,0,0,500,0,NaN,NaN,0,0
pursuit,追踪法,target_pursuit,target,5.15453193670105,6082.98806949386,0,5000,270,0,0,500,0,NaN,NaN,0,0
pursuit,追踪法,target_pursuit,target,5.16453193670104,6077.98806949386,0,5000,270,0,0,500,0,NaN,NaN,0,0
pursuit,追踪法,target_pursuit,target,5.17453193670104,6072.98806949386,0,5000,270,0,0,500,0,NaN,NaN,0,0
pursuit,追踪法,target_pursuit,target,5.18453193670104,6067.98806949386,0,5000,270,0,0,500,0,NaN,NaN,0,0
pursuit,追踪法,target_pursuit,target,5.19453193670104,6062.98806949386,0,5000,270,0,0,500,0,NaN,NaN,0,0
pursuit,追踪法,target_pursuit,target,5.20453193670104,6057.98806949386,0,5000,270,0,0,500,0,NaN,NaN,0,0
pursuit,追踪法,target_pursuit,target,5.21453193670104,6052.98806949386,0,5000,270,0,0,500,0,NaN,NaN,0,0
pursuit,追踪法,target_pursuit,target,5.22453193670104,6047.98806949386,0,5000,270,0,0,500,0,NaN,NaN,0,0
pursuit,追踪法,target_pursuit,target,5.23453193670104,6042.98806949386,0,5000,270,0,0,500,0,NaN,NaN,0,0
pursuit,追踪法,target_pursuit,target,5.24453193670104,6037.98806949386,0,5000,270,0,0,500,0,NaN,NaN,0,0
pursuit,追踪法,target_pursuit,target,5.25453193670104,6032.98806949386,0,5000,270,0,0,500,0,NaN,NaN,0,0
pursuit,追踪法,target_pursuit,target,5.26453193670104,6027.98806949387,0,5000,270,0,0,500,0,NaN,NaN,0,0
pursuit,追踪法,target_pursuit,target,5.27453193670104,6022.98806949387,0,5000,270,0,0,500,0,NaN,NaN,0,0
pursuit,追踪法,target_pursuit,target,5.28453193670104,6017.98806949387,0,5000,270,0,0,500,0,NaN,NaN,0,0
pursuit,追踪法,target_pursuit,target,5.29453193670104,6012.98806949387,0,5000,270,0,0,500,0,NaN,NaN,0,0
pursuit,追踪法,target_pursuit,target,5.30453193670104,6007.98806949387,0,5000,270,0,0,500,0,NaN,NaN,0,0
pursuit,追踪法,target_pursuit,target,5.31453193670104,6002.98806949387,0,5000,270,0,0,500,0,NaN,NaN,0,0
pursuit,追踪法,target_pursuit,target,5.32453193670104,5997.98806949387,0,5000,270,0,0,500,0,NaN,NaN,0,0
pursuit,追踪法,target_pursuit,target,5.33453193670104,5992.98806949387,0,5000,270,0,0,500,0,NaN,NaN,0,0
pursuit,追踪法,target_pursuit,target,5.34453193670104,5987.98806949387,0,5000,270,0,0,500,0,NaN,NaN,0,0
pursuit,追踪法,target_pursuit,target,5.35453193670104,5982.98806949387,0,5000,270,0,0,500,0,NaN,NaN,0,0
pursuit,追踪法,target_pursuit,target,5.36453193670104,5977.98806949387,0,5000,270,0,0,500,0,NaN,NaN,0,0
pursuit,追踪法,target_pursuit,target,5.37453193670104,5972.98806949387,0,5000,270,0,0,500,0,NaN,NaN,0,0
pursuit,追踪法,target_pursuit,target,5.38453193670104,5967.98806949387,0,5000,270,0,0,500,0,NaN,NaN,0,0
pursuit,追踪法,target_pursuit,target,5.39453193670104,5962.98806949387,0,5000,270,0,0,500,0,NaN,NaN,0,0
pursuit,追踪法,target_pursuit,target,5.40453193670104,5957.98806949387,0,5000,270,0,0,500,0,NaN,NaN,0,0
pursuit,追踪法,target_pursuit,target,5.41453193670104,5952.98806949387,0,5000,270,0,0,500,0,NaN,NaN,0,0
pursuit,追踪法,target_pursuit,target,5.42453193670104,5947.98806949387,0,5000,270,0,0,500,0,NaN,NaN,0,0
pursuit,追踪法,target_pursuit,target,5.43453193670104,5942.98806949387,0,5000,270,0,0,500,0,NaN,NaN,0,0
pursuit,追踪法,target_pursuit,target,5.44453193670104,5937.98806949387,0,5000,270,0,0,500,0,NaN,NaN,0,0
pursuit,追踪法,target_pursuit,target,5.45453193670104,5932.98806949387,0,5000,270,0,0,500,0,NaN,NaN,0,0
pursuit,追踪法,target_pursuit,target,5.46453193670104,5927.98806949387,0,5000,270,0,0,500,0,NaN,NaN,0,0
pursuit,追踪法,target_pursuit,target,5.47453193670104,5922.98806949387,0,5000,270,0,0,500,0,NaN,NaN,0,0
pursuit,追踪法,target_pursuit,target,5.48453193670104,5917.98806949387,0,5000,270,0,0,500,0,NaN,NaN,0,0
pursuit,追踪法,target_pursuit,target,5.49453193670104,5912.98806949387,0,5000,270,0,0,500,0,NaN,NaN,0,0
pursuit,追踪法,target_pursuit,target,5.50453193670104,5907.98806949387,0,5000,270,0,0,500,0,NaN,NaN,0,0
pursuit,追踪法,target_pursuit,target,5.51453193670104,5902.98806949387,0,5000,270,0,0,500,0,NaN,NaN,0,0
pursuit,追踪法,target_pursuit,target,5.52453193670104,5897.98806949387,0,5000,270,0,0,500,0,NaN,NaN,0,0
pursuit,追踪法,target_pursuit,target,5.53453193670104,5892.98806949387,0,5000,270,0,0,500,0,NaN,NaN,0,0
pursuit,追踪法,target_pursuit,target,5.54453193670104,5887.98806949387,0,5000,270,0,0,500,0,NaN,NaN,0,0
pursuit,追踪法,target_pursuit,target,5.55453193670104,5882.98806949387,0,5000,270,0,0,500,0,NaN,NaN,0,0
pursuit,追踪法,target_pursuit,target,5.56453193670104,5877.98806949387,0,5000,270,0,0,500,0,NaN,NaN,0,0
pursuit,追踪法,target_pursuit,target,5.57453193670104,5872.98806949387,0,5000,270,0,0,500,0,NaN,NaN,0,0
pursuit,追踪法,target_pursuit,target,5.58453193670104,5867.98806949387,0,5000,270,0,0,500,0,NaN,NaN,0,0
pursuit,追踪法,target_pursuit,target,5.59453193670104,5862.98806949387,0,5000,270,0,0,500,0,NaN,NaN,0,0
pursuit,追踪法,target_pursuit,target,5.60453193670104,5857.98806949387,0,5000,270,0,0,500,0,NaN,NaN,0,0
pursuit,追踪法,target_pursuit,target,5.61453193670104,5852.98806949387,0,5000,270,0,0,500,0,NaN,NaN,0,0
pursuit,追踪法,target_pursuit,target,5.62453193670104,5847.98806949387,0,5000,270,0,0,500,0,NaN,NaN,0,0
pursuit,追踪法,target_pursuit,target,5.63453193670103,5842.98806949387,0,5000,270,0,0,500,0,NaN,NaN,0,0
pursuit,追踪法,target_pursuit,target,5.64453193670103,5837.98806949387,0,5000,270,0,0,500,0,NaN,NaN,0,0
pursuit,追踪法,target_pursuit,target,5.65453193670103,5832.98806949387,0,5000,270,0,0,500,0,NaN,NaN,0,0
pursuit,追踪法,target_pursuit,target,5.66453193670103,5827.98806949387,0,5000,270,0,0,500,0,NaN,NaN,0,0
pursuit,追踪法,target_pursuit,target,5.67453193670103,5822.98806949387,0,5000,270,0,0,500,0,NaN,NaN,0,0
pursuit,追踪法,target_pursuit,target,5.68453193670103,5817.98806949387,0,5000,270,0,0,500,0,NaN,NaN,0,0
pursuit,追踪法,target_pursuit,target,5.69453193670103,5812.98806949387,0,5000,270,0,0,500,0,NaN,NaN,0,0
pursuit,追踪法,target_pursuit,target,5.70453193670103,5807.98806949387,0,5000,270,0,0,500,0,NaN,NaN,0,0
pursuit,追踪法,target_pursuit,target,5.71453193670103,5802.98806949387,0,5000,270,0,0,500,0,NaN,NaN,0,0
pursuit,追踪法,target_pursuit,target,5.72453193670103,5797.98806949387,0,5000,270,0,0,500,0,NaN,NaN,0,0
pursuit,追踪法,target_pursuit,target,5.73453193670103,5792.98806949387,0,5000,270,0,0,500,0,NaN,NaN,0,0
pursuit,追踪法,target_pursuit,target,5.74453193670103,5787.98806949387,0,5000,270,0,0,500,0,NaN,NaN,0,0
pursuit,追踪法,target_pursuit,target,5.75453193670103,5782.98806949387,0,5000,270,0,0,500,0,NaN,NaN,0,0
pursuit,追踪法,target_pursuit,target,5.76453193670103,5777.98806949387,0,5000,270,0,0,500,0,NaN,NaN,0,0
pursuit,追踪法,target_pursuit,target,5.77453193670103,5772.98806949387,0,5000,270,0,0,500,0,NaN,NaN,0,0
pursuit,追踪法,target_pursuit,target,5.78453193670103,5767.98806949387,0,5000,270,0,0,500,0,NaN,NaN,0,0
pursuit,追踪法,target_pursuit,target,5.79453193670103,5762.98806949387,0,5000,270,0,0,500,0,NaN,NaN,0,0
pursuit,追踪法,target_pursuit,target,5.80453193670103,5757.98806949387,0,5000,270,0,0,500,0,NaN,NaN,0,0
pursuit,追踪法,target_pursuit,target,5.81453193670103,5752.98806949387,0,5000,270,0,0,500,0,NaN,NaN,0,0
pursuit,追踪法,target_pursuit,target,5.82453193670103,5747.98806949387,0,5000,270,0,0,500,0,NaN,NaN,0,0
pursuit,追踪法,target_pursuit,target,5.83453193670103,5742.98806949387,0,5000,270,0,0,500,0,NaN,NaN,0,0
pursuit,追踪法,target_pursuit,target,5.84453193670103,5737.98806949387,0,5000,270,0,0,500,0,NaN,NaN,0,0
pursuit,追踪法,target_pursuit,target,5.85453193670103,5732.98806949387,0,5000,270,0,0,500,0,NaN,NaN,0,0
pursuit,追踪法,target_pursuit,target,5.86453193670103,5727.98806949387,0,5000,270,0,0,500,0,NaN,NaN,0,0
pursuit,追踪法,target_pursuit,target,5.87453193670103,5722.98806949387,0,5000,270,0,0,500,0,NaN,NaN,0,0
pursuit,追踪法,target_pursuit,target,5.88453193670103,5717.98806949387,0,5000,270,0,0,500,0,NaN,NaN,0,0
pursuit,追踪法,target_pursuit,target,5.89453193670103,5712.98806949387,0,5000,270,0,0,500,0,NaN,NaN,0,0
pursuit,追踪法,target_pursuit,target,5.90453193670103,5707.98806949387,0,5000,270,0,0,500,0,NaN,NaN,0,0
pursuit,追踪法,target_pursuit,target,5.91453193670103,5702.98806949387,0,5000,270,0,0,500,0,NaN,NaN,0,0
pursuit,追踪法,target_pursuit,target,5.92453193670103,5697.98806949387,0,5000,270,0,0,500,0,NaN,NaN,0,0
pursuit,追踪法,target_pursuit,target,5.93453193670103,5692.98806949387,0,5000,270,0,0,500,0,NaN,NaN,0,0
pursuit,追踪法,target_pursuit,target,5.94453193670103,5687.98806949387,0,5000,270,0,0,500,0,NaN,NaN,0,0
pursuit,追踪法,target_pursuit,target,5.95453193670103,5682.98806949387,0,5000,270,0,0,500,0,NaN,NaN,0,0
pursuit,追踪法,target_pursuit,target,5.96453193670103,5677.98806949387,0,5000,270,0,0,500,0,NaN,NaN,0,0
pursuit,追踪法,target_pursuit,target,5.97453193670103,5672.98806949387,0,5000,270,0,0,500,0,NaN,NaN,0,0
pursuit,追踪法,target_pursuit,target,5.98453193670103,5667.98806949387,0,5000,270,0,0,500,0,NaN,NaN,0,0
pursuit,追踪法,target_pursuit,target,5.99453193670103,5662.98806949387,0,5000,270,0,0,500,0,NaN,NaN,0,0
pursuit,追踪法,target_pursuit,target,6.00453193670103,5657.98806949387,0,5000,270,0,0,500,0,NaN,NaN,0,0
pursuit,追踪法,target_pursuit,target,6.01453193670103,5652.98806949387,0,5000,270,0,0,500,0,NaN,NaN,0,0
pursuit,追踪法,target_pursuit,target,6.02453193670103,5647.98806949387,0,5000,270,0,0,500,0,NaN,NaN,0,0
pursuit,追踪法,target_pursuit,target,6.03453193670103,5642.98806949387,0,5000,270,0,0,500,0,NaN,NaN,0,0
pursuit,追踪法,target_pursuit,target,6.04453193670103,5637.98806949387,0,5000,270,0,0,500,0,NaN,NaN,0,0
pursuit,追踪法,target_pursuit,target,6.05453193670103,5632.98806949387,0,5000,270,0,0,500,0,NaN,NaN,0,0
pursuit,追踪法,target_pursuit,target,6.06453193670103,5627.98806949387,0,5000,270,0,0,500,0,NaN,NaN,0,0
pursuit,追踪法,target_pursuit,target,6.07453193670103,5622.98806949387,0,5000,270,0,0,500,0,NaN,NaN,0,0
pursuit,追踪法,target_pursuit,target,6.08453193670103,5617.98806949387,0,5000,270,0,0,500,0,NaN,NaN,0,0
pursuit,追踪法,target_pursuit,target,6.09453193670103,5612.98806949387,0,5000,270,0,0,500,0,NaN,NaN,0,0
pursuit,追踪法,target_pursuit,target,6.10453193670102,5607.98806949387,0,5000,270,0,0,500,0,NaN,NaN,0,0
pursuit,追踪法,target_pursuit,target,6.11453193670102,5602.98806949387,0,5000,270,0,0,500,0,NaN,NaN,0,0
pursuit,追踪法,target_pursuit,target,6.12453193670102,5597.98806949387,0,5000,270,0,0,500,0,NaN,NaN,0,0
pursuit,追踪法,target_pursuit,target,6.13453193670102,5592.98806949387,0,5000,270,0,0,500,0,NaN,NaN,0,0
pursuit,追踪法,target_pursuit,target,6.14453193670102,5587.98806949387,0,5000,270,0,0,500,0,NaN,NaN,0,0
pursuit,追踪法,target_pursuit,target,6.15453193670102,5582.98806949387,0,5000,270,0,0,500,0,NaN,NaN,0,0
pursuit,追踪法,target_pursuit,target,6.16453193670102,5577.98806949387,0,5000,270,0,0,500,0,NaN,NaN,0,0
pursuit,追踪法,target_pursuit,target,6.17453193670102,5572.98806949387,0,5000,270,0,0,500,0,NaN,NaN,0,0
pursuit,追踪法,target_pursuit,target,6.18453193670102,5567.98806949387,0,5000,270,0,0,500,0,NaN,NaN,0,0
pursuit,追踪法,target_pursuit,target,6.19453193670102,5562.98806949387,0,5000,270,0,0,500,0,NaN,NaN,0,0
pursuit,追踪法,target_pursuit,target,6.20453193670102,5557.98806949387,0,5000,270,0,0,500,0,NaN,NaN,0,0
pursuit,追踪法,target_pursuit,target,6.21453193670102,5552.98806949387,0,5000,270,0,0,500,0,NaN,NaN,0,0
pursuit,追踪法,target_pursuit,target,6.22453193670102,5547.98806949387,0,5000,270,0,0,500,0,NaN,NaN,0,0
pursuit,追踪法,target_pursuit,target,6.23453193670102,5542.98806949387,0,5000,270,0,0,500,0,NaN,NaN,0,0
pursuit,追踪法,target_pursuit,target,6.24453193670102,5537.98806949388,0,5000,270,0,0,500,0,NaN,NaN,0,0
pursuit,追踪法,target_pursuit,target,6.25453193670102,5532.98806949388,0,5000,270,0,0,500,0,NaN,NaN,0,0
pursuit,追踪法,target_pursuit,target,6.26453193670102,5527.98806949388,0,5000,270,0,0,500,0,NaN,NaN,0,0
pursuit,追踪法,target_pursuit,target,6.27453193670102,5522.98806949388,0,5000,270,0,0,500,0,NaN,NaN,0,0
pursuit,追踪法,target_pursuit,target,6.28453193670102,5517.98806949388,0,5000,270,0,0,500,0,NaN,NaN,0,0
pursuit,追踪法,target_pursuit,target,6.29453193670102,5512.98806949388,0,5000,270,0,0,500,0,NaN,NaN,0,0
pursuit,追踪法,target_pursuit,target,6.30453193670102,5507.98806949388,0,5000,270,0,0,500,0,NaN,NaN,0,0
pursuit,追踪法,target_pursuit,target,6.31453193670102,5502.98806949388,0,5000,270,0,0,500,0,NaN,NaN,0,0
pursuit,追踪法,target_pursuit,target,6.32453193670102,5497.98806949388,0,5000,270,0,0,500,0,NaN,NaN,0,0
pursuit,追踪法,target_pursuit,target,6.33453193670102,5492.98806949388,0,5000,270,0,0,500,0,NaN,NaN,0,0
pursuit,追踪法,target_pursuit,target,6.34453193670102,5487.98806949388,0,5000,270,0,0,500,0,NaN,NaN,0,0
pursuit,追踪法,target_pursuit,target,6.35453193670102,5482.98806949388,0,5000,270,0,0,500,0,NaN,NaN,0,0
pursuit,追踪法,target_pursuit,target,6.36453193670102,5477.98806949388,0,5000,270,0,0,500,0,NaN,NaN,0,0
pursuit,追踪法,target_pursuit,target,6.37453193670102,5472.98806949388,0,5000,270,0,0,500,0,NaN,NaN,0,0
pursuit,追踪法,target_pursuit,target,6.38453193670102,5467.98806949388,0,5000,270,0,0,500,0,NaN,NaN,0,0
pursuit,追踪法,target_pursuit,target,6.39453193670102,5462.98806949388,0,5000,270,0,0,500,0,NaN,NaN,0,0
pursuit,追踪法,target_pursuit,target,6.40453193670102,5457.98806949388,0,5000,270,0,0,500,0,NaN,NaN,0,0
pursuit,追踪法,target_pursuit,target,6.41453193670102,5452.98806949388,0,5000,270,0,0,500,0,NaN,NaN,0,0
pursuit,追踪法,target_pursuit,target,6.42453193670102,5447.98806949388,0,5000,270,0,0,500,0,NaN,NaN,0,0
pursuit,追踪法,target_pursuit,target,6.43453193670102,5442.98806949388,0,5000,270,0,0,500,0,NaN,NaN,0,0
pursuit,追踪法,target_pursuit,target,6.44453193670102,5437.98806949388,0,5000,270,0,0,500,0,NaN,NaN,0,0
pursuit,追踪法,target_pursuit,target,6.45453193670102,5432.98806949388,0,5000,270,0,0,500,0,NaN,NaN,0,0
pursuit,追踪法,target_pursuit,target,6.46453193670102,5427.98806949388,0,5000,270,0,0,500,0,NaN,NaN,0,0
pursuit,追踪法,target_pursuit,target,6.47453193670102,5422.98806949388,0,5000,270,0,0,500,0,NaN,NaN,0,0
pursuit,追踪法,target_pursuit,target,6.48453193670102,5417.98806949388,0,5000,270,0,0,500,0,NaN,NaN,0,0
pursuit,追踪法,target_pursuit,target,6.49453193670102,5412.98806949388,0,5000,270,0,0,500,0,NaN,NaN,0,0
pursuit,追踪法,target_pursuit,target,6.50453193670102,5407.98806949388,0,5000,270,0,0,500,0,NaN,NaN,0,0
pursuit,追踪法,target_pursuit,target,6.51453193670102,5402.98806949388,0,5000,270,0,0,500,0,NaN,NaN,0,0
pursuit,追踪法,target_pursuit,target,6.52453193670102,5397.98806949388,0,5000,270,0,0,500,0,NaN,NaN,0,0
pursuit,追踪法,target_pursuit,target,6.53453193670102,5392.98806949388,0,5000,270,0,0,500,0,NaN,NaN,0,0
pursuit,追踪法,target_pursuit,target,6.54453193670102,5387.98806949388,0,5000,270,0,0,500,0,NaN,NaN,0,0
pursuit,追踪法,target_pursuit,target,6.55453193670102,5382.98806949388,0,5000,270,0,0,500,0,NaN,NaN,0,0
pursuit,追踪法,target_pursuit,target,6.56453193670102,5377.98806949388,0,5000,270,0,0,500,0,NaN,NaN,0,0
pursuit,追踪法,target_pursuit,target,6.57453193670101,5372.98806949388,0,5000,270,0,0,500,0,NaN,NaN,0,0
pursuit,追踪法,target_pursuit,target,6.58453193670101,5367.98806949388,0,5000,270,0,0,500,0,NaN,NaN,0,0
pursuit,追踪法,target_pursuit,target,6.59453193670101,5362.98806949388,0,5000,270,0,0,500,0,NaN,NaN,0,0
pursuit,追踪法,target_pursuit,target,6.60453193670101,5357.98806949388,0,5000,270,0,0,500,0,NaN,NaN,0,0
pursuit,追踪法,target_pursuit,target,6.61453193670101,5352.98806949388,0,5000,270,0,0,500,0,NaN,NaN,0,0
pursuit,追踪法,target_pursuit,target,6.62453193670101,5347.98806949388,0,5000,270,0,0,500,0,NaN,NaN,0,0
pursuit,追踪法,target_pursuit,target,6.63453193670101,5342.98806949388,0,5000,270,0,0,500,0,NaN,NaN,0,0
pursuit,追踪法,target_pursuit,target,6.64453193670101,5337.98806949388,0,5000,270,0,0,500,0,NaN,NaN,0,0
pursuit,追踪法,target_pursuit,target,6.65453193670101,5332.98806949388,0,5000,270,0,0,500,0,NaN,NaN,0,0
pursuit,追踪法,target_pursuit,target,6.66453193670101,5327.98806949388,0,5000,270,0,0,500,0,NaN,NaN,0,0
pursuit,追踪法,target_pursuit,target,6.67453193670101,5322.98806949388,0,5000,270,0,0,500,0,NaN,NaN,0,0
pursuit,追踪法,target_pursuit,target,6.68453193670101,5317.98806949388,0,5000,270,0,0,500,0,NaN,NaN,0,0
pursuit,追踪法,target_pursuit,target,6.69453193670101,5312.98806949388,0,5000,270,0,0,500,0,NaN,NaN,0,0
pursuit,追踪法,target_pursuit,target,6.70453193670101,5307.98806949388,0,5000,270,0,0,500,0,NaN,NaN,0,0
pursuit,追踪法,target_pursuit,target,6.71453193670101,5302.98806949388,0,5000,270,0,0,500,0,NaN,NaN,0,0
pursuit,追踪法,target_pursuit,target,6.72453193670101,5297.98806949388,0,5000,270,0,0,500,0,NaN,NaN,0,0
pursuit,追踪法,target_pursuit,target,6.73453193670101,5292.98806949388,0,5000,270,0,0,500,0,NaN,NaN,0,0
pursuit,追踪法,target_pursuit,target,6.74453193670101,5287.98806949388,0,5000,270,0,0,500,0,NaN,NaN,0,0
pursuit,追踪法,target_pursuit,target,6.75453193670101,5282.98806949388,0,5000,270,0,0,500,0,NaN,NaN,0,0
pursuit,追踪法,target_pursuit,target,6.76453193670101,5277.98806949388,0,5000,270,0,0,500,0,NaN,NaN,0,0
pursuit,追踪法,target_pursuit,target,6.77453193670101,5272.98806949388,0,5000,270,0,0,500,0,NaN,NaN,0,0
pursuit,追踪法,target_pursuit,target,6.78453193670101,5267.98806949388,0,5000,270,0,0,500,0,NaN,NaN,0,0
pursuit,追踪法,target_pursuit,target,6.79453193670101,5262.98806949388,0,5000,270,0,0,500,0,NaN,NaN,0,0
pursuit,追踪法,target_pursuit,target,6.80453193670101,5257.98806949388,0,5000,270,0,0,500,0,NaN,NaN,0,0
pursuit,追踪法,target_pursuit,target,6.81453193670101,5252.98806949388,0,5000,270,0,0,500,0,NaN,NaN,0,0
pursuit,追踪法,target_pursuit,target,6.82453193670101,5247.98806949388,0,5000,270,0,0,500,0,NaN,NaN,0,0
pursuit,追踪法,target_pursuit,target,6.83453193670101,5242.98806949388,0,5000,270,0,0,500,0,NaN,NaN,0,0
pursuit,追踪法,target_pursuit,target,6.84453193670101,5237.98806949388,0,5000,270,0,0,500,0,NaN,NaN,0,0
pursuit,追踪法,target_pursuit,target,6.85453193670101,5232.98806949388,0,5000,270,0,0,500,0,NaN,NaN,0,0
pursuit,追踪法,target_pursuit,target,6.86453193670101,5227.98806949388,0,5000,270,0,0,500,0,NaN,NaN,0,0
pursuit,追踪法,target_pursuit,target,6.87453193670101,5222.98806949388,0,5000,270,0,0,500,0,NaN,NaN,0,0
pursuit,追踪法,target_pursuit,target,6.88453193670101,5217.98806949388,0,5000,270,0,0,500,0,NaN,NaN,0,0
pursuit,追踪法,target_pursuit,target,6.89453193670101,5212.98806949388,0,5000,270,0,0,500,0,NaN,NaN,0,0
pursuit,追踪法,target_pursuit,target,6.90453193670101,5207.98806949388,0,5000,270,0,0,500,0,NaN,NaN,0,0
pursuit,追踪法,target_pursuit,target,6.91453193670101,5202.98806949388,0,5000,270,0,0,500,0,NaN,NaN,0,0
pursuit,追踪法,target_pursuit,target,6.92453193670101,5197.98806949388,0,5000,270,0,0,500,0,NaN,NaN,0,0
pursuit,追踪法,target_pursuit,target,6.93453193670101,5192.98806949388,0,5000,270,0,0,500,0,NaN,NaN,0,0
pursuit,追踪法,target_pursuit,target,6.94453193670101,5187.98806949388,0,5000,270,0,0,500,0,NaN,NaN,0,0
pursuit,追踪法,target_pursuit,target,6.95453193670101,5182.98806949388,0,5000,270,0,0,500,0,NaN,NaN,0,0
pursuit,追踪法,target_pursuit,target,6.96453193670101,5177.98806949388,0,5000,270,0,0,500,0,NaN,NaN,0,0
pursuit,追踪法,target_pursuit,target,6.97453193670101,5172.98806949388,0,5000,270,0,0,500,0,NaN,NaN,0,0
pursuit,追踪法,target_pursuit,target,6.98453193670101,5167.98806949388,0,5000,270,0,0,500,0,NaN,NaN,0,0
pursuit,追踪法,target_pursuit,target,6.99453193670101,5162.98806949388,0,5000,270,0,0,500,0,NaN,NaN,0,0
pursuit,追踪法,target_pursuit,target,7.00453193670101,5157.98806949388,0,5000,270,0,0,500,0,NaN,NaN,0,0
pursuit,追踪法,target_pursuit,target,7.01453193670101,5152.98806949388,0,5000,270,0,0,500,0,NaN,NaN,0,0
pursuit,追踪法,target_pursuit,target,7.02453193670101,5147.98806949388,0,5000,270,0,0,500,0,NaN,NaN,0,0
pursuit,追踪法,target_pursuit,target,7.03453193670101,5142.98806949388,0,5000,270,0,0,500,0,NaN,NaN,0,0
pursuit,追踪法,target_pursuit,target,7.044531936701,5137.98806949388,0,5000,270,0,0,500,0,NaN,NaN,0,0
pursuit,追踪法,target_pursuit,target,7.054531936701,5132.98806949388,0,5000,270,0,0,500,0,NaN,NaN,0,0
pursuit,追踪法,target_pursuit,target,7.064531936701,5127.98806949388,0,5000,270,0,0,500,0,NaN,NaN,0,0
pursuit,追踪法,target_pursuit,target,7.074531936701,5122.98806949388,0,5000,270,0,0,500,0,NaN,NaN,0,0
pursuit,追踪法,target_pursuit,target,7.084531936701,5117.98806949388,0,5000,270,0,0,500,0,NaN,NaN,0,0
pursuit,追踪法,target_pursuit,target,7.094531936701,5112.98806949388,0,5000,270,0,0,500,0,NaN,NaN,0,0
pursuit,追踪法,target_pursuit,target,7.104531936701,5107.98806949388,0,5000,270,0,0,500,0,NaN,NaN,0,0
pursuit,追踪法,target_pursuit,target,7.114531936701,5102.98806949388,0,5000,270,0,0,500,0,NaN,NaN,0,0
pursuit,追踪法,target_pursuit,target,7.124531936701,5097.98806949388,0,5000,270,0,0,500,0,NaN,NaN,0,0
pursuit,追踪法,target_pursuit,target,7.134531936701,5092.98806949388,0,5000,270,0,0,500,0,NaN,NaN,0,0
pursuit,追踪法,target_pursuit,target,7.144531936701,5087.98806949389,0,5000,270,0,0,500,0,NaN,NaN,0,0
pursuit,追踪法,target_pursuit,target,7.154531936701,5082.98806949389,0,5000,270,0,0,500,0,NaN,NaN,0,0
pursuit,追踪法,target_pursuit,target,7.164531936701,5077.98806949389,0,5000,270,0,0,500,0,NaN,NaN,0,0
pursuit,追踪法,target_pursuit,target,7.174531936701,5072.98806949389,0,5000,270,0,0,500,0,NaN,NaN,0,0
pursuit,追踪法,target_pursuit,target,7.184531936701,5067.98806949389,0,5000,270,0,0,500,0,NaN,NaN,0,0
pursuit,追踪法,target_pursuit,target,7.194531936701,5062.98806949389,0,5000,270,0,0,500,0,NaN,NaN,0,0
pursuit,追踪法,target_pursuit,target,7.204531936701,5057.98806949389,0,5000,270,0,0,500,0,NaN,NaN,0,0
pursuit,追踪法,target_pursuit,target,7.214531936701,5052.98806949389,0,5000,270,0,0,500,0,NaN,NaN,0,0
pursuit,追踪法,target_pursuit,target,7.224531936701,5047.98806949389,0,5000,270,0,0,500,0,NaN,NaN,0,0
pursuit,追踪法,target_pursuit,target,7.234531936701,5042.98806949389,0,5000,270,0,0,500,0,NaN,NaN,0,0
pursuit,追踪法,target_pursuit,target,7.244531936701,5037.98806949389,0,5000,270,0,0,500,0,NaN,NaN,0,0
pursuit,追踪法,target_pursuit,target,7.254531936701,5032.98806949389,0,5000,270,0,0,500,0,NaN,NaN,0,0
pursuit,追踪法,target_pursuit,target,7.264531936701,5027.98806949389,0,5000,270,0,0,500,0,NaN,NaN,0,0
pursuit,追踪法,target_pursuit,target,7.274531936701,5022.98806949389,0,5000,270,0,0,500,0,NaN,NaN,0,0
pursuit,追踪法,target_pursuit,target,7.284531936701,5017.98806949389,0,5000,270,0,0,500,0,NaN,NaN,0,0
pursuit,追踪法,target_pursuit,target,7.294531936701,5012.98806949389,0,5000,270,0,0,500,0,NaN,NaN,0,0
pursuit,追踪法,target_pursuit,target,7.304531936701,5007.98806949389,0,5000,270,0,0,500,0,NaN,NaN,0,0
pursuit,追踪法,target_pursuit,target,7.314531936701,5002.98806949389,0,5000,270,0,0,500,0,NaN,NaN,0,0
pursuit,追踪法,target_pursuit,target,7.324531936701,4997.98806949389,0,5000,270,0,0,500,0,NaN,NaN,0,0
pursuit,追踪法,target_pursuit,target,7.334531936701,4992.98806949389,0,5000,270,0,0,500,0,NaN,NaN,0,0
pursuit,追踪法,target_pursuit,target,7.344531936701,4987.98806949389,0,5000,270,0,0,500,0,NaN,NaN,0,0
pursuit,追踪法,target_pursuit,target,7.354531936701,4982.98806949389,0,5000,270,0,0,500,0,NaN,NaN,0,0
pursuit,追踪法,target_pursuit,target,7.364531936701,4977.98806949389,0,5000,270,0,0,500,0,NaN,NaN,0,0
pursuit,追踪法,target_pursuit,target,7.374531936701,4972.98806949389,0,5000,270,0,0,500,0,NaN,NaN,0,0
pursuit,追踪法,target_pursuit,target,7.384531936701,4967.98806949389,0,5000,270,0,0,500,0,NaN,NaN,0,0
pursuit,追踪法,target_pursuit,target,7.394531936701,4962.98806949389,0,5000,270,0,0,500,0,NaN,NaN,0,0
pursuit,追踪法,target_pursuit,target,7.404531936701,4957.98806949389,0,5000,270,0,0,500,0,NaN,NaN,0,0
pursuit,追踪法,target_pursuit,target,7.414531936701,4952.98806949389,0,5000,270,0,0,500,0,NaN,NaN,0,0
pursuit,追踪法,target_pursuit,target,7.424531936701,4947.98806949389,0,5000,270,0,0,500,0,NaN,NaN,0,0
pursuit,追踪法,target_pursuit,target,7.434531936701,4942.98806949389,0,5000,270,0,0,500,0,NaN,NaN,0,0
pursuit,追踪法,target_pursuit,target,7.444531936701,4937.98806949389,0,5000,270,0,0,500,0,NaN,NaN,0,0
pursuit,追踪法,target_pursuit,target,7.454531936701,4932.98806949389,0,5000,270,0,0,500,0,NaN,NaN,0,0
pursuit,追踪法,target_pursuit,target,7.464531936701,4927.98806949389,0,5000,270,0,0,500,0,NaN,NaN,0,0
pursuit,追踪法,target_pursuit,target,7.474531936701,4922.98806949389,0,5000,270,0,0,500,0,NaN,NaN,0,0
pursuit,追踪法,target_pursuit,target,7.484531936701,4917.98806949389,0,5000,270,0,0,500,0,NaN,NaN,0,0
pursuit,追踪法,target_pursuit,target,7.494531936701,4912.98806949389,0,5000,270,0,0,500,0,NaN,NaN,0,0
pursuit,追踪法,target_pursuit,target,7.504531936701,4907.98806949389,0,5000,270,0,0,500,0,NaN,NaN,0,0
pursuit,追踪法,target_pursuit,target,7.51453193670099,4902.98806949389,0,5000,270,0,0,500,0,NaN,NaN,0,0
pursuit,追踪法,target_pursuit,target,7.52453193670099,4897.98806949389,0,5000,270,0,0,500,0,NaN,NaN,0,0
pursuit,追踪法,target_pursuit,target,7.53453193670099,4892.98806949389,0,5000,270,0,0,500,0,NaN,NaN,0,0
pursuit,追踪法,target_pursuit,target,7.54453193670099,4887.98806949389,0,5000,270,0,0,500,0,NaN,NaN,0,0
pursuit,追踪法,target_pursuit,target,7.55453193670099,4882.98806949389,0,5000,270,0,0,500,0,NaN,NaN,0,0
pursuit,追踪法,target_pursuit,target,7.55671515410621,4881.89646079128,0,5000,270,0,0,500,0,NaN,NaN,0,0
pursuit,追踪法,target_pursuit,target,7.55889837151143,4880.80485208867,0,5000,270,0,0,500,0,NaN,NaN,0,0
pursuit,追踪法,target_pursuit,target,7.55965205891957,4880.4280083846,0,5000,270,0,0,500,0,NaN,NaN,0,0
pursuit,追踪法,target_pursuit,target,7.55972966357052,4880.38920605913,0,5000,270,0,0,500,0,NaN,NaN,0,0
pursuit,追踪法,target_pursuit,target,7.55980726822148,4880.35040373365,0,5000,270,0,0,500,0,NaN,NaN,0,0
pursuit,追踪法,target_pursuit,target,7.55985526448042,4880.32640560417,0,5000,270,0,0,500,0,NaN,NaN,0,0
pn_K4,比例导引法 K=4,station_pn_K4,station,0,0,30000,0,0,0,0,0,0,0,0,0,0
pn_K4,比例导引法 K=4,missile_pn_K4,missile,0,0,30000,0,59.9999993352597,30.0000006647404,0,1000,10000,30,1.43239448782704,99.999999999999,10.1971621297792
pn_K4,比例导引法 K=4,missile_pn_K4,missile,2.32038129184932e-07,0.000200950913174724,30000,0.00011601906692388,59.9999960115585,30.0000039884415,0,1000,9999.99966748641,30.0000003323701,1.43239445013711,99.9999973687455,10.197161861466
pn_K4,比例导引法 K=4,missile_pn_K4,missile,1.39222877510959e-06,0.00120570543866707,30000,0.000696114471485683,59.999978728317,30.000021271683,0,1000,9999.99800491849,30.0000019942207,1.43239426168746,99.9999842124779,10.1971605199001
pn_K4,比例导引法 K=4,missile_pn_K4,missile,7.19318200473289e-06,0.00622947705659689,30000,0.0035965932428541,59.9998923122231,30.0001076877769,0,1000,9999.98969207898,30.00001030347,1.43239331943907,99.9999184311304,10.1971538120694
pn_K4,比例导引法 K=4,missile_pn_K4,missile,3.61979481528494e-05,0.0313483099079297,30000,0.0180990308135917,59.9994602346003,30.0005397653997,0,1000,9999.94812788461,30.000051849635,1.43238860819373,99.9995895241585,10.1971202728922
pn_K4,比例导引法 K=4,missile_pn_K4,missile,0.000181221778893432,0.156941843204424,30000,0.0906123115034549,59.9972999176531,30.0027000823469,0,1000,9999.74030699162,30.0002595784099,1.43236505188317,99.9979449834428,10.1969525764091
pn_K4,比例导引法 K=4,missile_pn_K4,missile,0.000906340932596344,0.784893735399999,30000,0.453206034455833,59.9865001121828,30.0134998878172,0,1000,9998.70120449903,30.0012981710408,1.43224726823325,99.9897221334587,10.1961140790646
pn_K4,比例导引法 K=4,missile_pn_K4,missile,0.0045319367011109,3.9242588039229,30000,2.26685746163427,59.9557969788981,30.0442030211019,0,1000,9993.50574140622,30.0064898530176,1.43165829756911,99.948604224311,10.1919212192044
pn_K4,比例导引法 K=4,missile_pn_K4,missile,0.0145319367011109,12.5797453970876,30000,7.2751050114487,59.9168175875468,30.0831824124532,0,1000,9979.17621270206,30.020798311886,1.43003336548828,99.8351625645839,10.1803533892393
pn_K4,比例导引法 K=4,missile_pn_K4,missile,0.0245319367011109,21.2302276865228,30000,12.2919912832036,59.8596487670414,30.1403512329586,0,1000,9964.84731651226,30.0350905181167,1.42840777021212,99.7216746050881,10.1687808380118
pn_K4,比例导引法 K=4,missile_pn_K4,missile,0.0345319367011109,29.8757027535952,30000,17.3175014649712,59.8025449835861,30.1974550164139,0,1000,9950.5190579839,30.0493664650832,1.4267815128213,99.6081404212692,10.157203573215
pn_K4,比例导引法 K=4,missile_pn_K4,missile,0.0445319367011109,38.5161677163394,30000,22.3516207493013,59.7455062636436,30.2544937363564,0,1000,9936.19144224374,30.0636261461696,1.42515459439011,99.4945600881271,10.145621602497
pn_K4,比例导引法 K=4,missile_pn_K4,missile,0.0545319367011109,47.1516197294105,30000,27.3943343332815,59.688532633634,30.311467366366,0,1000,9921.86447439815,30.0778695547711,1.42352701598646,99.3809336802145,10.1340349334599
pn_K4,比例导引法 K=4,missile_pn_K4,missile,0.0645319367011109,55.7820559840379,30000,32.4456274185962,59.6316241199356,30.3683758800644,0,1000,9907.53815953318,30.092096684293,1.42189877867182,99.2672612716372,10.1224435736604
pn_K4,比例导引法 K=4,missile_pn_K4,missile,0.0745319367011109,64.4074737079782,30000,37.5054852115862,59.5747807488833,30.4252192511167,0,1000,9893.21250271454,30.1063075281516,1.42026988350125,99.1535429360526,10.1108475306096
pn_K4,比例导引法 K=4,missile_pn_K4,missile,0.0845319367011109,73.0278701654681,30000,42.5738929233077,59.5180025467704,30.4819974532296,0,1000,9878.88750898761,30.1205020797737,1.4186403315234,99.0397787466689,10.0992468117725
pn_K4,比例导引法 K=4,missile_pn_K4,missile,0.0945319367011109,81.6432426571774,30000,47.6508357695908,59.4612895398485,30.5387104601515,0,1000,9864.56318337747,30.1346803325962,1.41701012378044,98.9259687762443,10.0876414245685
pn_K4,比例导引法 K=4,missile_pn_K4,missile,0.104531936701111,90.2535885201616,30000,52.736298971098,59.4046417543275,30.5953582456725,0,1000,9850.23953088888,30.1488422800668,1.4153792613081,98.8121130970864,10.0760313763708
pn_K4,比例导引法 K=4,missile_pn_K4,missile,0.114531936701111,98.8589051278151,30000,57.8302677533826,59.3480592163767,30.6519407836233,0,1000,9835.91655650632,30.1629879156434,1.41374774513565,98.6982117810512,10.0644166745067
pn_K4,比例导引法 K=4,missile_pn_K4,missile,0.124531936701111,107.459189889824,30000,62.9327273469465,59.2915419521219,30.7084580478781,0,1000,9821.59426519399,30.177117232794,1.41211557628586,98.5842648995418,10.0527973262574
pn_K4,比例导引法 K=4,missile_pn_K4,missile,0.134531936701111,116.054440252117,30000,68.0436629872981,59.2350899876495,30.7649100123505,0,1000,9807.27266189581,30.1912302249969,1.41048275577502,98.4702725235086,10.0411733388577
pn_K4,比例导引法 K=4,missile_pn_K4,missile,0.144531936701111,124.64465369682,30000,73.1630599150092,59.1787033490101,30.8212966509899,0,1000,9792.95175153542,30.2053268857406,1.4088492846129,98.3562347234475,10.0295447194962
pn_K4,比例导引法 K=4,missile_pn_K4,missile,0.154531936701111,133.22982774221,30000,78.2909033757729,59.1223820622061,30.8776179377939,0,1000,9778.63153901624,30.2194072085237,1.40721516380278,98.2421515693995,10.0179114753152
pn_K4,比例导引法 K=4,missile_pn_K4,missile,0.164531936701111,141.809959942661,30000,83.42717862046,59.0661261532025,30.9338738467975,0,1000,9764.31202922143,30.2334711868545,1.40558039434139,98.1280231309499,10.0062736134103
pn_K4,比例导引法 K=4,missile_pn_K4,missile,0.174531936701111,150.385047888604,30000,88.5718709051758,59.009935647929,30.990064352071,0,1000,9749.99322701392,30.2475188142516,1.40394497721891,98.0138494772269,9.99463114083065
pn_K4,比例导引法 K=4,missile_pn_K4,missile,0.184531936701111,158.955089206475,30000,93.7249654913167,58.9538105722711,31.0461894277289,0,1000,9735.67513723643,30.2615500842433,1.40230891341899,97.8996306769018,9.98298406457881
pn_K4,比例导引法 K=4,missile_pn_K4,missile,0.194531936701111,167.520081558668,30000,98.886447645626,58.8977509520749,31.1022490479251,0,1000,9721.35776471146,30.2755649903677,1.4006722039187,97.7853667981872,9.97133239161051
pn_K4,比例导引法 K=4,missile_pn_K4,missile,0.204531936701111,176.080022643486,30000,104.05630264025,58.8417568131493,31.1582431868507,0,1000,9707.04111424131,30.2895635261726,1.39903484968854,97.671057908836,9.95967612883462
pn_K4,比例导引法 K=4,missile_pn_K4,missile,0.214531936701111,184.634910195096,30000,109.234515752794,58.7858281812657,31.2141718187343,0,1000,9692.72519060811,30.3035456852156,1.39739685169241,97.556704076142,9.9480152831132
pn_K4,比例导引法 K=4,missile_pn_K4,missile,0.224531936701111,193.184741983477,30000,114.421072266376,58.7299650821553,31.2700349178447,0,1000,9678.40999857378,30.3175114610637,1.39575821088762,97.4423053669372,9.93634986126121
pn_K4,比例导引法 K=4,missile_pn_K4,missile,0.234531936701111,201.729515814377,30000,119.615957469685,58.6741675415119,31.3258324584881,0,1000,9664.09554288011,30.3314608472938,1.39411892822484,97.3278618475921,9.92467987004657
pn_K4,比例导引法 K=4,missile_pn_K4,missile,0.244531936701111,210.269229529259,30000,124.819156657032,58.6184355849898,31.3815644150102,0,1000,9649.78182824872,30.3453938374919,1.39247900464815,97.2133735840146,9.91300531618999
pn_K4,比例导引法 K=4,missile_pn_K4,missile,0.254531936701111,218.803881005257,30000,130.030655128408,58.5627692382072,31.4372307617928,0,1000,9635.46885938108,30.3593104252535,1.39083844109496,97.0988406416489,9.90132620636495
pn_K4,比例导引法 K=4,missile_pn_K4,missile,0.264531936701111,227.333468155126,30000,135.250438189536,58.5071685267423,31.4928314732577,0,1000,9621.15664095853,30.3732106041836,1.38919723849603,96.9842630854748,9.88964254719754
pn_K4,比例导引法 K=4,missile_pn_K4,missile,0.274531936701111,235.857988927193,30000,140.478491151927,58.4516334761426,31.5483665238574,0,1000,9606.84517764232,30.3870943678963,1.38755539777548,96.8696409800067,9.87795434526639
pn_K4,比例导引法 K=4,missile_pn_K4,missile,0.284531936701111,244.377441305312,30000,145.714799332931,58.3961641119142,31.6038358880858,0,1000,9592.53447407354,30.4009617100151,1.38591291985072,96.7549743892933,9.86626160710266
pn_K4,比例导引法 K=4,missile_pn_K4,missile,0.294531936701111,252.89182330881,30000,150.959348055794,58.3407604595227,31.6592395404773,0,1000,9578.22453487322,30.4148126241724,1.38426980563249,96.6402633769156,9.85456433918979
pn_K4,比例导引法 K=4,missile_pn_K4,missile,0.304531936701111,261.401132992443,30000,156.212122649709,58.285422544405,31.714577455595,0,1000,9563.91536464229,30.4286471040098,1.38262605602483,96.5255080059872,9.84286254796359
pn_K4,比例导引法 K=4,missile_pn_K4,missile,0.314531936701111,269.905368446346,30000,161.47310844987,58.2301503919594,31.7698496080406,0,1000,9549.60696796162,30.4424651431779,1.38098167192504,96.4107083391525,9.83115623981202
pn_K4,比例导引法 K=4,missile_pn_K4,missile,0.324531936701111,278.404527795984,30000,166.742290797524,58.1749440275475,31.8250559724525,0,1000,9535.29934939199,30.4562667353363,1.37933665422373,96.2958644385866,9.81944542107515
pn_K4,比例导引法 K=4,missile_pn_K4,missile,0.334531936701111,286.898609202104,30000,172.019655040025,58.1198034764933,31.8801965235067,0,1000,9520.99251347415,30.4700518741533,1.37769100380474,96.1809763659937,9.80773009804507
pn_K4,比例导引法 K=4,missile_pn_K4,missile,0.344531936701111,295.387610860683,30000,177.305186530884,58.064728764092,31.935271235908,0,1000,9506.68646472881,30.4838205533062,1.37604472154516,96.0660441826066,9.79601027696579
pn_K4,比例导引法 K=4,missile_pn_K4,missile,0.354531936701111,303.871531002886,30000,182.598870629823,58.0097199155992,31.9902800844008,0,1000,9492.38120765665,30.497572766481,1.37439780831533,95.9510679491858,9.78428596403316
pn_K4,比例导引法 K=4,missile_pn_K4,missile,0.364531936701111,312.350367895009,30000,187.900692702826,57.9547769562299,32.0452230437701,0,1000,9478.07674673834,30.5113085073722,1.3727502649788,95.8360477260185,9.77255716539476
pn_K4,比例导引法 K=4,missile_pn_K4,missile,0.374531936701111,320.824119838437,30000,193.210638122193,57.8998999111786,32.1001000888214,0,1000,9463.77308643454,30.5250277696831,1.37110209239232,95.7209835729178,9.76082388714982
pn_K4,比例导引法 K=4,missile_pn_K4,missile,0.384531936701111,329.29278516959,30000,198.528692266584,57.8450888055969,32.1549111944031,0,1000,9449.47023118592,30.5387305471254,1.36945329140585,95.6058755492215,9.74908613534913
pn_K4,比例导引法 K=4,missile_pn_K4,missile,0.394531936701111,337.756362259877,30000,203.85484052108,57.7903436646025,32.2096563353975,0,1000,9435.16818541318,30.5524168334193,1.36780386286252,95.4907237137919,9.73734391599496
pn_K4,比例导引法 K=4,missile_pn_K4,missile,0.404531936701111,346.214849515646,30000,209.189068277225,57.7356645132807,32.2643354867193,0,1000,9420.86695351705,30.5660866222936,1.36615380759864,95.3755281250138,9.72559723504089
pn_K4,比例导引法 K=4,missile_pn_K4,missile,0.414531936701111,354.668245378133,30000,214.531360933083,57.6810513766822,32.3189486233178,0,1000,9406.56653987831,30.579739907485,1.36450312644368,95.2602888407946,9.71384609839187
pn_K4,比例导引法 K=4,missile_pn_K4,missile,0.424531936701111,363.116548323416,30000,219.881703893283,57.6265042798321,32.3734957201679,0,1000,9392.2669488578,30.5933766827389,1.36285182022022,95.145005918563,9.70209051190396
pn_K4,比例导引法 K=4,missile_pn_K4,missile,0.434531936701111,371.559756862365,30000,225.240082569073,57.5720232477121,32.4279767522879,0,1000,9377.96818479642,30.6069969418086,1.36119988974402,95.0296794152678,9.69033048138434
pn_K4,比例导引法 K=4,missile_pn_K4,missile,0.444531936701111,379.997869540589,30000,230.606482378367,57.5176083052786,32.4823916947214,0,1000,9363.67025201516,30.6206006784556,1.35954733582392,94.9143093873776,9.67856601259121
pn_K4,比例导引法 K=4,missile_pn_K4,missile,0.454531936701111,388.430884938393,30000,235.980888745796,57.4632594774524,32.5367405225476,0,1000,9349.37315481513,30.6341878864496,1.35789415926186,94.7988958908791,9.66679711123361
pn_K4,比例导引法 K=4,missile_pn_K4,missile,0.464531936701111,396.858801670722,30000,241.363287102757,57.4089767891208,32.5910232108792,0,1000,9335.07689747751,30.647758559568,1.35624036085291,94.683438981277,9.65502378297145
pn_K4,比例导引法 K=4,missile_pn_K4,missile,0.474531936701111,405.281618387117,30000,246.753662887462,57.3547602651439,32.6452397348561,0,1000,9320.78148426364,30.6613126915964,1.35458594138517,94.5679387135923,9.64324603341531
pn_K4,比例导引法 K=4,missile_pn_K4,missile,0.484531936701111,413.699333771662,30000,252.152001544986,57.3006099303502,32.6993900696498,0,1000,9306.48691941498,30.6748502763281,1.35293090163983,94.4523951423621,9.63146386812643
pn_K4,比例导引法 K=4,missile_pn_K4,missile,0.494531936701111,422.111946542936,30000,257.558288527315,57.2465258095326,32.7534741904674,0,1000,9292.19320715313,30.6883713075642,1.35127524239112,94.336808321638,9.61967729261654
pn_K4,比例导引法 K=4,missile_pn_K4,missile,0.504531936701111,430.519455453964,30000,262.972509293398,57.1925079274573,32.8074920725427,0,1000,9277.90035167986,30.7018757791135,1.34961896440631,94.2211783049854,9.60788631234778
pn_K4,比例导引法 K=4,missile_pn_K4,missile,0.514531936701111,438.921859292165,30000,268.394649309188,57.1385563088598,32.8614436911402,0,1000,9263.60835717712,30.7153636847924,1.3479620684457,94.1055051454828,9.59609093273267
pn_K4,比例导引法 K=4,missile_pn_K4,missile,0.524531936701111,447.319156879305,30000,273.824694047697,57.0846709784431,32.9153290215569,0,1000,9249.31722780706,30.728835018425,1.34630455526259,93.9897888957207,9.58429115913392
pn_K4,比例导引法 K=4,missile_pn_K4,missile,0.534531936701111,455.711347071446,30000,279.262628989038,57.0308519608783,32.9691480391217,0,1000,9235.02696771199,30.7422897738428,1.34464642560327,93.8740296078001,9.57248699686438
pn_K4,比例导引法 K=4,missile_pn_K4,missile,0.544531936701111,464.098428758896,30000,284.708439620477,56.9770992808138,33.0229007191862,0,1000,9220.73758101448,30.7557279448846,1.34298768020702,93.7582273333326,9.56067845118696
pn_K4,比例导引法 K=4,missile_pn_K4,missile,0.554531936701111,472.48040086616,30000,290.162111436473,56.923412962862,33.076587037138,0,1000,9206.44907181731,30.7691495253969,1.34132831980608,93.6423821234386,9.54886552731448
pn_K4,比例导引法 K=4,missile_pn_K4,missile,0.564531936701111,480.857262351889,30000,295.623629938734,56.8697930316077,33.1302069683923,0,1000,9192.16144420349,30.7825545092331,1.33966834512567,93.5264940287465,9.53704823040962
pn_K4,比例导引法 K=4,missile_pn_K4,missile,0.574531936701111,489.229012208833,30000,301.092980636254,56.8162395116146,33.1837604883854,0,1000,9177.8747022363,30.7959428902542,1.33800775688391,93.410563099392,9.52522656558478
pn_K4,比例导引法 K=4,missile_pn_K4,missile,0.584531936701111,497.595649463787,30000,306.570149045365,56.7627524274039,33.2372475725961,0,1000,9163.5888499593,30.809314662328,1.33634655579187,93.2945893850169,9.51340053790203
pn_K4,比例导引法 K=4,missile_pn_K4,missile,0.594531936701111,505.957173177544,30000,312.055120689782,56.7093318034745,33.2906681965255,0,1000,9149.30389139631,30.8226698193295,1.33468474255354,93.1785729347683,9.50157015237296
pn_K4,比例导引法 K=4,missile_pn_K4,missile,0.604531936701111,514.313582444844,30000,317.547881100648,56.6559776643025,33.3440223356975,0,1000,9135.01983055145,30.8360083551409,1.33302231786578,93.0625137972972,9.48973541395861
pn_K4,比例导引法 K=4,missile_pn_K4,missile,0.614531936701111,522.664876394326,30000,323.048415816579,56.602690034332,33.3973099656681,0,1000,9120.73667140916,30.849330263651,1.33135928241836,92.9464120207581,9.47789632756936
pn_K4,比例导引法 K=4,missile_pn_K4,missile,0.624531936701111,531.011054188473,30000,328.556710383709,56.5494689379777,33.4505310620223,0,1000,9106.4544179342,30.8626355387557,1.32969563689392,92.8302676528075,9.46605289806483
pn_K4,比例导引法 K=4,missile_pn_K4,missile,0.634531936701111,539.352115023569,30000,334.072750355737,56.4963143996309,33.5036856003691,0,1000,9092.17307407167,30.8759241743575,1.32803138196793,92.7140807406033,9.45420513025379
pn_K4,比例导引法 K=4,missile_pn_K4,missile,0.644531936701111,547.688058129641,30000,339.596521293968,56.4432264436529,33.5567735563471,0,1000,9077.89264374701,30.8891961643659,1.32636651830872,92.5978513308034,9.442353028894
pn_K4,比例导引法 K=4,missile_pn_K4,missile,0.654531936701111,556.018882770417,30000,345.128008767362,56.3902050943819,33.6097949056181,0,1000,9063.61313086605,30.9024515026968,1.32470104657745,92.4815794695651,9.43049659869222
pn_K4,比例导引法 K=4,missile_pn_K4,missile,0.664531936701111,564.344588243269,30000,350.667198352573,56.3372503761258,33.6627496238742,0,1000,9049.33453931498,30.9156901832728,1.32303496742808,92.3652652025439,9.41863584430401
pn_K4,比例导引法 K=4,missile_pn_K4,missile,0.674531936701111,572.665173879167,30000,356.214075633998,56.2843623131662,33.7156376868339,0,1000,9035.05687296038,30.9289122000228,1.32136828150738,92.2489085748924,9.40677077033365
pn_K4,比例导引法 K=4,missile_pn_K4,missile,0.684531936701111,580.980639042627,30000,361.768626203817,56.2315409297678,33.7684590702322,0,1000,9020.78013564926,30.9421175468825,1.3197009894549,92.1325096312596,9.39490138133405
pn_K4,比例导引法 K=4,missile_pn_K4,missile,0.694531936701111,589.290983131662,30000,367.330835662036,56.1787862501582,33.8212137498418,0,1000,9006.50433120904,30.9553062177936,1.31803309190294,92.0160684157893,9.38302768180666
pn_K4,比例导引法 K=4,missile_pn_K4,missile,0.704531936701111,597.596205577731,30000,372.900689616536,56.1260982985446,33.8739017014554,0,1000,8992.22946344758,30.9684782067043,1.31636458947658,91.8995849721196,9.37114967620131
pn_K4,比例导引法 K=4,missile_pn_K4,missile,0.714531936701111,605.896305845687,30000,378.478173683106,56.0734770991159,33.9265229008841,0,1000,8977.95553615318,30.9816335075689,1.31469548279364,91.7830593433817,9.35926736891616
pn_K4,比例导引法 K=4,missile_pn_K4,missile,0.724531936701111,614.191283433732,30000,384.063273485495,56.0209226760202,33.9790773239798,0,1000,8963.68255309462,30.994772114348,1.31302577246463,91.666491572199,9.3473807642976
pn_K4,比例导引法 K=4,missile_pn_K4,missile,0.734531936701111,622.481137873358,30000,389.65597465545,55.9684350533959,34.0315649466041,0,1000,8949.41051802117,31.0078940210081,1.31135545909281,91.5498817006855,9.33548986664004
pn_K4,比例导引法 K=4,missile_pn_K4,missile,0.744531936701111,630.765868729308,30000,395.256262832758,55.9160142553566,34.0839857446435,0,1000,8935.13943466256,31.0209992215217,1.30968454327411,91.4332297704458,9.32359468018598
pn_K4,比例导引法 K=4,missile_pn_K4,missile,0.754531936701111,639.045475599514,30000,400.864123665288,55.8636603059849,34.1363396940151,0,1000,8920.86930672907,31.0340877098674,1.30801302559716,91.316535822573,9.31169520912575
pn_K4,比例导引法 K=4,missile_pn_K4,missile,0.764531936701111,647.319958115056,30000,406.479542809034,55.811373229345,34.1886267706551,0,1000,8906.60013791148,31.0471594800294,1.30634090664321,91.1997998976478,9.29979145759743
pn_K4,比例导引法 K=4,missile_pn_K4,missile,0.774531936701111,655.589315940105,30000,412.102505928155,55.7591530494727,34.2408469505273,0,1000,8892.33193188112,31.0602145259979,1.30466818698622,91.0830220357385,9.28788342968685
pn_K4,比例导引法 K=4,missile_pn_K4,missile,0.784531936701111,663.853548771877,30000,417.732998695018,55.7069997903894,34.2930002096106,0,1000,8878.06469228986,31.0732528417687,1.30299486719274,90.9662022763984,9.27597112942732
pn_K4,比例导引法 K=4,missile_pn_K4,missile,0.794531936701111,672.11265634058,30000,423.371006790235,55.6549134760861,34.3450865239139,0,1000,8863.79842277016,31.0862744213431,1.30132094782195,90.8493406586657,9.26405456079963
pn_K4,比例导引法 K=4,missile_pn_K4,missile,0.804531936701111,680.366638409365,30000,429.01651590271,55.6028941305359,34.3971058694641,0,1000,8849.53312693505,31.0992792587283,1.29964642942564,90.7324372210624,9.25213372773193
pn_K4,比例导引法 K=4,missile_pn_K4,missile,0.814531936701111,688.615494774273,30000,434.66951172967,55.5509417776923,34.4490582223077,0,1000,8835.26880837816,31.1122673479367,1.29797131254818,90.6154920015925,9.24020863409957
pn_K4,比例导引法 K=4,missile_pn_K4,missile,0.824531936701111,696.85922526419,30000,440.329979976716,55.4990564414793,34.5009435585207,0,1000,8821.00547067374,31.1252386829862,1.29629559772651,90.4985050377421,9.22827928372503
pn_K4,比例导引法 K=4,missile_pn_K4,missile,0.834531936701111,705.097829740789,30000,445.997906357854,55.4472381458036,34.5527618541964,0,1000,8806.74311737666,31.1381932578999,1.29461928549013,90.381476366477,9.2163456803778
pn_K4,比例导引法 K=4,missile_pn_K4,missile,0.844531936701111,713.331308098485,30000,451.67327659554,55.3954869145565,34.6045130854435,0,1000,8792.48175202245,31.1511310667063,1.29294237636108,90.2644060242424,9.20440782777425
pn_K4,比例导引法 K=4,missile_pn_K4,missile,0.854531936701111,721.559660264385,30000,457.356076420716,55.3438027715985,34.6561972284015,0,1000,8778.22137812729,31.1640521034392,1.29126487085393,90.1472940469617,9.19246572957755
pn_K4,比例导引法 K=4,missile_pn_K4,missile,0.864531936701112,729.782886198231,30000,463.046291572853,55.2921857407763,34.7078142592237,0,1000,8763.96199918803,31.1769563621372,1.28958676947575,90.0301404700355,9.18051938939755
pn_K4,比例导引法 K=4,missile_pn_K4,missile,0.874531936701112,738.000985892358,30000,468.743907799984,55.2406358459189,34.7593641540811,0,1000,8749.70361868222,31.1898438368441,1.2879080727261,89.9129453283398,9.16856881079062
pn_K4,比例导引法 K=4,missile_pn_K4,missile,0.884531936701112,746.213959371635,30000,474.448910858748,55.1891531108235,34.8108468891765,0,1000,8735.4462400681,31.2027145216088,1.28622878109702,89.7957086562258,9.15661399725959
pn_K4,比例导引法 K=4,missile_pn_K4,missile,0.894531936701112,754.421806693423,30000,480.161286514428,55.1377375592804,34.8622624407196,0,1000,8721.18986678466,31.2155684104847,1.28454889507303,89.6784304875179,9.14465495225362
pn_K4,比例导引法 K=4,missile_pn_K4,missile,0.904531936701112,762.624527947517,30000,485.881020540985,55.0863892150548,34.9136107849452,0,1000,8706.93450225159,31.2284054975305,1.28286841513106,89.5611108555135,9.13269167916806
pn_K4,比例导引法 K=4,missile_pn_K4,missile,0.914531936701112,770.822123256099,30000,491.6080987211,55.0351081018943,34.9648918981057,0,1000,8692.68014986937,31.2412257768092,1.28118734174048,89.4437497929809,9.12072418134438
pn_K4,比例导引法 K=4,missile_pn_K4,missile,0.924531936701112,779.014592773687,30000,497.342506846209,54.9838942435306,35.0161057564694,0,1000,8678.42681301922,31.2540292423887,1.2795056753631,89.3263473321588,9.10875246207001
pn_K4,比例导引法 K=4,missile_pn_K4,missile,0.934531936701112,787.201936687085,30000,503.084230716542,54.9327476636683,35.0672523363318,0,1000,8664.17449506316,31.2668158883413,1.27782341645307,89.2089035047553,9.09677652457825
pn_K4,比例导引法 K=4,missile_pn_K4,missile,0.944531936701112,795.38415521533,30000,508.833256141161,54.8816683859994,35.1183316140006,0,1000,8649.92319934399,31.2795857087441,1.27614056545697,89.0914183419456,9.08479637204811
pn_K4,比例导引法 K=4,missile_pn_K4,missile,0.954531936701112,803.561248609644,30000,514.589568937994,54.8306564342054,35.1693435657946,0,1000,8635.67292918535,31.2923386976783,1.27445712281372,88.9738918743723,9.07281200760426
pn_K4,比例导引法 K=4,missile_pn_K4,missile,0.964531936701112,811.733217153383,30000,520.353154933873,54.7797118319435,35.2202881680565,0,1000,8621.4236878917,31.3050748492297,1.27277308895456,88.8563241321433,9.06082343431685
pn_K4,比例导引法 K=4,missile_pn_K4,missile,0.974531936701112,819.900061161985,30000,526.123999964571,54.7288346028463,35.2711653971537,0,1000,8607.17547874833,31.3177941574881,1.27108846430311,88.738715144831,9.04883065520142
pn_K4,比例导引法 K=4,missile_pn_K4,missile,0.984531936701112,828.061780982919,30000,531.902089874839,54.678024770541,35.321975229459,0,1000,8592.92830502143,31.3304966165478,1.26940324927527,88.6210649414709,9.03683367321878
pn_K4,比例导引法 K=4,missile_pn_K4,missile,0.994531936701112,836.218376995637,30000,537.687410518438,54.6272823586366,35.3727176413634,0,1000,8578.68216995803,31.3431822205071,1.26771744427922,88.5033735505605,9.02483249127485
pn_K4,比例导引法 K=4,missile_pn_K4,missile,1.00453193670111,844.369849611521,30000,543.47994775818,54.5766073907207,35.4233926092793,0,1000,8564.43707678607,31.3558509634682,1.26603104971544,88.385641000058,9.01282711222059
pn_K4,比例导引法 K=4,missile_pn_K4,missile,1.01453193670111,852.516199273834,30000,549.279687465959,54.5259998903687,35.4740001096313,0,1000,8550.19302871442,31.3685028395375,1.26434406597667,88.2678673173814,9.00081753885184
pn_K4,比例导引法 K=4,missile_pn_K4,missile,1.02453193670111,860.657426457667,30000,555.086615522789,54.4754598811423,35.5245401188577,0,1000,8535.95002893284,31.3811378428251,1.26265649344788,88.1500525294068,8.98880377390922
pn_K4,比例导引法 K=4,missile_pn_K4,missile,1.03453193670111,868.793531669892,30000,560.900717818836,54.4249873865878,35.5750126134122,0,1000,8521.70808061206,31.393755967445,1.26096833250627,88.0321966624681,8.97678582007802
pn_K4,比例导引法 K=4,missile_pn_K4,missile,1.04453193670111,876.924515449108,30000,566.721980253456,54.3745824302236,35.6254175697764,0,1000,8507.46718690378,31.4063572075151,1.25927958352124,87.9142997423543,8.964763679988
pn_K4,比例导引法 K=4,missile_pn_K4,missile,1.05453193670111,885.05037836559,30000,572.550388735229,54.3242450355726,35.6757549644274,0,1000,8493.22735094063,31.4189415571565,1.25759024685439,87.7963617943096,8.95273735621335
pn_K4,比例导引法 K=4,missile_pn_K4,missile,1.06453193670111,893.171121021244,30000,578.385929181989,54.2739752261392,35.7260247738608,0,1000,8478.98857583627,31.4315090104944,1.25590032285949,87.6783828430316,8.94070685127251
pn_K4,比例导引法 K=4,missile_pn_K4,missile,1.07453193670111,901.286744049549,30000,584.228587520863,54.2237730254002,35.7762269745998,0,1000,8464.75086468537,31.4440595616571,1.25420981188245,87.5603629126701,8.9286721676281
pn_K4,比例导引法 K=4,missile_pn_K4,missile,1.08453193670111,909.397248115511,30000,590.078349688303,54.1736384568325,35.8263615431675,0,1000,8450.5142205636,31.4565932047766,1.25251871426134,87.4423020268256,8.91663330768668
pn_K4,比例导引法 K=4,missile_pn_K4,missile,1.09453193670111,917.502633915611,30000,595.935201630118,54.1235715438932,35.8764284561068,0,1000,8436.27864652769,31.469109933988,1.25082703032631,87.3242002085486,8.90459027379876
pn_K4,比例导引法 K=4,missile_pn_K4,missile,1.10453193670111,925.602902177754,30000,601.79912930151,54.0735723100314,35.9264276899686,0,1000,8422.04414561542,31.4816097434298,1.24913476039966,87.2060574803379,8.89254306825857
pn_K4,比例导引法 K=4,missile_pn_K4,missile,1.11453193670111,933.69805366122,30000,607.670118667103,54.0236407786805,35.9763592213195,0,1000,8407.81072084565,31.4940926272437,1.24744190479572,87.0878738641395,8.88049169330399
pn_K4,比例导引法 K=4,missile_pn_K4,missile,1.12453193670111,941.788089156612,30000,613.548155700981,53.9737769732573,36.0262230267428,0,1000,8393.57837521832,31.5065585795745,1.24574846382091,86.9696493813453,8.86843615111637
pn_K4,比例导引法 K=4,missile_pn_K4,missile,1.13453193670111,949.873009485804,30000,619.433226386715,53.923980917176,36.076019082824,0,1000,8379.3471117145,31.5190075945699,1.24405443777369,86.8513840527914,8.85637644382041
pn_K4,比例导引法 K=4,missile_pn_K4,missile,1.14453193670111,957.952815501894,30000,625.325316717398,53.8742526338297,36.1257473661703,0,1000,8365.11693329637,31.5314396663807,1.24235982694455,86.7330778987576,8.84431257348408
pn_K4,比例导引法 K=4,missile_pn_K4,missile,1.15453193670111,966.027508089152,30000,631.22441269568,53.8245921466068,36.1754078533932,0,1000,8350.88784290723,31.5438547891604,1.24066463161598,86.6147309389656,8.83224454211842
pn_K4,比例导引法 K=4,missile_pn_K4,missile,1.16453193670111,974.097088162968,30000,637.130500333792,53.7749994788825,36.2250005211175,0,1000,8336.65984347158,31.5562529570656,1.23896885206245,86.4963431925773,8.82017235167741
pn_K4,比例导引法 K=4,missile_pn_K4,missile,1.17453193670111,982.161556669802,30000,643.043565653585,53.7254746540157,36.2745253459843,0,1000,8322.43293789507,31.5686341642552,1.23727248855042,86.3779146781944,8.8080960040579
pn_K4,比例导引法 K=4,missile_pn_K4,missile,1.18453193670111,990.220914587134,30000,648.963594686557,53.6760176953621,36.3239823046379,0,1000,8308.20712906455,31.5809984048909,1.23557554133827,86.2594454138562,8.79601550109937
pn_K4,比例导引法 K=4,missile_pn_K4,missile,1.19453193670111,998.275162923415,30000,654.890573473887,53.6266286262605,36.3733713737395,0,1000,8293.98241984806,31.5933456731371,1.23387801067633,86.1409354170389,8.78393084458393
pn_K4,比例导引法 K=4,missile_pn_K4,missile,1.20453193670111,1006.32430271801,30000,660.824488066462,53.5773074700665,36.4226925299335,0,1000,8279.7588130949,31.6056759631604,1.23217989680685,86.0223847046539,8.77184203623601
pn_K4,比例导引法 K=4,missile_pn_K4,missile,1.21453193670111,1014.36833504117,30000,666.765324524911,53.5280542500757,36.4719457499243,0,1000,8265.53631163557,31.61798926913,1.23048119996395,85.9037932930465,8.75974907772241
pn_K4,比例导引法 K=4,missile_pn_K4,missile,1.22453193670111,1022.40726099393,30000,672.713068919633,53.4788689895917,36.5211310104083,0,1000,8251.31491828188,31.6302855852172,1.22878192037363,85.7851611979942,8.74765197065198
pn_K4,比例导引法 K=4,missile_pn_K4,missile,1.23453193670111,1030.44108170812,30000,678.667707330829,53.4297517119736,36.5702482880264,0,1000,8237.09463582687,31.6425649055957,1.22708205825374,85.6664884347064,8.73555071657563
pn_K4,比例导引法 K=4,missile_pn_K4,missile,1.24453193670111,1038.46979834629,30000,684.629225848529,53.3807024404746,36.6192975595254,0,1000,8222.8754670449,31.6548272244412,1.22538161381397,85.5477750178214,8.72344531698607
pn_K4,比例导引法 K=4,missile_pn_K4,missile,1.25453193670111,1046.49341210163,30000,690.597610572627,53.3317211983772,36.6682788016228,0,1000,8208.65741469164,31.6670725359316,1.22368058725581,85.4290209614066,8.71133577331775
pn_K4,比例导引法 K=4,missile_pn_K4,missile,1.26453193670111,1054.51192419797,30000,696.572847612904,53.2828080090002,36.7171919909998,0,1000,8194.44048150408,31.6793008342466,1.22197897877256,85.3102262789559,8.69922208694671
pn_K4,比例导引法 K=4,missile_pn_K4,missile,1.27453193670111,1062.5253358897,30000,702.554923089059,53.2339628956146,36.7660371043854,0,1000,8180.22467020056,31.6915121135679,1.22027678854926,85.1913909833891,8.68710425919036
pn_K4,比例导引法 K=4,missile_pn_K4,missile,1.28453193670111,1070.53364846173,30000,708.54382313074,53.1851858814447,36.8148141185553,0,1000,8166.00998348078,31.703706368079,1.21857401676275,85.07251508705,8.67498229130743
pn_K4,比例导引法 K=4,missile_pn_K4,missile,1.29453193670111,1078.53686322941,30000,714.539533877573,53.1364769897546,36.8635230102454,0,1000,8151.79642402583,31.7158835919652,1.21687066358155,84.953598601705,8.66285618449777
pn_K4,比例导引法 K=4,missile_pn_K4,missile,1.30453193670111,1086.53498153853,30000,720.542041479185,53.087836243834,36.912163756166,0,1000,8137.58399449819,31.7280437794132,1.21516672916592,84.8346415385419,8.6507259399022
pn_K4,比例导引法 K=4,missile_pn_K4,missile,1.31453193670111,1094.52800476524,30000,726.551332095239,53.0392636669284,36.9607363330716,0,1000,8123.37269754175,31.7401869246116,1.2134622136678,84.7156439081682,8.6385915586024
pn_K4,比例导引法 K=4,missile_pn_K4,missile,1.32453193670111,1102.51593431601,30000,732.567391895457,52.9907592822503,37.0092407177497,0,1000,8109.16253578184,31.7523130217501,1.21175711723081,84.5966057206099,8.62645304162073
pn_K4,比例导引法 K=4,missile_pn_K4,missile,1.33453193670111,1110.49877162755,30000,738.59020705965,52.9423231130387,37.0576768869613,0,1000,8094.95351182524,31.7644220650202,1.21005143999019,84.4775269853098,8.61431038992009
pn_K4,比例导引法 K=4,missile_pn_K4,missile,1.34453193670111,1118.47651816681,30000,744.619763777744,52.8939551825285,37.1060448174715,0,1000,8080.7456282602,31.7765140486143,1.20834518207285,84.3584077111262,8.60216360440377
pn_K4,比例导引法 K=4,missile_pn_K4,missile,1.35453193670111,1126.44917543088,30000,750.656048249809,52.8456555139486,37.1543444860514,0,1000,8066.53888765646,31.7885889667264,1.20663834359725,84.2392479063309,8.59001268591526
pn_K4,比例导引法 K=4,missile_pn_K4,missile,1.36453193670111,1134.41674494699,30000,756.699046686085,52.7974241305306,37.2025758694694,0,1000,8052.33329256524,31.8006468135514,1.20493092467349,84.1200475786087,8.5778576352382
pn_K4,比例导引法 K=4,missile_pn_K4,missile,1.37453193670111,1142.37922827241,30000,762.748745307006,52.7492610554593,37.2507389445407,0,1000,8038.12884551931,31.8126875832854,1.20322292540319,84.0008067350548,8.5656984530961
pn_K4,比例导引法 K=4,missile_pn_K4,missile,1.38453193670111,1150.33662699443,30000,768.805130343233,52.7011663119527,37.2988336880473,0,1000,8023.92554903296,31.8247112701253,1.20151434587952,83.8815253821741,8.55353514015225
pn_K4,比例导引法 K=4,missile_pn_K4,missile,1.39453193670111,1158.2889427303,30000,774.868188035674,52.6531399232503,37.3468600767497,0,1000,8009.72340560205,31.8367178682691,1.19980518618718,83.7622035258793,8.54136769700961
pn_K4,比例导引法 K=4,missile_pn_K4,missile,1.40453193670111,1166.2361771272,30000,780.937904635512,52.6051819125453,37.3948180874547,0,1000,7995.52241770399,31.8487073719154,1.19809544640235,83.6428411714889,8.5291961242105
pn_K4,比例导引法 K=4,missile_pn_K4,missile,1.41453193670111,1174.17833186215,30000,787.014266404232,52.5572923030147,37.4427076969853,0,1000,7981.32258779781,31.8606797752637,1.1963851265927,83.5234383237272,8.51702042223667
pn_K4,比例导引法 K=4,missile_pn_K4,missile,1.42453193670111,1182.11540864199,30000,793.097259613645,52.5094711178653,37.4905288821347,0,1000,7967.12391832414,31.8726350725141,1.19467422681734,83.4039949867205,8.50484059150888
pn_K4,比例导引法 K=4,missile_pn_K4,missile,1.43453193670111,1190.04740920332,30000,799.186870545915,52.4617183803215,37.5382816196785,0,1000,7952.92641170523,31.884573257867,1.19296274712681,83.2845111639976,8.49265663238697
pn_K4,比例导引法 K=4,missile_pn_K4,missile,1.44453193670111,1197.97433531247,30000,805.283085493581,52.4140341135724,37.5859658864276,0,1000,7938.73007034498,31.8964943255237,1.19125068756306,83.1649868584869,8.48046854516955
pn_K4,比例导引法 K=4,missile_pn_K4,missile,1.45453193670111,1205.89618876541,30000,811.385890759585,52.3664183407855,37.6335816592145,0,1000,7924.53489662896,31.9083982696855,1.18953804815942,83.0454220725152,8.46827633009389
pn_K4,比例导引法 K=4,missile_pn_K4,missile,1.46453193670111,1213.81297138773,30000,817.495272657294,52.3188710851765,37.6811289148235,0,1000,7910.34089292441,31.9202850845542,1.18782482894058,82.9258168078063,8.45607998733576
pn_K4,比例导引法 K=4,missile_pn_K4,missile,1.47453193670111,1221.72468503459,30000,823.611217510528,52.2713923699285,37.7286076300715,0,1000,7896.14806158028,31.9321547643316,1.18611102992257,82.8061710654792,8.44387951700929
pn_K4,比例导引法 K=4,missile_pn_K4,missile,1.48453193670111,1229.63133159065,30000,829.733711653579,52.2239822182403,37.7760177817597,0,1000,7881.95640492724,31.94400730322,1.18439665111272,82.6864848460462,8.43167491916671
pn_K4,比例导引法 K=4,missile_pn_K4,missile,1.49453193670111,1237.53291297005,30000,835.86274143124,52.1766406533125,37.8233593466875,0,1000,7867.76592527767,31.9558426954213,1.18268169250968,82.566758149412,8.41946619379829
pn_K4,比例导引法 K=4,missile_pn_K4,missile,1.50453193670111,1245.42943111633,30000,841.998293198823,52.1293676983058,37.8706323016942,0,1000,7853.57662492575,31.9676609351375,1.18096615410332,82.446990974871,8.40725334083209
pn_K4,比例导引法 K=4,missile_pn_K4,missile,1.51453193670111,1253.32088800239,30000,848.140353322189,52.0821633764313,37.9178366235687,0,1000,7839.3885061474,31.9794620165706,1.17925003587481,82.3271833211067,8.39503636013386
pn_K4,比例导引法 K=4,missile_pn_K4,missile,1.52453193670111,1261.20728563046,30000,854.288908177766,52.0350277109066,37.9649722890934,0,1000,7825.20157120032,31.9912459339222,1.17753333779649,82.2073351861891,8.38281525150679
pn_K4,比例导引法 K=4,missile_pn_K4,missile,1.53453193670111,1269.08862603203,30000,860.443944152574,51.987960724875,38.012039275125,0,1000,7811.01582232405,32.0030126813936,1.17581605983191,82.0874465675738,8.37059001469144
pn_K4,比例导引法 K=4,missile_pn_K4,missile,1.54453193670111,1276.96491126778,30000,866.605447644247,51.9409624415679,38.0590375584321,0,1000,7796.83126173995,32.0147622531857,1.1740982019358,81.9675174621,8.35836064936548
pn_K4,比例导引法 K=4,missile_pn_K4,missile,1.55453193670111,1284.8361434276,30000,872.773405061057,51.8940328841845,38.1059671158155,0,1000,7782.6478916512,32.026494643499,1.17237976405403,81.8475478659882,8.34612715514352
pn_K4,比例导引法 K=4,missile_pn_K4,missile,1.56453193670111,1292.70232463045,30000,878.947802821933,51.8471720759255,38.1528279240745,0,1000,7768.46571424287,32.0382098465333,1.17066074612358,81.7275377748395,8.33388953157699
pn_K4,比例导引法 K=4,missile_pn_K4,missile,1.57453193670111,1300.5634570244,30000,885.128627356486,51.8003800399833,38.1996199600167,0,1000,7754.2847316819,32.0499078564877,1.16894114807253,81.6074871836331,8.32164777815392
pn_K4,比例导引法 K=4,missile_pn_K4,missile,1.58453193670111,1308.41954278649,30000,891.315865105032,51.7536567995453,38.2463432004547,0,1000,7740.10494611715,32.0615886675607,1.16722096982005,81.4873960867248,8.30940189429875
pn_K4,比例导引法 K=4,missile_pn_K4,missile,1.59453193670111,1316.27058412276,30000,897.509502518607,51.7070023778469,38.2929976221531,0,1000,7725.92635967937,32.0732522739498,1.16550021127632,81.3672644778454,8.2971518793722
pn_K4,比例导引法 K=4,missile_pn_K4,missile,1.60453193670111,1324.11658326815,30000,903.709526058997,51.6604167981086,38.3395832018914,0,1000,7711.74897448126,32.0848986698516,1.16377887234257,81.2470923500986,8.28489773267105
pn_K4,比例导引法 K=4,missile_pn_K4,missile,1.61453193670111,1331.95754248649,30000,909.915922198751,51.6139000835542,38.3860999164458,0,1000,7697.57279261748,32.0965278494617,1.16205695291101,81.1268796959594,8.27263945342797
pn_K4,比例导引法 K=4,missile_pn_K4,missile,1.62453193670111,1339.79346407041,30000,916.128677421209,51.567452257373,38.432547742627,0,1000,7683.39781616466,32.1081398069745,1.16033445286482,81.0066265072723,8.26037704081132
pn_K4,比例导引法 K=4,missile_pn_K4,missile,1.63453193670111,1347.62435034131,30000,922.347778220515,51.5210733428088,38.4789266571912,0,1000,7669.22404718144,32.1197345365832,1.15861137207813,80.8863327752495,8.24811049392499
pn_K4,比例导引法 K=4,missile_pn_K4,missile,1.64453193670111,1355.45020364932,30000,928.573211101646,51.4747633630869,38.5252366369131,0,1000,7655.05148770843,32.1313120324798,1.15688771041596,80.765998490469,8.23583981180821
pn_K4,比例导引法 K=4,missile_pn_K4,missile,1.65453193670111,1363.27102637323,30000,934.804962580425,51.428522341466,38.571477658534,0,1000,7640.88013976831,32.1428722888548,1.15516346773426,80.6456236428724,8.22356499343531
pn_K4,比例导引法 K=4,missile_pn_K4,missile,1.66453193670111,1371.08682092047,30000,941.043019183542,51.3823503011749,38.6176496988251,0,1000,7626.7100053658,32.1544152998972,1.15343864387981,80.525208221764,8.21128603771563
pn_K4,比例导引法 K=4,missile_pn_K4,missile,1.67453193670111,1378.89758972702,30000,947.287367448579,51.3362472654659,38.6637527345341,0,1000,7612.54108648768,32.1659410597946,1.15171323869023,80.4047522158078,8.19900294349322
pn_K4,比例导引法 K=4,missile_pn_K4,missile,1.68453193670111,1386.70333525741,30000,953.537993924023,51.2902132575838,38.7097867424162,0,1000,7598.37338510282,32.1774495627327,1.14998725199398,80.2842556130265,8.18671570954674
pn_K4,比例导引法 K=4,missile_pn_K4,missile,1.69453193670111,1394.50406000461,30000,959.794885169289,51.2442483008094,38.7557516991906,0,1000,7584.20690316219,32.1889408028955,1.14826068361025,80.1637184007992,8.1744243345892
pn_K4,比例导引法 K=4,missile_pn_K4,missile,1.70453193670111,1402.29976649006,30000,966.058027754736,51.1983524184221,38.8016475815779,0,1000,7570.04164259889,32.2004147744653,1.14653353334903,80.0431405658594,8.16212881726781
pn_K4,比例导引法 K=4,missile_pn_K4,missile,1.71453193670111,1410.09045726354,30000,972.327408261691,51.1525256336563,38.8474743663437,0,1000,7555.87760532817,32.2118714716222,1.14480580101102,79.9225220942931,8.14982915616373
pn_K4,比例导引法 K=4,missile_pn_K4,missile,1.72453193670111,1417.87613490317,30000,978.60301328246,51.1067679698602,38.8932320301398,0,1000,7541.71479324742,32.2233108885446,1.1430774863876,79.801862971537,8.13752534979193
pn_K4,比例导引法 K=4,missile_pn_K4,missile,1.73453193670111,1425.65680201537,30000,984.884829420353,51.0610794503063,38.9389205496937,0,1000,7527.55320823624,32.2347330194083,1.14134858926085,79.6811631823769,8.12521739660097
pn_K4,比例导引法 K=4,missile_pn_K4,missile,1.74453193670111,1433.43246123476,30000,991.172843289699,51.0154600982613,38.9845399017387,0,1000,7513.3928521564,32.2461378583873,1.13961910940348,79.560422710945,8.1129052949728
pn_K4,比例导引法 K=4,missile_pn_K4,missile,1.75453193670111,1441.20311522415,30000,997.467041515863,50.9699099370749,39.0300900629251,0,1000,7499.2337268519,32.2575253996532,1.13788904657881,79.4396415407177,8.10058904322248
pn_K4,比例导引法 K=4,missile_pn_K4,missile,1.76453193670111,1448.9687666745,30000,1003.76741073527,50.9244289900816,39.0755710099184,0,1000,7485.07583414899,32.2688956373749,1.13615840054076,79.3188196545151,8.08826863959814
pn_K4,比例导引法 K=4,missile_pn_K4,missile,1.77453193670111,1456.72941830483,30000,1010.0739375954,50.8790172805861,39.1209827194139,0,1000,7470.91917585616,32.2802485657191,1.13442717103378,79.1979570344971,8.07594408228061
pn_K4,比例导引法 K=4,missile_pn_K4,missile,1.78453193670111,1464.48507286223,30000,1016.38660875486,50.833674831978,39.166325168022,0,1000,7456.76375376417,32.2915841788498,1.13269535779287,79.0770536621629,8.06361536938332
pn_K4,比例导引法 K=4,missile_pn_K4,missile,1.79453193670111,1472.23573312175,30000,1022.70541088331,50.7884016675584,39.2115983324416,0,1000,7442.6095696461,32.3029024709282,1.13096296054351,78.9561095183479,8.05128249895202
pn_K4,比例导引法 K=4,missile_pn_K4,missile,1.80453193670111,1479.98140188637,30000,1029.03033066158,50.7431978106847,39.2568021893153,0,1000,7428.45662525732,32.314203436113,1.12922997900167,78.8351245832221,8.03894546896464
pn_K4,比例导引法 K=4,missile_pn_K4,missile,1.81453193670111,1487.722081987,30000,1035.36135478162,50.6980632848209,39.3019367151791,0,1000,7414.30492233553,32.3254870685597,1.12749641287373,78.7140988362881,8.02660427733101
pn_K4,比例导引法 K=4,missile_pn_K4,missile,1.82453193670111,1495.45777628237,30000,1041.69846994653,50.6529981132818,39.3470018867182,0,1000,7400.15446260081,32.3367533624208,1.12576226185651,78.5930322563787,8.01425892189266
pn_K4,比例导引法 K=4,missile_pn_K4,missile,1.83453193670111,1503.18848765899,30000,1048.04166287059,50.60800231948,39.39199768052,0,1000,7386.00524775557,32.3480023118461,1.12402752563718,78.4719248216547,8.00190940042264
pn_K4,比例导引法 K=4,missile_pn_K4,missile,1.84453193670111,1510.91421903115,30000,1054.39092027927,50.5630759268424,39.4369240731575,0,1000,7371.85727948465,32.3592339109818,1.12229220389326,78.3507765096036,7.9895557106253
pn_K4,比例导引法 K=4,missile_pn_K4,missile,1.85453193670111,1518.63497334081,30000,1060.74622890924,50.5182189587698,39.4817810412302,0,1000,7357.71055945526,32.3704481539711,1.1205562962926,78.229587297036,7.97719785013598
pn_K4,比例导引法 K=4,missile_pn_K4,missile,1.86453193670111,1526.35075355758,30000,1067.10757550838,50.4734314387585,39.5265685612415,0,1000,7343.56508931708,32.3816450349537,1.11881980249333,78.1083571600851,7.96483581652094
pn_K4,比例导引法 K=4,missile_pn_K4,missile,1.87453193670111,1534.0615626787,30000,1073.47494683581,50.4287133902293,39.5712866097707,0,1000,7329.42087070219,32.3928245480658,1.11708272214382,77.9870860742028,7.95246960727698
pn_K4,比例导引法 K=4,missile_pn_K4,missile,1.88453193670111,1541.76740372894,30000,1079.84832966191,50.3840648366576,39.6159351633424,0,1000,7315.27790522518,32.4039866874402,1.11534505488269,77.865774014159,7.94009921983134
pn_K4,比例导引法 K=4,missile_pn_K4,missile,1.89453193670111,1549.46827976059,30000,1086.2277107683,50.3394858015036,39.6605141984964,0,1000,7301.13619448311,32.4151314472059,1.11360680033871,77.7444209540385,7.92772465154141
pn_K4,比例导引法 K=4,missile_pn_K4,missile,1.90453193670111,1557.16419385337,30000,1092.6130769479,50.294976308283,39.705023691717,0,1000,7286.99574005552,32.4262588214881,1.11186795813085,77.6230268672389,7.91534589969449
pn_K4,比例导引法 K=4,missile_pn_K4,missile,1.91453193670111,1564.85514911445,30000,1099.0044150049,50.2505363805377,39.7494636194623,0,1000,7272.85654350451,32.4373688044083,1.11012852786817,77.5015917264686,7.90296296150761
pn_K4,比例导引法 K=4,missile_pn_K4,missile,1.92453193670111,1572.54114867833,30000,1105.40171175481,50.2061660417333,39.7938339582667,0,1000,7258.71860637471,32.4484613900839,1.10838850914984,77.3801155037443,7.89057583412728
pn_K4,比例导引法 K=4,missile_pn_K4,missile,1.93453193670111,1580.22219570684,30000,1111.80495402446,50.1618653154911,39.8381346845089,0,1000,7244.58193019332,32.4595365726284,1.1066479015651,77.2585981703888,7.87818451462923
pn_K4,比例导引法 K=4,missile_pn_K4,missile,1.94453193670111,1587.89829338909,30000,1118.214128652,50.1176342253587,39.8823657746413,0,1000,7230.44651647009,32.470594346151,1.1049067046932,77.1370396970284,7.86578900001819
pn_K4,比例导引法 K=4,missile_pn_K4,missile,1.95453193670111,1595.56944494139,30000,1124.62922248694,50.0734727948437,39.9265272051563,0,1000,7216.31236669742,32.4816347047566,1.10316491810339,77.0154400535909,7.85338928722764
pn_K4,比例导引法 K=4,missile_pn_K4,missile,1.96453193670111,1603.23565360722,30000,1131.05022239015,50.0293810476123,39.9706189523877,0,1000,7202.1794823503,32.4926576425458,1.10142254135487,76.8937992093036,7.84098537311962
pn_K4,比例导引法 K=4,missile_pn_K4,missile,1.97453193670111,1610.8969226572,30000,1137.47711523385,49.9853590073068,40.0146409926932,0,1000,7188.04786488636,32.503663153615,1.09967957399678,76.7721171326895,7.82857725448441
pn_K4,比例导引法 K=4,missile_pn_K4,missile,1.98453193670111,1618.55325538902,30000,1143.90988790166,49.941406697484,40.058593302516,0,1000,7173.9175157459,32.5146512320555,1.09793601556814,76.6503937915671,7.81616492804037
pn_K4,比例导引法 K=4,missile_pn_K4,missile,1.99453193670111,1626.2046551274,30000,1150.34852728861,49.8975241418223,40.1024758581777,0,1000,7159.78843635191,32.5256218719545,1.09619186559784,76.5286291530457,7.80374839043361
pn_K4,比例导引法 K=4,missile_pn_K4,missile,2.00453193670111,1633.85112522405,30000,1156.79302030112,49.8537113640154,40.1462886359846,0,1000,7145.66062811006,32.5365750673941,1.09444712360458,76.4068231835249,7.79132763823782
pn_K4,比例导引法 K=4,missile_pn_K4,missile,2.01453193670111,1641.49266905761,30000,1163.24335385704,49.8099683877345,40.1900316122655,0,1000,7131.53409240873,32.5475108124516,1.09270178909684,76.2849758486902,7.77890266795391
pn_K4,比例导引法 K=4,missile_pn_K4,missile,2.02453193670111,1649.1292900336,30000,1169.69951488564,49.7662952366804,40.2337047633196,0,1000,7117.40883061907,32.5584291011993,1.09095586157288,76.1630871135128,7.76647347600994
pn_K4,比例导引法 K=4,missile_pn_K4,missile,2.03453193670111,1656.7609915844,30000,1176.16149032766,49.7226919346292,40.2773080653708,0,1000,7103.28484409497,32.5693299277046,1.08920934052065,76.0411569422454,7.75404005876068
pn_K4,比例导引法 K=4,missile_pn_K4,missile,2.04453193670111,1664.38777716918,30000,1182.62926713526,49.679158505313,40.320841494687,0,1000,7089.16213417308,32.5802132860295,1.08746222541778,75.9191852984199,7.74160241248744
pn_K4,比例导引法 K=4,missile_pn_K4,missile,2.05453193670111,1672.00965027385,30000,1189.1028322721,49.6356949724486,40.3643050275514,0,1000,7075.04070217287,32.591079170231,1.08571451573155,75.7971721448455,7.7291605333978
pn_K4,比例导引法 K=4,missile_pn_K4,missile,2.06453193670111,1679.62661441103,30000,1195.58217271331,49.5923013598964,40.4076986401036,0,1000,7060.92054939663,32.6019275743604,1.08396621091887,75.6751174436062,7.71671441762541
pn_K4,比例导引法 K=4,missile_pn_K4,missile,2.07453193670111,1687.23867311998,30000,1202.06727544548,49.5489776914575,40.4510223085425,0,1000,7046.80167712947,32.6127584924638,1.08221731042617,75.5530211560569,7.70426406122956
pn_K4,比例导引法 K=4,missile_pn_K4,missile,2.08453193670111,1694.84582996659,30000,1208.55812746674,49.5057239909619,40.4942760090381,0,1000,7032.68408663934,32.6235719185815,1.08046781368945,75.4308832428224,7.69180946019512
pn_K4,比例导引法 K=4,missile_pn_K4,missile,2.09453193670111,1702.4480885433,30000,1215.0547157867,49.4625402822994,40.5374597177006,0,1000,7018.56777917712,32.6343678467482,1.0787177201342,75.3087036637941,7.67935061043211
pn_K4,比例导引法 K=4,missile_pn_K4,missile,2.10453193670111,1710.04545246906,30000,1221.55702742649,49.4194265893177,40.5805734106823,0,1000,7004.45275597652,32.6451462709928,1.07696702917535,75.1864823781268,7.66688750777552
pn_K4,比例导引法 K=4,missile_pn_K4,missile,2.11453193670111,1717.6379253893,30000,1228.06504941879,49.3763829359146,40.6236170640854,0,1000,6990.33901825421,32.6559071853384,1.07521574021727,75.0642193442374,7.65442014798503
pn_K4,比例导引法 K=4,missile_pn_K4,missile,2.12453193670111,1725.22551097586,30000,1234.5787688078,49.3334093460394,40.6665906539606,0,1000,6976.22656720978,32.6666505838018,1.07346385265369,74.9419145198008,7.64194852674469
pn_K4,比例导引法 K=4,missile_pn_K4,missile,2.13453193670111,1732.80821292696,30000,1241.09817264927,49.2905058436434,40.7094941563566,0,1000,6962.11540402576,32.677376460394,1.0717113658677,74.819567861748,7.62947263966268
pn_K4,比例导引法 K=4,missile_pn_K4,missile,2.14453193670111,1740.38603496715,30000,1247.62324801051,49.2476724527634,40.7523275472366,0,1000,6948.00552986767,32.6880848091197,1.06995827923169,74.6971793262632,7.61699248227103
pn_K4,比例导引法 K=4,missile_pn_K4,missile,2.15453193670111,1747.95898084728,30000,1254.15398197038,49.2049091973438,40.7950908026562,0,1000,6933.89694588402,32.698775623977,1.06820459210729,74.5747488687811,7.60450805002535
pn_K4,比例导引法 K=4,missile_pn_K4,missile,2.16453193670111,1755.5270543444,30000,1260.69036161934,49.1622161014106,40.8377838985894,0,1000,6919.78965320634,32.709448898958,1.06645030384538,74.4522764439836,7.59201933830447
pn_K4,比例导引法 K=4,missile_pn_K4,missile,2.17453193670111,1763.09025926178,30000,1267.2323740594,49.1195931890897,40.8804068109103,0,1000,6905.68365294917,32.7201046280479,1.06469541378602,74.3297620057977,7.57952634241027
pn_K4,比例导引法 K=4,missile_pn_K4,missile,2.18453193670111,1770.64859942884,30000,1273.78000640419,49.0770404844144,40.9229595155856,0,1000,6891.57894621012,32.7307428052255,1.06293992125839,74.2072055073924,7.56702905756731
pn_K4,比例导引法 K=4,missile_pn_K4,missile,2.19453193670111,1778.20207870108,30000,1280.33324577892,49.0345580114597,40.9654419885403,0,1000,6877.47553406987,32.7413634244626,1.06118382558079,74.0846069011758,7.55452747892255
pn_K4,比例导引法 K=4,missile_pn_K4,missile,2.20453193670111,1785.75070096005,30000,1286.89207932042,48.9921457944161,41.0078542055839,0,1000,6863.3734175922,32.7519664797243,1.05942712606057,73.9619661387921,7.54202160154508
pn_K4,比例导引法 K=4,missile_pn_K4,missile,2.21453193670111,1793.29447011334,30000,1293.45649417712,48.9498038575213,41.0501961424787,0,1000,6849.27259782397,32.7625519649687,1.05766982199412,73.839283171119,7.52951142042583
pn_K4,比例导引法 K=4,missile_pn_K4,missile,2.22453193670111,1800.83339009448,30000,1300.02647750906,48.9075322248468,41.0924677751532,0,1000,6835.17307579522,32.7731198741467,1.05591191266678,73.7165579482644,7.51699693047722
pn_K4,比例导引法 K=4,missile_pn_K4,missile,2.23453193670111,1808.36746486291,30000,1306.60201648795,48.8653309206241,41.1346690793759,0,1000,6821.0748525191,32.783670201202,1.05415339735283,73.593790419564,7.50447812653291
pn_K4,比例导引法 K=4,missile_pn_K4,missile,2.24453193670111,1815.89669840395,30000,1313.18309829709,48.8231999692264,41.1768000307736,0,1000,6806.97792899195,32.7942029400713,1.05239427531545,73.4709805335773,7.49195500334745
pn_K4,比例导引法 K=4,missile_pn_K4,missile,2.25453193670111,1823.42109472876,30000,1319.76971013143,48.7811393948352,41.2188606051648,0,1000,6792.8823061933,32.8047180846835,1.05063454580666,73.3481282380858,7.47942755559603
pn_K4,比例导引法 K=4,missile_pn_K4,missile,2.26453193670111,1830.94065787426,30000,1326.3618391976,48.7391492217537,41.2608507782463,0,1000,6778.78798508589,32.81521562896,1.0488742080673,73.2252334800895,7.46689577787414
pn_K4,比例导引法 K=4,missile_pn_K4,missile,2.27453193670111,1838.45539190312,30000,1332.95947271385,48.6972294744236,41.3027705255764,0,1000,6764.69496661569,32.8256955668148,1.04711326132693,73.1022962058031,7.45435966469724
pn_K4,比例导引法 K=4,missile_pn_K4,missile,2.28453193670111,1845.9653009037,30000,1339.56259791009,48.6553801771383,41.3446198228617,0,1000,6750.60325171192,32.8361578921539,1.04535170480388,72.9793163606542,7.44181921050045
pn_K4,比例导引法 K=4,missile_pn_K4,missile,2.29453193670111,1853.47038898999,30000,1346.17120202792,48.613601354303,41.386398645697,0,1000,6736.51284128708,32.8466025988756,1.04358953770512,72.8562938892792,7.42927440963827
pn_K4,比例导引法 K=4,missile_pn_K4,missile,2.30453193670111,1860.9706603016,30000,1352.78527232059,48.5718930304181,41.428106969582,0,1000,6722.42373623694,32.8570296808701,1.04182675922624,72.7332287355206,7.41672525638425
pn_K4,比例导引法 K=4,missile_pn_K4,missile,2.31453193670111,1868.46611900369,30000,1359.40479605303,48.5302552298979,41.4697447701021,0,1000,6708.33593744059,32.8674391320195,1.04006336855144,72.6101208424236,7.4041717449306
pn_K4,比例导引法 K=4,missile_pn_K4,missile,2.32453193670111,1875.95676928692,30000,1366.02976050186,48.4886879772869,41.5113120227131,0,1000,6694.24944576048,32.8778309461977,1.03829936485343,72.4869701522332,7.39161386938794
pn_K4,比例导引法 K=4,missile_pn_K4,missile,2.33453193670111,1883.44261536744,30000,1372.66015295537,48.4471912970791,41.5528087029209,0,1000,6680.16426204236,32.8882051172704,1.03653474729343,72.3637766063908,7.37905162378496
pn_K4,比例导引法 K=4,missile_pn_K4,missile,2.34453193670111,1890.92366148679,30000,1379.29596071357,48.40576521388,41.59423478612,0,1000,6666.08038711538,32.8985616390946,1.03476951502107,72.2405401455307,7.36648500206806
pn_K4,比例导引法 K=4,missile_pn_K4,missile,2.3545319367011,1898.39991191193,30000,1385.93717108813,48.3644097523275,41.6355902476725,0,1000,6651.99782179208,32.9089005055189,1.03300366717442,72.1172607094771,7.353913998101
pn_K4,比例导引法 K=4,missile_pn_K4,missile,2.3645319367011,1905.87137093511,30000,1392.58377140244,48.3231249369426,41.6768750630574,0,1000,6637.9165668684,32.9192217103832,1.03123720287985,71.9939382372407,7.3413386056646
pn_K4,比例导引法 K=4,missile_pn_K4,missile,2.3745319367011,1913.33804287389,30000,1399.23574899161,48.2819107925193,41.7180892074807,0,1000,6623.83662312373,32.9295252475187,1.02947012125207,71.8705726670158,7.32875881845643
pn_K4,比例导引法 K=4,missile_pn_K4,missile,2.3845319367011,1920.79993207108,30000,1405.89309120241,48.2407673437552,41.7592326562448,0,1000,6609.75799132088,32.9398111107475,1.02770242139402,71.7471639361756,7.31617463009035
pn_K4,比例导引法 K=4,missile_pn_K4,missile,2.3945319367011,1928.25704289468,30000,1412.55578539337,48.1996946153142,41.8003053846858,0,1000,6595.68067220616,32.9500792938828,1.02593410239685,71.6237119812704,7.3035860340963
pn_K4,比例导引法 K=4,missile_pn_K4,missile,2.4045319367011,1935.70937973784,30000,1419.22381893471,48.1586926320689,41.8413073679311,0,1000,6581.60466650935,32.9603297907286,1.02416516333985,71.5002167380234,7.29099302391983
pn_K4,比例导引法 K=4,missile_pn_K4,missile,2.4145319367011,1943.15694701885,30000,1425.89717920837,48.117761418816,41.882238581184,0,1000,6567.52997494375,32.9705625950796,1.02239560329043,71.376678141327,7.27839559292185
pn_K4,比例导引法 K=4,missile_pn_K4,missile,2.4245319367011,1950.59974918103,30000,1432.57585360801,48.0769010004161,41.9230989995839,0,1000,6553.45659820619,32.9807777007212,1.02062542130405,71.2530961252398,7.26579373437818
pn_K4,比例导引法 K=4,missile_pn_K4,missile,2.4345319367011,1958.03779069276,30000,1439.25982953901,48.0361114017481,41.9638885982519,0,1000,6539.38453697705,32.9909751014294,1.01885461642416,71.1294706229822,7.25318744147922
pn_K4,比例导引法 K=4,missile_pn_K4,missile,2.4445319367011,1965.47107604738,30000,1445.9490944185,47.9953926477204,42.0046073522796,0,1000,6525.31379192027,33.0011547909702,1.01708318768219,71.0058015669345,7.24057670732967
pn_K4,比例导引法 K=4,missile_pn_K4,missile,2.4545319367011,1972.89960976317,30000,1452.64363567531,47.9547447633806,42.0452552366194,0,1000,6511.2443636834,33.0113167631002,1.01531113409743,70.8820888886314,7.22796152494801
pn_K4,比例导引法 K=4,missile_pn_K4,missile,2.4645319367011,1980.32339638332,30000,1459.34344075001,47.9141677736772,42.0858322263228,0,1000,6497.17625289758,33.021461011566,1.01353845467705,70.7583325187597,7.21534188726626
pn_K4,比例导引法 K=4,missile_pn_K4,missile,2.4745319367011,1987.74244047584,30000,1466.04849709491,47.8736617037013,42.1263382962987,0,1000,6483.10946017761,33.0315875301043,1.01176514841601,70.6345323871537,7.20271778712952
pn_K4,比例导引法 K=4,missile_pn_K4,missile,2.4845319367011,1995.15674663358,30000,1472.75879217403,47.8332265785606,42.1667734214394,0,1000,6469.0439861219,33.0416963124415,1.00999121429699,70.5106884227923,7.19008921729564
pn_K4,比例导引法 K=4,missile_pn_K4,missile,2.4945319367011,2002.56631947413,30000,1479.47431346315,47.7928624233406,42.2071375766594,0,1000,6454.97983131257,33.0517873522939,1.00821665129039,70.3868005537951,7.17745617043486
pn_K4,比例导引法 K=4,missile_pn_K4,missile,2.5045319367011,2009.97116363982,30000,1486.19504844978,47.7525692632464,42.2474307367536,0,1000,6440.9169963154,33.0618606433675,1.00644145835422,70.262868707418,7.16481863912936
pn_K4,比例导引法 K=4,missile_pn_K4,missile,2.5145319367011,2017.37128379765,30000,1492.92098463317,47.7123471234852,42.2876528765148,0,1000,6426.8554816799,33.0719161793577,1.00466563443408,70.1388928100498,7.15217661587289
pn_K4,比例导引法 K=4,missile_pn_K4,missile,2.5245319367011,2024.76668463924,30000,1499.65210952429,47.6721960293549,42.3278039706451,0,1000,6412.7952879393,33.0819539539494,1.00288917846311,70.014872787209,7.13953009307041
pn_K4,比例导引法 K=4,missile_pn_K4,missile,2.5345319367011,2032.15737088083,30000,1506.38841064586,47.6321160061064,42.3678839938936,0,1000,6398.73641561059,33.0919739608166,1.00111208936189,69.8908085635386,7.1268790630377
pn_K4,比例导引法 K=4,missile_pn_K4,missile,2.5445319367011,2039.54334726319,30000,1513.12987553236,47.592107079114,42.407892920886,0,1000,6384.67886519454,33.1019761936225,0.999334366038428,69.7667000628031,7.11422351800086
pn_K4,比例导引法 K=4,missile_pn_K4,missile,2.5545319367011,2046.92461855161,30000,1519.87649172997,47.5521692737632,42.4478307262368,0,1000,6370.62263717568,33.1119606460196,0.997556007388101,69.642547207885,7.10156345009611
pn_K4,比例导引法 K=4,missile_pn_K4,missile,2.5645319367011,2054.30118953582,30000,1526.62824679664,47.5123026154901,42.4876973845099,0,1000,6356.56773202237,33.1219273116488,0.995777012293569,69.5183499207793,7.08889885136915
pn_K4,比例导引法 K=4,missile_pn_K4,missile,2.5745319367011,2061.67306503001,30000,1533.38512830204,47.4725071298042,42.5274928701958,0,1000,6342.51415018682,33.1318761841402,0.993997379624739,69.3941081225908,7.07622971377491
pn_K4,比例导引法 K=4,missile_pn_K4,missile,2.5845319367011,2069.04024987272,30000,1540.14712382759,47.4327828421687,42.5672171578313,0,1000,6328.46189210505,33.1418072571122,0.992217108238702,69.2698217335292,7.06355602917706
pn_K4,比例导引法 K=4,missile_pn_K4,missile,2.5945319367011,2076.40274892684,30000,1546.91422096645,47.393129778181,42.606870221819,0,1000,6314.41095819699,33.1517205241721,0.990436196979677,69.145490672906,7.05087778934763
pn_K4,比例导引法 K=4,missile_pn_K4,missile,2.6045319367011,2083.76056707954,30000,1553.6864073235,47.3535479634824,42.6464520365176,0,1000,6300.36134886644,33.1616159789151,0.988654644678947,69.021114859129,7.03819498596657
pn_K4,比例导引法 K=4,missile_pn_K4,missile,2.6145319367011,2091.11370924227,30000,1560.46367051537,47.3140374237461,42.6859625762539,0,1000,6286.31306450111,33.1714936149249,0.986872450154796,68.8966942096993,7.02550761062129
pn_K4,比例导引法 K=4,missile_pn_K4,missile,2.6245319367011,2098.46218035068,30000,1567.24599817042,47.2745981846404,42.7254018153596,0,1000,6272.26610547267,33.1813534257734,0.985089612212463,68.7722286412065,7.01281565480633
pn_K4,比例导引法 K=4,missile_pn_K4,missile,2.6345319367011,2105.80598536457,30000,1574.03337792874,47.2352302719526,42.7647697280474,0,1000,6258.2204721367,33.1911954050204,0.983306129644067,68.6477180693248,7.00011910992283
pn_K4,比例导引法 K=4,missile_pn_K4,missile,2.6445319367011,2113.14512926791,30000,1580.82579744216,47.1959337115024,42.8040662884975,0,1000,6244.17616483278,33.2010195462135,0.981522001228544,68.5231624088077,6.98741796727809
pn_K4,比例导引法 K=4,missile_pn_K4,missile,2.6545319367011,2120.47961706871,30000,1587.62324437422,47.1567085291185,42.8432914708815,0,1000,6230.13318388448,33.210825842888,0.979737225731604,68.3985615734856,6.97471221808524
pn_K4,比例导引法 K=4,missile_pn_K4,missile,2.6645319367011,2127.80945379905,30000,1594.4257064002,47.1175547507285,42.8824452492715,0,1000,6216.09152959938,33.220614288567,0.977951801905641,68.2739154762591,6.96200185346261
pn_K4,比例导引法 K=4,missile_pn_K4,missile,2.6745319367011,2135.13464451502,30000,1601.23317120711,47.0784724022903,42.9215275977097,0,1000,6202.05120226908,33.2303848767608,0.976165728489693,68.1492240290966,6.94928686443349
pn_K4,比例导引法 K=4,missile_pn_K4,missile,2.6845319367011,2142.45519429666,30000,1608.04562649367,47.0394615097864,42.9605384902136,0,1000,6188.01220216925,33.2401376009673,0.974379004209361,68.0244871430281,6.93656724192544
pn_K4,比例导引法 K=4,missile_pn_K4,missile,2.6945319367011,2149.77110824793,30000,1614.86305997033,47.0005220993036,42.9994779006964,0,1000,6173.97452955962,33.2498724546712,0.97259162777676,67.8997047281424,6.92384297677009
pn_K4,比例导引法 K=4,missile_pn_K4,missile,2.7045319367011,2157.08239149667,30000,1621.68545935923,46.9616541970094,43.0383458029906,0,1000,6159.93818468402,33.2595894313446,0.970803597890438,67.7748766935809,6.91111405970244
pn_K4,比例导引法 K=4,missile_pn_K4,missile,2.7145319367011,2164.38904919458,30000,1628.51281239424,46.9228578289713,43.0771421710287,0,1000,6145.9031677704,33.2692885244464,0.969014913235324,67.6500029475343,6.89838048136054
pn_K4,比例导引法 K=4,missile_pn_K4,missile,2.7245319367011,2171.69108651713,30000,1635.34510682096,46.8841330214435,43.1158669785565,0,1000,6131.86947903082,33.2789697274223,0.967225572482648,67.5250833972371,6.88564223228494
pn_K4,比例导引法 K=4,missile_pn_K4,missile,2.7345319367011,2178.98850866357,30000,1642.18233039665,46.8454798007189,43.1545201992811,0,1000,6117.83711866151,33.2886330337046,0.965435574289885,67.4001179489632,6.87289930291825
pn_K4,比例导引法 K=4,missile_pn_K4,missile,2.7445319367011,2186.28132085685,30000,1649.02447089031,46.8068981930487,43.1931018069512,0,1000,6103.80608684288,33.2982784367121,0.96364491730068,67.2751065080213,6.86015168360463
pn_K4,比例导引法 K=4,missile_pn_K4,missile,2.7545319367011,2193.5695283436,30000,1655.87151608262,46.7683882249081,43.2316117750919,0,1000,6089.77638373951,33.3079059298501,0.96185360014479,67.1500489787503,6.84739936458937
pn_K4,比例导引法 K=4,missile_pn_K4,missile,2.7645319367011,2200.8531363941,30000,1662.72345376594,46.729949922704,43.270050077296,0,1000,6075.7480095002,33.3175155065099,0.960061621437998,67.0249452645138,6.83464233601829
pn_K4,比例导引法 K=4,missile_pn_K4,missile,2.7745319367011,2208.13215030221,30000,1669.58027174434,46.6915833128854,43.3084166871146,0,1000,6061.72096425801,33.327107160069,0.958268979782055,66.8997952676953,6.8218805879373
pn_K4,比例导引法 K=4,missile_pn_K4,missile,2.7845319367011,2215.40657538535,30000,1676.44195783356,46.6532884220386,43.3467115779614,0,1000,6047.69524813021,33.336680883891,0.956475673764611,66.7745988896944,6.80911411029194
pn_K4,比例导引法 K=4,missile_pn_K4,missile,2.7945319367011,2222.67641698447,30000,1683.30849986103,46.6150652767222,43.3849347232778,0,1000,6033.67086121839,33.346236671325,0.954681701959127,66.6493560309199,6.79634289292673
pn_K4,比例导引法 K=4,missile_pn_K4,missile,2.8045319367011,2229.94168046397,30000,1690.17988566585,46.5769139036572,43.4230860963428,0,1000,6019.64780360839,33.3557745157061,0.952887062924835,66.5240665907871,6.78356692558489
pn_K4,比例导引法 K=4,missile_pn_K4,missile,2.8145319367011,2237.20237121171,30000,1697.05610309876,46.5388343295323,43.4611656704677,0,1000,6005.62607537038,33.3652944103546,0.951091755206627,66.3987304677103,6.77078619790757
pn_K4,比例导引法 K=4,missile_pn_K4,missile,2.82453193670109,2244.45849463893,30000,1703.93714002221,46.5008265810932,43.4991734189068,0,1000,5991.60567655889,33.3747963485763,0.949295777335013,66.2733475590998,6.75800069943352
pn_K4,比例导引法 K=4,missile_pn_K4,missile,2.83453193670109,2251.71005618024,30000,1710.82298431027,46.4628906852612,43.5371093147388,0,1000,5977.58660721276,33.3842803236625,0.947499127826025,66.147917761355,6.74521041959844
pn_K4,比例导引法 K=4,missile_pn_K4,missile,2.84453193670109,2258.95706129356,30000,1717.71362384866,46.425026668845,43.574973331155,0,1000,5963.56886735523,33.3937463288891,0.945701805181159,66.0224409698608,6.73241534773452
pn_K4,比例导引法 K=4,missile_pn_K4,missile,2.85453193670109,2266.19951546009,30000,1724.60904653478,46.3872345588292,43.6127654411708,0,1000,5949.55245699392,33.4031943575173,0.943903807887289,65.8969170789808,6.71961547306989
pn_K4,比例导引法 K=4,missile_pn_K4,missile,2.86453193670109,2273.43742418427,30000,1731.50924027762,46.3495143822478,43.6504856177522,0,1000,5935.53737612089,33.4126244027929,0.942105134416585,65.7713459820526,6.70681078472798
pn_K4,比例导引法 K=4,missile_pn_K4,missile,2.87453193670109,2280.67079299373,30000,1738.41419299783,46.3118661661447,43.6881338338553,0,1000,5921.5236247126,33.4220364579465,0.940305783226456,65.6457275713829,6.69400127172713
pn_K4,比例导引法 K=4,missile_pn_K4,missile,2.88453193670109,2287.89962743927,30000,1745.32389262767,46.2742899376961,43.7257100623039,0,1000,5907.51120272999,33.4314305161932,0.938505752759452,65.5200617382412,6.68118692297994
pn_K4,比例导引法 K=4,missile_pn_K4,missile,2.89453193670109,2295.12393309482,30000,1752.23832711103,46.2367857241034,43.7632142758966,0,1000,5893.50011011845,33.4408065707322,0.936705041443198,65.394348372855,6.6683677272927
pn_K4,比例导引法 K=4,missile_pn_K4,missile,2.90453193670109,2302.34371555738,30000,1759.15748440339,46.1993535525962,43.8006464474038,0,1000,5879.49034680789,33.4501646147473,0.934903647690307,65.2685873644037,6.65554367336488
pn_K4,比例导引法 K=4,missile_pn_K4,missile,2.91453193670109,2309.558980447,30000,1766.08135247186,46.1619934505158,43.8380065494842,0,1000,5865.48191271272,33.4595046414059,0.933101569898303,65.1427786010136,6.64271474978852
pn_K4,比例导引法 K=4,missile_pn_K4,missile,2.92453193670109,2316.76973340673,30000,1773.00991929511,46.1247054452652,43.8752945547348,0,1000,5851.47480773188,33.4688266438597,0.931298806449536,65.0169219697513,6.62988094504762
pn_K4,比例导引法 K=4,missile_pn_K4,missile,2.93453193670109,2323.97598010259,30000,1779.94317286342,46.0874895643154,43.9125104356846,0,1000,5837.46903174886,33.4781306152439,0.929495355711107,64.8910173566188,6.61704224751763
pn_K4,比例导引法 K=4,missile_pn_K4,missile,2.94453193670109,2331.17772622355,30000,1786.88110117864,46.0503458351838,43.9496541648162,0,1000,5823.46458463176,33.4874165486775,0.927691216034784,64.765064646548,6.60419864546486
pn_K4,比例导引法 K=4,missile_pn_K4,missile,2.95453193670109,2338.37497748143,30000,1793.82369225418,46.0132742854482,43.9867257145518,0,1000,5809.46146623322,33.4966844372626,0.925886385756907,64.6390637233934,6.59135012704577
pn_K4,比例导引法 K=4,missile_pn_K4,missile,2.96453193670109,2345.56773961095,30000,1800.77093411503,45.9762749427948,44.0237250572052,0,1000,5795.45967639053,33.505934274085,0.924080863198318,64.5130144699278,6.57849668030651
pn_K4,比例导引法 K=4,missile_pn_K4,missile,2.97453193670109,2352.75601836961,30000,1807.72281479771,45.9393478349084,44.0606521650916,0,1000,5781.45921492562,33.5151660522133,0.92227464666427,64.3869167678354,6.56563829318222
pn_K4,比例导引法 K=4,missile_pn_K4,missile,2.98453193670109,2359.93981953771,30000,1814.67932235031,45.9024929896001,44.0975070103999,0,1000,5767.46008164503,33.5243797646993,0.920467734444333,64.2607704977057,6.55277495349643
pn_K4,比例导引法 K=4,missile_pn_K4,missile,2.99453193670109,2367.11914891827,30000,1821.64044483242,45.8657104347387,44.1342895652613,0,1000,5753.46227634003,33.5335754045775,0.918660124812326,64.1345755390286,6.53990664896051
pn_K4,比例导引法 K=4,missile_pn_K4,missile,3.00453193670109,2374.29401233703,30000,1828.60617031518,45.8290001982549,44.1709998017451,0,1000,5739.46579878653,33.5427529648651,0.916851816026206,64.0083317701864,6.52703336717293
pn_K4,比例导引法 K=4,missile_pn_K4,missile,3.01453193670109,2381.46441564239,30000,1835.57648688123,45.7923623081622,44.2076376918378,0,1000,5725.4706487452,33.5519124385617,0.915042806327995,63.8820390684493,6.51415509561872
pn_K4,比例导引法 K=4,missile_pn_K4,missile,3.02453193670109,2388.63036470538,30000,1842.55138262472,45.755796792508,44.244203207492,0,1000,5711.47682596142,33.5610538186493,0.913233093943684,63.7556973099679,6.50127182166876
pn_K4,比例导引法 K=4,missile_pn_K4,missile,3.03453193670109,2395.79186541962,30000,1849.5308456513,45.7193036794422,44.2806963205578,0,1000,5697.48433016531,33.5701770980923,0.911422677083147,63.6293063697679,6.48838353257921
pn_K4,比例导引法 K=4,missile_pn_K4,missile,3.04453193670109,2402.94892370128,30000,1856.51486407809,45.6828829971525,44.3171170028475,0,1000,5683.4931610718,33.5792822698367,0.909611553940033,63.5028661217423,6.47549021549074
pn_K4,比例导引法 K=4,missile_pn_K4,missile,3.05453193670109,2410.10154548904,30000,1863.5034260337,45.6465347739821,44.3534652260179,0,1000,5669.50331838059,33.5883693268107,0.907799722691699,63.3763764386465,6.46259185742802
pn_K4,比例导引法 K=4,missile_pn_K4,missile,3.06453193670109,2417.24973674409,30000,1870.49651965818,45.6102590383095,44.3897409616905,0,1000,5655.51480177618,33.5974382619241,0.9059871814991,63.249837192091,6.44968844529896
pn_K4,比例导引法 K=4,missile_pn_K4,missile,3.07453193670109,2424.39350345004,30000,1877.49413310305,45.5740558184689,44.4259441815311,0,1000,5641.52761092793,33.6064890680681,0.904173928506688,63.1232482525341,6.43677996589397
pn_K4,比例导引法 K=4,missile_pn_K4,missile,3.08453193670109,2431.53285161291,30000,1884.49625453128,45.5379251430347,44.4620748569653,0,1000,5627.54174549004,33.6155217381153,0.902359961842334,62.9966094892765,6.42386640588544
pn_K4,比例导引法 K=4,missile_pn_K4,missile,3.09453193670109,2438.66778726109,30000,1891.50287211723,45.5018670405896,44.4981329594104,0,1000,5613.55720510158,33.6245362649197,0.900545279617222,62.869920770454,6.41094775182697
pn_K4,比例导引法 K=4,missile_pn_K4,missile,3.10453193670109,2445.79831644531,30000,1898.51397404672,45.4658815397899,44.5341184602101,0,1000,5599.57398938653,33.6335326413161,0.898729879925747,62.7431819630303,6.39802399015263
pn_K4,比例导引法 K=4,missile_pn_K4,missile,3.11453193670109,2452.92444523861,30000,1905.52954851695,45.4299686693663,44.5700313306337,0,1000,5585.59209795375,33.6425108601203,0.896913760845419,62.6163929327902,6.38509510717627
pn_K4,比例导引法 K=4,missile_pn_K4,missile,3.12453193670109,2460.04617973627,30000,1912.54958373653,45.3941284581414,44.6058715418586,0,1000,5571.61153039706,33.6514709141286,0.895096920436775,62.4895535443337,6.37216108909095
pn_K4,比例导引法 K=4,missile_pn_K4,missile,3.13453193670109,2467.16352605582,30000,1919.57406792543,45.3583609350498,44.6416390649502,0,1000,5557.63228629522,33.660412796118,0.893279356743257,62.3626636610674,6.35922192196799
pn_K4,比例导引法 K=4,missile_pn_K4,missile,3.14453193670109,2474.27649033697,30000,1926.602989315,45.3226661289748,44.6773338710252,0,1000,5543.65436521197,33.6693364988459,0.89146106779113,62.2357231451984,6.34627759175645
pn_K4,比例导引法 K=4,missile_pn_K4,missile,3.15453193670109,2481.38507874158,30000,1933.63633614796,45.2870440690108,44.7129559309892,0,1000,5529.67776669602,33.6782420150497,0.889642051589361,62.1087318577264,6.33332808428224
pn_K4,比例导引法 K=4,missile_pn_K4,missile,3.16453193670109,2488.48929745365,30000,1940.67409667835,45.2514947842986,44.7485052157014,0,1000,5515.70249028112,33.6871293374469,0.887822306129526,61.9816896584371,6.32037338524747
pn_K4,比例导引法 K=4,missile_pn_K4,missile,3.17453193670109,2495.58915267924,30000,1947.71625917155,45.2160183040092,44.7839816959908,0,1000,5501.72853548602,33.6959984587347,0.886001829385709,61.8545964058947,6.30741348022971
pn_K4,比例导引法 K=4,missile_pn_K4,missile,3.18453193670109,2502.68465064649,30000,1954.76281190427,45.1806146574834,44.8193853425166,0,1000,5487.75590181456,33.7048493715901,0.884180619314379,61.7274519574339,6.29444835468115
pn_K4,比例导引法 K=4,missile_pn_K4,missile,3.19453193670109,2509.77579760554,30000,1961.8137431645,45.1452838740864,44.8547161259136,0,1000,5473.7845887556,33.7136820686697,0.882358673854298,61.6002561691532,6.28147799392792
pn_K4,比例导引法 K=4,missile_pn_K4,missile,3.20453193670109,2516.86259982851,30000,1968.86904125153,45.1100259832475,44.8899740167525,0,1000,5459.81459578314,33.722496542609,0.880535990926398,61.4730088959063,6.2685023831692
pn_K4,比例导引法 K=4,missile_pn_K4,missile,3.21453193670109,2523.94506360947,30000,1975.92869447593,45.0748410145251,44.9251589854749,0,1000,5445.84592235625,33.731292786023,0.878712568433695,61.3457099912959,6.25552150747665
pn_K4,比例导引法 K=4,missile_pn_K4,missile,3.22453193670109,2531.02319526441,30000,1982.99269115953,45.0397289975425,44.9602710024575,0,1000,5431.87856791915,33.7400707915054,0.87688840426114,61.2183593076639,6.24253535179331
pn_K4,比例导引法 K=4,missile_pn_K4,missile,3.23453193670109,2538.09700113117,30000,1990.06101963539,45.0046899620228,44.9953100379771,0,1000,5417.9125319012,33.7488305516288,0.875063496275553,61.0909566960862,6.22954390093316
pn_K4,比例导引法 K=4,missile_pn_K4,missile,3.24453193670109,2545.16648756948,30000,1997.13366824783,44.969723937735,45.030276062265,0,1000,5403.94781371694,33.7575720589444,0.873237842325461,60.9635020063616,6.21654713957993
pn_K4,比例导引法 K=4,missile_pn_K4,missile,3.25453193670109,2552.23166096083,30000,2004.21062535237,44.9348309545715,45.0651690454285,0,1000,5389.98441276608,33.7662953059816,0.871411440241023,60.8359950870066,6.20354505228662
pn_K4,比例导引法 K=4,missile_pn_K4,missile,3.26453193670109,2559.29252770852,30000,2011.29187931573,44.9000110425261,45.0999889574739,0,1000,5376.02232843355,33.7750002852481,0.869584287833894,60.7084357852461,6.19053762347449
pn_K4,比例导引法 K=4,missile_pn_K4,missile,3.27453193670109,2566.34909423758,30000,2018.37741851583,44.8652642316314,45.1347357683686,0,1000,5362.06156008951,33.7836869892298,0.867756382897108,60.5808239470046,6.17752483743221
pn_K4,比例导引法 K=4,missile_pn_K4,missile,3.28453193670109,2573.40136699475,30000,2025.46723134175,44.8305905520437,45.1694094479563,0,1000,5348.10210708934,33.7923554103902,0.865927723204963,60.4531594168988,6.16450667831511
pn_K4,比例导引法 K=4,missile_pn_K4,missile,3.29453193670108,2580.44935244844,30000,2032.56130619373,44.7959900339564,45.2040099660436,0,1000,5334.14396877373,33.8010055411706,0.864098306512904,60.3254420382294,6.15148313014428
pn_K4,比例导引法 K=4,missile_pn_K4,missile,3.30453193670108,2587.4930570887,30000,2039.65963148316,44.7614627077628,45.2385372922373,0,1000,5320.18714446862,33.8096373739896,0.862268130557397,60.1976716529716,6.1384541768057
pn_K4,比例导引法 K=4,missile_pn_K4,missile,3.31453193670108,2594.53248742721,30000,2046.76219563253,44.7270086038347,45.2729913961653,0,1000,5306.23163348526,33.8182509012432,0.860437193055804,60.0698481017675,6.12541980204938
pn_K4,比例导引法 K=4,missile_pn_K4,missile,3.32453193670108,2601.56764999719,30000,2053.86898707547,44.6926277526607,45.3073722473393,0,1000,5292.27743512024,33.8268461153046,0.85860549170627,59.9419712239171,6.11237998948847
pn_K4,比例导引法 K=4,missile_pn_K4,missile,3.33453193670108,2608.59855135342,30000,2060.97999425666,44.6583201849077,45.3416798150923,0,1000,5278.32454865549,33.8354230085235,0.856773024187577,59.8140408573689,6.09933472259833
pn_K4,比例导引法 K=4,missile_pn_K4,missile,3.34453193670108,2615.62519807221,30000,2068.0952056319,44.6240859312384,45.3759140687616,0,1000,5264.37297335828,33.8439815732266,0.854939788159042,59.6860568387124,6.08628398471572
pn_K4,比例导引法 K=4,missile_pn_K4,missile,3.35453193670108,2622.64759675132,30000,2075.21460966801,44.5899250224069,45.4100749775931,0,1000,5250.42270848129,33.8525218017171,0.853105781260376,59.5580190031684,6.07322775903784
pn_K4,比例导引法 K=4,missile_pn_K4,missile,3.36453193670108,2629.66575400995,30000,2082.33819484287,44.555837489347,45.444162510653,0,1000,5236.47375326259,33.8610436862743,0.851271001111544,59.429927184579,6.0601660286213
pn_K4,比例导引法 K=4,missile_pn_K4,missile,3.37453193670108,2636.67967648875,30000,2089.46594964537,44.521823363027,45.478176636973,0,1000,5222.52610692567,33.8695472191538,0.849435445312656,59.3017812154003,6.04709877638136
pn_K4,比例导引法 K=4,missile_pn_K4,missile,3.38453193670108,2643.6893708497,30000,2096.59786257541,44.4878826744624,45.5121173255376,0,1000,5208.57976867947,33.878032392587,0.847599111443815,59.1735809266917,6.0340259850909
pn_K4,比例导引法 K=4,missile_pn_K4,missile,3.39453193670108,2650.69484377617,30000,2103.73392214389,44.4540154549287,45.5459845450713,0,1000,5194.63473771838,33.886499198781,0.845761997064997,59.0453261481073,6.02094763737946
pn_K4,比例导引法 K=4,missile_pn_K4,missile,3.40453193670108,2657.69610197284,30000,2110.87411687265,44.4202217356079,45.5797782643921,0,1000,5180.69101322228,33.8949476299184,0.843924099715904,58.9170167078859,6.00786371573227
pn_K4,比例导引法 K=4,missile_pn_K4,missile,3.41453193670108,2664.69315216564,30000,2118.01843529451,44.3865015478713,45.6134984521287,0,1000,5166.74859435653,33.9033776781571,0.842085416915835,58.7886524328419,5.99477420248932
pn_K4,比例导引法 K=4,missile_pn_K4,missile,3.42453193670108,2671.68600110181,30000,2125.16686595321,44.3528549232492,45.6471450767508,0,1000,5152.80748027202,33.9117893356302,0.840245946163542,58.6602331483553,5.98167907984432
pn_K4,比例导引法 K=4,missile_pn_K4,missile,3.43453193670108,2678.67465554976,30000,2132.31939740339,44.319281893258,45.680718106742,0,1000,5138.86767010518,33.9201825944455,0.838405684937092,58.5317586783619,5.96857832984372
pn_K4,比例导引法 K=4,missile_pn_K4,missile,3.44453193670108,2685.65912229913,30000,2139.47601821061,44.2857824895972,45.7142175104027,0,1000,5124.929162978,33.9285574466856,0.836564630693721,58.4032288453434,5.95547193438568
pn_K4,比例导引法 K=4,missile_pn_K4,missile,3.45453193670108,2692.6394081607,30000,2146.63671695128,44.2523567440393,45.7476432559607,0,1000,5110.99195799802,33.9369138844074,0.834722780869697,58.2746434703174,5.9423598752191
pn_K4,比例导引法 K=4,missile_pn_K4,missile,3.46453193670108,2699.61551996638,30000,2153.80148221267,44.2190046884285,45.7809953115715,0,1000,5097.0560542584,33.9452518996424,0.832880132880175,58.1460023728277,5.92924213394255
pn_K4,比例导引法 K=4,missile_pn_K4,missile,3.47453193670108,2706.58746456919,30000,2160.97030259291,44.1857263547476,45.8142736452524,0,1000,5083.1214508379,33.9535714843958,0.831036684119031,58.0173053709327,5.91611869200315
pn_K4,比例导引法 K=4,missile_pn_K4,missile,3.48453193670108,2713.55524884321,30000,2168.14316670092,44.1525217751111,45.8474782248889,0,1000,5069.18814680092,33.9618726306468,0.829192431958747,57.8885522811968,5.90298953069568
pn_K4,比例导引法 K=4,missile_pn_K4,missile,3.49453193670108,2720.51887968356,30000,2175.32006315642,44.1193909817009,45.8806090182991,0,1000,5055.25614119751,33.9701553303482,0.827347373750231,57.7597429186785,5.88985463116136
pn_K4,比例导引法 K=4,missile_pn_K4,missile,3.50453193670108,2727.47836400637,30000,2182.50098058991,44.0863340067757,45.9136659932243,0,1000,5041.32543306339,33.9784195754261,0.825501506822678,57.6308770969207,5.87671397438684
pn_K4,比例导引法 K=4,missile_pn_K4,missile,3.51453193670108,2734.43370874874,30000,2189.68590764265,44.0533508827651,45.9466491172349,0,1000,5027.39602141997,33.9866653577799,0.823654828483417,57.5019546279392,5.86356754120308
pn_K4,比例导引法 K=4,missile_pn_K4,missile,3.52453193670108,2741.38492086873,30000,2196.87483296662,44.0204416422021,45.9795583577979,0,1000,5013.46790527436,33.994892669282,0.82180733601774,57.3729753222118,5.8504153122842
pn_K4,比例导引法 K=4,missile_pn_K4,missile,3.53453193670108,2748.33200734532,30000,2204.06774522453,43.9876063176786,46.0123936823214,0,1000,4999.54108361941,34.0031015017774,0.819959026688769,57.2439389886683,5.83725726814644
pn_K4,比例导引法 K=4,missile_pn_K4,missile,3.54453193670108,2755.27497517836,30000,2211.26463308976,43.9548449419321,46.0451550580679,0,1000,4985.61555543371,34.0112918470837,0.818109897737282,57.1148454346787,5.82409338914703
pn_K4,比例导引法 K=4,missile_pn_K4,missile,3.55453193670108,2762.21383138859,30000,2218.46548524639,43.9221575477803,46.0778424522197,0,1000,4971.69131968162,34.0194636969908,0.816259946381547,56.9856944660415,5.81092365548291
pn_K4,比例导引法 K=4,missile_pn_K4,missile,3.56453193670108,2769.14858301754,30000,2225.67029038912,43.8895441682186,46.1104558317814,0,1000,4957.76837531328,34.0276170432606,0.814409169817166,56.8564858869727,5.79774804718968
pn_K4,比例导引法 K=4,missile_pn_K4,missile,3.57453193670108,2776.07923712759,30000,2232.87903722329,43.8570048363064,46.1429951636936,0,1000,4943.84672126463,34.035751877627,0.812557565216915,56.7272195000949,5.78456654414044
pn_K4,比例导引法 K=4,missile_pn_K4,missile,3.58453193670108,2783.00580080185,30000,2240.09171446484,43.8245395851626,46.1754604148374,0,1000,4929.92635645743,34.0438681917953,0.810705129730567,56.5978951064247,5.77137912604454
pn_K4,比例导引法 K=4,missile_pn_K4,missile,3.59453193670108,2789.9282811442,30000,2247.30831084031,43.7921484481416,46.2078515518585,0,1000,4916.0072797993,34.0519659774424,0.808851860484722,56.4685125053609,5.75818577244634
pn_K4,比例导引法 K=4,missile_pn_K4,missile,3.60453193670108,2796.84668527923,30000,2254.52881508677,43.7598314586377,46.2401685413623,0,1000,4902.08949018369,34.0600452262162,0.806997754582645,56.3390714946733,5.7449864627241
pn_K4,比例导引法 K=4,missile_pn_K4,missile,3.61453193670108,2803.76102035222,30000,2261.75321595186,43.7275886501622,46.2724113498378,0,1000,4888.17298648996,34.0681059297355,0.805142809104088,56.20957187049,5.73178117608868
pn_K4,比例导引法 K=4,missile_pn_K4,missile,3.62453193670108,2810.6712935291,30000,2268.9815021937,43.6954200563843,46.3045799436157,0,1000,4874.25776758334,34.0761480795899,0.80328702110511,56.0800134272854,5.71856989158228
pn_K4,比例导引法 K=4,missile_pn_K4,missile,3.63453193670108,2817.57751199645,30000,2276.21366258093,43.6633257110449,46.3366742889551,0,1000,4860.34383231499,34.0841716673393,0.801430387617909,55.9503959578676,5.70535258807723
pn_K4,比例导引法 K=4,missile_pn_K4,missile,3.64453193670108,2824.47968296143,30000,2283.44968589263,43.631305648001,46.368694351999,0,1000,4846.43117952199,34.092176684514,0.799572905650633,55.8207192533661,5.69212924427466
pn_K4,比例导引法 K=4,missile_pn_K4,missile,3.65453193670108,2831.37781365179,30000,2290.68956091835,43.5993599012712,46.4006400987288,0,1000,4832.51980802739,34.100163122614,0.797714572187206,55.6909831032189,5.67889983870322
pn_K4,比例导引法 K=4,missile_pn_K4,missile,3.66453193670108,2838.27191131584,30000,2297.93327645805,43.5674885049994,46.4325114950006,0,1000,4818.60971664021,34.1081309731093,0.79585538418714,55.56118729516,5.66566434971779
pn_K4,比例导引法 K=4,missile_pn_K4,missile,3.67453193670108,2845.16198322239,30000,2305.18082132207,43.5356914934058,46.4643085065942,0,1000,4804.70090415544,34.1160802274391,0.793995338585345,55.4313316152058,5.65242275549814
pn_K4,比例导引法 K=4,missile_pn_K4,missile,3.68453193670108,2852.04803666076,30000,2312.43218433114,43.5039689008644,46.4960310991356,0,1000,4790.79336935409,34.124010877012,0.792134432291956,55.3014158476429,5.6391750340476
pn_K4,比例导引法 K=4,missile_pn_K4,missile,3.69453193670108,2858.93007894074,30000,2319.68735431633,43.4723207618794,46.5276792381206,0,1000,4776.88711100321,34.1319229132056,0.790272662192117,55.1714397750134,5.62592116319165
pn_K4,比例导引法 K=4,missile_pn_K4,missile,3.70453193670108,2865.80811739256,30000,2326.94632011903,43.4407471110264,46.5592528889736,0,1000,4762.98212785588,34.139816327366,0.788410025145812,55.0414031781028,5.61266112057663
pn_K4,比例导引法 K=4,missile_pn_K4,missile,3.71453193670108,2872.68215936685,30000,2334.20907059093,43.4092479830479,46.5907520169522,0,1000,4749.07841865123,34.1476911108081,0.786546517987653,54.9113058359254,5.59939488366826
pn_K4,比例导引法 K=4,missile_pn_K4,missile,3.72453193670108,2879.55221223464,30000,2341.47559459398,43.3778234128624,46.6221765871376,0,1000,4735.17598211451,34.1555472548148,0.784682137526689,54.7811475257107,5.5861224297503
pn_K4,比例导引法 K=4,missile_pn_K4,missile,3.73453193670108,2886.41828338734,30000,2348.74588100039,43.3464734354162,46.6535265645838,0,1000,4721.27481695703,34.1633847506369,0.782816880546212,54.6509280228902,5.57284373592309
pn_K4,比例导引法 K=4,missile_pn_K4,missile,3.74453193670108,2893.28038023667,30000,2356.01991869259,43.3151980858792,46.6848019141208,0,1000,4707.37492187624,34.1712035894931,0.780950743803539,54.5206471010819,5.55955877910213
pn_K4,比例导引法 K=4,missile_pn_K4,missile,3.75453193670107,2900.13851021468,30000,2363.29769656317,43.2839973994739,46.7160026005261,0,1000,4693.47629555573,34.1790037625695,0.779083724029821,54.390304532077,5.54626753601658
pn_K4,比例导引法 K=4,missile_pn_K4,missile,3.76453193670107,2906.99268077369,30000,2370.57920351494,43.2528714115882,46.7471285884118,0,1000,4679.57893666523,34.1867852610193,0.77721581792982,54.2599000858246,5.53296998320778
pn_K4,比例导引法 K=4,missile_pn_K4,missile,3.77453193670107,2913.8428993863,30000,2377.8644284608,43.2218201577563,46.7781798422437,0,1000,4665.68284386065,34.1945480759626,0.775347022181718,54.1294335304179,5.51966609702783
pn_K4,比例导引法 K=4,missile_pn_K4,missile,3.78453193670107,2920.68917354533,30000,2385.15336032381,43.1908436736177,46.8091563263823,0,1000,4651.78801578409,34.2022921984863,0.773477333436885,53.9989046320787,5.50635585363796
pn_K4,比例导引法 K=4,missile_pn_K4,missile,3.79453193670107,2927.53151076383,30000,2392.44598803708,43.1599419949984,46.8400580050016,0,1000,4637.89445106387,34.2100176196435,0.77160674831967,53.8683131551419,5.49303922900704
pn_K4,比例导引法 K=4,missile_pn_K4,missile,3.80453193670107,2934.36991857501,30000,2399.74230054379,43.1291151577668,46.8708848422332,0,1000,4624.00214831451,34.2177243304534,0.769735263427192,53.7376588620416,5.47971619891008
pn_K4,比例导引法 K=4,missile_pn_K4,missile,3.81453193670107,2941.20440453227,30000,2407.04228679717,43.0983631979957,46.9016368020043,0,1000,4610.11110613681,34.2254123219013,0.767862875329101,53.6069415132942,5.46638673892657
pn_K4,比例导引法 K=4,missile_pn_K4,missile,3.82453193670107,2948.03497620912,30000,2414.34593576043,43.0676861519028,46.9323138480972,0,1000,4596.2213231178,34.2330815849378,0.765989580567364,53.4761608674835,5.45305082443888
pn_K4,比例导引法 K=4,missile_pn_K4,missile,3.83453193670107,2954.8616411992,30000,2421.65323640676,43.0370840558245,46.9629159441755,0,1000,4582.33279783082,34.2407321104789,0.764115375656047,53.3453166812454,5.43970843063078
pn_K4,比例导引法 K=4,missile_pn_K4,missile,3.84453193670107,2961.68440711625,30000,2428.96417771932,43.0065569462413,46.9934430537587,0,1000,4568.44552883549,34.2483638894054,0.762240257081057,53.2144087092498,5.42635953248559
pn_K4,比例导引法 K=4,missile_pn_K4,missile,3.85453193670107,2968.50328159405,30000,2436.27874869115,42.9761048597165,47.0238951402835,0,1000,4554.55951467775,34.2559769125631,0.760364221299945,53.0834367041873,5.41300410478475
pn_K4,比例导引法 K=4,missile_pn_K4,missile,3.86453193670107,2975.31827228643,30000,2443.59693832523,42.9457278330511,47.0542721669488,0,1000,4540.67475388988,34.2635711707621,0.758487264741638,52.9524004167499,5.39964212210591
pn_K4,比例导引法 K=4,missile_pn_K4,missile,3.87453193670107,2982.12938686726,30000,2450.91873563436,42.9154259031846,47.0845740968154,0,1000,4526.79124499051,34.2711466547767,0.756609383806224,52.8212995956163,5.38627355882144
pn_K4,比例导引法 K=4,missile_pn_K4,missile,3.88453193670107,2988.93663303038,30000,2458.24412964119,42.8851991071378,47.1148008928622,0,1000,4512.90898648463,34.2787033553449,0.754730574864688,52.6901339874335,5.37289838909653
pn_K4,比例导引法 K=4,missile_pn_K4,missile,3.89453193670107,2995.74001848963,30000,2465.57310937817,42.8550474820715,47.1449525179285,0,1000,4499.02797686364,34.2862412631684,0.752850834258696,52.5589033368015,5.35951658688762
pn_K4,比例导引法 K=4,missile_pn_K4,missile,3.90453193670107,3002.53955097877,30000,2472.90566388754,42.8249710653,47.1750289347,0,1000,4485.14821460532,34.2937603689122,0.750970158300312,52.4276073862539,5.34612812594045
pn_K4,比例导引法 K=4,missile_pn_K4,missile,3.91453193670107,3009.3352382515,30000,2480.24178222126,42.7949698943991,47.2050301056009,0,1000,4471.2696981739,34.3012606632042,0.749088543271778,52.2962458762422,5.33273297978843
pn_K4,比例导引法 K=4,missile_pn_K4,missile,3.92453193670107,3016.12708808145,30000,2487.58145344102,42.7650440069991,47.2349559930009,0,1000,4457.39242602002,34.308742136635,0.747205985425238,52.1648185451166,5.31933112175071
pn_K4,比例导引法 K=4,missile_pn_K4,missile,3.93453193670107,3022.9151082621,30000,2494.92466661817,42.7351934408424,47.2648065591576,0,1000,4443.5163965808,34.3162047797574,0.745322480982487,52.0333251291088,5.30592252493041
pn_K4,比例导引法 K=4,missile_pn_K4,missile,3.94453193670107,3029.69930660682,30000,2502.27141083375,42.7054182338721,47.2945817661279,0,1000,4429.64160827984,34.3236485830866,0.743438026134709,51.9017653623133,5.29250716221271
pn_K4,比例导引法 K=4,missile_pn_K4,missile,3.95453193670107,3036.47969094879,30000,2509.62167517838,42.6757184241843,47.3242815758157,0,1000,4415.76805952721,34.3310735370993,0.741552617042218,51.7701389766693,5.27908500626302
pn_K4,比例导引法 K=4,missile_pn_K4,missile,3.96453193670107,3043.25626914104,30000,2516.97544875231,42.6460940500479,47.3539059499521,0,1000,4401.8957487195,34.3384796322337,0.73966624983418,51.6384457019416,5.26565602952503
pn_K4,比例导引法 K=4,missile_pn_K4,missile,3.97453193670107,3050.02904905638,30000,2524.33272066531,42.6165451498653,47.3834548501347,0,1000,4388.02467423984,34.3458668588893,0.737778920608344,51.5066852657018,5.25222020421875
pn_K4,比例导引法 K=4,missile_pn_K4,missile,3.98453193670107,3056.79803858741,30000,2531.69348003671,42.5870717621723,47.4129282378277,0,1000,4374.15483445789,34.3532352074261,0.735890625430773,51.3748573933092,5.23877750233864
pn_K4,比例导引法 K=4,missile_pn_K4,missile,3.99453193670107,3063.56324564648,30000,2539.05771599532,42.5576739256738,47.4423260743262,0,1000,4360.28622772988,34.3605846681648,0.734001360335551,51.2429618078907,5.22532789565149
pn_K4,比例导引法 K=4,missile_pn_K4,missile,4.00453193670107,3070.32467816567,30000,2546.42541767942,42.5283516792899,47.4716483207101,0,1000,4346.41885239861,34.3679152313864,0.732111121324509,51.1109982303214,5.21187135569449
pn_K4,比例导引法 K=4,missile_pn_K4,missile,4.01453193670107,3077.08234409679,30000,2553.7965742367,42.4991050620702,47.5008949379298,0,1000,4332.55270679348,34.3752268873315,0.730219904366944,50.9789663792052,5.19840785377322
pn_K4,比例导引法 K=4,missile_pn_K4,missile,4.02453193670107,3083.83625141135,30000,2561.17117482428,42.4699341131505,47.5300658868495,0,1000,4318.68778923052,34.3825196262004,0.728327705399316,50.8468659708534,5.18493736095949
pn_K4,比例导引法 K=4,missile_pn_K4,missile,4.03453193670107,3090.58640810051,30000,2568.54920860862,42.4408388718999,47.5591611281001,0,1000,4304.82409801236,34.3897934381525,0.726434520324962,50.7146967192651,5.17145984808931
pn_K4,比例导引法 K=4,missile_pn_K4,missile,4.04453193670107,3097.33282217511,30000,2575.93066476553,42.4118193779158,47.5881806220842,0,1000,4290.9616314283,34.3970483133061,0.724540345013789,50.5824583361052,5.1579752857607
pn_K4,比例导引法 K=4,missile_pn_K4,missile,4.05453193670107,3104.07550166563,30000,2583.31553248009,42.3828756708434,47.6171243291566,0,1000,4277.1003877543,34.4042842417381,0.72264517530198,50.4501505306846,5.14448364433162
pn_K4,比例导引法 K=4,missile_pn_K4,missile,4.06453193670107,3110.81445462215,30000,2590.70380094668,42.3540077905124,47.6459922094876,0,1000,4263.240365253,34.4115012134835,0.720749006991685,50.3177730099381,5.13098489391771
pn_K4,比例导引法 K=4,missile_pn_K4,missile,4.07453193670107,3117.54968911436,30000,2598.09545936888,42.3252157770241,47.6747842229759,0,1000,4249.38156217372,34.4186992185351,0.718851835850705,50.1853254784025,5.11747900439013
pn_K4,比例导引法 K=4,missile_pn_K4,missile,4.08453193670107,3124.28121323155,30000,2605.49049695949,42.2964996705228,47.7035003294772,0,1000,4235.52397675253,34.4258782468435,0.716953657612179,50.0528076381945,5.10396594537325
pn_K4,比例导引法 K=4,missile_pn_K4,missile,4.09453193670107,3131.00903508253,30000,2612.88890294045,42.2678595113785,47.7321404886215,0,1000,4221.66760721221,34.433038288316,0.715054467974275,49.9202191889898,5.09044568624248
pn_K4,比例导引法 K=4,missile_pn_K4,missile,4.10453193670107,3137.7331627957,30000,2620.29066654285,42.2392953401675,47.7607046598325,0,1000,4207.81245176228,34.4401793328172,0.713154262599844,49.7875598279981,5.07691819612183
pn_K4,比例导引法 K=4,missile_pn_K4,missile,4.11453193670107,3144.45360451896,30000,2627.69577700685,42.2108071975685,47.7891928024315,0,1000,4193.95850859904,34.4473013701677,0.711253037116117,49.6548292499427,5.06338344388172
pn_K4,比例导引法 K=4,missile_pn_K4,missile,4.12453193670107,3151.17036841973,30000,2635.10422358169,42.1823951245239,47.817604875476,0,1000,4180.10577590556,34.4544043901444,0.709350787114345,49.5220271470347,5.04984139813644
pn_K4,比例导引法 K=4,missile_pn_K4,missile,4.13453193670107,3157.88346268492,30000,2642.51599552559,42.1540591620607,47.8459408379393,0,1000,4166.25425185173,34.4614883824801,0.70744750814949,49.3891532089521,5.03629202724193
pn_K4,比例导引法 K=4,missile_pn_K4,missile,4.14453193670107,3164.59289552091,30000,2649.93108210581,42.1257993514074,47.8742006485926,0,1000,4152.40393459423,34.4685533368626,0.705543195739864,49.2562071228138,5.02273529929321
pn_K4,比例导引法 K=4,missile_pn_K4,missile,4.15453193670107,3171.29867515354,30000,2657.34947259851,42.0976157340746,47.9023842659254,0,1000,4138.55482227657,34.475599242935,0.70363784536678,49.1231885731562,5.00917118212194
pn_K4,比例导引法 K=4,missile_pn_K4,missile,4.16453193670107,3178.00080982811,30000,2664.77115628879,42.0695083516112,47.9304916483888,0,1000,4124.70691302912,34.4826260902949,0.701731452474219,48.9900972419089,4.99559964329398
pn_K4,比例导引法 K=4,missile_pn_K4,missile,4.17453193670107,3184.69930780931,30000,2672.19612247061,42.041477245789,47.958522754211,0,1000,4110.86020496911,34.4896338684941,0.69982401246844,48.8569328083685,4.98202065010667
pn_K4,比例导引法 K=4,missile_pn_K4,missile,4.18453193670107,3191.39417738127,30000,2679.62436044679,42.0135224586435,47.9864775413565,0,1000,4097.01469620064,34.4966225670385,0.697915520717665,48.7236949491758,4.96843416958654
pn_K4,比例导引法 K=4,missile_pn_K4,missile,4.19453193670107,3198.0854268475,30000,2687.05585952892,41.9856440323012,48.0143559676988,0,1000,4083.17038481471,34.5035921753871,0.696005972551655,48.5903833382866,4.95484016848635
pn_K4,比例导引法 K=4,missile_pn_K4,missile,4.20453193670107,3204.77306453089,30000,2694.49060903739,41.957842009131,48.042157990869,0,1000,4069.32726888924,34.5105426829524,0.694095363261396,48.4569976469498,4.9412386132828
pn_K4,比例导引法 K=4,missile_pn_K4,missile,4.21453193670107,3211.45709877369,30000,2701.92859830127,41.9301164316614,48.0698835683386,0,1000,4055.48534648907,34.5174740790994,0.69218368809868,48.3235375436778,4.92762947017359
pn_K4,比例导引法 K=4,missile_pn_K4,missile,4.22453193670106,3218.1375379375,30000,2709.36981665837,41.9024673426192,48.0975326573808,0,1000,4041.64461566598,34.5243863531455,0.690270942275735,48.1900026942212,4.91401270507474
pn_K4,比例导引法 K=4,missile_pn_K4,missile,4.23453193670106,3224.81439040326,30000,2716.81425345511,41.8748947849615,48.1251052150384,0,1000,4027.80507445871,34.53127949436,0.688357120964838,48.0563927615413,4.90038828361788
pn_K4,比例导引法 K=4,missile_pn_K4,missile,4.24453193670106,3231.48766457121,30000,2724.26189804653,41.8473988017871,48.1526011982129,0,1000,4013.96672089298,34.5381534919636,0.686442219297913,47.9227074057822,4.88675617114735
pn_K4,比例导引法 K=4,missile_pn_K4,missile,4.25453193670106,3238.15736886092,30000,2731.71273979625,41.8199794363896,48.1800205636104,0,1000,4000.1295529815,34.5450083351284,0.684526232366152,47.7889462842445,4.87311633271755
pn_K4,比例导引法 K=4,missile_pn_K4,missile,4.26453193670106,3244.82351171122,30000,2739.16676807642,41.7926367322541,48.2073632677459,0,1000,3986.29356872397,34.5518440129769,0.682609155219584,47.6551090513551,4.8594687330898
pn_K4,比例导引法 K=4,missile_pn_K4,missile,4.27453193670106,3251.48610158023,30000,2746.62397226768,41.7653707331269,48.2346292668731,0,1000,3972.45876610713,34.5586605145821,0.680690982866677,47.5211953586393,4.8458133367296
pn_K4,比例导引法 K=4,missile_pn_K4,missile,4.28453193670106,3258.14514694534,30000,2754.08434175913,41.7381814829588,48.2618185170412,0,1000,3958.62514310476,34.5654578289668,0.678771710273923,47.3872048546919,4.83215010780357
pn_K4,比例导引法 K=4,missile_pn_K4,missile,4.29453193670106,3264.80065630318,30000,2761.54786594825,41.7110690258002,48.2889309741998,0,1000,3944.79269767768,34.5722359451032,0.676851332365401,47.2531371851468,4.81847901017645
pn_K4,比例导引法 K=4,missile_pn_K4,missile,4.30453193670106,3271.45263816962,30000,2769.01453424095,41.6840334059726,48.3159665940274,0,1000,3930.96142777378,34.5789948519126,0.674929844022353,47.1189919926473,4.80480000740796
pn_K4,比例导引法 K=4,missile_pn_K4,missile,4.31453193670106,3278.10110107975,30000,2776.48433605141,41.657074668048,48.342925331952,0,1000,3917.13133132804,34.585734538265,0.673007240082763,46.9847689168167,4.79111306274994
pn_K4,比例导引法 K=4,missile_pn_K4,missile,4.32453193670106,3284.74605358789,30000,2783.95726080215,41.630192856673,48.369807143327,0,1000,3903.30240626254,34.5924549929783,0.671083515340891,46.8504675942257,4.7774181391429
pn_K4,比例导引法 K=4,missile_pn_K4,missile,4.33453193670106,3291.38750426753,30000,2791.43329792392,41.6033880168181,48.3966119831819,0,1000,3889.47465048646,34.5991562048183,0.669158664546839,46.7160876583624,4.76371519921302
pn_K4,比例导引法 K=4,missile_pn_K4,missile,4.34453193670106,3298.02546171137,30000,2798.91243685567,41.576660193689,48.423339806311,0,1000,3875.64806189611,34.6058381624981,0.667232682406089,46.5816287395995,4.75000420526883
pn_K4,比例导引法 K=4,missile_pn_K4,missile,4.35453193670106,3304.65993453128,30000,2806.39466704451,41.5500094325595,48.4499905674405,0,1000,3861.82263837497,34.6125008546775,0.665305563579036,46.4470904651626,4.73628511929788
pn_K4,比例导引法 K=4,missile_pn_K4,missile,4.36453193670106,3311.29093135829,30000,2813.87997794571,41.5234357790343,48.4765642209657,0,1000,3847.99837779366,34.6191442699628,0.663377302680531,46.312472459097,4.7225579029635
pn_K4,比例导引法 K=4,missile_pn_K4,missile,4.37453193670106,3317.9184608426,30000,2821.36835902258,41.4969392789459,48.5030607210541,0,1000,3834.17527800996,34.6257683969061,0.661447894279394,46.1777743422352,4.70882251760134
pn_K4,比例导引法 K=4,missile_pn_K4,missile,4.38453193670106,3324.54253165354,30000,2828.85979974649,41.4705199782271,48.5294800217729,0,1000,3820.35333686886,34.6323732240051,0.659517332897934,46.0429957321619,4.6950789242159
pn_K4,比例导引法 K=4,missile_pn_K4,missile,4.39453193670106,3331.16315247957,30000,2836.3542895968,41.4441779231894,48.5558220768106,0,1000,3806.53255220255,34.6389587397024,0.657585613011459,45.9081362431809,4.68132708347712
pn_K4,比例导引法 K=4,missile_pn_K4,missile,4.40453193670106,3337.78033202831,30000,2843.85181806082,41.417913160262,48.582086839738,0,1000,3792.71292183043,34.6455249323851,0.655652729047767,45.7731954862792,4.6675669557167
pn_K4,比例导引法 K=4,missile_pn_K4,missile,4.41453193670106,3344.39407902644,30000,2851.35237463376,41.3917257360776,48.6082742639224,0,1000,3778.89444355914,34.6520717903843,0.653718675386658,45.6381730690928,4.65379850092465
pn_K4,比例导引法 K=4,missile_pn_K4,missile,4.42453193670106,3351.00440221978,30000,2858.8559488187,41.3656156975504,48.6343843024496,0,1000,3765.07711518256,34.6585993019749,0.651783446359404,45.5030685958698,4.64002167874553
pn_K4,比例导引法 K=4,missile_pn_K4,missile,4.43453193670106,3357.61131037324,30000,2866.36253012656,41.3395830918423,48.6604169081576,0,1000,3751.26093448184,34.6651074553746,0.649847036248233,45.3678816674344,4.6262364484747
pn_K4,比例导引法 K=4,missile_pn_K4,missile,4.44453193670106,3364.21481227082,30000,2873.87210807599,41.3136279663221,48.6863720336779,0,1000,3737.4458992254,34.6715962387437,0.6479094392858,45.23261188115,4.61244276905467
pn_K4,比例导引法 K=4,missile_pn_K4,missile,4.45453193670106,3370.81491671559,30000,2881.3846721934,41.2877503685091,48.7122496314909,0,1000,3723.63200716895,34.6780656401848,0.645970649654638,45.0972588308808,4.59864059907112
pn_K4,比例导引法 K=4,missile_pn_K4,missile,4.46453193670106,3377.41163252969,30000,2888.90021201288,41.2619503463009,48.7380496536991,0,1000,3709.81925605551,34.6845156477417,0.644030661486632,44.9618221069551,4.58482989674915
pn_K4,比例导引法 K=4,missile_pn_K4,missile,4.47453193670106,3384.00496855435,30000,2896.41871707615,41.2362279477169,48.7637720522831,0,1000,3696.0076436154,34.6909462493996,0.642089468862453,44.8263012961256,4.57101061994928
pn_K4,比例导引法 K=4,missile_pn_K4,missile,4.48453193670106,3390.59493364981,30000,2903.94017693253,41.2105832210392,48.7894167789608,0,1000,3682.1971675663,34.6973574330842,0.640147065810989,44.6906959815303,4.5571827261634
pn_K4,比例导引法 K=4,missile_pn_K4,missile,4.49453193670106,3397.1815366954,30000,2911.46458113888,41.1850162148917,48.8149837851083,0,1000,3668.38782561321,34.703749186661,0.638203446308771,44.5550057426516,4.54334617251065
pn_K4,比例导引法 K=4,missile_pn_K4,missile,4.50453193670106,3403.76478658948,30000,2918.99191925955,41.1595269779763,48.8404730220237,0,1000,3654.57961544851,34.7101214979353,0.63625860427941,44.4192301552776,4.52950091573346
pn_K4,比例导引法 K=4,missile_pn_K4,missile,4.51453193670106,3410.34469224943,30000,2926.52218086636,41.134115559297,48.865884440703,0,1000,3640.77253475195,34.7164743546511,0.634312533592986,44.283368791459,4.51564691219315
pn_K4,比例导引法 K=4,missile_pn_K4,missile,4.52453193670106,3416.92126261167,30000,2934.05535553852,41.1087820081994,48.8912179918006,0,1000,3626.96658119065,34.722807744491,0.632365228065456,44.1474212194682,4.50178411786576
pn_K4,比例导引法 K=4,missile_pn_K4,missile,4.53453193670106,3423.49450663166,30000,2941.5914328626,41.083526374163,48.916473625837,0,1000,3613.16175241916,34.7291216550755,0.630416681458044,44.0113870037566,4.48791248833767
pn_K4,比例导引法 K=4,missile_pn_K4,missile,4.54453193670106,3430.06443328385,30000,2949.13040243248,41.0583487069487,48.9416512930513,0,1000,3599.35804607941,34.7354160739623,0.628466887476623,43.8752657049112,4.47403197880124
pn_K4,比例导引法 K=4,missile_pn_K4,missile,4.55453193670106,3436.63105156173,30000,2956.6722538493,41.0332490565944,48.9667509434056,0,1000,3585.55545980078,34.7416909886459,0.626515839771081,43.7390568796104,4.46014254405025
pn_K4,比例导引法 K=4,missile_pn_K4,missile,4.56453193670106,3443.19437047778,30000,2964.21697672141,41.0082274733749,48.9917725266251,0,1000,3571.75399120009,34.7479463865572,0.624563531934683,43.6027600805799,4.44624413847541
pn_K4,比例导引法 K=4,missile_pn_K4,missile,4.57453193670106,3449.7543990635,30000,2971.76456066432,40.9832840078206,49.0167159921794,0,1000,3557.95363788161,34.7541822550626,0.622609957503421,43.4663748565467,4.43233671605968
pn_K4,比例导引法 K=4,missile_pn_K4,missile,4.58453193670106,3456.31114636937,30000,2979.31499530065,40.9584187107169,49.0415812892831,0,1000,3544.15439743707,34.7603985814636,0.620655109955359,43.3299007521938,4.41842023037365
pn_K4,比例导引法 K=4,missile_pn_K4,missile,4.59453193670106,3462.86462146488,30000,2986.86827026008,40.9336316331508,49.0663683668492,0,1000,3530.3562674457,34.7665953529961,0.618698982709954,43.1933373081126,4.40449463457069
pn_K4,比例导引法 K=4,missile_pn_K4,missile,4.60453193670106,3469.41483343853,30000,2994.42437517932,40.9089228264191,49.0910771735809,0,1000,3516.55924547419,34.77277255683,0.616741569127378,43.0566840607558,4.39055988138211
pn_K4,比例导引法 K=4,missile_pn_K4,missile,4.61453193670106,3475.96179139778,30000,3001.98329970202,40.8842923421071,49.1157076578929,0,1000,3502.76332907678,34.7789301800685,0.614782862507822,42.9199405423884,4.37661592311221
pn_K4,比例导引法 K=4,missile_pn_K4,missile,4.62453193670106,3482.50550446909,30000,3009.54503347874,40.8597402320678,49.1402597679322,0,1000,3488.96851579519,34.7850682097475,0.612822856090788,42.7831062810385,4.36266271163328
pn_K4,比例导引法 K=4,missile_pn_K4,missile,4.63453193670106,3489.04598179792,30000,3017.10956616693,40.8352665484589,49.1647334515411,0,1000,3475.17480315868,34.7911866328349,0.610861543054387,42.6461808004486,4.34870019838055
pn_K4,比例导引法 K=4,missile_pn_K4,missile,4.64453193670106,3495.5832325487,30000,3024.6768874308,40.8108713436462,49.1891286563538,0,1000,3461.38218868407,34.7972854362303,0.608898916514596,42.5091636200231,4.33472833434691
pn_K4,比例导引法 K=4,missile_pn_K4,missile,4.65453193670106,3502.11726590484,30000,3032.24698694136,40.7865546703373,49.2134453296627,0,1000,3447.59066987571,34.8033646067637,0.606934969524518,42.3720542547771,4.32074707007766
pn_K4,比例导引法 K=4,missile_pn_K4,missile,4.66453193670106,3508.64809106876,30000,3039.81985437629,40.7623165815061,49.2376834184939,0,1000,3433.80024422554,34.8094241311959,0.604969695073634,42.2348522152841,4.3067563556652
pn_K4,比例导引法 K=4,missile_pn_K4,missile,4.67453193670106,3515.17571726183,30000,3047.39547941994,40.7381571303168,49.2618428696832,0,1000,3420.01090921308,34.8154639962168,0.603003086087048,42.0975570076232,4.29275614074359
pn_K4,比例导引法 K=4,missile_pn_K4,missile,4.68453193670106,3521.70015372441,30000,3054.97385176325,40.7140763703815,49.2859236296185,0,1000,3406.22266230541,34.8214841884454,0.601035135424682,41.9601681333228,4.27874637448291
pn_K4,比例导引法 K=4,missile_pn_K4,missile,4.69453193670105,3528.22140971585,30000,3062.55496110368,40.6900743554723,49.3099256445277,0,1000,3392.43550095726,34.827484694429,0.599065835880505,41.8226850893072,4.26472700558368
pn_K4,比例导引法 K=4,missile_pn_K4,missile,4.70453193670105,3534.73949451448,30000,3070.13879714523,40.6661511396624,49.3338488603376,0,1000,3378.64942261094,34.8334655006425,0.597095180181723,41.6851073678394,4.25069798227115
pn_K4,比例导引法 K=4,missile_pn_K4,missile,4.71453193670105,3541.25441741761,30000,3077.72534959829,40.6423067774102,49.3576932225898,0,1000,3364.8644246964,34.8394265934876,0.595123160987968,41.5474344564652,4.23665925228954
pn_K4,比例导引法 K=4,missile_pn_K4,missile,4.72453193670105,3547.76618774154,30000,3085.31460817964,40.6185413233522,49.3814586766478,0,1000,3351.08050463124,34.8453679592926,0.593149770890436,41.4096658379525,4.22261076289584
pn_K4,比例导引法 K=4,missile_pn_K4,missile,4.73453193670105,3554.27481482155,30000,3092.9065626124,40.5948548324685,49.4051451675315,0,1000,3337.29765982069,34.8512895843108,0.591175002411084,41.2718009902353,4.20855246085415
pn_K4,比例导引法 K=4,missile_pn_K4,missile,4.74453193670105,3560.78030801192,30000,3100.50120262595,40.5712473601207,49.4287526398793,0,1000,3323.51588765765,34.857191454721,0.589198848001724,41.1338393863508,4.1944842924292
pn_K4,比例导引法 K=4,missile_pn_K4,missile,4.75453193670105,3567.28267668592,30000,3108.09851795586,40.5477189618231,49.4522810381769,0,1000,3309.7351855227,34.8630735566257,0.587221300043181,40.9957804943801,4.18040620338037
pn_K4,比例导引法 K=4,missile_pn_K4,missile,4.76453193670105,3573.7819302358,30000,3115.6984983439,40.5242696934772,49.4757303065228,0,1000,3295.95555078409,34.8689358760511,0.585242350844385,40.8576237773854,4.16631813895524
pn_K4,比例导引法 K=4,missile_pn_K4,missile,4.77453193670105,3580.27807807283,30000,3123.3011335379,40.5008996113209,49.4991003886791,0,1000,3282.17698079778,34.8747783989459,0.58326199264146,40.7193686933457,4.15222004388305
pn_K4,比例导引法 K=4,missile_pn_K4,missile,4.78453193670105,3586.77112962726,30000,3130.90641329175,40.4776087718495,49.5223912281505,0,1000,3268.39947290742,34.8806011111811,0.581280217596808,40.5810146950935,4.13811186236824
pn_K4,比例导引法 K=4,missile_pn_K4,missile,4.79453193670105,3593.26109434838,30000,3138.51432736533,40.4543972318951,49.5456027681049,0,1000,3254.62302444439,34.8864039985487,0.579297017798175,40.4425612302494,4.12399353808379
pn_K4,比例导引法 K=4,missile_pn_K4,missile,4.80453193670105,3599.74798170446,30000,3146.12486552444,40.4312650486302,49.5687349513698,0,1000,3240.8476327278,34.8921870467613,0.577312385257664,40.3040077411529,4.10986501416415
pn_K4,比例导引法 K=4,missile_pn_K4,missile,4.81453193670105,3606.23180118281,30000,3153.73801754073,40.4082122795211,49.5917877204789,0,1000,3227.07329506447,34.8979502414512,0.575326311910811,40.1653536647981,4.09572623319871
pn_K4,比例导引法 K=4,missile_pn_K4,missile,4.82453193670105,3612.71256228975,30000,3161.35377319169,40.3852389823259,49.6147610176741,0,1000,3213.300008749,34.9036935681697,0.573338789615556,40.0265984327621,4.08157713722444
pn_K4,比例导引法 K=4,missile_pn_K4,missile,4.83453193670105,3619.19027455063,30000,3168.97212226053,40.3623452151908,49.6376547848092,0,1000,3199.52777106374,34.9094170123863,0.571349810151249,39.8877414711353,4.06741766771887
pn_K4,比例导引法 K=4,missile_pn_K4,missile,4.84453193670105,3625.66494750984,30000,3176.59305453617,40.3395310365684,49.6604689634316,0,1000,3185.75657927878,34.9151205594878,0.569359365217612,39.7487822004489,4.05324776559262
pn_K4,比例导引法 K=4,missile_pn_K4,missile,4.85453193670105,3632.13659073083,30000,3184.21655981316,40.3167965052835,49.6832034947165,0,1000,3171.98643065203,34.9208041947778,0.567367446433711,39.6097200356033,4.03906737118213
pn_K4,比例导引法 K=4,missile_pn_K4,missile,4.86453193670105,3638.60521379608,30000,3191.84262789159,40.2941416804022,49.7058583195978,0,1000,3158.21732242916,34.9264679034755,0.565374045336881,39.4705543857931,4.02487642424203
pn_K4,比例导引法 K=4,missile_pn_K4,missile,4.87453193670105,3645.07082630713,30000,3199.47124857709,40.2715666214173,49.7284333785827,0,1000,3144.44925184364,34.932111670715,0.563379153381644,39.3312846544313,4.01067486393736
pn_K4,比例导引法 K=4,missile_pn_K4,missile,4.88453193670105,3651.53343788461,30000,3207.10241168071,40.249071388136,49.750928611864,0,1000,3130.68221611675,34.9377354815448,0.561382761938602,39.1919102390724,3.99646262883578
pn_K4,比例导引法 K=4,missile_pn_K4,missile,4.89453193670105,3657.9930581682,30000,3214.7361070189,40.2266560406666,49.7733439593334,0,1000,3116.9162124576,34.9433393209264,0.559384862293326,39.0524305313345,3.9822396568996
pn_K4,比例导引法 K=4,missile_pn_K4,missile,4.90453193670105,3664.44969681669,30000,3222.37232441343,40.2043206395773,49.7956793604227,0,1000,3103.1512380631,34.948923173734,0.557385445645197,38.9128449168183,3.96800588547754
pn_K4,比例导引法 K=4,missile_pn_K4,missile,4.91453193670105,3670.90336350796,30000,3230.01105369131,40.1820652457065,49.8179347542935,0,1000,3089.387290118,34.9544870247531,0.555384503106255,38.7731527750273,3.95376125129655
pn_K4,比例导引法 K=4,missile_pn_K4,missile,4.92453193670105,3677.35406793899,30000,3237.65228468475,40.1598899202639,49.8401100797361,0,1000,3075.62436579492,34.9600308586799,0.553382025699983,38.6333534792823,3.93950569045314
pn_K4,比例导引法 K=4,missile_pn_K4,missile,4.93453193670105,3683.8018198259,30000,3245.2960072311,40.1377947248465,49.8622052751535,0,1000,3061.86246225429,34.9655546601206,0.551378004360144,38.4934463966407,3.92523913840513
pn_K4,比例导引法 K=4,missile_pn_K4,missile,4.94453193670105,3690.24662890393,30000,3252.94221117276,40.1157797213451,49.8842202786549,0,1000,3048.10157664442,34.9710584135902,0.549372429929507,38.3534308878069,3.91096152996252
pn_K4,比例导引法 K=4,missile_pn_K4,missile,4.95453193670105,3696.68850492745,30000,3260.59088635714,40.0938449720791,49.9061550279209,0,1000,3034.3417061015,34.9765421035114,0.547365293158605,38.2133063070466,3.89667279927872
pn_K4,比例导引法 K=4,missile_pn_K4,missile,4.96453193670105,3703.12745767002,30000,3268.24202263659,40.0719905397897,49.9280094602103,0,1000,3020.58284774957,34.9820057142144,0.54535658470447,38.0730720020974,3.88237287984147
pn_K4,比例导引法 K=4,missile_pn_K4,missile,4.97453193670105,3709.56349692434,30000,3275.89560986829,40.0502164874809,49.9497835125191,0,1000,3006.82499870058,34.9874492299351,0.543346295129309,37.9327273140771,3.86806170446351
pn_K4,比例导引法 K=4,missile_pn_K4,missile,4.98453193670105,3715.99663250231,30000,3283.55163791427,40.0285228785922,49.9714771214078,0,1000,2993.06815605436,34.9928726348148,0.541334414899178,37.7922715773908,3.85373920527304
pn_K4,比例导引法 K=4,missile_pn_K4,missile,4.99453193670105,3722.42687423503,30000,3291.21009664126,40.0069097769718,49.9930902230282,0,1000,2979.31231689865,34.9982759128988,0.539320934382651,37.6517041196382,3.83940531370429
pn_K4,比例导引法 K=4,missile_pn_K4,missile,5.00453193670105,3728.85423197281,30000,3298.87097592067,39.9853772467837,50.0146227532163,0,1000,2965.55747830907,35.0036590481358,0.537305843849405,37.5110242615146,3.82505996048748
pn_K4,比例导引法 K=4,missile_pn_K4,missile,5.01453193670105,3735.27871558518,30000,3306.5342656285,39.9639253526472,50.0360746473528,0,1000,2951.80363734919,35.0090220243763,0.535289133468838,37.3702313167144,3.81070307563892
pn_K4,比例导引法 K=4,missile_pn_K4,missile,5.02453193670105,3741.70033496094,30000,3314.19995564529,39.9425541595941,50.0574458404059,0,1000,2938.05079107049,35.0143648253725,0.533270793308632,37.2293245918311,3.7963345884508
pn_K4,比例导引法 K=4,missile_pn_K4,missile,5.03453193670105,3748.11910000814,30000,3321.86803585602,39.921263732923,50.078736267077,0,1000,2924.29893651236,35.0196874347765,0.53125081333328,37.0883033862541,3.78195442748075
pn_K4,比例导引法 K=4,missile_pn_K4,missile,5.04453193670105,3754.53502065409,30000,3329.53849615009,39.900054138491,50.099945861509,0,1000,2910.54807070216,35.0249898361394,0.529229183402604,36.9471669920655,3.76756252054121
pn_K4,比例导引法 K=4,missile_pn_K4,missile,5.05453193670105,3760.94810684545,30000,3337.21132642119,39.8789254425369,50.1210745574631,0,1000,2896.79819065517,35.0302720129105,0.527205893270223,36.8059146939329,3.75315879468859
pn_K4,比例导引法 K=4,missile_pn_K4,missile,5.06453193670105,3767.35836854814,30000,3344.88651656726,39.8578777116009,50.1421222883991,0,1000,2883.04929337463,35.0355339484363,0.525180932582027,36.6645457690029,3.73874317621236
pn_K4,比例导引法 K=4,missile_pn_K4,missile,5.07453193670105,3773.76581574746,30000,3352.56405649044,39.836911012734,50.1630889872659,0,1000,2869.30137585172,35.0407756259588,0.523154290874575,36.5230594867899,3.72431559062369
pn_K4,比例导引法 K=4,missile_pn_K4,missile,5.08453193670105,3780.17045844804,30000,3360.24393609696,39.8160254134027,50.1839745865973,0,1000,2855.5544350656,35.0459970286151,0.521125957573474,36.3814551090616,3.70987596264388
pn_K4,比例导引法 K=4,missile_pn_K4,missile,5.09453193670105,3786.5723066739,30000,3367.92614529707,39.7952209815345,50.2047790184655,0,1000,2841.80846798338,35.051198139436,0.519095921991745,36.2397318897264,3.69542421619272
pn_K4,比例导引法 K=4,missile_pn_K4,missile,5.10453193670105,3792.97137046847,30000,3375.61067400499,39.7744977853447,50.2255022146553,0,1000,2828.06347156017,35.0563789413447,0.517064173328169,36.0978890747168,3.68096027437676
pn_K4,比例导引法 K=4,missile_pn_K4,missile,5.11453193670105,3799.36765989457,30000,3383.29751213884,39.7538558936344,50.2461441063656,0,1000,2814.31944273902,35.0615394171559,0.515030700665529,35.9559259018674,3.66648405947672
pn_K4,比例导引法 K=4,missile_pn_K4,missile,5.12453193670105,3805.7611850345,30000,3390.98664962051,39.733295375589,50.266704624411,0,1000,2800.576378451,35.0666795495746,0.512995492968884,35.8138416007938,3.65199549293528
pn_K4,比例导引法 K=4,missile_pn_K4,missile,5.13453193670105,3812.15195598999,30000,3398.67807637566,39.712816300749,50.287183699251,0,1000,2786.83427561515,35.0717993211947,0.510958539083793,35.6716353927692,3.63749449534441
pn_K4,比例导引法 K=4,missile_pn_K4,missile,5.14453193670105,3818.53998288228,30000,3406.3717823336,39.6924187392977,50.3075812607023,0,1000,2773.09313113851,35.076898714498,0.508919827734469,35.5293064905953,3.6229809864322
pn_K4,比例导引法 K=4,missile_pn_K4,missile,5.15453193670105,3824.92527585213,30000,3414.0677574272,39.6721027617262,50.3278972382738,0,1000,2759.35294191611,35.0819777118531,0.506879347521954,35.3868540984746,3.6084548850499
pn_K4,比例导引法 K=4,missile_pn_K4,missile,5.16453193670104,3831.30784505984,30000,3421.76599159288,39.6518684389668,50.3481315610332,0,1000,2745.61370483099,35.0870362955139,0.504837086922203,35.244277411877,3.59391610915827
pn_K4,比例导引法 K=4,missile_pn_K4,missile,5.17453193670104,3837.68770068525,30000,3429.46647477044,39.6317158425434,50.3682841574566,0,1000,2731.8754167542,35.0920744476181,0.502793034284128,35.101575617403,3.57936457581366
pn_K4,比例导引法 K=4,missile_pn_K4,missile,5.18453193670104,3844.06485292784,30000,3437.16919690306,39.6116450443416,50.3883549556584,0,1000,2718.13807454478,35.0970921501868,0.500747177827671,34.9587478926496,3.56480020115428
pn_K4,比例导引法 K=4,missile_pn_K4,missile,5.19453193670104,3850.43931200666,30000,3444.87414793717,39.591656116752,50.408343883248,0,1000,2704.40167504983,35.1020893851223,0.498699505641741,34.8157934060656,3.55022290038552
pn_K4,比例导引法 K=4,missile_pn_K4,missile,5.20453193670104,3856.81108816046,30000,3452.58131782241,39.5717491326343,50.4282508673657,0,1000,2690.66621510441,35.1070661342071,0.496650005682173,34.6727113168099,3.53563258776543
pn_K4,比例导引法 K=4,missile_pn_K4,missile,5.21453193670104,3863.18019164762,30000,3460.29069651152,39.5519241653411,50.4480758346588,0,1000,2676.93169153164,35.1120223791028,0.49459866576961,34.5295007746027,3.52102917658963
pn_K4,比例导引法 K=4,missile_pn_K4,missile,5.22453193670104,3869.54663274627,30000,3468.00227396027,39.5321812887575,50.4678187112425,0,1000,2663.19810114266,35.1169581013483,0.492545473587362,34.386160919577,3.50641257917606
pn_K4,比例导引法 K=4,missile_pn_K4,missile,5.23453193670104,3875.91042175425,30000,3475.71604012737,39.5125205771861,50.4874794228139,0,1000,2649.46544073662,35.1218732823588,0.490490416679215,34.2426908821249,3.49178270684942
pn_K4,比例导引法 K=4,missile_pn_K4,missile,5.24453193670104,3882.27156898918,30000,3483.4319849744,39.4929421054774,50.5070578945226,0,1000,2635.73370710071,35.1267679034241,0.488433482447153,34.099089782739,3.4771394699249
pn_K4,比例导引法 K=4,missile_pn_K4,missile,5.25453193670104,3888.63008478849,30000,3491.15009846573,39.4734459489999,50.5265540510001,0,1000,2622.00289701016,35.1316419457075,0.486374658149109,33.9553567318553,3.4624827776922
pn_K4,比例导引法 K=4,missile_pn_K4,missile,5.26453193670104,3894.98597950944,30000,3498.87037056841,39.4540321835827,50.5459678164173,0,1000,2608.27300722822,35.1364953902439,0.484313930896582,33.8114908296866,3.4478125383986
pn_K4,比例导引法 K=4,missile_pn_K4,missile,5.27453193670104,3901.33926352915,30000,3506.59279125212,39.4347008856225,50.5652991143775,0,1000,2594.54403450618,35.1413282179388,0.482251287652281,33.6674911660583,3.43312865923208
pn_K4,比例导引法 K=4,missile_pn_K4,missile,5.28453193670104,3907.68994724467,30000,3514.31735048906,39.4154521320065,50.5845478679935,0,1000,2580.81597558337,35.1461404095664,0.48018671522765,33.5233568202356,3.41843104630384
pn_K4,比例导引法 K=4,missile_pn_K4,missile,5.29453193670104,3914.03804107295,30000,3522.04403825387,39.3962860002059,50.6037139997941,0,1000,2567.08882718715,35.1509319457683,0.478120200280336,33.3790868607463,3.40371960463016
pn_K4,比例导引法 K=4,missile_pn_K4,missile,5.30453193670104,3920.38355545096,30000,3529.77284452353,39.3772025681583,50.6227974318417,0,1000,2553.36258603292,35.1557028070519,0.476051729311699,33.2346803452078,3.38899423811473
pn_K4,比例导引法 K=4,missile_pn_K4,missile,5.31453193670104,3926.72650083565,30000,3537.50375927733,39.3582019143733,50.6417980856267,0,1000,2539.63724882414,35.160452973789,0.473981288664157,33.0901363201409,3.37425484952975
pn_K4,比例导引法 K=4,missile_pn_K4,missile,5.32453193670104,3933.06688770404,30000,3545.23677249668,39.3392841179605,50.6607158820395,0,1000,2525.91281225227,35.1651824262136,0.471908864518504,32.9454538207829,3.3595013404968
pn_K4,比例导引法 K=4,missile_pn_K4,missile,5.33453193670104,3939.40472655323,30000,3552.97187416512,39.3204492584726,50.6795507415274,0,1000,2512.18927299685,35.1698911444211,0.469834442891176,32.8006318708971,3.34473361146744
pn_K4,比例导引法 K=4,missile_pn_K4,missile,5.34453193670104,3945.74002790046,30000,3560.70905426818,39.3016974161764,50.6983025838236,0,1000,2498.46662772543,35.174579108366,0.467758009631476,32.6556694825784,3.32995156170338
pn_K4,比例导引法 K=4,missile_pn_K4,missile,5.35453193670104,3952.07280228315,30000,3568.44830279328,39.2830286717548,50.7169713282452,0,1000,2484.74487309362,35.1792462978606,0.465679550418686,32.510565656052,3.31515508925597
pn_K4,比例导引法 K=4,missile_pn_K4,missile,5.36453193670104,3958.4030602589,30000,3576.18960972968,39.2644431065339,50.7355568934661,0,1000,2471.02400574505,35.1838926925729,0.463599050759148,32.3653193794698,3.30034409094541
pn_K4,比例导引法 K=4,missile_pn_K4,missile,5.37453193670104,3964.73081240561,30000,3583.93296506835,39.2459408024907,50.7540591975093,0,1000,2457.3040223114,35.1885182720254,0.461516495983273,32.2199296287012,3.28551846233945
pn_K4,比例导引法 K=4,missile_pn_K4,missile,5.38453193670104,3971.05606932145,30000,3591.67835880188,39.2275218420588,50.7724781579412,0,1000,2443.58491941238,35.1931230155927,0.459431871242452,32.0743953671178,3.27067809773141
pn_K4,比例导引法 K=4,missile_pn_K4,missile,5.39453193670104,3977.37884162494,30000,3599.42578092441,39.2091863083798,50.7908136916202,0,1000,2429.86669365573,35.1977069025002,0.457345161505941,31.9287155453756,3.25582289011799
pn_K4,比例导引法 K=4,missile_pn_K4,missile,5.40453193670104,3983.69913995502,30000,3607.17522143152,39.1909342851568,50.8090657148432,0,1000,2416.14934163722,35.2022699118221,0.455256351557651,31.7828891011913,3.24095273117643
pn_K4,比例导引法 K=4,missile_pn_K4,missile,5.41453193670104,3990.01697497103,30000,3614.92667032012,39.1727658566671,50.8272341433329,0,1000,2402.43285994067,35.2068120224794,0.453165425992834,31.6369149591106,3.2260675112409
pn_K4,比例导引法 K=4,missile_pn_K4,missile,5.42453193670104,3996.33235735281,30000,3622.68011758837,39.1546811079015,50.8453188920985,0,1000,2388.7172451379,35.211333213238,0.451072369214715,31.4907920302731,3.21116711927857
pn_K4,比例导引法 K=4,missile_pn_K4,missile,5.43453193670104,4002.64529780076,30000,3630.43555323559,39.1366801244058,50.8633198755942,0,1000,2375.00249378876,35.215833462707,0.448977165431082,31.3445192121746,3.19625144286526
pn_K4,比例导引法 K=4,missile_pn_K4,missile,5.44453193670104,4008.95580703583,30000,3638.19296726213,39.1187629923664,50.8812370076336,0,1000,2361.28860244111,35.2203127493366,0.446879798650721,31.1980953884176,3.18132036816014
pn_K4,比例导引法 K=4,missile_pn_K4,missile,5.45453193670104,4015.26389579963,30000,3645.9523496693,39.1009297986303,50.8990702013697,0,1000,2347.57556763086,35.2247710514161,0.444780252679809,31.05151942846,3.16637377987998
pn_K4,比例导引法 K=4,missile_pn_K4,missile,5.46453193670104,4021.56957485445,30000,3653.71369045926,39.0831806306664,50.9168193693336,0,1000,2333.86338588188,35.2292083470716,0.442678511118192,30.9047901873551,3.15141156127272
pn_K4,比例导引法 K=4,missile_pn_K4,missile,5.47453193670104,4027.87285498332,30000,3661.47697963491,39.0655155767106,50.9344844232894,0,1000,2320.1520537061,35.2336246142644,0.440574557355608,30.7579065054878,3.13643359409052
pn_K4,比例导引法 K=4,missile_pn_K4,missile,5.48453193670104,4034.1737469901,30000,3669.24220719979,39.0479347255594,50.9520652744406,0,1000,2306.4415676034,35.2380198307886,0.438468374567802,30.6108672083037,3.12143975856217
pn_K4,比例导引法 K=4,missile_pn_K4,missile,5.49453193670104,4040.47226169946,30000,3677.00936315798,39.0304381666412,50.9695618333588,0,1000,2292.73192406169,35.2423939742689,0.436359945712526,30.4636711060292,3.10642993336452
pn_K4,比例导引法 K=4,missile_pn_K4,missile,5.50453193670104,4046.768409957,30000,3684.778437514,39.0130259902311,50.9869740097689,0,1000,2279.02311955685,35.2467470221585,0.434249253525446,30.3163169933865,3.09140399559345
pn_K4,比例导引法 K=4,missile_pn_K4,missile,5.51453193670104,4053.06220262931,30000,3692.54942027269,38.9956982871813,51.0043017128187,0,1000,2265.31515055276,35.2510789517367,0.43213628051596,30.1688036493013,3.07636182073402
pn_K4,比例导引法 K=4,missile_pn_K4,missile,5.52453193670104,4059.35365060397,30000,3700.32230143911,38.9784551490844,51.0215448509155,0,1000,2251.60801350126,35.255389740107,0.430021008962891,30.021129836602,3.06130328262985
pn_K4,比例导引法 K=4,missile_pn_K4,missile,5.53453193670104,4065.6427647897,30000,3708.09707101844,38.961296668257,51.038703331743,0,1000,2237.90170484218,35.2596793641943,0.427903420910124,29.8732943017152,3.04622825345202
pn_K4,比例导引法 K=4,missile_pn_K4,missile,5.54453193670104,4071.92955611632,30000,3715.87371901584,38.9442229376666,51.0557770623334,0,1000,2224.19622100328,35.2639478007429,0.425783498162033,29.7252957743468,3.03113660366658
pn_K4,比例导引法 K=4,missile_pn_K4,missile,5.55453193670104,4078.2140355349,30000,3723.65223543639,38.9272340511219,51.0727659488781,0,1000,2210.49155840031,35.2681950263138,0.423661222278879,29.57713296716,3.0160282020017
pn_K4,比例导引法 K=4,missile_pn_K4,missile,5.56453193670104,4084.49621401779,30000,3731.43261028493,38.9103301031312,51.0896698968688,0,1000,2196.78771343695,35.2724210172824,0.421536574572037,29.4288045754426,3.00090291541379
pn_K4,比例导引法 K=4,missile_pn_K4,missile,5.57453193670104,4090.77610255868,30000,3739.21483356597,38.893511188934,51.106488811066,0,1000,2183.0846825048,35.2766257498361,0.419409536099151,29.2803092767688,2.98576060905292
pn_K4,比例导引法 K=4,missile_pn_K4,missile,5.58453193670104,4097.05371217268,30000,3746.99889528357,38.8767774045414,51.1232225954586,0,1000,2169.38246198341,35.2808091999712,0.417280087659089,29.1316457306466,2.97060114622696
pn_K4,比例导引法 K=4,missile_pn_K4,missile,5.59453193670104,4103.32905389638,30000,3754.78478544123,38.8601288466929,51.1398711533071,0,1000,2155.68104824025,35.2849713434912,0.415148209786836,28.9828125781618,2.95542438836522
pn_K4,比例导引法 K=4,missile_pn_K4,missile,5.60453193670104,4109.60213878792,30000,3762.57249404178,38.843565613041,51.156434386959,0,1000,2141.98043763067,35.2891121560031,0.413013882748164,28.8338084416051,2.94023019498046
pn_K4,比例导引法 K=4,missile_pn_K4,missile,5.61453193670104,4115.8729779271,30000,3770.36201108723,38.8270878019416,51.1729121980584,0,1000,2128.28062649794,35.2932316129156,0.410877086534314,28.6846319241018,2.92501842363108
pn_K4,比例导引法 K=4,missile_pn_K4,missile,5.62453193670104,4122.14158241538,30000,3778.15332657869,38.8106955124941,51.1893044875059,0,1000,2114.58161117321,35.2973296894356,0.408737800856331,28.5352816092155,2.9097889298808
pn_K4,比例导引法 K=4,missile_pn_K4,missile,5.63453193670103,4128.40796337601,30000,3785.94643051622,38.7943888447977,51.2056111552023,0,1000,2100.8833879755,35.3014063605659,0.406596005139407,28.3857560605538,2.89454156725832
pn_K4,比例导引法 K=4,missile_pn_K4,missile,5.64453193670103,4134.67213195412,30000,3793.74131289872,38.7781678996158,51.2218321003842,0,1000,2087.18595321169,35.3054616011021,0.404451678517014,28.236053821358,2.87927618721562
pn_K4,比例导引法 K=4,missile_pn_K4,missile,5.65453193670103,4140.93409931674,30000,3801.53796372383,38.762032778575,51.237967221425,0,1000,2073.48930317651,35.3094953856294,0.402304799824856,28.0861734140818,2.86399263908489
pn_K4,比例导引法 K=4,missile_pn_K4,missile,5.66453193670103,4147.19387665292,30000,3809.33637298775,38.74598358423,51.25401641577,0,1000,2059.79343415252,35.3135076885202,0.40015534759466,27.9361133399568,2.84869077003429
pn_K4,比例导引法 K=4,missile_pn_K4,missile,5.67453193670103,4153.45147517381,30000,3817.13653068517,38.7300204199622,51.2699795800378,0,1000,2046.0983424101,35.3174984839303,0.398003300047852,27.7858720785517,2.83337042502299
pn_K4,比例导引法 K=4,missile_pn_K4,missile,5.68453193670103,4159.70690611273,30000,3824.93842680909,38.7141433900217,51.2858566099783,0,1000,2032.40402420744,35.3214677457964,0.395848635088966,27.6354480873121,2.8180314467542
pn_K4,比例导引法 K=4,missile_pn_K4,missile,5.69453193670103,4165.96018072527,30000,3832.74205135075,38.6983525995657,51.3016474004343,0,1000,2018.71047579053,35.3254154478327,0.393691330298951,27.4848398010928,2.80267367562754
pn_K4,比例导引法 K=4,missile_pn_K4,missile,5.70453193670103,4172.21131028937,30000,3840.54739429944,38.6826481546206,51.3173518453794,0,1000,2005.0176933931,35.3293415635272,0.391531362928222,27.3340456316734,2.78729694968959
pn_K4,比例导引法 K=4,missile_pn_K4,missile,5.71453193670103,4178.4603061054,30000,3848.35444564243,38.6670301621289,51.3329698378711,0,1000,1991.32567323668,35.333246066139,0.389368709889535,27.18306396726,2.77190110458311
pn_K4,比例导引法 K=4,missile_pn_K4,missile,5.72453193670103,4184.70717949626,30000,3856.16319536477,38.6514987300463,51.3485012699537,0,1000,1977.6344115305,35.3371289286947,0.387203347750698,27.031893171977,2.75648597349523
pn_K4,比例导引法 K=4,missile_pn_K4,missile,5.73453193670103,4190.95194180749,30000,3863.97363344921,38.6360539671907,51.3639460328093,0,1000,1963.94390447156,35.3409901239845,0.385035252726982,26.8805315853372,2.74105138710337
pn_K4,比例导引法 K=4,missile_pn_K4,missile,5.74453193670103,4197.19460440731,30000,3871.78574987601,38.6206959833674,51.3793040166326,0,1000,1950.25414824451,35.3448296245592,0.382864400673451,26.7289775217061,2.72559717352063
pn_K4,比例导引法 K=4,missile_pn_K4,missile,5.75453193670103,4203.4351786868,30000,3879.59953462287,38.6054248893296,51.3945751106704,0,1000,1936.56513902173,35.3486474027262,0.380690767076851,26.5772292697355,2.71012315823808
pn_K4,比例导引法 K=4,missile_pn_K4,missile,5.76453193670103,4209.67367605991,30000,3887.41497766473,38.5902407968238,51.4097592031762,0,1000,1922.87687296325,35.352443430546,0.378514327047509,26.4252850917986,2.6946291640671
pn_K4,比例导引法 K=4,missile_pn_K4,missile,5.77453193670103,4215.91010796361,30000,3895.23206897364,38.5751438186716,51.4248561813284,0,1000,1909.18934621674,35.3562176798281,0.376335055310774,26.2731432233919,2.67911501107839
pn_K4,比例导引法 K=4,missile_pn_K4,missile,5.78453193670103,4222.14448585801,30000,3903.05079851864,38.5601340686037,51.4398659313963,0,1000,1895.50255491749,35.3599701221276,0.374152926198411,26.1208018725345,2.66358051654077
pn_K4,比例导引法 K=4,missile_pn_K4,missile,5.79453193670103,4228.37682122641,30000,3910.87115626561,38.5452116614619,51.4547883385381,0,1000,1881.81649518842,35.3637007287407,0.371967913639485,25.9682592191317,2.64802549485622
pn_K4,比例导引法 K=4,missile_pn_K4,missile,5.80453193670103,4234.60712557546,30000,3918.69313217708,38.5303767131338,51.4696232868662,0,1000,1868.13116313999,35.3674094707007,0.369779991151221,25.8155134143372,2.63244975749488
pn_K4,比例导引法 K=4,missile_pn_K4,missile,5.81453193670103,4240.83541043522,30000,3926.51671621213,38.5156293404847,51.4843706595153,0,1000,1854.44655487025,35.3710963187743,0.367589131829371,25.6625625798801,2.61685311292644
pn_K4,比例导引法 K=4,missile_pn_K4,missile,5.82453193670103,4247.06168735932,30000,3934.34189832624,38.5009696616059,51.4990303383941,0,1000,1840.76266646476,35.3747612434568,0.365395308338456,25.5094048073838,2.60123536655063
pn_K4,比例导引法 K=4,missile_pn_K4,missile,5.83453193670103,4253.28596792504,30000,3942.16866847107,38.4863977956073,51.5136022043927,0,1000,1827.07949399659,35.378404214968,0.363198492901566,25.3560381576543,2.58559632062471
pn_K4,比例导引法 K=4,missile_pn_K4,missile,5.84453193670103,4259.50826373345,30000,3949.99701659441,38.4719138627182,51.5280861372818,0,1000,1813.39703352631,35.3820252032476,0.360998657289966,25.2024606599542,2.56993577418937
pn_K4,比例导引法 K=4,missile_pn_K4,missile,5.85453193670103,4265.72858640951,30000,3957.82693263992,38.4575179843543,51.5424820156457,0,1000,1799.71528110191,35.3856241779509,0.358795772812251,25.0486703112453,2.55425352299157
pn_K4,比例导引法 K=4,missile_pn_K4,missile,5.86453193670103,4271.94694760219,30000,3965.65840654702,38.443210282977,51.556789717023,0,1000,1786.03423275883,35.3892011084438,0.35658981030322,24.8946650754128,2.53854935940538
pn_K4,比例导引法 K=4,missile_pn_K4,missile,5.87453193670103,4278.16335898461,30000,3973.49142825076,38.4289908823508,51.5710091176492,0,1000,1772.35388451991,35.3927559637981,0.35438074011247,24.7404428824678,2.52282307235068
pn_K4,比例导引法 K=4,missile_pn_K4,missile,5.88453193670103,4284.37783225417,30000,3981.32598768158,38.414859907446,51.585140092554,0,1000,1758.67423239535,35.3962887127867,0.352168532092384,24.5860016277097,2.50707444720773
pn_K4,比例导引法 K=4,missile_pn_K4,missile,5.89453193670103,4290.59037913266,30000,3989.16207476519,38.4008174843091,51.5991825156909,0,1000,1744.99527238268,35.3997993238784,0.349953155586053,24.4313391708825,2.49130326573116
pn_K4,比例导引法 K=4,missile_pn_K4,missile,5.90453193670103,4296.8010113664,30000,3996.99967942242,38.3868637403237,51.6131362596763,0,1000,1731.31700046675,35.4032877652329,0.347734579414477,24.2764533352813,2.47550930595884
pn_K4,比例导引法 K=4,missile_pn_K4,missile,5.91453193670103,4303.00974072638,30000,4004.83879156899,38.372998804116,51.627001195884,0,1000,1717.63941261968,35.4067540046955,0.345512771863664,24.1213419068519,2.45969234212008
pn_K4,比例导引法 K=4,missile_pn_K4,missile,5.92453193670103,4309.21657900839,30000,4012.6794011154,38.3592228056048,51.6407771943952,0,1000,1703.96250480083,35.4101980097914,0.343287700670978,23.9660026332373,2.44385214453838
pn_K4,比例导引法 K=4,missile_pn_K4,missile,5.93453193670103,4315.42153803318,30000,4020.5214979667,38.3455358759963,51.6544641240037,0,1000,1690.28627295676,35.4136197477207,0.341059333011252,23.8104332228085,2.42798847953262
pn_K4,比例导引法 K=4,missile_pn_K4,missile,5.94453193670103,4321.62462964657,30000,4028.36507202235,38.3319381477528,51.6680618522472,0,1000,1676.61071302121,35.4170191853521,0.338827635482365,23.6546313436577,2.41210110931437
pn_K4,比例导引法 K=4,missile_pn_K4,missile,5.95453193670103,4327.82586571963,30000,4036.21011317604,38.3184297548304,51.6815702451696,0,1000,1662.93582091505,35.4203962892176,0.336592574090368,23.4985946225595,2.39618979188199
pn_K4,比例导引法 K=4,missile_pn_K4,missile,5.96453193670103,4334.02525814882,30000,4044.05661131545,38.3050108324656,51.6949891675344,0,1000,1649.26159254625,35.4237510255058,0.334354114233905,23.3423206438835,2.38025428090974
pn_K4,比例导引法 K=4,missile_pn_K4,missile,5.97453193670103,4340.22281885613,30000,4051.90455632214,38.2916815172545,51.7083184827455,0,1000,1635.58802380984,35.4270833600567,0.332112220688412,23.1858069484913,2.36429432563529
pn_K4,比例导引法 K=4,missile_pn_K4,missile,5.98453193670103,4346.41855978927,30000,4059.75393807133,38.2784419473249,51.7215580526751,0,1000,1621.91511058786,35.4303932583545,0.329866857589497,23.0290510325758,2.34830967074137
pn_K4,比例导引法 K=4,missile_pn_K4,missile,5.99453193670103,4352.6124929218,30000,4067.60474643168,38.2652922621733,51.7347077378267,0,1000,1608.24284874932,35.4336806855216,0.327617988415841,22.8720503464683,2.33230005623411
pn_K4,比例导引法 K=4,missile_pn_K4,missile,6.00453193670103,4358.80463025329,30000,4075.45697126512,38.2522326027383,51.7477673972617,0,1000,1594.57123415019,35.436945606312,0.32536557597151,22.7148022934024,2.31626521731707
pn_K4,比例导引法 K=4,missile_pn_K4,missile,6.01453193670103,4364.99498380952,30000,4083.31060242668,38.2392631115484,51.7607368884516,0,1000,1580.9002626333,35.440187985104,0.323109582367553,22.5573042282305,2.30020488426022
pn_K4,比例导引法 K=4,missile_pn_K4,missile,6.02453193670103,4371.18356564264,30000,4091.16562976424,38.2263839326689,51.7736160673311,0,1000,1567.22993002833,35.4434077858936,0.320849969003043,22.3995534560994,2.28411878226504
pn_K4,比例导引法 K=4,missile_pn_K4,missile,6.03453193670103,4377.37038783133,30000,4099.02204311833,38.2135952116635,51.7864047883365,0,1000,1553.56023215179,35.4466049722871,0.318586696545295,22.2415472310698,2.26800663132362
pn_K4,比例导引法 K=4,missile_pn_K4,missile,6.04453193670103,4383.555462481,30000,4106.87983232196,38.2008970956025,51.7991029043975,0,1000,1539.8911648069,35.4497795074939,0.316319724909497,22.0832827546938,2.25186814607371
pn_K4,比例导引法 K=4,missile_pn_K4,missile,6.05453193670103,4389.73880172394,30000,4114.7389872004,38.1882897333483,51.8117102666517,0,1000,1526.22272378361,35.4529313543186,0.314049013237447,21.9247571745308,2.23570303564732
pn_K4,比例导引法 K=4,missile_pn_K4,missile,6.06453193670103,4395.92041771957,30000,4122.59949757091,38.1757732753957,51.8242267246043,0,1000,1512.55490485849,35.4560604751532,0.311774519875601,21.765967582615,2.21951100351445
pn_K4,比例导引法 K=4,missile_pn_K4,missile,6.07453193670103,4402.10032265457,30000,4130.46135324259,38.1633478737851,51.8366521262149,0,1000,1498.88770379473,35.459166831969,0.30949620235218,21.6069110138567,2.2032917473201
pn_K4,比例导引法 K=4,missile_pn_K4,missile,6.08453193670103,4408.27852874312,30000,4138.32454401614,38.1510136823315,51.8489863176685,0,1000,1485.22111634207,35.4622503863087,0.307214017353568,21.447584444395,2.18704495871628
pn_K4,比例导引法 K=4,missile_pn_K4,missile,6.09453193670103,4414.45504822706,30000,4146.18905968362,38.1387708566771,51.8612291433229,0,1000,1471.55513823672,35.4653110992773,0.304927920699644,21.2879847898758,2.17077032318639
pn_K4,比例导引法 K=4,missile_pn_K4,missile,6.10453193670102,4420.62989337615,30000,4154.05489002821,38.1266195541959,51.8733804458041,0,1000,1457.88976520132,35.4683489315337,0.302637867318205,21.1281089036657,2.15446751986312
pn_K4,比例导引法 K=4,missile_pn_K4,missile,6.11453193670102,4426.80307648824,30000,4161.92202482403,38.114559934054,51.885440065946,0,1000,1444.22499294491,35.4713638432814,0.300343811218365,20.967953574995,2.13813622133909
pn_K4,比例导引法 K=4,missile_pn_K4,missile,6.12453193670102,4432.97460988949,30000,4169.79045383582,38.1025921572886,51.8974078427114,0,1000,1430.5608171628,35.4743557942593,0.298045705463037,20.807515527037,2.12177609347096
pn_K4,比例导引法 K=4,missile_pn_K4,missile,6.13453193670102,4439.14450593461,30000,4177.6601668188,38.0907163868654,51.9092836131346,0,1000,1416.89723353659,35.4773247437322,0.295743502140139,20.6467914148973,2.10538679517443
pn_K4,比例导引法 K=4,missile_pn_K4,missile,6.14453193670102,4445.31277700708,30000,4185.53115351832,38.0789327876921,51.9210672123079,0,1000,1403.23423773402,35.4802706504806,0.293437152332599,20.48577782352,2.08896797821071
pn_K4,比例导引法 K=4,missile_pn_K4,missile,6.15453193670102,4451.47943551937,30000,4193.40340366969,38.0672415265854,51.9327584734146,0,1000,1389.57182540899,35.4831934727909,0.29112660608745,20.3244712655303,2.07251928696653
pn_K4,比例导引法 K=4,missile_pn_K4,missile,6.16453193670102,4457.6444939132,30000,4201.27690699789,38.0556427724839,51.9443572275161,0,1000,1375.90999220143,35.4860931684443,0.288811812383195,20.1628681789555,2.05604035822177
pn_K4,比例导引法 K=4,missile_pn_K4,missile,6.17453193670102,4463.80796465977,30000,4209.1516532173,38.0441366962704,51.9558633037296,0,1000,1362.24873373724,35.4889696947067,0.286492719096309,20.0009649248873,2.03953082091105
pn_K4,比例导引法 K=4,missile_pn_K4,missile,6.18453193670102,4469.96986025999,30000,4217.02763203147,38.0327234710203,51.9672765289797,0,1000,1348.58804562825,35.4918230083169,0.284169272965964,19.8387577850183,2.02299029587253
pn_K4,比例导引法 K=4,missile_pn_K4,missile,6.19453193670102,4476.1301932448,30000,4224.90483313282,38.0214032719584,51.9785967280416,0,1000,1334.92792347209,35.4946530654753,0.281841419557297,19.6762429590783,2.0064183955865
pn_K4,比例导引法 K=4,missile_pn_K4,missile,6.20453193670102,4482.28897617534,30000,4232.78324620237,38.0101762764495,51.9898237235505,0,1000,1321.26836285218,35.4974598218318,0.279509103223326,19.5134165621749,1.98981472390418
pn_K4,比例导引法 K=4,missile_pn_K4,missile,6.21453193670102,4488.44622164331,30000,4240.66286090948,37.9990426642307,52.0009573357693,0,1000,1307.60935933759,35.5002432324738,0.277172267064996,19.3502746220049,1.97317887576337
pn_K4,比例导引法 K=4,missile_pn_K4,missile,6.22453193670102,4494.6019422712,30000,4248.54366691153,37.9880026171966,52.0119973828034,0,1000,1293.95090848299,35.5030032519131,0.274830852889589,19.18681307595,1.95651043689231
pn_K4,比例导引法 K=4,missile_pn_K4,missile,6.23453193670102,4500.75615071256,30000,4256.42565385368,37.9770563196557,52.0229436803443,0,1000,1280.29300582855,35.5057398340732,0.272484801167345,19.023027768049,1.93980898350089
pn_K4,比例导引法 K=4,missile_pn_K4,missile,6.24453193670102,4506.90885965232,30000,4264.3088113685,37.9662039584004,52.0337960415996,0,1000,1266.63564689989,35.5084529322751,0.270134050985741,18.8589144458057,1.92307408195517
pn_K4,比例导引法 K=4,missile_pn_K4,missile,6.25453193670102,4513.0600818071,30000,4272.19312907575,37.9554457225515,52.0445542774485,0,1000,1252.97882720793,35.5111424992238,0.267778540002457,18.6944687569049,1.90630528844253
pn_K4,比例导引法 K=4,missile_pn_K4,missile,6.26453193670102,4519.20982992545,30000,4280.078596582,37.9447818038463,52.0552181961537,0,1000,1239.32254224883,35.5138084869933,0.265418204395483,18.5296862457298,1.88950214861648
pn_K4,比例导引法 K=4,missile_pn_K4,missile,6.27453193670102,4525.35811678825,30000,4287.96520348035,37.9342123965986,52.0657876034014,0,1000,1225.66678750393,35.5164508470119,0.263052978811196,18.364562349737,1.87266419722709
pn_K4,比例导引法 K=4,missile_pn_K4,missile,6.28453193670102,4531.50495520897,30000,4295.85293935011,37.9237376977047,52.0762623022953,0,1000,1212.01155843958,35.5190695300466,0.260682796310141,18.1990923956708,1.85579095773488
pn_K4,比例导引法 K=4,missile_pn_K4,missile,6.29453193670102,4537.65035803402,30000,4303.74179375645,37.9133579068831,52.0866420931169,0,1000,1198.35685050708,35.5216644861867,0.258307588310097,18.0332715955888,1.83888194190563
pn_K4,比例导引法 K=4,missile_pn_K4,missile,6.30453193670102,4543.79433814311,30000,4311.63175625006,37.9030732265699,52.0969267734301,0,1000,1184.70265914258,35.5242356648271,0.255927284526376,17.8670950426944,1.8219366493853
pn_K4,比例导引法 K=4,missile_pn_K4,missile,6.31453193670102,4549.93690844957,30000,4319.52281636684,37.8928838619621,52.1071161380379,0,1000,1171.04897976695,35.5267830146513,0.253541812909345,17.7005577069742,1.8049545672553
pn_K4,比例导引法 K=4,missile_pn_K4,missile,6.32453193670102,4556.07808190071,30000,4327.41496362752,37.8827900212993,52.1172099787007,0,1000,1157.3958077857,35.5293064836131,0.251151099578926,17.5336544306256,1.78793516956612
pn_K4,比例导引法 K=4,missile_pn_K4,missile,6.33453193670102,4562.21787147823,30000,4335.30818753731,37.8727919157781,52.1272080842219,0,1000,1143.74313858883,35.5318060189181,0.24875506875571,17.366379923248,1.77087791684704
pn_K4,比例导引法 K=4,missile_pn_K4,missile,6.34453193670102,4568.35629019854,30000,4343.20247758552,37.8628897596712,52.1371102403288,0,1000,1130.09096755071,35.5342815670043,0.246353642688757,17.1987287568018,1.75378225559206
pn_K4,比例导引法 K=4,missile_pn_K4,missile,6.35453193670102,4574.49335111321,30000,4351.09782324519,37.8530837703915,52.1469162296085,0,1000,1116.43929003001,35.536733073522,0.243946741579684,17.030695360309,1.7366476177195
pn_K4,比例导引法 K=4,missile_pn_K4,missile,6.36453193670102,4580.62906730931,30000,4358.9942139727,37.8433741685379,52.1566258314621,0,1000,1102.78810136951,35.5391604833129,0.241534283502869,16.8622740142819,1.71947342000397
pn_K4,比例导引法 K=4,missile_pn_K4,missile,6.37453193670102,4586.76345190988,30000,4366.8916392074,37.8337611781187,52.1662388218813,0,1000,1089.137396896,35.5415637403886,0.239116184321501,16.6934588448633,1.7022590634787
pn_K4,比例导引法 K=4,missile_pn_K4,missile,6.38453193670102,4592.89651807433,30000,4374.79008837117,37.8242450265272,52.1757549734728,0,1000,1075.48717192015,35.5439427879078,0.236692357599199,16.5242438176553,1.68500393280635
pn_K4,比例导引法 K=4,missile_pn_K4,missile,6.39453193670102,4599.02827899887,30000,4382.68955086801,37.8148259446227,52.1851740553773,0,1000,1061.83742173635,35.546297568153,0.234262714507001,16.3546227312266,1.66770739561692
pn_K4,比例导引法 K=4,missile_pn_K4,missile,6.40453193670102,4605.15874791698,30000,4390.59001608365,37.8055041669192,52.1944958330808,0,1000,1048.1881416226,35.548628022506,0.231827163725446,16.184589210276,1.65036880181061
pn_K4,比例导引法 K=4,missile_pn_K4,missile,6.41453193670102,4611.28793809987,30000,4398.49147338506,37.7962799315987,52.2037200684013,0,1000,1034.53932684029,35.5509340914224,0.229385611340723,16.0141366983827,1.63298748281856
pn_K4,比例导引法 K=4,missile_pn_K4,missile,6.42453193670102,4617.41586285694,30000,4406.39391212005,37.7871534806419,52.2128465193581,0,1000,1020.89097263415,35.5532157144057,0.226937960736057,15.8432584504232,1.61556275082961
pn_K4,比例导引法 K=4,missile_pn_K4,missile,6.43453193670102,4623.5425355363,30000,4414.29732161678,37.77812505998,52.22187494002,0,1000,1007.24307423198,35.5554728299786,0.224484112476136,15.6719475245034,1.59809389796754
pn_K4,比例导引法 K=4,missile_pn_K4,missile,6.44453193670102,4629.66796952527,30000,4422.20169118332,37.7691949196352,52.2308050803647,0,1000,993.595626844585,35.5577053756555,0.222023964185273,15.5001967734519,1.58058019542371
pn_K4,比例导引法 K=4,missile_pn_K4,missile,6.45453193670102,4635.79217825091,30000,4430.1070101071,37.760363313667,52.239636686333,0,1000,979.948625665519,35.5599132879111,0.219557410418622,15.3279988358298,1.56302089254024
pn_K4,比例导引法 K=4,missile_pn_K4,missile,6.46453193670102,4641.91517518054,30000,4438.01326765452,37.7516305004952,52.2483694995048,0,1000,966.302065870963,35.5620965021504,0.217084342526038,15.155346126426,1.54541521584089
pn_K4,比例导引法 K=4,missile_pn_K4,missile,6.47453193670102,4648.03697382235,30000,4445.92045307032,37.7429967429816,52.2570032570184,0,1000,952.655942619522,35.564254952675,0.214604648507334,14.9822308261525,1.52776236800054
pn_K4,比例导引法 K=4,missile_pn_K4,missile,6.48453193670102,4654.15758772592,30000,4453.82855557715,37.7344623084273,52.2655376915727,0,1000,939.010251052033,35.5663885726489,0.212118212859294,14.8086448713635,1.51006152675618
pn_K4,比例导引法 K=4,missile_pn_K4,missile,6.49453193670102,4660.27703048286,30000,4461.73756437497,37.7260274689171,52.2739725310829,0,1000,925.364986291372,35.5684972940633,0.209624916413305,14.6345799425203,1.49231184375095
pn_K4,比例导引法 K=4,missile_pn_K4,missile,6.50453193670102,4666.3953157274,30000,4469.64746864052,37.717692501347,52.282307498653,0,1000,911.720143442251,35.5705810476983,0.207124636162735,14.4600274521402,1.47451244330532
pn_K4,比例导引法 K=4,missile_pn_K4,missile,6.51453193670102,4672.51245713705,30000,4477.55825752673,37.709457687626,52.290542312374,0,1000,898.075717591001,35.5726397630843,0.204617245079678,14.2849785320022,1.45666242111243
pn_K4,比例导引法 K=4,missile_pn_K4,missile,6.52453193670102,4678.62846843325,30000,4485.46992016215,37.7013233148571,52.2986766851429,0,1000,884.431703805354,35.5746733684601,0.202102611919847,14.1094240195267,1.43876084284916
pn_K4,比例导引法 K=4,missile_pn_K4,missile,6.53453193670102,4684.74336338208,30000,4493.38244565032,37.693289675436,52.3067103245639,0,1000,870.788097134217,35.5766817907307,0.199580601015197,13.9333544432973,1.42080674269983
pn_K4,比例导引法 K=4,missile_pn_K4,missile,6.54453193670102,4690.85715579492,30000,4501.29582306916,37.6853570672627,52.3146429327373,0,1000,857.144892607433,35.5786649554208,0.197051072052313,13.7567600075897,1.40279912177856
pn_K4,比例导引法 K=4,missile_pn_K4,missile,6.55453193670102,4696.96985952922,30000,4509.2100414703,37.6775257940372,52.3224742059628,0,1000,843.502085235532,35.5806227866282,0.194513879836669,13.5796305759139,1.38473694645102
pn_K4,比例导引法 K=4,missile_pn_K4,missile,6.56453193670102,4703.08148848927,30000,4517.12508987843,37.66979616525,52.33020383475,0,1000,829.859670009479,35.582555206973,0.191968874040051,13.4019556533807,1.36661914653635
pn_K4,比例导引法 K=4,missile_pn_K4,missile,6.57453193670101,4709.19205662694,30000,4525.04095729061,37.6621684966205,52.3378315033795,0,1000,816.217641900407,35.5844621375453,0.189415898931733,13.2237243679342,1.34844461339338
pn_K4,比例导引法 K=4,missile_pn_K4,missile,6.58453193670101,4715.30157794257,30000,4532.95763267552,37.6546431101864,52.3453568898136,0,1000,802.575995859337,35.5863434978499,0.18685479308954,13.0449254501809,1.33021219786379
pn_K4,比例导引法 K=4,missile_pn_K4,missile,6.59453193670101,4721.41006648576,30000,4540.87510497278,37.6472203344852,52.3527796655148,0,1000,788.934726816889,35.5881992057473,0.184285389091233,12.8655472118435,1.31192070807498
pn_K4,比例导引法 K=4,missile_pn_K4,missile,6.60453193670101,4727.51753635628,30000,4548.79336309213,37.6399005049719,52.3600994950281,0,1000,775.293829682989,35.5900291773928,0.181707513183084,12.6855775226232,1.29356890708073
pn_K4,比例导引法 K=4,missile_pn_K4,missile,6.61453193670101,4733.62400170499,30000,4556.71239591267,37.632683964141,52.367316035859,0,1000,761.653299346546,35.5918333271707,0.179120984923793,12.5050037853412,1.27515551032628
pn_K4,比例导引法 K=4,missile_pn_K4,missile,6.62453193670101,4739.72947673479,30000,4564.63219228203,37.6255710618953,52.3744289381046,0,1000,748.013130675136,35.5936115676259,0.176525616801939,12.3238129092306,1.25667918292492
pn_K4,比例导引法 K=4,missile_pn_K4,missile,6.63453193670101,4745.83397570162,30000,4572.5527410155,37.6185621557585,52.3814378442415,0,1000,734.373318514648,35.5953638093914,0.173921213824705,12.1419912812247,1.23813853673015
pn_K4,比例导引法 K=4,missile_pn_K4,missile,6.64453193670101,4751.93751291549,30000,4580.47403089518,37.6116576111632,52.3883423888368,0,1000,720.73385768894,35.5970899611108,0.171307573072906,11.959524734892,1.21953212716799
pn_K4,比例导引法 K=4,missile_pn_K4,missile,6.65453193670101,4758.04010274155,30000,4588.39605066904,37.6048578018928,52.3951421981072,0,1000,707.094742999465,35.5987899293569,0.16868448322242,11.7763985170254,1.20085844983001
pn_K4,比例导引法 K=4,missile_pn_K4,missile,6.66453193670101,4764.14175960125,30000,4596.31878904998,37.5981631103691,52.4018368896308,0,1000,693.455969224878,35.6004636185452,0.166051724025496,11.5925972514315,1.18211593678081
pn_K4,比例导引法 K=4,missile_pn_K4,missile,6.67453193670101,4770.24249797347,30000,4604.24223471481,37.5915739279571,52.4084260720429,0,1000,679.817531120637,35.6021109308417,0.163409065750453,11.4081048998132,1.16330295256925
pn_K4,比例导引法 K=4,missile_pn_K4,missile,6.68453193670101,4776.34233239577,30000,4612.16637630325,37.5850906554889,52.4149093445111,0,1000,666.179423418571,35.6037317660652,0.160756268573122,11.2229047192851,1.14441778989615
pn_K4,比例导引法 K=4,missile_pn_K4,missile,6.69453193670101,4782.44127746571,30000,4620.09120241685,37.5787137035604,52.4212862964396,0,1000,652.54164082644,35.605326021583,0.158093081916702,11.0369792162862,1.12545866491475
pn_K4,比例导引法 K=4,missile_pn_K4,missile,6.70453193670101,4788.5393478421,30000,4628.01670161783,37.5724434929844,52.4275565070156,0,1000,638.904178027464,35.6068935922,0.155419243732951,10.8503100963982,1.10642371211354
pn_K4,比例导引法 K=4,missile_pn_K4,missile,6.71453193670101,4794.63655824649,30000,4635.94286242796,37.5662804554156,52.4337195445844,0,1000,625.267029679837,35.6084343700398,0.152734479719472,10.6628782097011,1.08731097874413
pn_K4,比例导引法 K=4,missile_pn_K4,missile,6.72453193670101,4800.73292346463,30000,4643.86967332731,37.5602250336688,52.4397749663312,0,1000,611.630190416208,35.6099482444185,0.150038502465604,10.4746634911457,1.06811841874092
pn_K4,比例导引法 K=4,missile_pn_K4,missile,6.73453193670101,4806.82845834797,30000,4651.79712275296,37.5542776823046,52.4457223176954,0,1000,597.993654843146,35.6114351017086,0.147331010517427,10.285644895278,1.04884388606486
pn_K4,比例导引法 K=4,missile_pn_K4,missile,6.74453193670101,4812.92317781532,30000,4659.72519909768,37.5484388683189,52.4515611316811,0,1000,584.357417540563,35.6128948251934,0.144611687353567,10.0958003247375,1.02948512741227
pn_K4,比例导引法 K=4,missile_pn_K4,missile,6.75453193670101,4819.01709685456,30000,4667.65389070852,37.5427090716983,52.4572909283017,0,1000,570.721473061123,35.6143272949113,0.141880200260576,9.9051065517439,1.01003977420872
pn_K4,比例导引法 K=4,missile_pn_K4,missile,6.76453193670101,4825.11023052443,30000,4675.58318588533,37.5370887860402,52.4629112139598,0,1000,557.085815929604,35.6157323874873,0.139136199096032,9.71353913174446,0.990505333803538
pn_K4,比例导引法 K=4,missile_pn_K4,missile,6.77453193670101,4831.2025939564,30000,4683.51307287921,37.5315785193504,52.4684214806495,0,1000,543.450440642233,35.6171099759523,0.136379314923344,9.52107230810635,0.970879179751123
pn_K4,比例导引法 K=4,missile_pn_K4,missile,6.78453193670101,4837.2942023567,30000,4691.44353989089,37.5261787948226,52.4738212051774,0,1000,529.815341665983,35.6184599295476,0.13360915850291,9.32767890677905,0.951158541069484
pn_K4,比例导引法 K=4,missile_pn_K4,missile,6.79453193670101,4843.38507100841,30000,4699.37457506901,37.5208901516138,52.4791098483862,0,1000,516.180513437822,35.6197821135137,0.130825318620741,9.13333021961032,0.93134049034179
pn_K4,比例导引法 K=4,missile_pn_K4,missile,6.80453193670101,4849.47521527369,30000,4707.30616650832,37.5157131458449,52.4842868541551,0,1000,502.54595036393,35.6210763888615,0.128027360230528,8.93799587463825,0.911421930489846
pn_K4,比例导引法 K=4,missile_pn_K4,missile,6.81453193670101,4855.56465059614,30000,4715.23830224774,37.5106483515996,52.4893516484004,0,1000,488.911646818852,35.6223426121237,0.125214822384496,8.74164369163743,0.891399580043892
pn_K4,比例导引法 K=4,missile_pn_K4,missile,6.82453193670101,4861.65339250332,30000,4723.17097026836,37.5056963619119,52.4943036380881,0,1000,475.277597144615,35.6235806350843,0.122387215921109,8.5442395206903,0.871269956681466
pn_K4,比例导引法 K=4,missile_pn_K4,missile,6.83453193670101,4867.7414566094,30000,4731.10415849132,37.5008577900687,52.4991422099313,0,1000,461.64379564978,35.6247903044843,0.11954402087424,8.34574706131328,0.851029358783405
pn_K4,比例导引法 K=4,missile_pn_K4,missile,6.84453193670101,4873.828858618,30000,4739.03785477547,37.4961332707888,52.5038667292112,0,1000,448.010236608427,35.6259714616989,0.116684683560369,8.14612765910458,0.830673844697688
pn_K4,比例导引法 K=4,missile_pn_K4,missile,6.85453193670101,4879.91561432517,30000,4746.97204691501,37.4915234616444,52.5084765383556,0,1000,434.376914259081,35.6271239423841,0.113808613292481,7.94534007633114,0.810199209345815
pn_K4,比例导引法 K=4,missile_pn_K4,missile,6.86453193670101,4886.00173962268,30000,4754.90672263692,37.4870290448075,52.5129709551925,0,1000,420.74382280356,35.6282475760891,0.110915178661364,7.74334023231421,0.789600957749507
pn_K4,比例导引法 K=4,missile_pn_K4,missile,6.87453193670101,4892.08725050141,30000,4762.84186959813,37.4826507285216,52.5173492714784,0,1000,407.110956405738,35.6293421858279,0.108003703308002,7.54008090828688,0.768874274934548
pn_K4,比例导引法 K=4,missile_pn_K4,missile,6.88453193670101,4898.17216305509,30000,4770.7774753827,37.4783892490585,52.5216107509415,0,1000,393.478309190222,35.6304075876061,0.105073461101601,7.33551141075651,0.7480139916033
pn_K4,比例导引法 K=4,missile_pn_K4,missile,6.89453193670101,4904.25649348422,30000,4778.71352749855,37.4742453730071,52.5257546269929,0,1000,379.845875240921,35.6314435898968,0.102123670614327,7.12957718576877,0.727014544800596
pn_K4,比例导引法 K=4,missile_pn_K4,missile,6.90453193670101,4910.34025810043,30000,4786.65001337414,37.4702198993148,52.5297801006852,0,1000,366.213648599512,35.6324499930559,0.0991534887592799,6.92221937475449,0.705869932622709
pn_K4,比例导引法 K=4,missile_pn_K4,missile,6.91453193670101,4916.423473331,30000,4794.58692035481,37.4663136620763,52.5336863379237,0,1000,352.581623263772,35.6334265886704,0.0961620034355201,6.71337430105569,0.684573661857586
pn_K4,比例导引法 K=4,missile_pn_K4,missile,6.92453193670101,4922.50615572395,30000,4802.52423569881,37.462527533593,52.537472466407,0,1000,338.949793185779,35.6343731588255,0.0931482249691102,6.50297287239746,0.663118687053934
pn_K4,比例导引法 K=4,missile_pn_K4,missile,6.93453193670101,4928.58832195344,30000,4810.46194657304,37.4588624274442,52.5411375725558,0,1000,325.318152269948,35.6352894752813,0.0901110761099696,6.29093988253669,0.641497339309213
pn_K4,比例导引法 K=4,missile_pn_K4,missile,6.94453193670101,4934.66998882568,30000,4818.40004004838,37.455319302277,52.544680697723,0,1000,311.686694370894,35.6361752985392,0.0870493802592261,6.0771931893762,0.619701242460596
pn_K4,比例导引法 K=4,missile_pn_K4,missile,6.95453193670101,4940.7511732854,30000,4826.33850309465,37.4518991661847,52.5481008338153,0,1000,298.055413291092,35.6370303767807,0.0839618475252777,5.8616427414942,0.597721213818603
pn_K4,比例导引法 K=4,missile_pn_K4,missile,6.96453193670101,4946.83189242299,30000,4834.27732257504,37.4486030815076,52.5513969184924,0,1000,284.424302778309,35.6378544446541,0.0808470580945142,5.64418941720162,0.575547145783894
pn_K4,比例导引法 K=4,missile_pn_K4,missile,6.97453193670101,4952.91216348225,30000,4842.21648523998,37.4454321704444,52.5545678295556,0,1000,270.793356522764,35.6386472218779,0.0777034422346159,5.42472362850907,0.553167863491516
pn_K4,比例导引法 K=4,missile_pn_K4,missile,6.98453193670101,4958.99200386911,30000,4850.15597772041,37.4423876216122,52.5576123783878,0,1000,257.162568153998,35.6394084116253,0.0745292560563412,5.20312362898031,0.530570952259978
pn_K4,比例导引法 K=4,missile_pn_K4,missile,6.99453193670101,4965.07143116121,30000,4858.09578652028,37.4394706974722,52.5605293025278,0,1000,243.531931237372,35.6401376986387,0.0713225518468132,4.97925344260501,0.507742546395049
pn_K4,比例导引法 K=4,missile_pn_K4,missile,7.00453193670101,4971.15046311865,30000,4866.0358980082,37.4366827433849,52.5633172566151,0,1000,229.901439270166,35.6408347470148,0.068081141387881,4.75296030293722,0.484667068054557
pn_K4,比例导引法 K=4,missile_pn_K4,missile,7.01453193670101,4977.22911769611,30000,4873.97629840806,37.434025198116,52.565974801884,0,1000,216.271085677183,35.6414991975792,0.0648025500871765,4.52407145083907,0.461326900709118
pn_K4,比例导引法 K=4,missile_pn_K4,missile,7.02453193670101,4983.30741305647,30000,4881.9169737884,37.4314996065747,52.5685003934253,0,1000,202.640863805762,35.6421306647441,0.0614839588764337,4.29239007821825,0.437701975518474
pn_K4,比例导引法 K=4,missile_pn_K4,missile,7.03453193670101,4989.38536758649,30000,4889.85791005036,37.4291076351219,52.5708923648781,0,1000,189.010766920102,35.6427287327061,0.0581221295703658,4.05769011709456,0.413769239964164
pn_K4,比例导引法 K=4,missile_pn_K4,missile,7.044531936701,4995.46299991467,30000,4897.7990929138,37.4268510902715,52.5731489097285,0,1000,175.380788194722,35.6432929507905,0.0547133074148697,3.81970943618122,0.389501964093877
pn_K4,比例导引法 K=4,missile_pn_K4,missile,7.054531936701,5001.54032893208,30000,4905.74050790124,37.4247319421834,52.5752680578166,0,1000,161.750920706868,35.6438228276701,0.0512530915207775,3.57814079545422,0.364868818144241
pn_K4,比例导引法 K=4,missile_pn_K4,missile,7.064531936701,5007.61737381677,30000,4913.68214031904,37.4227523542321,52.5772476457679,0,1000,148.121157427605,35.6443178240708,0.0477362589035716,3.33261956180713,0.339832619886213
pn_K4,比例导引法 K=4,missile_pn_K4,missile,7.074531936701,5013.69415406278,30000,4921.62397523505,37.4209147209876,52.5790852790124,0,1000,134.491491211219,35.6447773433978,0.0441565196493978,3.08270661641426,0.314348591661195
pn_K4,比例导引法 K=4,missile_pn_K4,missile,7.084531936701,5019.77068951506,30000,4929.56599745171,37.4192217184354,52.5807782815646,0,1000,120.861914782438,35.6452007194259,0.0405061662738203,2.82786387535379,0.288361864179285
pn_K4,比例导引法 K=4,missile_pn_K4,missile,7.094531936701,5025.84700041241,30000,4937.50819147305,37.4176763718635,52.5823236281365,0,1000,107.232420720744,35.6455871997102,0.0367755539917916,2.56741800560683,0.261803776580874
pn_K4,比例导引法 K=4,missile_pn_K4,missile,7.104531936701,5031.92310744123,30000,4945.45054146341,37.4162821506278,52.5837178493722,0,1000,93.6030014406916,35.645935922521,0.0329522973920672,2.30050434235165,0.234586157592211
pn_K4,比例导引法 K=4,missile_pn_K4,missile,7.114531936701,5037.99903180471,30000,4953.39303119431,37.415043106568,52.584956893432,0,1000,79.9736491665814,35.6462458835085,0.0290199619730768,2.02597554093496,0.206592010618811
pn_K4,比例导引法 K=4,missile_pn_K4,missile,7.124531936701,5044.07479531494,30000,4961.33564397379,37.4139640868427,52.5860359131573,0,1000,66.3443558987164,35.6465158851198,0.0249557837728938,1.74224237701108,0.17765927987754
pn_K4,比例导引法 K=4,missile_pn_K4,missile,7.134531936701,5050.15042052113,30000,4969.27836254817,37.4130510883198,52.5869489116802,0,1000,52.7151133664216,35.6467444548268,0.0207263093297887,1.44696935836653,0.147549811440862
pn_K4,比例导引法 K=4,missile_pn_K4,missile,7.144531936701,5056.22593089995,30000,4977.2211689562,37.4123119311786,52.5876880688214,0,1000,39.0859129582825,35.6469297019163,0.0162777915359824,1.13640422902463,0.11588098168331
pn_K4,比例导引法 K=4,missile_pn_K4,missile,7.154531936701,5062.30135117049,30000,4985.16404428794,37.4117582782824,52.5882417217176,0,1000,25.4567456066507,35.647069052193,0.0115076377168898,0.80338466914564,0.0819224372385718
pn_K4,比例导引法 K=4,missile_pn_K4,missile,7.164531936701,5068.37670804448,30000,4993.10696811064,37.4035393613823,52.5964606386177,0,1000,11.8276015125091,35.6471596875381,0.0059031687541772,0.412118924244975,0.0420244348727624
pn_K4,比例导引法 K=4,missile_pn_K4,missile,7.174531936701,5074.44984798023,30000,5001.05158439414,37.3955490969848,52.6044509030152,0,1000,1.80072931923207,-144.269251786569,167.528976876129,11695.7289559435,1192.63244389711
pn_K4,比例导引法 K=4,target_pn_K4,target,0,8660.25403784439,30000,5000,270,0,0,500,0,NaN,NaN,0,0
pn_K4,比例导引法 K=4,target_pn_K4,target,2.32038129184932e-07,8660.25392182532,30000,5000,270,0,0,500,0,NaN,NaN,0,0
pn_K4,比例导引法 K=4,target_pn_K4,target,1.39222877510959e-06,8660.25334173,30000,5000,270,0,0,500,0,NaN,NaN,0,0
pn_K4,比例导引法 K=4,target_pn_K4,target,7.19318200473289e-06,8660.25044125338,30000,5000,270,0,0,500,0,NaN,NaN,0,0
pn_K4,比例导引法 K=4,target_pn_K4,target,3.61979481528494e-05,8660.23593887031,30000,5000,270,0,0,500,0,NaN,NaN,0,0
pn_K4,比例导引法 K=4,target_pn_K4,target,0.000181221778893432,8660.16342695494,30000,5000,270,0,0,500,0,NaN,NaN,0,0
pn_K4,比例导引法 K=4,target_pn_K4,target,0.000906340932596344,8659.80086737809,30000,5000,270,0,0,500,0,NaN,NaN,0,0
pn_K4,比例导引法 K=4,target_pn_K4,target,0.0045319367011109,8657.98806949383,30000,5000,270,0,0,500,0,NaN,NaN,0,0
pn_K4,比例导引法 K=4,target_pn_K4,target,0.0145319367011109,8652.98806949383,30000,5000,270,0,0,500,0,NaN,NaN,0,0
pn_K4,比例导引法 K=4,target_pn_K4,target,0.0245319367011109,8647.98806949383,30000,5000,270,0,0,500,0,NaN,NaN,0,0
pn_K4,比例导引法 K=4,target_pn_K4,target,0.0345319367011109,8642.98806949383,30000,5000,270,0,0,500,0,NaN,NaN,0,0
pn_K4,比例导引法 K=4,target_pn_K4,target,0.0445319367011109,8637.98806949383,30000,5000,270,0,0,500,0,NaN,NaN,0,0
pn_K4,比例导引法 K=4,target_pn_K4,target,0.0545319367011109,8632.98806949383,30000,5000,270,0,0,500,0,NaN,NaN,0,0
pn_K4,比例导引法 K=4,target_pn_K4,target,0.0645319367011109,8627.98806949383,30000,5000,270,0,0,500,0,NaN,NaN,0,0
pn_K4,比例导引法 K=4,target_pn_K4,target,0.0745319367011109,8622.98806949383,30000,5000,270,0,0,500,0,NaN,NaN,0,0
pn_K4,比例导引法 K=4,target_pn_K4,target,0.0845319367011109,8617.98806949383,30000,5000,270,0,0,500,0,NaN,NaN,0,0
pn_K4,比例导引法 K=4,target_pn_K4,target,0.0945319367011109,8612.98806949383,30000,5000,270,0,0,500,0,NaN,NaN,0,0
pn_K4,比例导引法 K=4,target_pn_K4,target,0.104531936701111,8607.98806949383,30000,5000,270,0,0,500,0,NaN,NaN,0,0
pn_K4,比例导引法 K=4,target_pn_K4,target,0.114531936701111,8602.98806949383,30000,5000,270,0,0,500,0,NaN,NaN,0,0
pn_K4,比例导引法 K=4,target_pn_K4,target,0.124531936701111,8597.98806949383,30000,5000,270,0,0,500,0,NaN,NaN,0,0
pn_K4,比例导引法 K=4,target_pn_K4,target,0.134531936701111,8592.98806949383,30000,5000,270,0,0,500,0,NaN,NaN,0,0
pn_K4,比例导引法 K=4,target_pn_K4,target,0.144531936701111,8587.98806949383,30000,5000,270,0,0,500,0,NaN,NaN,0,0
pn_K4,比例导引法 K=4,target_pn_K4,target,0.154531936701111,8582.98806949383,30000,5000,270,0,0,500,0,NaN,NaN,0,0
pn_K4,比例导引法 K=4,target_pn_K4,target,0.164531936701111,8577.98806949383,30000,5000,270,0,0,500,0,NaN,NaN,0,0
pn_K4,比例导引法 K=4,target_pn_K4,target,0.174531936701111,8572.98806949383,30000,5000,270,0,0,500,0,NaN,NaN,0,0
pn_K4,比例导引法 K=4,target_pn_K4,target,0.184531936701111,8567.98806949383,30000,5000,270,0,0,500,0,NaN,NaN,0,0
pn_K4,比例导引法 K=4,target_pn_K4,target,0.194531936701111,8562.98806949383,30000,5000,270,0,0,500,0,NaN,NaN,0,0
pn_K4,比例导引法 K=4,target_pn_K4,target,0.204531936701111,8557.98806949383,30000,5000,270,0,0,500,0,NaN,NaN,0,0
pn_K4,比例导引法 K=4,target_pn_K4,target,0.214531936701111,8552.98806949383,30000,5000,270,0,0,500,0,NaN,NaN,0,0
pn_K4,比例导引法 K=4,target_pn_K4,target,0.224531936701111,8547.98806949383,30000,5000,270,0,0,500,0,NaN,NaN,0,0
pn_K4,比例导引法 K=4,target_pn_K4,target,0.234531936701111,8542.98806949383,30000,5000,270,0,0,500,0,NaN,NaN,0,0
pn_K4,比例导引法 K=4,target_pn_K4,target,0.244531936701111,8537.98806949383,30000,5000,270,0,0,500,0,NaN,NaN,0,0
pn_K4,比例导引法 K=4,target_pn_K4,target,0.254531936701111,8532.98806949383,30000,5000,270,0,0,500,0,NaN,NaN,0,0
pn_K4,比例导引法 K=4,target_pn_K4,target,0.264531936701111,8527.98806949383,30000,5000,270,0,0,500,0,NaN,NaN,0,0
pn_K4,比例导引法 K=4,target_pn_K4,target,0.274531936701111,8522.98806949383,30000,5000,270,0,0,500,0,NaN,NaN,0,0
pn_K4,比例导引法 K=4,target_pn_K4,target,0.284531936701111,8517.98806949383,30000,5000,270,0,0,500,0,NaN,NaN,0,0
pn_K4,比例导引法 K=4,target_pn_K4,target,0.294531936701111,8512.98806949383,30000,5000,270,0,0,500,0,NaN,NaN,0,0
pn_K4,比例导引法 K=4,target_pn_K4,target,0.304531936701111,8507.98806949383,30000,5000,270,0,0,500,0,NaN,NaN,0,0
pn_K4,比例导引法 K=4,target_pn_K4,target,0.314531936701111,8502.98806949383,30000,5000,270,0,0,500,0,NaN,NaN,0,0
pn_K4,比例导引法 K=4,target_pn_K4,target,0.324531936701111,8497.98806949383,30000,5000,270,0,0,500,0,NaN,NaN,0,0
pn_K4,比例导引法 K=4,target_pn_K4,target,0.334531936701111,8492.98806949383,30000,5000,270,0,0,500,0,NaN,NaN,0,0
pn_K4,比例导引法 K=4,target_pn_K4,target,0.344531936701111,8487.98806949383,30000,5000,270,0,0,500,0,NaN,NaN,0,0
pn_K4,比例导引法 K=4,target_pn_K4,target,0.354531936701111,8482.98806949383,30000,5000,270,0,0,500,0,NaN,NaN,0,0
pn_K4,比例导引法 K=4,target_pn_K4,target,0.364531936701111,8477.98806949383,30000,5000,270,0,0,500,0,NaN,NaN,0,0
pn_K4,比例导引法 K=4,target_pn_K4,target,0.374531936701111,8472.98806949383,30000,5000,270,0,0,500,0,NaN,NaN,0,0
pn_K4,比例导引法 K=4,target_pn_K4,target,0.384531936701111,8467.98806949383,30000,5000,270,0,0,500,0,NaN,NaN,0,0
pn_K4,比例导引法 K=4,target_pn_K4,target,0.394531936701111,8462.98806949383,30000,5000,270,0,0,500,0,NaN,NaN,0,0
pn_K4,比例导引法 K=4,target_pn_K4,target,0.404531936701111,8457.98806949383,30000,5000,270,0,0,500,0,NaN,NaN,0,0
pn_K4,比例导引法 K=4,target_pn_K4,target,0.414531936701111,8452.98806949383,30000,5000,270,0,0,500,0,NaN,NaN,0,0
pn_K4,比例导引法 K=4,target_pn_K4,target,0.424531936701111,8447.98806949383,30000,5000,270,0,0,500,0,NaN,NaN,0,0
pn_K4,比例导引法 K=4,target_pn_K4,target,0.434531936701111,8442.98806949383,30000,5000,270,0,0,500,0,NaN,NaN,0,0
pn_K4,比例导引法 K=4,target_pn_K4,target,0.444531936701111,8437.98806949383,30000,5000,270,0,0,500,0,NaN,NaN,0,0
pn_K4,比例导引法 K=4,target_pn_K4,target,0.454531936701111,8432.98806949383,30000,5000,270,0,0,500,0,NaN,NaN,0,0
pn_K4,比例导引法 K=4,target_pn_K4,target,0.464531936701111,8427.98806949383,30000,5000,270,0,0,500,0,NaN,NaN,0,0
pn_K4,比例导引法 K=4,target_pn_K4,target,0.474531936701111,8422.98806949383,30000,5000,270,0,0,500,0,NaN,NaN,0,0
pn_K4,比例导引法 K=4,target_pn_K4,target,0.484531936701111,8417.98806949383,30000,5000,270,0,0,500,0,NaN,NaN,0,0
pn_K4,比例导引法 K=4,target_pn_K4,target,0.494531936701111,8412.98806949383,30000,5000,270,0,0,500,0,NaN,NaN,0,0
pn_K4,比例导引法 K=4,target_pn_K4,target,0.504531936701111,8407.98806949383,30000,5000,270,0,0,500,0,NaN,NaN,0,0
pn_K4,比例导引法 K=4,target_pn_K4,target,0.514531936701111,8402.98806949383,30000,5000,270,0,0,500,0,NaN,NaN,0,0
pn_K4,比例导引法 K=4,target_pn_K4,target,0.524531936701111,8397.98806949383,30000,5000,270,0,0,500,0,NaN,NaN,0,0
pn_K4,比例导引法 K=4,target_pn_K4,target,0.534531936701111,8392.98806949383,30000,5000,270,0,0,500,0,NaN,NaN,0,0
pn_K4,比例导引法 K=4,target_pn_K4,target,0.544531936701111,8387.98806949383,30000,5000,270,0,0,500,0,NaN,NaN,0,0
pn_K4,比例导引法 K=4,target_pn_K4,target,0.554531936701111,8382.98806949383,30000,5000,270,0,0,500,0,NaN,NaN,0,0
pn_K4,比例导引法 K=4,target_pn_K4,target,0.564531936701111,8377.98806949383,30000,5000,270,0,0,500,0,NaN,NaN,0,0
pn_K4,比例导引法 K=4,target_pn_K4,target,0.574531936701111,8372.98806949383,30000,5000,270,0,0,500,0,NaN,NaN,0,0
pn_K4,比例导引法 K=4,target_pn_K4,target,0.584531936701111,8367.98806949383,30000,5000,270,0,0,500,0,NaN,NaN,0,0
pn_K4,比例导引法 K=4,target_pn_K4,target,0.594531936701111,8362.98806949383,30000,5000,270,0,0,500,0,NaN,NaN,0,0
pn_K4,比例导引法 K=4,target_pn_K4,target,0.604531936701111,8357.98806949383,30000,5000,270,0,0,500,0,NaN,NaN,0,0
pn_K4,比例导引法 K=4,target_pn_K4,target,0.614531936701111,8352.98806949383,30000,5000,270,0,0,500,0,NaN,NaN,0,0
pn_K4,比例导引法 K=4,target_pn_K4,target,0.624531936701111,8347.98806949383,30000,5000,270,0,0,500,0,NaN,NaN,0,0
pn_K4,比例导引法 K=4,target_pn_K4,target,0.634531936701111,8342.98806949383,30000,5000,270,0,0,500,0,NaN,NaN,0,0
pn_K4,比例导引法 K=4,target_pn_K4,target,0.644531936701111,8337.98806949383,30000,5000,270,0,0,500,0,NaN,NaN,0,0
pn_K4,比例导引法 K=4,target_pn_K4,target,0.654531936701111,8332.98806949383,30000,5000,270,0,0,500,0,NaN,NaN,0,0
pn_K4,比例导引法 K=4,target_pn_K4,target,0.664531936701111,8327.98806949383,30000,5000,270,0,0,500,0,NaN,NaN,0,0
pn_K4,比例导引法 K=4,target_pn_K4,target,0.674531936701111,8322.98806949383,30000,5000,270,0,0,500,0,NaN,NaN,0,0
pn_K4,比例导引法 K=4,target_pn_K4,target,0.684531936701111,8317.98806949383,30000,5000,270,0,0,500,0,NaN,NaN,0,0
pn_K4,比例导引法 K=4,target_pn_K4,target,0.694531936701111,8312.98806949383,30000,5000,270,0,0,500,0,NaN,NaN,0,0
pn_K4,比例导引法 K=4,target_pn_K4,target,0.704531936701111,8307.98806949383,30000,5000,270,0,0,500,0,NaN,NaN,0,0
pn_K4,比例导引法 K=4,target_pn_K4,target,0.714531936701111,8302.98806949383,30000,5000,270,0,0,500,0,NaN,NaN,0,0
pn_K4,比例导引法 K=4,target_pn_K4,target,0.724531936701111,8297.98806949383,30000,5000,270,0,0,500,0,NaN,NaN,0,0
pn_K4,比例导引法 K=4,target_pn_K4,target,0.734531936701111,8292.98806949383,30000,5000,270,0,0,500,0,NaN,NaN,0,0
pn_K4,比例导引法 K=4,target_pn_K4,target,0.744531936701111,8287.98806949383,30000,5000,270,0,0,500,0,NaN,NaN,0,0
pn_K4,比例导引法 K=4,target_pn_K4,target,0.754531936701111,8282.98806949383,30000,5000,270,0,0,500,0,NaN,NaN,0,0
pn_K4,比例导引法 K=4,target_pn_K4,target,0.764531936701111,8277.98806949383,30000,5000,270,0,0,500,0,NaN,NaN,0,0
pn_K4,比例导引法 K=4,target_pn_K4,target,0.774531936701111,8272.98806949383,30000,5000,270,0,0,500,0,NaN,NaN,0,0
pn_K4,比例导引法 K=4,target_pn_K4,target,0.784531936701111,8267.98806949383,30000,5000,270,0,0,500,0,NaN,NaN,0,0
pn_K4,比例导引法 K=4,target_pn_K4,target,0.794531936701111,8262.98806949383,30000,5000,270,0,0,500,0,NaN,NaN,0,0
pn_K4,比例导引法 K=4,target_pn_K4,target,0.804531936701111,8257.98806949383,30000,5000,270,0,0,500,0,NaN,NaN,0,0
pn_K4,比例导引法 K=4,target_pn_K4,target,0.814531936701111,8252.98806949383,30000,5000,270,0,0,500,0,NaN,NaN,0,0
pn_K4,比例导引法 K=4,target_pn_K4,target,0.824531936701111,8247.98806949383,30000,5000,270,0,0,500,0,NaN,NaN,0,0
pn_K4,比例导引法 K=4,target_pn_K4,target,0.834531936701111,8242.98806949383,30000,5000,270,0,0,500,0,NaN,NaN,0,0
pn_K4,比例导引法 K=4,target_pn_K4,target,0.844531936701111,8237.98806949383,30000,5000,270,0,0,500,0,NaN,NaN,0,0
pn_K4,比例导引法 K=4,target_pn_K4,target,0.854531936701111,8232.98806949383,30000,5000,270,0,0,500,0,NaN,NaN,0,0
pn_K4,比例导引法 K=4,target_pn_K4,target,0.864531936701112,8227.98806949383,30000,5000,270,0,0,500,0,NaN,NaN,0,0
pn_K4,比例导引法 K=4,target_pn_K4,target,0.874531936701112,8222.98806949383,30000,5000,270,0,0,500,0,NaN,NaN,0,0
pn_K4,比例导引法 K=4,target_pn_K4,target,0.884531936701112,8217.98806949383,30000,5000,270,0,0,500,0,NaN,NaN,0,0
pn_K4,比例导引法 K=4,target_pn_K4,target,0.894531936701112,8212.98806949383,30000,5000,270,0,0,500,0,NaN,NaN,0,0
pn_K4,比例导引法 K=4,target_pn_K4,target,0.904531936701112,8207.98806949383,30000,5000,270,0,0,500,0,NaN,NaN,0,0
pn_K4,比例导引法 K=4,target_pn_K4,target,0.914531936701112,8202.98806949383,30000,5000,270,0,0,500,0,NaN,NaN,0,0
pn_K4,比例导引法 K=4,target_pn_K4,target,0.924531936701112,8197.98806949383,30000,5000,270,0,0,500,0,NaN,NaN,0,0
pn_K4,比例导引法 K=4,target_pn_K4,target,0.934531936701112,8192.98806949383,30000,5000,270,0,0,500,0,NaN,NaN,0,0
pn_K4,比例导引法 K=4,target_pn_K4,target,0.944531936701112,8187.98806949383,30000,5000,270,0,0,500,0,NaN,NaN,0,0
pn_K4,比例导引法 K=4,target_pn_K4,target,0.954531936701112,8182.98806949383,30000,5000,270,0,0,500,0,NaN,NaN,0,0
pn_K4,比例导引法 K=4,target_pn_K4,target,0.964531936701112,8177.98806949383,30000,5000,270,0,0,500,0,NaN,NaN,0,0
pn_K4,比例导引法 K=4,target_pn_K4,target,0.974531936701112,8172.98806949383,30000,5000,270,0,0,500,0,NaN,NaN,0,0
pn_K4,比例导引法 K=4,target_pn_K4,target,0.984531936701112,8167.98806949383,30000,5000,270,0,0,500,0,NaN,NaN,0,0
pn_K4,比例导引法 K=4,target_pn_K4,target,0.994531936701112,8162.98806949383,30000,5000,270,0,0,500,0,NaN,NaN,0,0
pn_K4,比例导引法 K=4,target_pn_K4,target,1.00453193670111,8157.98806949383,30000,5000,270,0,0,500,0,NaN,NaN,0,0
pn_K4,比例导引法 K=4,target_pn_K4,target,1.01453193670111,8152.98806949383,30000,5000,270,0,0,500,0,NaN,NaN,0,0
pn_K4,比例导引法 K=4,target_pn_K4,target,1.02453193670111,8147.98806949383,30000,5000,270,0,0,500,0,NaN,NaN,0,0
pn_K4,比例导引法 K=4,target_pn_K4,target,1.03453193670111,8142.98806949383,30000,5000,270,0,0,500,0,NaN,NaN,0,0
pn_K4,比例导引法 K=4,target_pn_K4,target,1.04453193670111,8137.98806949383,30000,5000,270,0,0,500,0,NaN,NaN,0,0
pn_K4,比例导引法 K=4,target_pn_K4,target,1.05453193670111,8132.98806949383,30000,5000,270,0,0,500,0,NaN,NaN,0,0
pn_K4,比例导引法 K=4,target_pn_K4,target,1.06453193670111,8127.98806949383,30000,5000,270,0,0,500,0,NaN,NaN,0,0
pn_K4,比例导引法 K=4,target_pn_K4,target,1.07453193670111,8122.98806949383,30000,5000,270,0,0,500,0,NaN,NaN,0,0
pn_K4,比例导引法 K=4,target_pn_K4,target,1.08453193670111,8117.98806949383,30000,5000,270,0,0,500,0,NaN,NaN,0,0
pn_K4,比例导引法 K=4,target_pn_K4,target,1.09453193670111,8112.98806949383,30000,5000,270,0,0,500,0,NaN,NaN,0,0
pn_K4,比例导引法 K=4,target_pn_K4,target,1.10453193670111,8107.98806949383,30000,5000,270,0,0,500,0,NaN,NaN,0,0
pn_K4,比例导引法 K=4,target_pn_K4,target,1.11453193670111,8102.98806949383,30000,5000,270,0,0,500,0,NaN,NaN,0,0
pn_K4,比例导引法 K=4,target_pn_K4,target,1.12453193670111,8097.98806949383,30000,5000,270,0,0,500,0,NaN,NaN,0,0
pn_K4,比例导引法 K=4,target_pn_K4,target,1.13453193670111,8092.98806949383,30000,5000,270,0,0,500,0,NaN,NaN,0,0
pn_K4,比例导引法 K=4,target_pn_K4,target,1.14453193670111,8087.98806949383,30000,5000,270,0,0,500,0,NaN,NaN,0,0
pn_K4,比例导引法 K=4,target_pn_K4,target,1.15453193670111,8082.98806949383,30000,5000,270,0,0,500,0,NaN,NaN,0,0
pn_K4,比例导引法 K=4,target_pn_K4,target,1.16453193670111,8077.98806949383,30000,5000,270,0,0,500,0,NaN,NaN,0,0
pn_K4,比例导引法 K=4,target_pn_K4,target,1.17453193670111,8072.98806949383,30000,5000,270,0,0,500,0,NaN,NaN,0,0
pn_K4,比例导引法 K=4,target_pn_K4,target,1.18453193670111,8067.98806949383,30000,5000,270,0,0,500,0,NaN,NaN,0,0
pn_K4,比例导引法 K=4,target_pn_K4,target,1.19453193670111,8062.98806949383,30000,5000,270,0,0,500,0,NaN,NaN,0,0
pn_K4,比例导引法 K=4,target_pn_K4,target,1.20453193670111,8057.98806949383,30000,5000,270,0,0,500,0,NaN,NaN,0,0
pn_K4,比例导引法 K=4,target_pn_K4,target,1.21453193670111,8052.98806949383,30000,5000,270,0,0,500,0,NaN,NaN,0,0
pn_K4,比例导引法 K=4,target_pn_K4,target,1.22453193670111,8047.98806949383,30000,5000,270,0,0,500,0,NaN,NaN,0,0
pn_K4,比例导引法 K=4,target_pn_K4,target,1.23453193670111,8042.98806949383,30000,5000,270,0,0,500,0,NaN,NaN,0,0
pn_K4,比例导引法 K=4,target_pn_K4,target,1.24453193670111,8037.98806949383,30000,5000,270,0,0,500,0,NaN,NaN,0,0
pn_K4,比例导引法 K=4,target_pn_K4,target,1.25453193670111,8032.98806949383,30000,5000,270,0,0,500,0,NaN,NaN,0,0
pn_K4,比例导引法 K=4,target_pn_K4,target,1.26453193670111,8027.98806949383,30000,5000,270,0,0,500,0,NaN,NaN,0,0
pn_K4,比例导引法 K=4,target_pn_K4,target,1.27453193670111,8022.98806949383,30000,5000,270,0,0,500,0,NaN,NaN,0,0
pn_K4,比例导引法 K=4,target_pn_K4,target,1.28453193670111,8017.98806949383,30000,5000,270,0,0,500,0,NaN,NaN,0,0
pn_K4,比例导引法 K=4,target_pn_K4,target,1.29453193670111,8012.98806949383,30000,5000,270,0,0,500,0,NaN,NaN,0,0
pn_K4,比例导引法 K=4,target_pn_K4,target,1.30453193670111,8007.98806949383,30000,5000,270,0,0,500,0,NaN,NaN,0,0
pn_K4,比例导引法 K=4,target_pn_K4,target,1.31453193670111,8002.98806949383,30000,5000,270,0,0,500,0,NaN,NaN,0,0
pn_K4,比例导引法 K=4,target_pn_K4,target,1.32453193670111,7997.98806949383,30000,5000,270,0,0,500,0,NaN,NaN,0,0
pn_K4,比例导引法 K=4,target_pn_K4,target,1.33453193670111,7992.98806949383,30000,5000,270,0,0,500,0,NaN,NaN,0,0
pn_K4,比例导引法 K=4,target_pn_K4,target,1.34453193670111,7987.98806949383,30000,5000,270,0,0,500,0,NaN,NaN,0,0
pn_K4,比例导引法 K=4,target_pn_K4,target,1.35453193670111,7982.98806949383,30000,5000,270,0,0,500,0,NaN,NaN,0,0
pn_K4,比例导引法 K=4,target_pn_K4,target,1.36453193670111,7977.98806949383,30000,5000,270,0,0,500,0,NaN,NaN,0,0
pn_K4,比例导引法 K=4,target_pn_K4,target,1.37453193670111,7972.98806949383,30000,5000,270,0,0,500,0,NaN,NaN,0,0
pn_K4,比例导引法 K=4,target_pn_K4,target,1.38453193670111,7967.98806949383,30000,5000,270,0,0,500,0,NaN,NaN,0,0
pn_K4,比例导引法 K=4,target_pn_K4,target,1.39453193670111,7962.98806949383,30000,5000,270,0,0,500,0,NaN,NaN,0,0
pn_K4,比例导引法 K=4,target_pn_K4,target,1.40453193670111,7957.98806949383,30000,5000,270,0,0,500,0,NaN,NaN,0,0
pn_K4,比例导引法 K=4,target_pn_K4,target,1.41453193670111,7952.98806949383,30000,5000,270,0,0,500,0,NaN,NaN,0,0
pn_K4,比例导引法 K=4,target_pn_K4,target,1.42453193670111,7947.98806949383,30000,5000,270,0,0,500,0,NaN,NaN,0,0
pn_K4,比例导引法 K=4,target_pn_K4,target,1.43453193670111,7942.98806949383,30000,5000,270,0,0,500,0,NaN,NaN,0,0
pn_K4,比例导引法 K=4,target_pn_K4,target,1.44453193670111,7937.98806949383,30000,5000,270,0,0,500,0,NaN,NaN,0,0
pn_K4,比例导引法 K=4,target_pn_K4,target,1.45453193670111,7932.98806949383,30000,5000,270,0,0,500,0,NaN,NaN,0,0
pn_K4,比例导引法 K=4,target_pn_K4,target,1.46453193670111,7927.98806949383,30000,5000,270,0,0,500,0,NaN,NaN,0,0
pn_K4,比例导引法 K=4,target_pn_K4,target,1.47453193670111,7922.98806949383,30000,5000,270,0,0,500,0,NaN,NaN,0,0
pn_K4,比例导引法 K=4,target_pn_K4,target,1.48453193670111,7917.98806949383,30000,5000,270,0,0,500,0,NaN,NaN,0,0
pn_K4,比例导引法 K=4,target_pn_K4,target,1.49453193670111,7912.98806949383,30000,5000,270,0,0,500,0,NaN,NaN,0,0
pn_K4,比例导引法 K=4,target_pn_K4,target,1.50453193670111,7907.98806949383,30000,5000,270,0,0,500,0,NaN,NaN,0,0
pn_K4,比例导引法 K=4,target_pn_K4,target,1.51453193670111,7902.98806949383,30000,5000,270,0,0,500,0,NaN,NaN,0,0
pn_K4,比例导引法 K=4,target_pn_K4,target,1.52453193670111,7897.98806949383,30000,5000,270,0,0,500,0,NaN,NaN,0,0
pn_K4,比例导引法 K=4,target_pn_K4,target,1.53453193670111,7892.98806949383,30000,5000,270,0,0,500,0,NaN,NaN,0,0
pn_K4,比例导引法 K=4,target_pn_K4,target,1.54453193670111,7887.98806949383,30000,5000,270,0,0,500,0,NaN,NaN,0,0
pn_K4,比例导引法 K=4,target_pn_K4,target,1.55453193670111,7882.98806949383,30000,5000,270,0,0,500,0,NaN,NaN,0,0
pn_K4,比例导引法 K=4,target_pn_K4,target,1.56453193670111,7877.98806949383,30000,5000,270,0,0,500,0,NaN,NaN,0,0
pn_K4,比例导引法 K=4,target_pn_K4,target,1.57453193670111,7872.98806949383,30000,5000,270,0,0,500,0,NaN,NaN,0,0
pn_K4,比例导引法 K=4,target_pn_K4,target,1.58453193670111,7867.98806949383,30000,5000,270,0,0,500,0,NaN,NaN,0,0
pn_K4,比例导引法 K=4,target_pn_K4,target,1.59453193670111,7862.98806949383,30000,5000,270,0,0,500,0,NaN,NaN,0,0
pn_K4,比例导引法 K=4,target_pn_K4,target,1.60453193670111,7857.98806949383,30000,5000,270,0,0,500,0,NaN,NaN,0,0
pn_K4,比例导引法 K=4,target_pn_K4,target,1.61453193670111,7852.98806949383,30000,5000,270,0,0,500,0,NaN,NaN,0,0
pn_K4,比例导引法 K=4,target_pn_K4,target,1.62453193670111,7847.98806949383,30000,5000,270,0,0,500,0,NaN,NaN,0,0
pn_K4,比例导引法 K=4,target_pn_K4,target,1.63453193670111,7842.98806949383,30000,5000,270,0,0,500,0,NaN,NaN,0,0
pn_K4,比例导引法 K=4,target_pn_K4,target,1.64453193670111,7837.98806949383,30000,5000,270,0,0,500,0,NaN,NaN,0,0
pn_K4,比例导引法 K=4,target_pn_K4,target,1.65453193670111,7832.98806949383,30000,5000,270,0,0,500,0,NaN,NaN,0,0
pn_K4,比例导引法 K=4,target_pn_K4,target,1.66453193670111,7827.98806949383,30000,5000,270,0,0,500,0,NaN,NaN,0,0
pn_K4,比例导引法 K=4,target_pn_K4,target,1.67453193670111,7822.98806949383,30000,5000,270,0,0,500,0,NaN,NaN,0,0
pn_K4,比例导引法 K=4,target_pn_K4,target,1.68453193670111,7817.98806949383,30000,5000,270,0,0,500,0,NaN,NaN,0,0
pn_K4,比例导引法 K=4,target_pn_K4,target,1.69453193670111,7812.98806949383,30000,5000,270,0,0,500,0,NaN,NaN,0,0
pn_K4,比例导引法 K=4,target_pn_K4,target,1.70453193670111,7807.98806949383,30000,5000,270,0,0,500,0,NaN,NaN,0,0
pn_K4,比例导引法 K=4,target_pn_K4,target,1.71453193670111,7802.98806949383,30000,5000,270,0,0,500,0,NaN,NaN,0,0
pn_K4,比例导引法 K=4,target_pn_K4,target,1.72453193670111,7797.98806949383,30000,5000,270,0,0,500,0,NaN,NaN,0,0
pn_K4,比例导引法 K=4,target_pn_K4,target,1.73453193670111,7792.98806949383,30000,5000,270,0,0,500,0,NaN,NaN,0,0
pn_K4,比例导引法 K=4,target_pn_K4,target,1.74453193670111,7787.98806949383,30000,5000,270,0,0,500,0,NaN,NaN,0,0
pn_K4,比例导引法 K=4,target_pn_K4,target,1.75453193670111,7782.98806949383,30000,5000,270,0,0,500,0,NaN,NaN,0,0
pn_K4,比例导引法 K=4,target_pn_K4,target,1.76453193670111,7777.98806949383,30000,5000,270,0,0,500,0,NaN,NaN,0,0
pn_K4,比例导引法 K=4,target_pn_K4,target,1.77453193670111,7772.98806949383,30000,5000,270,0,0,500,0,NaN,NaN,0,0
pn_K4,比例导引法 K=4,target_pn_K4,target,1.78453193670111,7767.98806949383,30000,5000,270,0,0,500,0,NaN,NaN,0,0
pn_K4,比例导引法 K=4,target_pn_K4,target,1.79453193670111,7762.98806949383,30000,5000,270,0,0,500,0,NaN,NaN,0,0
pn_K4,比例导引法 K=4,target_pn_K4,target,1.80453193670111,7757.98806949383,30000,5000,270,0,0,500,0,NaN,NaN,0,0
pn_K4,比例导引法 K=4,target_pn_K4,target,1.81453193670111,7752.98806949383,30000,5000,270,0,0,500,0,NaN,NaN,0,0
pn_K4,比例导引法 K=4,target_pn_K4,target,1.82453193670111,7747.98806949383,30000,5000,270,0,0,500,0,NaN,NaN,0,0
pn_K4,比例导引法 K=4,target_pn_K4,target,1.83453193670111,7742.98806949383,30000,5000,270,0,0,500,0,NaN,NaN,0,0
pn_K4,比例导引法 K=4,target_pn_K4,target,1.84453193670111,7737.98806949383,30000,5000,270,0,0,500,0,NaN,NaN,0,0
pn_K4,比例导引法 K=4,target_pn_K4,target,1.85453193670111,7732.98806949383,30000,5000,270,0,0,500,0,NaN,NaN,0,0
pn_K4,比例导引法 K=4,target_pn_K4,target,1.86453193670111,7727.98806949383,30000,5000,270,0,0,500,0,NaN,NaN,0,0
pn_K4,比例导引法 K=4,target_pn_K4,target,1.87453193670111,7722.98806949383,30000,5000,270,0,0,500,0,NaN,NaN,0,0
pn_K4,比例导引法 K=4,target_pn_K4,target,1.88453193670111,7717.98806949383,30000,5000,270,0,0,500,0,NaN,NaN,0,0
pn_K4,比例导引法 K=4,target_pn_K4,target,1.89453193670111,7712.98806949383,30000,5000,270,0,0,500,0,NaN,NaN,0,0
pn_K4,比例导引法 K=4,target_pn_K4,target,1.90453193670111,7707.98806949383,30000,5000,270,0,0,500,0,NaN,NaN,0,0
pn_K4,比例导引法 K=4,target_pn_K4,target,1.91453193670111,7702.98806949383,30000,5000,270,0,0,500,0,NaN,NaN,0,0
pn_K4,比例导引法 K=4,target_pn_K4,target,1.92453193670111,7697.98806949383,30000,5000,270,0,0,500,0,NaN,NaN,0,0
pn_K4,比例导引法 K=4,target_pn_K4,target,1.93453193670111,7692.98806949383,30000,5000,270,0,0,500,0,NaN,NaN,0,0
pn_K4,比例导引法 K=4,target_pn_K4,target,1.94453193670111,7687.98806949383,30000,5000,270,0,0,500,0,NaN,NaN,0,0
pn_K4,比例导引法 K=4,target_pn_K4,target,1.95453193670111,7682.98806949383,30000,5000,270,0,0,500,0,NaN,NaN,0,0
pn_K4,比例导引法 K=4,target_pn_K4,target,1.96453193670111,7677.98806949383,30000,5000,270,0,0,500,0,NaN,NaN,0,0
pn_K4,比例导引法 K=4,target_pn_K4,target,1.97453193670111,7672.98806949383,30000,5000,270,0,0,500,0,NaN,NaN,0,0
pn_K4,比例导引法 K=4,target_pn_K4,target,1.98453193670111,7667.98806949383,30000,5000,270,0,0,500,0,NaN,NaN,0,0
pn_K4,比例导引法 K=4,target_pn_K4,target,1.99453193670111,7662.98806949383,30000,5000,270,0,0,500,0,NaN,NaN,0,0
pn_K4,比例导引法 K=4,target_pn_K4,target,2.00453193670111,7657.98806949383,30000,5000,270,0,0,500,0,NaN,NaN,0,0
pn_K4,比例导引法 K=4,target_pn_K4,target,2.01453193670111,7652.98806949383,30000,5000,270,0,0,500,0,NaN,NaN,0,0
pn_K4,比例导引法 K=4,target_pn_K4,target,2.02453193670111,7647.98806949383,30000,5000,270,0,0,500,0,NaN,NaN,0,0
pn_K4,比例导引法 K=4,target_pn_K4,target,2.03453193670111,7642.98806949383,30000,5000,270,0,0,500,0,NaN,NaN,0,0
pn_K4,比例导引法 K=4,target_pn_K4,target,2.04453193670111,7637.98806949383,30000,5000,270,0,0,500,0,NaN,NaN,0,0
pn_K4,比例导引法 K=4,target_pn_K4,target,2.05453193670111,7632.98806949383,30000,5000,270,0,0,500,0,NaN,NaN,0,0
pn_K4,比例导引法 K=4,target_pn_K4,target,2.06453193670111,7627.98806949383,30000,5000,270,0,0,500,0,NaN,NaN,0,0
pn_K4,比例导引法 K=4,target_pn_K4,target,2.07453193670111,7622.98806949383,30000,5000,270,0,0,500,0,NaN,NaN,0,0
pn_K4,比例导引法 K=4,target_pn_K4,target,2.08453193670111,7617.98806949383,30000,5000,270,0,0,500,0,NaN,NaN,0,0
pn_K4,比例导引法 K=4,target_pn_K4,target,2.09453193670111,7612.98806949383,30000,5000,270,0,0,500,0,NaN,NaN,0,0
pn_K4,比例导引法 K=4,target_pn_K4,target,2.10453193670111,7607.98806949383,30000,5000,270,0,0,500,0,NaN,NaN,0,0
pn_K4,比例导引法 K=4,target_pn_K4,target,2.11453193670111,7602.98806949383,30000,5000,270,0,0,500,0,NaN,NaN,0,0
pn_K4,比例导引法 K=4,target_pn_K4,target,2.12453193670111,7597.98806949383,30000,5000,270,0,0,500,0,NaN,NaN,0,0
pn_K4,比例导引法 K=4,target_pn_K4,target,2.13453193670111,7592.98806949383,30000,5000,270,0,0,500,0,NaN,NaN,0,0
pn_K4,比例导引法 K=4,target_pn_K4,target,2.14453193670111,7587.98806949383,30000,5000,270,0,0,500,0,NaN,NaN,0,0
pn_K4,比例导引法 K=4,target_pn_K4,target,2.15453193670111,7582.98806949383,30000,5000,270,0,0,500,0,NaN,NaN,0,0
pn_K4,比例导引法 K=4,target_pn_K4,target,2.16453193670111,7577.98806949383,30000,5000,270,0,0,500,0,NaN,NaN,0,0
pn_K4,比例导引法 K=4,target_pn_K4,target,2.17453193670111,7572.98806949383,30000,5000,270,0,0,500,0,NaN,NaN,0,0
pn_K4,比例导引法 K=4,target_pn_K4,target,2.18453193670111,7567.98806949383,30000,5000,270,0,0,500,0,NaN,NaN,0,0
pn_K4,比例导引法 K=4,target_pn_K4,target,2.19453193670111,7562.98806949383,30000,5000,270,0,0,500,0,NaN,NaN,0,0
pn_K4,比例导引法 K=4,target_pn_K4,target,2.20453193670111,7557.98806949383,30000,5000,270,0,0,500,0,NaN,NaN,0,0
pn_K4,比例导引法 K=4,target_pn_K4,target,2.21453193670111,7552.98806949383,30000,5000,270,0,0,500,0,NaN,NaN,0,0
pn_K4,比例导引法 K=4,target_pn_K4,target,2.22453193670111,7547.98806949383,30000,5000,270,0,0,500,0,NaN,NaN,0,0
pn_K4,比例导引法 K=4,target_pn_K4,target,2.23453193670111,7542.98806949383,30000,5000,270,0,0,500,0,NaN,NaN,0,0
pn_K4,比例导引法 K=4,target_pn_K4,target,2.24453193670111,7537.98806949383,30000,5000,270,0,0,500,0,NaN,NaN,0,0
pn_K4,比例导引法 K=4,target_pn_K4,target,2.25453193670111,7532.98806949383,30000,5000,270,0,0,500,0,NaN,NaN,0,0
pn_K4,比例导引法 K=4,target_pn_K4,target,2.26453193670111,7527.98806949383,30000,5000,270,0,0,500,0,NaN,NaN,0,0
pn_K4,比例导引法 K=4,target_pn_K4,target,2.27453193670111,7522.98806949383,30000,5000,270,0,0,500,0,NaN,NaN,0,0
pn_K4,比例导引法 K=4,target_pn_K4,target,2.28453193670111,7517.98806949383,30000,5000,270,0,0,500,0,NaN,NaN,0,0
pn_K4,比例导引法 K=4,target_pn_K4,target,2.29453193670111,7512.98806949383,30000,5000,270,0,0,500,0,NaN,NaN,0,0
pn_K4,比例导引法 K=4,target_pn_K4,target,2.30453193670111,7507.98806949383,30000,5000,270,0,0,500,0,NaN,NaN,0,0
pn_K4,比例导引法 K=4,target_pn_K4,target,2.31453193670111,7502.98806949383,30000,5000,270,0,0,500,0,NaN,NaN,0,0
pn_K4,比例导引法 K=4,target_pn_K4,target,2.32453193670111,7497.98806949383,30000,5000,270,0,0,500,0,NaN,NaN,0,0
pn_K4,比例导引法 K=4,target_pn_K4,target,2.33453193670111,7492.98806949383,30000,5000,270,0,0,500,0,NaN,NaN,0,0
pn_K4,比例导引法 K=4,target_pn_K4,target,2.34453193670111,7487.98806949383,30000,5000,270,0,0,500,0,NaN,NaN,0,0
pn_K4,比例导引法 K=4,target_pn_K4,target,2.3545319367011,7482.98806949383,30000,5000,270,0,0,500,0,NaN,NaN,0,0
pn_K4,比例导引法 K=4,target_pn_K4,target,2.3645319367011,7477.98806949383,30000,5000,270,0,0,500,0,NaN,NaN,0,0
pn_K4,比例导引法 K=4,target_pn_K4,target,2.3745319367011,7472.98806949383,30000,5000,270,0,0,500,0,NaN,NaN,0,0
pn_K4,比例导引法 K=4,target_pn_K4,target,2.3845319367011,7467.98806949383,30000,5000,270,0,0,500,0,NaN,NaN,0,0
pn_K4,比例导引法 K=4,target_pn_K4,target,2.3945319367011,7462.98806949383,30000,5000,270,0,0,500,0,NaN,NaN,0,0
pn_K4,比例导引法 K=4,target_pn_K4,target,2.4045319367011,7457.98806949383,30000,5000,270,0,0,500,0,NaN,NaN,0,0
pn_K4,比例导引法 K=4,target_pn_K4,target,2.4145319367011,7452.98806949383,30000,5000,270,0,0,500,0,NaN,NaN,0,0
pn_K4,比例导引法 K=4,target_pn_K4,target,2.4245319367011,7447.98806949383,30000,5000,270,0,0,500,0,NaN,NaN,0,0
pn_K4,比例导引法 K=4,target_pn_K4,target,2.4345319367011,7442.98806949383,30000,5000,270,0,0,500,0,NaN,NaN,0,0
pn_K4,比例导引法 K=4,target_pn_K4,target,2.4445319367011,7437.98806949383,30000,5000,270,0,0,500,0,NaN,NaN,0,0
pn_K4,比例导引法 K=4,target_pn_K4,target,2.4545319367011,7432.98806949383,30000,5000,270,0,0,500,0,NaN,NaN,0,0
pn_K4,比例导引法 K=4,target_pn_K4,target,2.4645319367011,7427.98806949383,30000,5000,270,0,0,500,0,NaN,NaN,0,0
pn_K4,比例导引法 K=4,target_pn_K4,target,2.4745319367011,7422.98806949383,30000,5000,270,0,0,500,0,NaN,NaN,0,0
pn_K4,比例导引法 K=4,target_pn_K4,target,2.4845319367011,7417.98806949384,30000,5000,270,0,0,500,0,NaN,NaN,0,0
pn_K4,比例导引法 K=4,target_pn_K4,target,2.4945319367011,7412.98806949384,30000,5000,270,0,0,500,0,NaN,NaN,0,0
pn_K4,比例导引法 K=4,target_pn_K4,target,2.5045319367011,7407.98806949384,30000,5000,270,0,0,500,0,NaN,NaN,0,0
pn_K4,比例导引法 K=4,target_pn_K4,target,2.5145319367011,7402.98806949384,30000,5000,270,0,0,500,0,NaN,NaN,0,0
pn_K4,比例导引法 K=4,target_pn_K4,target,2.5245319367011,7397.98806949384,30000,5000,270,0,0,500,0,NaN,NaN,0,0
pn_K4,比例导引法 K=4,target_pn_K4,target,2.5345319367011,7392.98806949384,30000,5000,270,0,0,500,0,NaN,NaN,0,0
pn_K4,比例导引法 K=4,target_pn_K4,target,2.5445319367011,7387.98806949384,30000,5000,270,0,0,500,0,NaN,NaN,0,0
pn_K4,比例导引法 K=4,target_pn_K4,target,2.5545319367011,7382.98806949384,30000,5000,270,0,0,500,0,NaN,NaN,0,0
pn_K4,比例导引法 K=4,target_pn_K4,target,2.5645319367011,7377.98806949384,30000,5000,270,0,0,500,0,NaN,NaN,0,0
pn_K4,比例导引法 K=4,target_pn_K4,target,2.5745319367011,7372.98806949384,30000,5000,270,0,0,500,0,NaN,NaN,0,0
pn_K4,比例导引法 K=4,target_pn_K4,target,2.5845319367011,7367.98806949384,30000,5000,270,0,0,500,0,NaN,NaN,0,0
pn_K4,比例导引法 K=4,target_pn_K4,target,2.5945319367011,7362.98806949384,30000,5000,270,0,0,500,0,NaN,NaN,0,0
pn_K4,比例导引法 K=4,target_pn_K4,target,2.6045319367011,7357.98806949384,30000,5000,270,0,0,500,0,NaN,NaN,0,0
pn_K4,比例导引法 K=4,target_pn_K4,target,2.6145319367011,7352.98806949384,30000,5000,270,0,0,500,0,NaN,NaN,0,0
pn_K4,比例导引法 K=4,target_pn_K4,target,2.6245319367011,7347.98806949384,30000,5000,270,0,0,500,0,NaN,NaN,0,0
pn_K4,比例导引法 K=4,target_pn_K4,target,2.6345319367011,7342.98806949384,30000,5000,270,0,0,500,0,NaN,NaN,0,0
pn_K4,比例导引法 K=4,target_pn_K4,target,2.6445319367011,7337.98806949384,30000,5000,270,0,0,500,0,NaN,NaN,0,0
pn_K4,比例导引法 K=4,target_pn_K4,target,2.6545319367011,7332.98806949384,30000,5000,270,0,0,500,0,NaN,NaN,0,0
pn_K4,比例导引法 K=4,target_pn_K4,target,2.6645319367011,7327.98806949384,30000,5000,270,0,0,500,0,NaN,NaN,0,0
pn_K4,比例导引法 K=4,target_pn_K4,target,2.6745319367011,7322.98806949384,30000,5000,270,0,0,500,0,NaN,NaN,0,0
pn_K4,比例导引法 K=4,target_pn_K4,target,2.6845319367011,7317.98806949384,30000,5000,270,0,0,500,0,NaN,NaN,0,0
pn_K4,比例导引法 K=4,target_pn_K4,target,2.6945319367011,7312.98806949384,30000,5000,270,0,0,500,0,NaN,NaN,0,0
pn_K4,比例导引法 K=4,target_pn_K4,target,2.7045319367011,7307.98806949384,30000,5000,270,0,0,500,0,NaN,NaN,0,0
pn_K4,比例导引法 K=4,target_pn_K4,target,2.7145319367011,7302.98806949384,30000,5000,270,0,0,500,0,NaN,NaN,0,0
pn_K4,比例导引法 K=4,target_pn_K4,target,2.7245319367011,7297.98806949384,30000,5000,270,0,0,500,0,NaN,NaN,0,0
pn_K4,比例导引法 K=4,target_pn_K4,target,2.7345319367011,7292.98806949384,30000,5000,270,0,0,500,0,NaN,NaN,0,0
pn_K4,比例导引法 K=4,target_pn_K4,target,2.7445319367011,7287.98806949384,30000,5000,270,0,0,500,0,NaN,NaN,0,0
pn_K4,比例导引法 K=4,target_pn_K4,target,2.7545319367011,7282.98806949384,30000,5000,270,0,0,500,0,NaN,NaN,0,0
pn_K4,比例导引法 K=4,target_pn_K4,target,2.7645319367011,7277.98806949384,30000,5000,270,0,0,500,0,NaN,NaN,0,0
pn_K4,比例导引法 K=4,target_pn_K4,target,2.7745319367011,7272.98806949384,30000,5000,270,0,0,500,0,NaN,NaN,0,0
pn_K4,比例导引法 K=4,target_pn_K4,target,2.7845319367011,7267.98806949384,30000,5000,270,0,0,500,0,NaN,NaN,0,0
pn_K4,比例导引法 K=4,target_pn_K4,target,2.7945319367011,7262.98806949384,30000,5000,270,0,0,500,0,NaN,NaN,0,0
pn_K4,比例导引法 K=4,target_pn_K4,target,2.8045319367011,7257.98806949384,30000,5000,270,0,0,500,0,NaN,NaN,0,0
pn_K4,比例导引法 K=4,target_pn_K4,target,2.8145319367011,7252.98806949384,30000,5000,270,0,0,500,0,NaN,NaN,0,0
pn_K4,比例导引法 K=4,target_pn_K4,target,2.82453193670109,7247.98806949384,30000,5000,270,0,0,500,0,NaN,NaN,0,0
pn_K4,比例导引法 K=4,target_pn_K4,target,2.83453193670109,7242.98806949384,30000,5000,270,0,0,500,0,NaN,NaN,0,0
pn_K4,比例导引法 K=4,target_pn_K4,target,2.84453193670109,7237.98806949384,30000,5000,270,0,0,500,0,NaN,NaN,0,0
pn_K4,比例导引法 K=4,target_pn_K4,target,2.85453193670109,7232.98806949384,30000,5000,270,0,0,500,0,NaN,NaN,0,0
pn_K4,比例导引法 K=4,target_pn_K4,target,2.86453193670109,7227.98806949384,30000,5000,270,0,0,500,0,NaN,NaN,0,0
pn_K4,比例导引法 K=4,target_pn_K4,target,2.87453193670109,7222.98806949384,30000,5000,270,0,0,500,0,NaN,NaN,0,0
pn_K4,比例导引法 K=4,target_pn_K4,target,2.88453193670109,7217.98806949384,30000,5000,270,0,0,500,0,NaN,NaN,0,0
pn_K4,比例导引法 K=4,target_pn_K4,target,2.89453193670109,7212.98806949384,30000,5000,270,0,0,500,0,NaN,NaN,0,0
pn_K4,比例导引法 K=4,target_pn_K4,target,2.90453193670109,7207.98806949384,30000,5000,270,0,0,500,0,NaN,NaN,0,0
pn_K4,比例导引法 K=4,target_pn_K4,target,2.91453193670109,7202.98806949384,30000,5000,270,0,0,500,0,NaN,NaN,0,0
pn_K4,比例导引法 K=4,target_pn_K4,target,2.92453193670109,7197.98806949384,30000,5000,270,0,0,500,0,NaN,NaN,0,0
pn_K4,比例导引法 K=4,target_pn_K4,target,2.93453193670109,7192.98806949384,30000,5000,270,0,0,500,0,NaN,NaN,0,0
pn_K4,比例导引法 K=4,target_pn_K4,target,2.94453193670109,7187.98806949384,30000,5000,270,0,0,500,0,NaN,NaN,0,0
pn_K4,比例导引法 K=4,target_pn_K4,target,2.95453193670109,7182.98806949384,30000,5000,270,0,0,500,0,NaN,NaN,0,0
pn_K4,比例导引法 K=4,target_pn_K4,target,2.96453193670109,7177.98806949384,30000,5000,270,0,0,500,0,NaN,NaN,0,0
pn_K4,比例导引法 K=4,target_pn_K4,target,2.97453193670109,7172.98806949384,30000,5000,270,0,0,500,0,NaN,NaN,0,0
pn_K4,比例导引法 K=4,target_pn_K4,target,2.98453193670109,7167.98806949384,30000,5000,270,0,0,500,0,NaN,NaN,0,0
pn_K4,比例导引法 K=4,target_pn_K4,target,2.99453193670109,7162.98806949384,30000,5000,270,0,0,500,0,NaN,NaN,0,0
pn_K4,比例导引法 K=4,target_pn_K4,target,3.00453193670109,7157.98806949384,30000,5000,270,0,0,500,0,NaN,NaN,0,0
pn_K4,比例导引法 K=4,target_pn_K4,target,3.01453193670109,7152.98806949384,30000,5000,270,0,0,500,0,NaN,NaN,0,0
pn_K4,比例导引法 K=4,target_pn_K4,target,3.02453193670109,7147.98806949384,30000,5000,270,0,0,500,0,NaN,NaN,0,0
pn_K4,比例导引法 K=4,target_pn_K4,target,3.03453193670109,7142.98806949384,30000,5000,270,0,0,500,0,NaN,NaN,0,0
pn_K4,比例导引法 K=4,target_pn_K4,target,3.04453193670109,7137.98806949384,30000,5000,270,0,0,500,0,NaN,NaN,0,0
pn_K4,比例导引法 K=4,target_pn_K4,target,3.05453193670109,7132.98806949384,30000,5000,270,0,0,500,0,NaN,NaN,0,0
pn_K4,比例导引法 K=4,target_pn_K4,target,3.06453193670109,7127.98806949384,30000,5000,270,0,0,500,0,NaN,NaN,0,0
pn_K4,比例导引法 K=4,target_pn_K4,target,3.07453193670109,7122.98806949384,30000,5000,270,0,0,500,0,NaN,NaN,0,0
pn_K4,比例导引法 K=4,target_pn_K4,target,3.08453193670109,7117.98806949384,30000,5000,270,0,0,500,0,NaN,NaN,0,0
pn_K4,比例导引法 K=4,target_pn_K4,target,3.09453193670109,7112.98806949384,30000,5000,270,0,0,500,0,NaN,NaN,0,0
pn_K4,比例导引法 K=4,target_pn_K4,target,3.10453193670109,7107.98806949384,30000,5000,270,0,0,500,0,NaN,NaN,0,0
pn_K4,比例导引法 K=4,target_pn_K4,target,3.11453193670109,7102.98806949384,30000,5000,270,0,0,500,0,NaN,NaN,0,0
pn_K4,比例导引法 K=4,target_pn_K4,target,3.12453193670109,7097.98806949384,30000,5000,270,0,0,500,0,NaN,NaN,0,0
pn_K4,比例导引法 K=4,target_pn_K4,target,3.13453193670109,7092.98806949384,30000,5000,270,0,0,500,0,NaN,NaN,0,0
pn_K4,比例导引法 K=4,target_pn_K4,target,3.14453193670109,7087.98806949384,30000,5000,270,0,0,500,0,NaN,NaN,0,0
pn_K4,比例导引法 K=4,target_pn_K4,target,3.15453193670109,7082.98806949384,30000,5000,270,0,0,500,0,NaN,NaN,0,0
pn_K4,比例导引法 K=4,target_pn_K4,target,3.16453193670109,7077.98806949384,30000,5000,270,0,0,500,0,NaN,NaN,0,0
pn_K4,比例导引法 K=4,target_pn_K4,target,3.17453193670109,7072.98806949384,30000,5000,270,0,0,500,0,NaN,NaN,0,0
pn_K4,比例导引法 K=4,target_pn_K4,target,3.18453193670109,7067.98806949384,30000,5000,270,0,0,500,0,NaN,NaN,0,0
pn_K4,比例导引法 K=4,target_pn_K4,target,3.19453193670109,7062.98806949384,30000,5000,270,0,0,500,0,NaN,NaN,0,0
pn_K4,比例导引法 K=4,target_pn_K4,target,3.20453193670109,7057.98806949384,30000,5000,270,0,0,500,0,NaN,NaN,0,0
pn_K4,比例导引法 K=4,target_pn_K4,target,3.21453193670109,7052.98806949384,30000,5000,270,0,0,500,0,NaN,NaN,0,0
pn_K4,比例导引法 K=4,target_pn_K4,target,3.22453193670109,7047.98806949384,30000,5000,270,0,0,500,0,NaN,NaN,0,0
pn_K4,比例导引法 K=4,target_pn_K4,target,3.23453193670109,7042.98806949384,30000,5000,270,0,0,500,0,NaN,NaN,0,0
pn_K4,比例导引法 K=4,target_pn_K4,target,3.24453193670109,7037.98806949384,30000,5000,270,0,0,500,0,NaN,NaN,0,0
pn_K4,比例导引法 K=4,target_pn_K4,target,3.25453193670109,7032.98806949384,30000,5000,270,0,0,500,0,NaN,NaN,0,0
pn_K4,比例导引法 K=4,target_pn_K4,target,3.26453193670109,7027.98806949384,30000,5000,270,0,0,500,0,NaN,NaN,0,0
pn_K4,比例导引法 K=4,target_pn_K4,target,3.27453193670109,7022.98806949384,30000,5000,270,0,0,500,0,NaN,NaN,0,0
pn_K4,比例导引法 K=4,target_pn_K4,target,3.28453193670109,7017.98806949384,30000,5000,270,0,0,500,0,NaN,NaN,0,0
pn_K4,比例导引法 K=4,target_pn_K4,target,3.29453193670108,7012.98806949384,30000,5000,270,0,0,500,0,NaN,NaN,0,0
pn_K4,比例导引法 K=4,target_pn_K4,target,3.30453193670108,7007.98806949384,30000,5000,270,0,0,500,0,NaN,NaN,0,0
pn_K4,比例导引法 K=4,target_pn_K4,target,3.31453193670108,7002.98806949384,30000,5000,270,0,0,500,0,NaN,NaN,0,0
pn_K4,比例导引法 K=4,target_pn_K4,target,3.32453193670108,6997.98806949384,30000,5000,270,0,0,500,0,NaN,NaN,0,0
pn_K4,比例导引法 K=4,target_pn_K4,target,3.33453193670108,6992.98806949384,30000,5000,270,0,0,500,0,NaN,NaN,0,0
pn_K4,比例导引法 K=4,target_pn_K4,target,3.34453193670108,6987.98806949384,30000,5000,270,0,0,500,0,NaN,NaN,0,0
pn_K4,比例导引法 K=4,target_pn_K4,target,3.35453193670108,6982.98806949384,30000,5000,270,0,0,500,0,NaN,NaN,0,0
pn_K4,比例导引法 K=4,target_pn_K4,target,3.36453193670108,6977.98806949384,30000,5000,270,0,0,500,0,NaN,NaN,0,0
pn_K4,比例导引法 K=4,target_pn_K4,target,3.37453193670108,6972.98806949384,30000,5000,270,0,0,500,0,NaN,NaN,0,0
pn_K4,比例导引法 K=4,target_pn_K4,target,3.38453193670108,6967.98806949384,30000,5000,270,0,0,500,0,NaN,NaN,0,0
pn_K4,比例导引法 K=4,target_pn_K4,target,3.39453193670108,6962.98806949385,30000,5000,270,0,0,500,0,NaN,NaN,0,0
pn_K4,比例导引法 K=4,target_pn_K4,target,3.40453193670108,6957.98806949385,30000,5000,270,0,0,500,0,NaN,NaN,0,0
pn_K4,比例导引法 K=4,target_pn_K4,target,3.41453193670108,6952.98806949385,30000,5000,270,0,0,500,0,NaN,NaN,0,0
pn_K4,比例导引法 K=4,target_pn_K4,target,3.42453193670108,6947.98806949385,30000,5000,270,0,0,500,0,NaN,NaN,0,0
pn_K4,比例导引法 K=4,target_pn_K4,target,3.43453193670108,6942.98806949385,30000,5000,270,0,0,500,0,NaN,NaN,0,0
pn_K4,比例导引法 K=4,target_pn_K4,target,3.44453193670108,6937.98806949385,30000,5000,270,0,0,500,0,NaN,NaN,0,0
pn_K4,比例导引法 K=4,target_pn_K4,target,3.45453193670108,6932.98806949385,30000,5000,270,0,0,500,0,NaN,NaN,0,0
pn_K4,比例导引法 K=4,target_pn_K4,target,3.46453193670108,6927.98806949385,30000,5000,270,0,0,500,0,NaN,NaN,0,0
pn_K4,比例导引法 K=4,target_pn_K4,target,3.47453193670108,6922.98806949385,30000,5000,270,0,0,500,0,NaN,NaN,0,0
pn_K4,比例导引法 K=4,target_pn_K4,target,3.48453193670108,6917.98806949385,30000,5000,270,0,0,500,0,NaN,NaN,0,0
pn_K4,比例导引法 K=4,target_pn_K4,target,3.49453193670108,6912.98806949385,30000,5000,270,0,0,500,0,NaN,NaN,0,0
pn_K4,比例导引法 K=4,target_pn_K4,target,3.50453193670108,6907.98806949385,30000,5000,270,0,0,500,0,NaN,NaN,0,0
pn_K4,比例导引法 K=4,target_pn_K4,target,3.51453193670108,6902.98806949385,30000,5000,270,0,0,500,0,NaN,NaN,0,0
pn_K4,比例导引法 K=4,target_pn_K4,target,3.52453193670108,6897.98806949385,30000,5000,270,0,0,500,0,NaN,NaN,0,0
pn_K4,比例导引法 K=4,target_pn_K4,target,3.53453193670108,6892.98806949385,30000,5000,270,0,0,500,0,NaN,NaN,0,0
pn_K4,比例导引法 K=4,target_pn_K4,target,3.54453193670108,6887.98806949385,30000,5000,270,0,0,500,0,NaN,NaN,0,0
pn_K4,比例导引法 K=4,target_pn_K4,target,3.55453193670108,6882.98806949385,30000,5000,270,0,0,500,0,NaN,NaN,0,0
pn_K4,比例导引法 K=4,target_pn_K4,target,3.56453193670108,6877.98806949385,30000,5000,270,0,0,500,0,NaN,NaN,0,0
pn_K4,比例导引法 K=4,target_pn_K4,target,3.57453193670108,6872.98806949385,30000,5000,270,0,0,500,0,NaN,NaN,0,0
pn_K4,比例导引法 K=4,target_pn_K4,target,3.58453193670108,6867.98806949385,30000,5000,270,0,0,500,0,NaN,NaN,0,0
pn_K4,比例导引法 K=4,target_pn_K4,target,3.59453193670108,6862.98806949385,30000,5000,270,0,0,500,0,NaN,NaN,0,0
pn_K4,比例导引法 K=4,target_pn_K4,target,3.60453193670108,6857.98806949385,30000,5000,270,0,0,500,0,NaN,NaN,0,0
pn_K4,比例导引法 K=4,target_pn_K4,target,3.61453193670108,6852.98806949385,30000,5000,270,0,0,500,0,NaN,NaN,0,0
pn_K4,比例导引法 K=4,target_pn_K4,target,3.62453193670108,6847.98806949385,30000,5000,270,0,0,500,0,NaN,NaN,0,0
pn_K4,比例导引法 K=4,target_pn_K4,target,3.63453193670108,6842.98806949385,30000,5000,270,0,0,500,0,NaN,NaN,0,0
pn_K4,比例导引法 K=4,target_pn_K4,target,3.64453193670108,6837.98806949385,30000,5000,270,0,0,500,0,NaN,NaN,0,0
pn_K4,比例导引法 K=4,target_pn_K4,target,3.65453193670108,6832.98806949385,30000,5000,270,0,0,500,0,NaN,NaN,0,0
pn_K4,比例导引法 K=4,target_pn_K4,target,3.66453193670108,6827.98806949385,30000,5000,270,0,0,500,0,NaN,NaN,0,0
pn_K4,比例导引法 K=4,target_pn_K4,target,3.67453193670108,6822.98806949385,30000,5000,270,0,0,500,0,NaN,NaN,0,0
pn_K4,比例导引法 K=4,target_pn_K4,target,3.68453193670108,6817.98806949385,30000,5000,270,0,0,500,0,NaN,NaN,0,0
pn_K4,比例导引法 K=4,target_pn_K4,target,3.69453193670108,6812.98806949385,30000,5000,270,0,0,500,0,NaN,NaN,0,0
pn_K4,比例导引法 K=4,target_pn_K4,target,3.70453193670108,6807.98806949385,30000,5000,270,0,0,500,0,NaN,NaN,0,0
pn_K4,比例导引法 K=4,target_pn_K4,target,3.71453193670108,6802.98806949385,30000,5000,270,0,0,500,0,NaN,NaN,0,0
pn_K4,比例导引法 K=4,target_pn_K4,target,3.72453193670108,6797.98806949385,30000,5000,270,0,0,500,0,NaN,NaN,0,0
pn_K4,比例导引法 K=4,target_pn_K4,target,3.73453193670108,6792.98806949385,30000,5000,270,0,0,500,0,NaN,NaN,0,0
pn_K4,比例导引法 K=4,target_pn_K4,target,3.74453193670108,6787.98806949385,30000,5000,270,0,0,500,0,NaN,NaN,0,0
pn_K4,比例导引法 K=4,target_pn_K4,target,3.75453193670107,6782.98806949385,30000,5000,270,0,0,500,0,NaN,NaN,0,0
pn_K4,比例导引法 K=4,target_pn_K4,target,3.76453193670107,6777.98806949385,30000,5000,270,0,0,500,0,NaN,NaN,0,0
pn_K4,比例导引法 K=4,target_pn_K4,target,3.77453193670107,6772.98806949385,30000,5000,270,0,0,500,0,NaN,NaN,0,0
pn_K4,比例导引法 K=4,target_pn_K4,target,3.78453193670107,6767.98806949385,30000,5000,270,0,0,500,0,NaN,NaN,0,0
pn_K4,比例导引法 K=4,target_pn_K4,target,3.79453193670107,6762.98806949385,30000,5000,270,0,0,500,0,NaN,NaN,0,0
pn_K4,比例导引法 K=4,target_pn_K4,target,3.80453193670107,6757.98806949385,30000,5000,270,0,0,500,0,NaN,NaN,0,0
pn_K4,比例导引法 K=4,target_pn_K4,target,3.81453193670107,6752.98806949385,30000,5000,270,0,0,500,0,NaN,NaN,0,0
pn_K4,比例导引法 K=4,target_pn_K4,target,3.82453193670107,6747.98806949385,30000,5000,270,0,0,500,0,NaN,NaN,0,0
pn_K4,比例导引法 K=4,target_pn_K4,target,3.83453193670107,6742.98806949385,30000,5000,270,0,0,500,0,NaN,NaN,0,0
pn_K4,比例导引法 K=4,target_pn_K4,target,3.84453193670107,6737.98806949385,30000,5000,270,0,0,500,0,NaN,NaN,0,0
pn_K4,比例导引法 K=4,target_pn_K4,target,3.85453193670107,6732.98806949385,30000,5000,270,0,0,500,0,NaN,NaN,0,0
pn_K4,比例导引法 K=4,target_pn_K4,target,3.86453193670107,6727.98806949385,30000,5000,270,0,0,500,0,NaN,NaN,0,0
pn_K4,比例导引法 K=4,target_pn_K4,target,3.87453193670107,6722.98806949385,30000,5000,270,0,0,500,0,NaN,NaN,0,0
pn_K4,比例导引法 K=4,target_pn_K4,target,3.88453193670107,6717.98806949385,30000,5000,270,0,0,500,0,NaN,NaN,0,0
pn_K4,比例导引法 K=4,target_pn_K4,target,3.89453193670107,6712.98806949385,30000,5000,270,0,0,500,0,NaN,NaN,0,0
pn_K4,比例导引法 K=4,target_pn_K4,target,3.90453193670107,6707.98806949385,30000,5000,270,0,0,500,0,NaN,NaN,0,0
pn_K4,比例导引法 K=4,target_pn_K4,target,3.91453193670107,6702.98806949385,30000,5000,270,0,0,500,0,NaN,NaN,0,0
pn_K4,比例导引法 K=4,target_pn_K4,target,3.92453193670107,6697.98806949385,30000,5000,270,0,0,500,0,NaN,NaN,0,0
pn_K4,比例导引法 K=4,target_pn_K4,target,3.93453193670107,6692.98806949385,30000,5000,270,0,0,500,0,NaN,NaN,0,0
pn_K4,比例导引法 K=4,target_pn_K4,target,3.94453193670107,6687.98806949385,30000,5000,270,0,0,500,0,NaN,NaN,0,0
pn_K4,比例导引法 K=4,target_pn_K4,target,3.95453193670107,6682.98806949385,30000,5000,270,0,0,500,0,NaN,NaN,0,0
pn_K4,比例导引法 K=4,target_pn_K4,target,3.96453193670107,6677.98806949385,30000,5000,270,0,0,500,0,NaN,NaN,0,0
pn_K4,比例导引法 K=4,target_pn_K4,target,3.97453193670107,6672.98806949385,30000,5000,270,0,0,500,0,NaN,NaN,0,0
pn_K4,比例导引法 K=4,target_pn_K4,target,3.98453193670107,6667.98806949385,30000,5000,270,0,0,500,0,NaN,NaN,0,0
pn_K4,比例导引法 K=4,target_pn_K4,target,3.99453193670107,6662.98806949385,30000,5000,270,0,0,500,0,NaN,NaN,0,0
pn_K4,比例导引法 K=4,target_pn_K4,target,4.00453193670107,6657.98806949385,30000,5000,270,0,0,500,0,NaN,NaN,0,0
pn_K4,比例导引法 K=4,target_pn_K4,target,4.01453193670107,6652.98806949385,30000,5000,270,0,0,500,0,NaN,NaN,0,0
pn_K4,比例导引法 K=4,target_pn_K4,target,4.02453193670107,6647.98806949385,30000,5000,270,0,0,500,0,NaN,NaN,0,0
pn_K4,比例导引法 K=4,target_pn_K4,target,4.03453193670107,6642.98806949385,30000,5000,270,0,0,500,0,NaN,NaN,0,0
pn_K4,比例导引法 K=4,target_pn_K4,target,4.04453193670107,6637.98806949385,30000,5000,270,0,0,500,0,NaN,NaN,0,0
pn_K4,比例导引法 K=4,target_pn_K4,target,4.05453193670107,6632.98806949385,30000,5000,270,0,0,500,0,NaN,NaN,0,0
pn_K4,比例导引法 K=4,target_pn_K4,target,4.06453193670107,6627.98806949385,30000,5000,270,0,0,500,0,NaN,NaN,0,0
pn_K4,比例导引法 K=4,target_pn_K4,target,4.07453193670107,6622.98806949385,30000,5000,270,0,0,500,0,NaN,NaN,0,0
pn_K4,比例导引法 K=4,target_pn_K4,target,4.08453193670107,6617.98806949385,30000,5000,270,0,0,500,0,NaN,NaN,0,0
pn_K4,比例导引法 K=4,target_pn_K4,target,4.09453193670107,6612.98806949385,30000,5000,270,0,0,500,0,NaN,NaN,0,0
pn_K4,比例导引法 K=4,target_pn_K4,target,4.10453193670107,6607.98806949385,30000,5000,270,0,0,500,0,NaN,NaN,0,0
pn_K4,比例导引法 K=4,target_pn_K4,target,4.11453193670107,6602.98806949385,30000,5000,270,0,0,500,0,NaN,NaN,0,0
pn_K4,比例导引法 K=4,target_pn_K4,target,4.12453193670107,6597.98806949385,30000,5000,270,0,0,500,0,NaN,NaN,0,0
pn_K4,比例导引法 K=4,target_pn_K4,target,4.13453193670107,6592.98806949385,30000,5000,270,0,0,500,0,NaN,NaN,0,0
pn_K4,比例导引法 K=4,target_pn_K4,target,4.14453193670107,6587.98806949385,30000,5000,270,0,0,500,0,NaN,NaN,0,0
pn_K4,比例导引法 K=4,target_pn_K4,target,4.15453193670107,6582.98806949385,30000,5000,270,0,0,500,0,NaN,NaN,0,0
pn_K4,比例导引法 K=4,target_pn_K4,target,4.16453193670107,6577.98806949385,30000,5000,270,0,0,500,0,NaN,NaN,0,0
pn_K4,比例导引法 K=4,target_pn_K4,target,4.17453193670107,6572.98806949385,30000,5000,270,0,0,500,0,NaN,NaN,0,0
pn_K4,比例导引法 K=4,target_pn_K4,target,4.18453193670107,6567.98806949385,30000,5000,270,0,0,500,0,NaN,NaN,0,0
pn_K4,比例导引法 K=4,target_pn_K4,target,4.19453193670107,6562.98806949385,30000,5000,270,0,0,500,0,NaN,NaN,0,0
pn_K4,比例导引法 K=4,target_pn_K4,target,4.20453193670107,6557.98806949385,30000,5000,270,0,0,500,0,NaN,NaN,0,0
pn_K4,比例导引法 K=4,target_pn_K4,target,4.21453193670107,6552.98806949385,30000,5000,270,0,0,500,0,NaN,NaN,0,0
pn_K4,比例导引法 K=4,target_pn_K4,target,4.22453193670106,6547.98806949385,30000,5000,270,0,0,500,0,NaN,NaN,0,0
pn_K4,比例导引法 K=4,target_pn_K4,target,4.23453193670106,6542.98806949385,30000,5000,270,0,0,500,0,NaN,NaN,0,0
pn_K4,比例导引法 K=4,target_pn_K4,target,4.24453193670106,6537.98806949385,30000,5000,270,0,0,500,0,NaN,NaN,0,0
pn_K4,比例导引法 K=4,target_pn_K4,target,4.25453193670106,6532.98806949385,30000,5000,270,0,0,500,0,NaN,NaN,0,0
pn_K4,比例导引法 K=4,target_pn_K4,target,4.26453193670106,6527.98806949385,30000,5000,270,0,0,500,0,NaN,NaN,0,0
pn_K4,比例导引法 K=4,target_pn_K4,target,4.27453193670106,6522.98806949385,30000,5000,270,0,0,500,0,NaN,NaN,0,0
pn_K4,比例导引法 K=4,target_pn_K4,target,4.28453193670106,6517.98806949385,30000,5000,270,0,0,500,0,NaN,NaN,0,0
pn_K4,比例导引法 K=4,target_pn_K4,target,4.29453193670106,6512.98806949385,30000,5000,270,0,0,500,0,NaN,NaN,0,0
pn_K4,比例导引法 K=4,target_pn_K4,target,4.30453193670106,6507.98806949385,30000,5000,270,0,0,500,0,NaN,NaN,0,0
pn_K4,比例导引法 K=4,target_pn_K4,target,4.31453193670106,6502.98806949385,30000,5000,270,0,0,500,0,NaN,NaN,0,0
pn_K4,比例导引法 K=4,target_pn_K4,target,4.32453193670106,6497.98806949385,30000,5000,270,0,0,500,0,NaN,NaN,0,0
pn_K4,比例导引法 K=4,target_pn_K4,target,4.33453193670106,6492.98806949385,30000,5000,270,0,0,500,0,NaN,NaN,0,0
pn_K4,比例导引法 K=4,target_pn_K4,target,4.34453193670106,6487.98806949385,30000,5000,270,0,0,500,0,NaN,NaN,0,0
pn_K4,比例导引法 K=4,target_pn_K4,target,4.35453193670106,6482.98806949385,30000,5000,270,0,0,500,0,NaN,NaN,0,0
pn_K4,比例导引法 K=4,target_pn_K4,target,4.36453193670106,6477.98806949386,30000,5000,270,0,0,500,0,NaN,NaN,0,0
pn_K4,比例导引法 K=4,target_pn_K4,target,4.37453193670106,6472.98806949386,30000,5000,270,0,0,500,0,NaN,NaN,0,0
pn_K4,比例导引法 K=4,target_pn_K4,target,4.38453193670106,6467.98806949386,30000,5000,270,0,0,500,0,NaN,NaN,0,0
pn_K4,比例导引法 K=4,target_pn_K4,target,4.39453193670106,6462.98806949386,30000,5000,270,0,0,500,0,NaN,NaN,0,0
pn_K4,比例导引法 K=4,target_pn_K4,target,4.40453193670106,6457.98806949386,30000,5000,270,0,0,500,0,NaN,NaN,0,0
pn_K4,比例导引法 K=4,target_pn_K4,target,4.41453193670106,6452.98806949386,30000,5000,270,0,0,500,0,NaN,NaN,0,0
pn_K4,比例导引法 K=4,target_pn_K4,target,4.42453193670106,6447.98806949386,30000,5000,270,0,0,500,0,NaN,NaN,0,0
pn_K4,比例导引法 K=4,target_pn_K4,target,4.43453193670106,6442.98806949386,30000,5000,270,0,0,500,0,NaN,NaN,0,0
pn_K4,比例导引法 K=4,target_pn_K4,target,4.44453193670106,6437.98806949386,30000,5000,270,0,0,500,0,NaN,NaN,0,0
pn_K4,比例导引法 K=4,target_pn_K4,target,4.45453193670106,6432.98806949386,30000,5000,270,0,0,500,0,NaN,NaN,0,0
pn_K4,比例导引法 K=4,target_pn_K4,target,4.46453193670106,6427.98806949386,30000,5000,270,0,0,500,0,NaN,NaN,0,0
pn_K4,比例导引法 K=4,target_pn_K4,target,4.47453193670106,6422.98806949386,30000,5000,270,0,0,500,0,NaN,NaN,0,0
pn_K4,比例导引法 K=4,target_pn_K4,target,4.48453193670106,6417.98806949386,30000,5000,270,0,0,500,0,NaN,NaN,0,0
pn_K4,比例导引法 K=4,target_pn_K4,target,4.49453193670106,6412.98806949386,30000,5000,270,0,0,500,0,NaN,NaN,0,0
pn_K4,比例导引法 K=4,target_pn_K4,target,4.50453193670106,6407.98806949386,30000,5000,270,0,0,500,0,NaN,NaN,0,0
pn_K4,比例导引法 K=4,target_pn_K4,target,4.51453193670106,6402.98806949386,30000,5000,270,0,0,500,0,NaN,NaN,0,0
pn_K4,比例导引法 K=4,target_pn_K4,target,4.52453193670106,6397.98806949386,30000,5000,270,0,0,500,0,NaN,NaN,0,0
pn_K4,比例导引法 K=4,target_pn_K4,target,4.53453193670106,6392.98806949386,30000,5000,270,0,0,500,0,NaN,NaN,0,0
pn_K4,比例导引法 K=4,target_pn_K4,target,4.54453193670106,6387.98806949386,30000,5000,270,0,0,500,0,NaN,NaN,0,0
pn_K4,比例导引法 K=4,target_pn_K4,target,4.55453193670106,6382.98806949386,30000,5000,270,0,0,500,0,NaN,NaN,0,0
pn_K4,比例导引法 K=4,target_pn_K4,target,4.56453193670106,6377.98806949386,30000,5000,270,0,0,500,0,NaN,NaN,0,0
pn_K4,比例导引法 K=4,target_pn_K4,target,4.57453193670106,6372.98806949386,30000,5000,270,0,0,500,0,NaN,NaN,0,0
pn_K4,比例导引法 K=4,target_pn_K4,target,4.58453193670106,6367.98806949386,30000,5000,270,0,0,500,0,NaN,NaN,0,0
pn_K4,比例导引法 K=4,target_pn_K4,target,4.59453193670106,6362.98806949386,30000,5000,270,0,0,500,0,NaN,NaN,0,0
pn_K4,比例导引法 K=4,target_pn_K4,target,4.60453193670106,6357.98806949386,30000,5000,270,0,0,500,0,NaN,NaN,0,0
pn_K4,比例导引法 K=4,target_pn_K4,target,4.61453193670106,6352.98806949386,30000,5000,270,0,0,500,0,NaN,NaN,0,0
pn_K4,比例导引法 K=4,target_pn_K4,target,4.62453193670106,6347.98806949386,30000,5000,270,0,0,500,0,NaN,NaN,0,0
pn_K4,比例导引法 K=4,target_pn_K4,target,4.63453193670106,6342.98806949386,30000,5000,270,0,0,500,0,NaN,NaN,0,0
pn_K4,比例导引法 K=4,target_pn_K4,target,4.64453193670106,6337.98806949386,30000,5000,270,0,0,500,0,NaN,NaN,0,0
pn_K4,比例导引法 K=4,target_pn_K4,target,4.65453193670106,6332.98806949386,30000,5000,270,0,0,500,0,NaN,NaN,0,0
pn_K4,比例导引法 K=4,target_pn_K4,target,4.66453193670106,6327.98806949386,30000,5000,270,0,0,500,0,NaN,NaN,0,0
pn_K4,比例导引法 K=4,target_pn_K4,target,4.67453193670106,6322.98806949386,30000,5000,270,0,0,500,0,NaN,NaN,0,0
pn_K4,比例导引法 K=4,target_pn_K4,target,4.68453193670106,6317.98806949386,30000,5000,270,0,0,500,0,NaN,NaN,0,0
pn_K4,比例导引法 K=4,target_pn_K4,target,4.69453193670105,6312.98806949386,30000,5000,270,0,0,500,0,NaN,NaN,0,0
pn_K4,比例导引法 K=4,target_pn_K4,target,4.70453193670105,6307.98806949386,30000,5000,270,0,0,500,0,NaN,NaN,0,0
pn_K4,比例导引法 K=4,target_pn_K4,target,4.71453193670105,6302.98806949386,30000,5000,270,0,0,500,0,NaN,NaN,0,0
pn_K4,比例导引法 K=4,target_pn_K4,target,4.72453193670105,6297.98806949386,30000,5000,270,0,0,500,0,NaN,NaN,0,0
pn_K4,比例导引法 K=4,target_pn_K4,target,4.73453193670105,6292.98806949386,30000,5000,270,0,0,500,0,NaN,NaN,0,0
pn_K4,比例导引法 K=4,target_pn_K4,target,4.74453193670105,6287.98806949386,30000,5000,270,0,0,500,0,NaN,NaN,0,0
pn_K4,比例导引法 K=4,target_pn_K4,target,4.75453193670105,6282.98806949386,30000,5000,270,0,0,500,0,NaN,NaN,0,0
pn_K4,比例导引法 K=4,target_pn_K4,target,4.76453193670105,6277.98806949386,30000,5000,270,0,0,500,0,NaN,NaN,0,0
pn_K4,比例导引法 K=4,target_pn_K4,target,4.77453193670105,6272.98806949386,30000,5000,270,0,0,500,0,NaN,NaN,0,0
pn_K4,比例导引法 K=4,target_pn_K4,target,4.78453193670105,6267.98806949386,30000,5000,270,0,0,500,0,NaN,NaN,0,0
pn_K4,比例导引法 K=4,target_pn_K4,target,4.79453193670105,6262.98806949386,30000,5000,270,0,0,500,0,NaN,NaN,0,0
pn_K4,比例导引法 K=4,target_pn_K4,target,4.80453193670105,6257.98806949386,30000,5000,270,0,0,500,0,NaN,NaN,0,0
pn_K4,比例导引法 K=4,target_pn_K4,target,4.81453193670105,6252.98806949386,30000,5000,270,0,0,500,0,NaN,NaN,0,0
pn_K4,比例导引法 K=4,target_pn_K4,target,4.82453193670105,6247.98806949386,30000,5000,270,0,0,500,0,NaN,NaN,0,0
pn_K4,比例导引法 K=4,target_pn_K4,target,4.83453193670105,6242.98806949386,30000,5000,270,0,0,500,0,NaN,NaN,0,0
pn_K4,比例导引法 K=4,target_pn_K4,target,4.84453193670105,6237.98806949386,30000,5000,270,0,0,500,0,NaN,NaN,0,0
pn_K4,比例导引法 K=4,target_pn_K4,target,4.85453193670105,6232.98806949386,30000,5000,270,0,0,500,0,NaN,NaN,0,0
pn_K4,比例导引法 K=4,target_pn_K4,target,4.86453193670105,6227.98806949386,30000,5000,270,0,0,500,0,NaN,NaN,0,0
pn_K4,比例导引法 K=4,target_pn_K4,target,4.87453193670105,6222.98806949386,30000,5000,270,0,0,500,0,NaN,NaN,0,0
pn_K4,比例导引法 K=4,target_pn_K4,target,4.88453193670105,6217.98806949386,30000,5000,270,0,0,500,0,NaN,NaN,0,0
pn_K4,比例导引法 K=4,target_pn_K4,target,4.89453193670105,6212.98806949386,30000,5000,270,0,0,500,0,NaN,NaN,0,0
pn_K4,比例导引法 K=4,target_pn_K4,target,4.90453193670105,6207.98806949386,30000,5000,270,0,0,500,0,NaN,NaN,0,0
pn_K4,比例导引法 K=4,target_pn_K4,target,4.91453193670105,6202.98806949386,30000,5000,270,0,0,500,0,NaN,NaN,0,0
pn_K4,比例导引法 K=4,target_pn_K4,target,4.92453193670105,6197.98806949386,30000,5000,270,0,0,500,0,NaN,NaN,0,0
pn_K4,比例导引法 K=4,target_pn_K4,target,4.93453193670105,6192.98806949386,30000,5000,270,0,0,500,0,NaN,NaN,0,0
pn_K4,比例导引法 K=4,target_pn_K4,target,4.94453193670105,6187.98806949386,30000,5000,270,0,0,500,0,NaN,NaN,0,0
pn_K4,比例导引法 K=4,target_pn_K4,target,4.95453193670105,6182.98806949386,30000,5000,270,0,0,500,0,NaN,NaN,0,0
pn_K4,比例导引法 K=4,target_pn_K4,target,4.96453193670105,6177.98806949386,30000,5000,270,0,0,500,0,NaN,NaN,0,0
pn_K4,比例导引法 K=4,target_pn_K4,target,4.97453193670105,6172.98806949386,30000,5000,270,0,0,500,0,NaN,NaN,0,0
pn_K4,比例导引法 K=4,target_pn_K4,target,4.98453193670105,6167.98806949386,30000,5000,270,0,0,500,0,NaN,NaN,0,0
pn_K4,比例导引法 K=4,target_pn_K4,target,4.99453193670105,6162.98806949386,30000,5000,270,0,0,500,0,NaN,NaN,0,0
pn_K4,比例导引法 K=4,target_pn_K4,target,5.00453193670105,6157.98806949386,30000,5000,270,0,0,500,0,NaN,NaN,0,0
pn_K4,比例导引法 K=4,target_pn_K4,target,5.01453193670105,6152.98806949386,30000,5000,270,0,0,500,0,NaN,NaN,0,0
pn_K4,比例导引法 K=4,target_pn_K4,target,5.02453193670105,6147.98806949386,30000,5000,270,0,0,500,0,NaN,NaN,0,0
pn_K4,比例导引法 K=4,target_pn_K4,target,5.03453193670105,6142.98806949386,30000,5000,270,0,0,500,0,NaN,NaN,0,0
pn_K4,比例导引法 K=4,target_pn_K4,target,5.04453193670105,6137.98806949386,30000,5000,270,0,0,500,0,NaN,NaN,0,0
pn_K4,比例导引法 K=4,target_pn_K4,target,5.05453193670105,6132.98806949386,30000,5000,270,0,0,500,0,NaN,NaN,0,0
pn_K4,比例导引法 K=4,target_pn_K4,target,5.06453193670105,6127.98806949386,30000,5000,270,0,0,500,0,NaN,NaN,0,0
pn_K4,比例导引法 K=4,target_pn_K4,target,5.07453193670105,6122.98806949386,30000,5000,270,0,0,500,0,NaN,NaN,0,0
pn_K4,比例导引法 K=4,target_pn_K4,target,5.08453193670105,6117.98806949386,30000,5000,270,0,0,500,0,NaN,NaN,0,0
pn_K4,比例导引法 K=4,target_pn_K4,target,5.09453193670105,6112.98806949386,30000,5000,270,0,0,500,0,NaN,NaN,0,0
pn_K4,比例导引法 K=4,target_pn_K4,target,5.10453193670105,6107.98806949386,30000,5000,270,0,0,500,0,NaN,NaN,0,0
pn_K4,比例导引法 K=4,target_pn_K4,target,5.11453193670105,6102.98806949386,30000,5000,270,0,0,500,0,NaN,NaN,0,0
pn_K4,比例导引法 K=4,target_pn_K4,target,5.12453193670105,6097.98806949386,30000,5000,270,0,0,500,0,NaN,NaN,0,0
pn_K4,比例导引法 K=4,target_pn_K4,target,5.13453193670105,6092.98806949386,30000,5000,270,0,0,500,0,NaN,NaN,0,0
pn_K4,比例导引法 K=4,target_pn_K4,target,5.14453193670105,6087.98806949386,30000,5000,270,0,0,500,0,NaN,NaN,0,0
pn_K4,比例导引法 K=4,target_pn_K4,target,5.15453193670105,6082.98806949386,30000,5000,270,0,0,500,0,NaN,NaN,0,0
pn_K4,比例导引法 K=4,target_pn_K4,target,5.16453193670104,6077.98806949386,30000,5000,270,0,0,500,0,NaN,NaN,0,0
pn_K4,比例导引法 K=4,target_pn_K4,target,5.17453193670104,6072.98806949386,30000,5000,270,0,0,500,0,NaN,NaN,0,0
pn_K4,比例导引法 K=4,target_pn_K4,target,5.18453193670104,6067.98806949386,30000,5000,270,0,0,500,0,NaN,NaN,0,0
pn_K4,比例导引法 K=4,target_pn_K4,target,5.19453193670104,6062.98806949386,30000,5000,270,0,0,500,0,NaN,NaN,0,0
pn_K4,比例导引法 K=4,target_pn_K4,target,5.20453193670104,6057.98806949386,30000,5000,270,0,0,500,0,NaN,NaN,0,0
pn_K4,比例导引法 K=4,target_pn_K4,target,5.21453193670104,6052.98806949386,30000,5000,270,0,0,500,0,NaN,NaN,0,0
pn_K4,比例导引法 K=4,target_pn_K4,target,5.22453193670104,6047.98806949386,30000,5000,270,0,0,500,0,NaN,NaN,0,0
pn_K4,比例导引法 K=4,target_pn_K4,target,5.23453193670104,6042.98806949386,30000,5000,270,0,0,500,0,NaN,NaN,0,0
pn_K4,比例导引法 K=4,target_pn_K4,target,5.24453193670104,6037.98806949386,30000,5000,270,0,0,500,0,NaN,NaN,0,0
pn_K4,比例导引法 K=4,target_pn_K4,target,5.25453193670104,6032.98806949386,30000,5000,270,0,0,500,0,NaN,NaN,0,0
pn_K4,比例导引法 K=4,target_pn_K4,target,5.26453193670104,6027.98806949387,30000,5000,270,0,0,500,0,NaN,NaN,0,0
pn_K4,比例导引法 K=4,target_pn_K4,target,5.27453193670104,6022.98806949387,30000,5000,270,0,0,500,0,NaN,NaN,0,0
pn_K4,比例导引法 K=4,target_pn_K4,target,5.28453193670104,6017.98806949387,30000,5000,270,0,0,500,0,NaN,NaN,0,0
pn_K4,比例导引法 K=4,target_pn_K4,target,5.29453193670104,6012.98806949387,30000,5000,270,0,0,500,0,NaN,NaN,0,0
pn_K4,比例导引法 K=4,target_pn_K4,target,5.30453193670104,6007.98806949387,30000,5000,270,0,0,500,0,NaN,NaN,0,0
pn_K4,比例导引法 K=4,target_pn_K4,target,5.31453193670104,6002.98806949387,30000,5000,270,0,0,500,0,NaN,NaN,0,0
pn_K4,比例导引法 K=4,target_pn_K4,target,5.32453193670104,5997.98806949387,30000,5000,270,0,0,500,0,NaN,NaN,0,0
pn_K4,比例导引法 K=4,target_pn_K4,target,5.33453193670104,5992.98806949387,30000,5000,270,0,0,500,0,NaN,NaN,0,0
pn_K4,比例导引法 K=4,target_pn_K4,target,5.34453193670104,5987.98806949387,30000,5000,270,0,0,500,0,NaN,NaN,0,0
pn_K4,比例导引法 K=4,target_pn_K4,target,5.35453193670104,5982.98806949387,30000,5000,270,0,0,500,0,NaN,NaN,0,0
pn_K4,比例导引法 K=4,target_pn_K4,target,5.36453193670104,5977.98806949387,30000,5000,270,0,0,500,0,NaN,NaN,0,0
pn_K4,比例导引法 K=4,target_pn_K4,target,5.37453193670104,5972.98806949387,30000,5000,270,0,0,500,0,NaN,NaN,0,0
pn_K4,比例导引法 K=4,target_pn_K4,target,5.38453193670104,5967.98806949387,30000,5000,270,0,0,500,0,NaN,NaN,0,0
pn_K4,比例导引法 K=4,target_pn_K4,target,5.39453193670104,5962.98806949387,30000,5000,270,0,0,500,0,NaN,NaN,0,0
pn_K4,比例导引法 K=4,target_pn_K4,target,5.40453193670104,5957.98806949387,30000,5000,270,0,0,500,0,NaN,NaN,0,0
pn_K4,比例导引法 K=4,target_pn_K4,target,5.41453193670104,5952.98806949387,30000,5000,270,0,0,500,0,NaN,NaN,0,0
pn_K4,比例导引法 K=4,target_pn_K4,target,5.42453193670104,5947.98806949387,30000,5000,270,0,0,500,0,NaN,NaN,0,0
pn_K4,比例导引法 K=4,target_pn_K4,target,5.43453193670104,5942.98806949387,30000,5000,270,0,0,500,0,NaN,NaN,0,0
pn_K4,比例导引法 K=4,target_pn_K4,target,5.44453193670104,5937.98806949387,30000,5000,270,0,0,500,0,NaN,NaN,0,0
pn_K4,比例导引法 K=4,target_pn_K4,target,5.45453193670104,5932.98806949387,30000,5000,270,0,0,500,0,NaN,NaN,0,0
pn_K4,比例导引法 K=4,target_pn_K4,target,5.46453193670104,5927.98806949387,30000,5000,270,0,0,500,0,NaN,NaN,0,0
pn_K4,比例导引法 K=4,target_pn_K4,target,5.47453193670104,5922.98806949387,30000,5000,270,0,0,500,0,NaN,NaN,0,0
pn_K4,比例导引法 K=4,target_pn_K4,target,5.48453193670104,5917.98806949387,30000,5000,270,0,0,500,0,NaN,NaN,0,0
pn_K4,比例导引法 K=4,target_pn_K4,target,5.49453193670104,5912.98806949387,30000,5000,270,0,0,500,0,NaN,NaN,0,0
pn_K4,比例导引法 K=4,target_pn_K4,target,5.50453193670104,5907.98806949387,30000,5000,270,0,0,500,0,NaN,NaN,0,0
pn_K4,比例导引法 K=4,target_pn_K4,target,5.51453193670104,5902.98806949387,30000,5000,270,0,0,500,0,NaN,NaN,0,0
pn_K4,比例导引法 K=4,target_pn_K4,target,5.52453193670104,5897.98806949387,30000,5000,270,0,0,500,0,NaN,NaN,0,0
pn_K4,比例导引法 K=4,target_pn_K4,target,5.53453193670104,5892.98806949387,30000,5000,270,0,0,500,0,NaN,NaN,0,0
pn_K4,比例导引法 K=4,target_pn_K4,target,5.54453193670104,5887.98806949387,30000,5000,270,0,0,500,0,NaN,NaN,0,0
pn_K4,比例导引法 K=4,target_pn_K4,target,5.55453193670104,5882.98806949387,30000,5000,270,0,0,500,0,NaN,NaN,0,0
pn_K4,比例导引法 K=4,target_pn_K4,target,5.56453193670104,5877.98806949387,30000,5000,270,0,0,500,0,NaN,NaN,0,0
pn_K4,比例导引法 K=4,target_pn_K4,target,5.57453193670104,5872.98806949387,30000,5000,270,0,0,500,0,NaN,NaN,0,0
pn_K4,比例导引法 K=4,target_pn_K4,target,5.58453193670104,5867.98806949387,30000,5000,270,0,0,500,0,NaN,NaN,0,0
pn_K4,比例导引法 K=4,target_pn_K4,target,5.59453193670104,5862.98806949387,30000,5000,270,0,0,500,0,NaN,NaN,0,0
pn_K4,比例导引法 K=4,target_pn_K4,target,5.60453193670104,5857.98806949387,30000,5000,270,0,0,500,0,NaN,NaN,0,0
pn_K4,比例导引法 K=4,target_pn_K4,target,5.61453193670104,5852.98806949387,30000,5000,270,0,0,500,0,NaN,NaN,0,0
pn_K4,比例导引法 K=4,target_pn_K4,target,5.62453193670104,5847.98806949387,30000,5000,270,0,0,500,0,NaN,NaN,0,0
pn_K4,比例导引法 K=4,target_pn_K4,target,5.63453193670103,5842.98806949387,30000,5000,270,0,0,500,0,NaN,NaN,0,0
pn_K4,比例导引法 K=4,target_pn_K4,target,5.64453193670103,5837.98806949387,30000,5000,270,0,0,500,0,NaN,NaN,0,0
pn_K4,比例导引法 K=4,target_pn_K4,target,5.65453193670103,5832.98806949387,30000,5000,270,0,0,500,0,NaN,NaN,0,0
pn_K4,比例导引法 K=4,target_pn_K4,target,5.66453193670103,5827.98806949387,30000,5000,270,0,0,500,0,NaN,NaN,0,0
pn_K4,比例导引法 K=4,target_pn_K4,target,5.67453193670103,5822.98806949387,30000,5000,270,0,0,500,0,NaN,NaN,0,0
pn_K4,比例导引法 K=4,target_pn_K4,target,5.68453193670103,5817.98806949387,30000,5000,270,0,0,500,0,NaN,NaN,0,0
pn_K4,比例导引法 K=4,target_pn_K4,target,5.69453193670103,5812.98806949387,30000,5000,270,0,0,500,0,NaN,NaN,0,0
pn_K4,比例导引法 K=4,target_pn_K4,target,5.70453193670103,5807.98806949387,30000,5000,270,0,0,500,0,NaN,NaN,0,0
pn_K4,比例导引法 K=4,target_pn_K4,target,5.71453193670103,5802.98806949387,30000,5000,270,0,0,500,0,NaN,NaN,0,0
pn_K4,比例导引法 K=4,target_pn_K4,target,5.72453193670103,5797.98806949387,30000,5000,270,0,0,500,0,NaN,NaN,0,0
pn_K4,比例导引法 K=4,target_pn_K4,target,5.73453193670103,5792.98806949387,30000,5000,270,0,0,500,0,NaN,NaN,0,0
pn_K4,比例导引法 K=4,target_pn_K4,target,5.74453193670103,5787.98806949387,30000,5000,270,0,0,500,0,NaN,NaN,0,0
pn_K4,比例导引法 K=4,target_pn_K4,target,5.75453193670103,5782.98806949387,30000,5000,270,0,0,500,0,NaN,NaN,0,0
pn_K4,比例导引法 K=4,target_pn_K4,target,5.76453193670103,5777.98806949387,30000,5000,270,0,0,500,0,NaN,NaN,0,0
pn_K4,比例导引法 K=4,target_pn_K4,target,5.77453193670103,5772.98806949387,30000,5000,270,0,0,500,0,NaN,NaN,0,0
pn_K4,比例导引法 K=4,target_pn_K4,target,5.78453193670103,5767.98806949387,30000,5000,270,0,0,500,0,NaN,NaN,0,0
pn_K4,比例导引法 K=4,target_pn_K4,target,5.79453193670103,5762.98806949387,30000,5000,270,0,0,500,0,NaN,NaN,0,0
pn_K4,比例导引法 K=4,target_pn_K4,target,5.80453193670103,5757.98806949387,30000,5000,270,0,0,500,0,NaN,NaN,0,0
pn_K4,比例导引法 K=4,target_pn_K4,target,5.81453193670103,5752.98806949387,30000,5000,270,0,0,500,0,NaN,NaN,0,0
pn_K4,比例导引法 K=4,target_pn_K4,target,5.82453193670103,5747.98806949387,30000,5000,270,0,0,500,0,NaN,NaN,0,0
pn_K4,比例导引法 K=4,target_pn_K4,target,5.83453193670103,5742.98806949387,30000,5000,270,0,0,500,0,NaN,NaN,0,0
pn_K4,比例导引法 K=4,target_pn_K4,target,5.84453193670103,5737.98806949387,30000,5000,270,0,0,500,0,NaN,NaN,0,0
pn_K4,比例导引法 K=4,target_pn_K4,target,5.85453193670103,5732.98806949387,30000,5000,270,0,0,500,0,NaN,NaN,0,0
pn_K4,比例导引法 K=4,target_pn_K4,target,5.86453193670103,5727.98806949387,30000,5000,270,0,0,500,0,NaN,NaN,0,0
pn_K4,比例导引法 K=4,target_pn_K4,target,5.87453193670103,5722.98806949387,30000,5000,270,0,0,500,0,NaN,NaN,0,0
pn_K4,比例导引法 K=4,target_pn_K4,target,5.88453193670103,5717.98806949387,30000,5000,270,0,0,500,0,NaN,NaN,0,0
pn_K4,比例导引法 K=4,target_pn_K4,target,5.89453193670103,5712.98806949387,30000,5000,270,0,0,500,0,NaN,NaN,0,0
pn_K4,比例导引法 K=4,target_pn_K4,target,5.90453193670103,5707.98806949387,30000,5000,270,0,0,500,0,NaN,NaN,0,0
pn_K4,比例导引法 K=4,target_pn_K4,target,5.91453193670103,5702.98806949387,30000,5000,270,0,0,500,0,NaN,NaN,0,0
pn_K4,比例导引法 K=4,target_pn_K4,target,5.92453193670103,5697.98806949387,30000,5000,270,0,0,500,0,NaN,NaN,0,0
pn_K4,比例导引法 K=4,target_pn_K4,target,5.93453193670103,5692.98806949387,30000,5000,270,0,0,500,0,NaN,NaN,0,0
pn_K4,比例导引法 K=4,target_pn_K4,target,5.94453193670103,5687.98806949387,30000,5000,270,0,0,500,0,NaN,NaN,0,0
pn_K4,比例导引法 K=4,target_pn_K4,target,5.95453193670103,5682.98806949387,30000,5000,270,0,0,500,0,NaN,NaN,0,0
pn_K4,比例导引法 K=4,target_pn_K4,target,5.96453193670103,5677.98806949387,30000,5000,270,0,0,500,0,NaN,NaN,0,0
pn_K4,比例导引法 K=4,target_pn_K4,target,5.97453193670103,5672.98806949387,30000,5000,270,0,0,500,0,NaN,NaN,0,0
pn_K4,比例导引法 K=4,target_pn_K4,target,5.98453193670103,5667.98806949387,30000,5000,270,0,0,500,0,NaN,NaN,0,0
pn_K4,比例导引法 K=4,target_pn_K4,target,5.99453193670103,5662.98806949387,30000,5000,270,0,0,500,0,NaN,NaN,0,0
pn_K4,比例导引法 K=4,target_pn_K4,target,6.00453193670103,5657.98806949387,30000,5000,270,0,0,500,0,NaN,NaN,0,0
pn_K4,比例导引法 K=4,target_pn_K4,target,6.01453193670103,5652.98806949387,30000,5000,270,0,0,500,0,NaN,NaN,0,0
pn_K4,比例导引法 K=4,target_pn_K4,target,6.02453193670103,5647.98806949387,30000,5000,270,0,0,500,0,NaN,NaN,0,0
pn_K4,比例导引法 K=4,target_pn_K4,target,6.03453193670103,5642.98806949387,30000,5000,270,0,0,500,0,NaN,NaN,0,0
pn_K4,比例导引法 K=4,target_pn_K4,target,6.04453193670103,5637.98806949387,30000,5000,270,0,0,500,0,NaN,NaN,0,0
pn_K4,比例导引法 K=4,target_pn_K4,target,6.05453193670103,5632.98806949387,30000,5000,270,0,0,500,0,NaN,NaN,0,0
pn_K4,比例导引法 K=4,target_pn_K4,target,6.06453193670103,5627.98806949387,30000,5000,270,0,0,500,0,NaN,NaN,0,0
pn_K4,比例导引法 K=4,target_pn_K4,target,6.07453193670103,5622.98806949387,30000,5000,270,0,0,500,0,NaN,NaN,0,0
pn_K4,比例导引法 K=4,target_pn_K4,target,6.08453193670103,5617.98806949387,30000,5000,270,0,0,500,0,NaN,NaN,0,0
pn_K4,比例导引法 K=4,target_pn_K4,target,6.09453193670103,5612.98806949387,30000,5000,270,0,0,500,0,NaN,NaN,0,0
pn_K4,比例导引法 K=4,target_pn_K4,target,6.10453193670102,5607.98806949387,30000,5000,270,0,0,500,0,NaN,NaN,0,0
pn_K4,比例导引法 K=4,target_pn_K4,target,6.11453193670102,5602.98806949387,30000,5000,270,0,0,500,0,NaN,NaN,0,0
pn_K4,比例导引法 K=4,target_pn_K4,target,6.12453193670102,5597.98806949387,30000,5000,270,0,0,500,0,NaN,NaN,0,0
pn_K4,比例导引法 K=4,target_pn_K4,target,6.13453193670102,5592.98806949387,30000,5000,270,0,0,500,0,NaN,NaN,0,0
pn_K4,比例导引法 K=4,target_pn_K4,target,6.14453193670102,5587.98806949387,30000,5000,270,0,0,500,0,NaN,NaN,0,0
pn_K4,比例导引法 K=4,target_pn_K4,target,6.15453193670102,5582.98806949387,30000,5000,270,0,0,500,0,NaN,NaN,0,0
pn_K4,比例导引法 K=4,target_pn_K4,target,6.16453193670102,5577.98806949387,30000,5000,270,0,0,500,0,NaN,NaN,0,0
pn_K4,比例导引法 K=4,target_pn_K4,target,6.17453193670102,5572.98806949387,30000,5000,270,0,0,500,0,NaN,NaN,0,0
pn_K4,比例导引法 K=4,target_pn_K4,target,6.18453193670102,5567.98806949387,30000,5000,270,0,0,500,0,NaN,NaN,0,0
pn_K4,比例导引法 K=4,target_pn_K4,target,6.19453193670102,5562.98806949387,30000,5000,270,0,0,500,0,NaN,NaN,0,0
pn_K4,比例导引法 K=4,target_pn_K4,target,6.20453193670102,5557.98806949387,30000,5000,270,0,0,500,0,NaN,NaN,0,0
pn_K4,比例导引法 K=4,target_pn_K4,target,6.21453193670102,5552.98806949387,30000,5000,270,0,0,500,0,NaN,NaN,0,0
pn_K4,比例导引法 K=4,target_pn_K4,target,6.22453193670102,5547.98806949387,30000,5000,270,0,0,500,0,NaN,NaN,0,0
pn_K4,比例导引法 K=4,target_pn_K4,target,6.23453193670102,5542.98806949387,30000,5000,270,0,0,500,0,NaN,NaN,0,0
pn_K4,比例导引法 K=4,target_pn_K4,target,6.24453193670102,5537.98806949388,30000,5000,270,0,0,500,0,NaN,NaN,0,0
pn_K4,比例导引法 K=4,target_pn_K4,target,6.25453193670102,5532.98806949388,30000,5000,270,0,0,500,0,NaN,NaN,0,0
pn_K4,比例导引法 K=4,target_pn_K4,target,6.26453193670102,5527.98806949388,30000,5000,270,0,0,500,0,NaN,NaN,0,0
pn_K4,比例导引法 K=4,target_pn_K4,target,6.27453193670102,5522.98806949388,30000,5000,270,0,0,500,0,NaN,NaN,0,0
pn_K4,比例导引法 K=4,target_pn_K4,target,6.28453193670102,5517.98806949388,30000,5000,270,0,0,500,0,NaN,NaN,0,0
pn_K4,比例导引法 K=4,target_pn_K4,target,6.29453193670102,5512.98806949388,30000,5000,270,0,0,500,0,NaN,NaN,0,0
pn_K4,比例导引法 K=4,target_pn_K4,target,6.30453193670102,5507.98806949388,30000,5000,270,0,0,500,0,NaN,NaN,0,0
pn_K4,比例导引法 K=4,target_pn_K4,target,6.31453193670102,5502.98806949388,30000,5000,270,0,0,500,0,NaN,NaN,0,0
pn_K4,比例导引法 K=4,target_pn_K4,target,6.32453193670102,5497.98806949388,30000,5000,270,0,0,500,0,NaN,NaN,0,0
pn_K4,比例导引法 K=4,target_pn_K4,target,6.33453193670102,5492.98806949388,30000,5000,270,0,0,500,0,NaN,NaN,0,0
pn_K4,比例导引法 K=4,target_pn_K4,target,6.34453193670102,5487.98806949388,30000,5000,270,0,0,500,0,NaN,NaN,0,0
pn_K4,比例导引法 K=4,target_pn_K4,target,6.35453193670102,5482.98806949388,30000,5000,270,0,0,500,0,NaN,NaN,0,0
pn_K4,比例导引法 K=4,target_pn_K4,target,6.36453193670102,5477.98806949388,30000,5000,270,0,0,500,0,NaN,NaN,0,0
pn_K4,比例导引法 K=4,target_pn_K4,target,6.37453193670102,5472.98806949388,30000,5000,270,0,0,500,0,NaN,NaN,0,0
pn_K4,比例导引法 K=4,target_pn_K4,target,6.38453193670102,5467.98806949388,30000,5000,270,0,0,500,0,NaN,NaN,0,0
pn_K4,比例导引法 K=4,target_pn_K4,target,6.39453193670102,5462.98806949388,30000,5000,270,0,0,500,0,NaN,NaN,0,0
pn_K4,比例导引法 K=4,target_pn_K4,target,6.40453193670102,5457.98806949388,30000,5000,270,0,0,500,0,NaN,NaN,0,0
pn_K4,比例导引法 K=4,target_pn_K4,target,6.41453193670102,5452.98806949388,30000,5000,270,0,0,500,0,NaN,NaN,0,0
pn_K4,比例导引法 K=4,target_pn_K4,target,6.42453193670102,5447.98806949388,30000,5000,270,0,0,500,0,NaN,NaN,0,0
pn_K4,比例导引法 K=4,target_pn_K4,target,6.43453193670102,5442.98806949388,30000,5000,270,0,0,500,0,NaN,NaN,0,0
pn_K4,比例导引法 K=4,target_pn_K4,target,6.44453193670102,5437.98806949388,30000,5000,270,0,0,500,0,NaN,NaN,0,0
pn_K4,比例导引法 K=4,target_pn_K4,target,6.45453193670102,5432.98806949388,30000,5000,270,0,0,500,0,NaN,NaN,0,0
pn_K4,比例导引法 K=4,target_pn_K4,target,6.46453193670102,5427.98806949388,30000,5000,270,0,0,500,0,NaN,NaN,0,0
pn_K4,比例导引法 K=4,target_pn_K4,target,6.47453193670102,5422.98806949388,30000,5000,270,0,0,500,0,NaN,NaN,0,0
pn_K4,比例导引法 K=4,target_pn_K4,target,6.48453193670102,5417.98806949388,30000,5000,270,0,0,500,0,NaN,NaN,0,0
pn_K4,比例导引法 K=4,target_pn_K4,target,6.49453193670102,5412.98806949388,30000,5000,270,0,0,500,0,NaN,NaN,0,0
pn_K4,比例导引法 K=4,target_pn_K4,target,6.50453193670102,5407.98806949388,30000,5000,270,0,0,500,0,NaN,NaN,0,0
pn_K4,比例导引法 K=4,target_pn_K4,target,6.51453193670102,5402.98806949388,30000,5000,270,0,0,500,0,NaN,NaN,0,0
pn_K4,比例导引法 K=4,target_pn_K4,target,6.52453193670102,5397.98806949388,30000,5000,270,0,0,500,0,NaN,NaN,0,0
pn_K4,比例导引法 K=4,target_pn_K4,target,6.53453193670102,5392.98806949388,30000,5000,270,0,0,500,0,NaN,NaN,0,0
pn_K4,比例导引法 K=4,target_pn_K4,target,6.54453193670102,5387.98806949388,30000,5000,270,0,0,500,0,NaN,NaN,0,0
pn_K4,比例导引法 K=4,target_pn_K4,target,6.55453193670102,5382.98806949388,30000,5000,270,0,0,500,0,NaN,NaN,0,0
pn_K4,比例导引法 K=4,target_pn_K4,target,6.56453193670102,5377.98806949388,30000,5000,270,0,0,500,0,NaN,NaN,0,0
pn_K4,比例导引法 K=4,target_pn_K4,target,6.57453193670101,5372.98806949388,30000,5000,270,0,0,500,0,NaN,NaN,0,0
pn_K4,比例导引法 K=4,target_pn_K4,target,6.58453193670101,5367.98806949388,30000,5000,270,0,0,500,0,NaN,NaN,0,0
pn_K4,比例导引法 K=4,target_pn_K4,target,6.59453193670101,5362.98806949388,30000,5000,270,0,0,500,0,NaN,NaN,0,0
pn_K4,比例导引法 K=4,target_pn_K4,target,6.60453193670101,5357.98806949388,30000,5000,270,0,0,500,0,NaN,NaN,0,0
pn_K4,比例导引法 K=4,target_pn_K4,target,6.61453193670101,5352.98806949388,30000,5000,270,0,0,500,0,NaN,NaN,0,0
pn_K4,比例导引法 K=4,target_pn_K4,target,6.62453193670101,5347.98806949388,30000,5000,270,0,0,500,0,NaN,NaN,0,0
pn_K4,比例导引法 K=4,target_pn_K4,target,6.63453193670101,5342.98806949388,30000,5000,270,0,0,500,0,NaN,NaN,0,0
pn_K4,比例导引法 K=4,target_pn_K4,target,6.64453193670101,5337.98806949388,30000,5000,270,0,0,500,0,NaN,NaN,0,0
pn_K4,比例导引法 K=4,target_pn_K4,target,6.65453193670101,5332.98806949388,30000,5000,270,0,0,500,0,NaN,NaN,0,0
pn_K4,比例导引法 K=4,target_pn_K4,target,6.66453193670101,5327.98806949388,30000,5000,270,0,0,500,0,NaN,NaN,0,0
pn_K4,比例导引法 K=4,target_pn_K4,target,6.67453193670101,5322.98806949388,30000,5000,270,0,0,500,0,NaN,NaN,0,0
pn_K4,比例导引法 K=4,target_pn_K4,target,6.68453193670101,5317.98806949388,30000,5000,270,0,0,500,0,NaN,NaN,0,0
pn_K4,比例导引法 K=4,target_pn_K4,target,6.69453193670101,5312.98806949388,30000,5000,270,0,0,500,0,NaN,NaN,0,0
pn_K4,比例导引法 K=4,target_pn_K4,target,6.70453193670101,5307.98806949388,30000,5000,270,0,0,500,0,NaN,NaN,0,0
pn_K4,比例导引法 K=4,target_pn_K4,target,6.71453193670101,5302.98806949388,30000,5000,270,0,0,500,0,NaN,NaN,0,0
pn_K4,比例导引法 K=4,target_pn_K4,target,6.72453193670101,5297.98806949388,30000,5000,270,0,0,500,0,NaN,NaN,0,0
pn_K4,比例导引法 K=4,target_pn_K4,target,6.73453193670101,5292.98806949388,30000,5000,270,0,0,500,0,NaN,NaN,0,0
pn_K4,比例导引法 K=4,target_pn_K4,target,6.74453193670101,5287.98806949388,30000,5000,270,0,0,500,0,NaN,NaN,0,0
pn_K4,比例导引法 K=4,target_pn_K4,target,6.75453193670101,5282.98806949388,30000,5000,270,0,0,500,0,NaN,NaN,0,0
pn_K4,比例导引法 K=4,target_pn_K4,target,6.76453193670101,5277.98806949388,30000,5000,270,0,0,500,0,NaN,NaN,0,0
pn_K4,比例导引法 K=4,target_pn_K4,target,6.77453193670101,5272.98806949388,30000,5000,270,0,0,500,0,NaN,NaN,0,0
pn_K4,比例导引法 K=4,target_pn_K4,target,6.78453193670101,5267.98806949388,30000,5000,270,0,0,500,0,NaN,NaN,0,0
pn_K4,比例导引法 K=4,target_pn_K4,target,6.79453193670101,5262.98806949388,30000,5000,270,0,0,500,0,NaN,NaN,0,0
pn_K4,比例导引法 K=4,target_pn_K4,target,6.80453193670101,5257.98806949388,30000,5000,270,0,0,500,0,NaN,NaN,0,0
pn_K4,比例导引法 K=4,target_pn_K4,target,6.81453193670101,5252.98806949388,30000,5000,270,0,0,500,0,NaN,NaN,0,0
pn_K4,比例导引法 K=4,target_pn_K4,target,6.82453193670101,5247.98806949388,30000,5000,270,0,0,500,0,NaN,NaN,0,0
pn_K4,比例导引法 K=4,target_pn_K4,target,6.83453193670101,5242.98806949388,30000,5000,270,0,0,500,0,NaN,NaN,0,0
pn_K4,比例导引法 K=4,target_pn_K4,target,6.84453193670101,5237.98806949388,30000,5000,270,0,0,500,0,NaN,NaN,0,0
pn_K4,比例导引法 K=4,target_pn_K4,target,6.85453193670101,5232.98806949388,30000,5000,270,0,0,500,0,NaN,NaN,0,0
pn_K4,比例导引法 K=4,target_pn_K4,target,6.86453193670101,5227.98806949388,30000,5000,270,0,0,500,0,NaN,NaN,0,0
pn_K4,比例导引法 K=4,target_pn_K4,target,6.87453193670101,5222.98806949388,30000,5000,270,0,0,500,0,NaN,NaN,0,0
pn_K4,比例导引法 K=4,target_pn_K4,target,6.88453193670101,5217.98806949388,30000,5000,270,0,0,500,0,NaN,NaN,0,0
pn_K4,比例导引法 K=4,target_pn_K4,target,6.89453193670101,5212.98806949388,30000,5000,270,0,0,500,0,NaN,NaN,0,0
pn_K4,比例导引法 K=4,target_pn_K4,target,6.90453193670101,5207.98806949388,30000,5000,270,0,0,500,0,NaN,NaN,0,0
pn_K4,比例导引法 K=4,target_pn_K4,target,6.91453193670101,5202.98806949388,30000,5000,270,0,0,500,0,NaN,NaN,0,0
pn_K4,比例导引法 K=4,target_pn_K4,target,6.92453193670101,5197.98806949388,30000,5000,270,0,0,500,0,NaN,NaN,0,0
pn_K4,比例导引法 K=4,target_pn_K4,target,6.93453193670101,5192.98806949388,30000,5000,270,0,0,500,0,NaN,NaN,0,0
pn_K4,比例导引法 K=4,target_pn_K4,target,6.94453193670101,5187.98806949388,30000,5000,270,0,0,500,0,NaN,NaN,0,0
pn_K4,比例导引法 K=4,target_pn_K4,target,6.95453193670101,5182.98806949388,30000,5000,270,0,0,500,0,NaN,NaN,0,0
pn_K4,比例导引法 K=4,target_pn_K4,target,6.96453193670101,5177.98806949388,30000,5000,270,0,0,500,0,NaN,NaN,0,0
pn_K4,比例导引法 K=4,target_pn_K4,target,6.97453193670101,5172.98806949388,30000,5000,270,0,0,500,0,NaN,NaN,0,0
pn_K4,比例导引法 K=4,target_pn_K4,target,6.98453193670101,5167.98806949388,30000,5000,270,0,0,500,0,NaN,NaN,0,0
pn_K4,比例导引法 K=4,target_pn_K4,target,6.99453193670101,5162.98806949388,30000,5000,270,0,0,500,0,NaN,NaN,0,0
pn_K4,比例导引法 K=4,target_pn_K4,target,7.00453193670101,5157.98806949388,30000,5000,270,0,0,500,0,NaN,NaN,0,0
pn_K4,比例导引法 K=4,target_pn_K4,target,7.01453193670101,5152.98806949388,30000,5000,270,0,0,500,0,NaN,NaN,0,0
pn_K4,比例导引法 K=4,target_pn_K4,target,7.02453193670101,5147.98806949388,30000,5000,270,0,0,500,0,NaN,NaN,0,0
pn_K4,比例导引法 K=4,target_pn_K4,target,7.03453193670101,5142.98806949388,30000,5000,270,0,0,500,0,NaN,NaN,0,0
pn_K4,比例导引法 K=4,target_pn_K4,target,7.044531936701,5137.98806949388,30000,5000,270,0,0,500,0,NaN,NaN,0,0
pn_K4,比例导引法 K=4,target_pn_K4,target,7.054531936701,5132.98806949388,30000,5000,270,0,0,500,0,NaN,NaN,0,0
pn_K4,比例导引法 K=4,target_pn_K4,target,7.064531936701,5127.98806949388,30000,5000,270,0,0,500,0,NaN,NaN,0,0
pn_K4,比例导引法 K=4,target_pn_K4,target,7.074531936701,5122.98806949388,30000,5000,270,0,0,500,0,NaN,NaN,0,0
pn_K4,比例导引法 K=4,target_pn_K4,target,7.084531936701,5117.98806949388,30000,5000,270,0,0,500,0,NaN,NaN,0,0
pn_K4,比例导引法 K=4,target_pn_K4,target,7.094531936701,5112.98806949388,30000,5000,270,0,0,500,0,NaN,NaN,0,0
pn_K4,比例导引法 K=4,target_pn_K4,target,7.104531936701,5107.98806949388,30000,5000,270,0,0,500,0,NaN,NaN,0,0
pn_K4,比例导引法 K=4,target_pn_K4,target,7.114531936701,5102.98806949388,30000,5000,270,0,0,500,0,NaN,NaN,0,0
pn_K4,比例导引法 K=4,target_pn_K4,target,7.124531936701,5097.98806949388,30000,5000,270,0,0,500,0,NaN,NaN,0,0
pn_K4,比例导引法 K=4,target_pn_K4,target,7.134531936701,5092.98806949388,30000,5000,270,0,0,500,0,NaN,NaN,0,0
pn_K4,比例导引法 K=4,target_pn_K4,target,7.144531936701,5087.98806949389,30000,5000,270,0,0,500,0,NaN,NaN,0,0
pn_K4,比例导引法 K=4,target_pn_K4,target,7.154531936701,5082.98806949389,30000,5000,270,0,0,500,0,NaN,NaN,0,0
pn_K4,比例导引法 K=4,target_pn_K4,target,7.164531936701,5077.98806949389,30000,5000,270,0,0,500,0,NaN,NaN,0,0
pn_K4,比例导引法 K=4,target_pn_K4,target,7.174531936701,5072.98806949389,30000,5000,270,0,0,500,0,NaN,NaN,0,0
