method_id,method_name,object_id,object_type,time_s,x_m,y_m,z_m,heading_deg,pitch_deg,roll_deg,speed_mps,r_m,q_deg,qdot_deg_s,a_n_m_s2,n_g
pn_K4,比例导引法 K=4,station_pn_K4,station,0,0,0,0,0,0,0,0,0,0,0,0,0
pn_K4,比例导引法 K=4,missile_pn_K4,missile,0,0,0,0,59.9999993352597,30.0000006647404,0,1000,10000,30,1.43239448782704,99.999999999999,10.1971621297792
pn_K4,比例导引法 K=4,missile_pn_K4,missile,2.32038129184932e-07,0.000200950913174724,0,0.00011601906692388,59.9999960115585,30.0000039884415,0,1000,9999.99966748641,30.0000003323701,1.43239445013711,99.9999973687455,10.197161861466
pn_K4,比例导引法 K=4,missile_pn_K4,missile,1.39222877510959e-06,0.00120570543866707,0,0.000696114471485683,59.999978728317,30.000021271683,0,1000,9999.99800491849,30.0000019942207,1.43239426168746,99.9999842124779,10.1971605199001
pn_K4,比例导引法 K=4,missile_pn_K4,missile,7.19318200473289e-06,0.00622947705659689,0,0.0035965932428541,59.9998923122231,30.0001076877769,0,1000,9999.98969207898,30.00001030347,1.43239331943907,99.9999184311304,10.1971538120694
pn_K4,比例导引法 K=4,missile_pn_K4,missile,3.61979481528494e-05,0.0313483099079297,0,0.0180990308135917,59.9994602346003,30.0005397653997,0,1000,9999.94812788461,30.000051849635,1.43238860819373,99.9995895241585,10.1971202728922
pn_K4,比例导引法 K=4,missile_pn_K4,missile,0.000181221778893432,0.156941843204424,0,0.0906123115034549,59.9972999176531,30.0027000823469,0,1000,9999.74030699162,30.0002595784099,1.43236505188317,99.9979449834428,10.1969525764091
pn_K4,比例导引法 K=4,missile_pn_K4,missile,0.000906340932596344,0.784893735399999,0,0.453206034455833,59.9865001121828,30.0134998878172,0,1000,9998.70120449903,30.0012981710408,1.43224726823325,99.9897221334587,10.1961140790646
pn_K4,比例导引法 K=4,missile_pn_K4,missile,0.0045319367011109,3.9242588039229,0,2.26685746163427,59.9557969788981,30.0442030211019,0,1000,9993.50574140622,30.0064898530176,1.43165829756911,99.948604224311,10.1919212192044
pn_K4,比例导引法 K=4,missile_pn_K4,missile,0.0145319367011109,12.5797453970876,0,7.2751050114487,59.9168175875468,30.0831824124532,0,1000,9979.17621270206,30.020798311886,1.43003336548828,99.8351625645839,10.1803533892393
pn_K4,比例导引法 K=4,missile_pn_K4,missile,0.0245319367011109,21.2302276865228,0,12.2919912832036,59.8596487670414,30.1403512329586,0,1000,9964.84731651226,30.0350905181167,1.42840777021212,99.7216746050881,10.1687808380118
pn_K4,比例导引法 K=4,missile_pn_K4,missile,0.0345319367011109,29.8757027535952,0,17.3175014649712,59.8025449835861,30.1974550164139,0,1000,9950.5190579839,30.0493664650832,1.4267815128213,99.6081404212692,10.157203573215
pn_K4,比例导引法 K=4,missile_pn_K4,missile,0.0445319367011109,38.5161677163394,0,22.3516207493013,59.7455062636436,30.2544937363564,0,1000,9936.19144224374,30.0636261461696,1.42515459439011,99.4945600881271,10.145621602497
pn_K4,比例导引法 K=4,missile_pn_K4,missile,0.0545319367011109,47.1516197294105,0,27.3943343332815,59.688532633634,30.311467366366,0,1000,9921.86447439815,30.0778695547711,1.42352701598646,99.3809336802145,10.1340349334599
pn_K4,比例导引法 K=4,missile_pn_K4,missile,0.0645319367011109,55.7820559840379,0,32.4456274185962,59.6316241199356,30.3683758800644,0,1000,9907.53815953318,30.092096684293,1.42189877867182,99.2672612716372,10.1224435736604
pn_K4,比例导引法 K=4,missile_pn_K4,missile,0.0745319367011109,64.4074737079782,0,37.5054852115862,59.5747807488833,30.4252192511167,0,1000,9893.21250271454,30.1063075281516,1.42026988350125,99.1535429360526,10.1108475306096
pn_K4,比例导引法 K=4,missile_pn_K4,missile,0.0845319367011109,73.0278701654681,0,42.5738929233077,59.5180025467704,30.4819974532296,0,1000,9878.88750898761,30.1205020797737,1.4186403315234,99.0397787466689,10.0992468117725
pn_K4,比例导引法 K=4,missile_pn_K4,missile,0.0945319367011109,81.6432426571774,0,47.6508357695908,59.4612895398485,30.5387104601515,0,1000,9864.56318337747,30.1346803325962,1.41701012378044,98.9259687762443,10.0876414245685
pn_K4,比例导引法 K=4,missile_pn_K4,missile,0.104531936701111,90.2535885201616,0,52.736298971098,59.4046417543275,30.5953582456725,0,1000,9850.23953088888,30.1488422800668,1.4153792613081,98.8121130970864,10.0760313763708
pn_K4,比例导引法 K=4,missile_pn_K4,missile,0.114531936701111,98.8589051278151,0,57.8302677533826,59.3480592163767,30.6519407836233,0,1000,9835.91655650632,30.1629879156434,1.41374774513565,98.6982117810512,10.0644166745067
pn_K4,比例导引法 K=4,missile_pn_K4,missile,0.124531936701111,107.459189889824,0,62.9327273469465,59.2915419521219,30.7084580478781,0,1000,9821.59426519399,30.177117232794,1.41211557628586,98.5842648995418,10.0527973262574
pn_K4,比例导引法 K=4,missile_pn_K4,missile,0.134531936701111,116.054440252117,0,68.0436629872981,59.2350899876495,30.7649100123505,0,1000,9807.27266189581,30.1912302249969,1.41048275577502,98.4702725235086,10.0411733388577
pn_K4,比例导引法 K=4,missile_pn_K4,missile,0.144531936701111,124.64465369682,0,73.1630599150092,59.1787033490101,30.8212966509899,0,1000,9792.95175153542,30.2053268857406,1.4088492846129,98.3562347234475,10.0295447194962
pn_K4,比例导引法 K=4,missile_pn_K4,missile,0.154531936701111,133.22982774221,0,78.2909033757729,59.1223820622061,30.8776179377939,0,1000,9778.63153901624,30.2194072085237,1.40721516380278,98.2421515693995,10.0179114753152
pn_K4,比例导引法 K=4,missile_pn_K4,missile,0.164531936701111,141.809959942661,0,83.42717862046,59.0661261532025,30.9338738467975,0,1000,9764.31202922143,30.2334711868545,1.40558039434139,98.1280231309499,10.0062736134103
pn_K4,比例导引法 K=4,missile_pn_K4,missile,0.174531936701111,150.385047888604,0,88.5718709051758,59.009935647929,30.990064352071,0,1000,9749.99322701392,30.2475188142516,1.40394497721891,98.0138494772269,9.99463114083065
pn_K4,比例导引法 K=4,missile_pn_K4,missile,0.184531936701111,158.955089206475,0,93.7249654913167,58.9538105722711,31.0461894277289,0,1000,9735.67513723643,30.2615500842433,1.40230891341899,97.8996306769018,9.98298406457881
pn_K4,比例导引法 K=4,missile_pn_K4,missile,0.194531936701111,167.520081558668,0,98.886447645626,58.8977509520749,31.1022490479251,0,1000,9721.35776471146,30.2755649903677,1.4006722039187,97.7853667981872,9.97133239161051
pn_K4,比例导引法 K=4,missile_pn_K4,missile,0.204531936701111,176.080022643486,0,104.05630264025,58.8417568131493,31.1582431868507,0,1000,9707.04111424131,30.2895635261726,1.39903484968854,97.671057908836,9.95967612883462
pn_K4,比例导引法 K=4,missile_pn_K4,missile,0.214531936701111,184.634910195096,0,109.234515752794,58.7858281812657,31.2141718187343,0,1000,9692.72519060811,30.3035456852156,1.39739685169241,97.556704076142,9.9480152831132
pn_K4,比例导引法 K=4,missile_pn_K4,missile,0.224531936701111,193.184741983477,0,114.421072266376,58.7299650821553,31.2700349178447,0,1000,9678.40999857378,30.3175114610637,1.39575821088762,97.4423053669372,9.93634986126121
pn_K4,比例导引法 K=4,missile_pn_K4,missile,0.234531936701111,201.729515814377,0,119.615957469685,58.6741675415119,31.3258324584881,0,1000,9664.09554288011,30.3314608472938,1.39411892822484,97.3278618475921,9.92467987004657
pn_K4,比例导引法 K=4,missile_pn_K4,missile,0.244531936701111,210.269229529259,0,124.819156657032,58.6184355849898,31.3815644150102,0,1000,9649.78182824872,30.3453938374919,1.39247900464815,97.2133735840146,9.91300531618999
pn_K4,比例导引法 K=4,missile_pn_K4,missile,0.254531936701111,218.803881005257,0,130.030655128408,58.5627692382072,31.4372307617928,0,1000,9635.46885938108,30.3593104252535,1.39083844109496,97.0988406416489,9.90132620636495
pn_K4,比例导引法 K=4,missile_pn_K4,missile,0.264531936701111,227.333468155126,0,135.250438189536,58.5071685267423,31.4928314732577,0,1000,9621.15664095853,30.3732106041836,1.38919723849603,96.9842630854748,9.88964254719754
pn_K4,比例导引法 K=4,missile_pn_K4,missile,0.274531936701111,235.857988927193,0,140.478491151927,58.4516334761426,31.5483665238574,0,1000,9606.84517764232,30.3870943678963,1.38755539777548,96.8696409800067,9.87795434526639
pn_K4,比例导引法 K=4,missile_pn_K4,missile,0.284531936701111,244.377441305312,0,145.714799332931,58.3961641119142,31.6038358880858,0,1000,9592.53447407354,30.4009617100151,1.38591291985072,96.7549743892933,9.86626160710266
pn_K4,比例导引法 K=4,missile_pn_K4,missile,0.294531936701111,252.89182330881,0,150.959348055794,58.3407604595227,31.6592395404773,0,1000,9578.22453487322,30.4148126241724,1.38426980563249,96.6402633769156,9.85456433918979
pn_K4,比例导引法 K=4,missile_pn_K4,missile,0.304531936701111,261.401132992443,0,156.212122649709,58.285422544405,31.714577455595,0,1000,9563.91536464229,30.4286471040098,1.38262605602483,96.5255080059872,9.84286254796359
pn_K4,比例导引法 K=4,missile_pn_K4,missile,0.314531936701111,269.905368446346,0,161.47310844987,58.2301503919594,31.7698496080406,0,1000,9549.60696796162,30.4424651431779,1.38098167192504,96.4107083391525,9.83115623981202
pn_K4,比例导引法 K=4,missile_pn_K4,missile,0.324531936701111,278.404527795984,0,166.742290797524,58.1749440275475,31.8250559724525,0,1000,9535.29934939199,30.4562667353363,1.37933665422373,96.2958644385866,9.81944542107515
pn_K4,比例导引法 K=4,missile_pn_K4,missile,0.334531936701111,286.898609202104,0,172.019655040025,58.1198034764933,31.8801965235067,0,1000,9520.99251347415,30.4700518741533,1.37769100380474,96.1809763659937,9.80773009804507
pn_K4,比例导引法 K=4,missile_pn_K4,missile,0.344531936701111,295.387610860683,0,177.305186530884,58.064728764092,31.935271235908,0,1000,9506.68646472881,30.4838205533062,1.37604472154516,96.0660441826066,9.79601027696579
pn_K4,比例导引法 K=4,missile_pn_K4,missile,0.354531936701111,303.871531002886,0,182.598870629823,58.0097199155992,31.9902800844008,0,1000,9492.38120765665,30.497572766481,1.37439780831533,95.9510679491858,9.78428596403316
pn_K4,比例导引法 K=4,missile_pn_K4,missile,0.364531936701111,312.350367895009,0,187.900692702826,57.9547769562299,32.0452230437701,0,1000,9478.07674673834,30.5113085073722,1.3727502649788,95.8360477260185,9.77255716539476
pn_K4,比例导引法 K=4,missile_pn_K4,missile,0.374531936701111,320.824119838437,0,193.210638122193,57.8998999111786,32.1001000888214,0,1000,9463.77308643454,30.5250277696831,1.37110209239232,95.7209835729178,9.76082388714982
pn_K4,比例导引法 K=4,missile_pn_K4,missile,0.384531936701111,329.29278516959,0,198.528692266584,57.8450888055969,32.1549111944031,0,1000,9449.47023118592,30.5387305471254,1.36945329140585,95.6058755492215,9.74908613534913
pn_K4,比例导引法 K=4,missile_pn_K4,missile,0.394531936701111,337.756362259877,0,203.85484052108,57.7903436646025,32.2096563353975,0,1000,9435.16818541318,30.5524168334193,1.36780386286252,95.4907237137919,9.73734391599496
pn_K4,比例导引法 K=4,missile_pn_K4,missile,0.404531936701111,346.214849515646,0,209.189068277225,57.7356645132807,32.2643354867193,0,1000,9420.86695351705,30.5660866222936,1.36615380759864,95.3755281250138,9.72559723504089
pn_K4,比例导引法 K=4,missile_pn_K4,missile,0.414531936701111,354.668245378133,0,214.531360933083,57.6810513766822,32.3189486233178,0,1000,9406.56653987831,30.579739907485,1.36450312644368,95.2602888407946,9.71384609839187
pn_K4,比例导引法 K=4,missile_pn_K4,missile,0.424531936701111,363.116548323416,0,219.881703893283,57.6265042798321,32.3734957201679,0,1000,9392.2669488578,30.5933766827389,1.36285182022022,95.145005918563,9.70209051190396
pn_K4,比例导引法 K=4,missile_pn_K4,missile,0.434531936701111,371.559756862365,0,225.240082569073,57.5720232477121,32.4279767522879,0,1000,9377.96818479642,30.6069969418086,1.36119988974402,95.0296794152678,9.69033048138434
pn_K4,比例导引法 K=4,missile_pn_K4,missile,0.444531936701111,379.997869540589,0,230.606482378367,57.5176083052786,32.4823916947214,0,1000,9363.67025201516,30.6206006784556,1.35954733582392,94.9143093873776,9.67856601259121
pn_K4,比例导引法 K=4,missile_pn_K4,missile,0.454531936701111,388.430884938393,0,235.980888745796,57.4632594774524,32.5367405225476,0,1000,9349.37315481513,30.6341878864496,1.35789415926186,94.7988958908791,9.66679711123361
pn_K4,比例导引法 K=4,missile_pn_K4,missile,0.464531936701111,396.858801670722,0,241.363287102757,57.4089767891208,32.5910232108792,0,1000,9335.07689747751,30.647758559568,1.35624036085291,94.683438981277,9.65502378297145
pn_K4,比例导引法 K=4,missile_pn_K4,missile,0.474531936701111,405.281618387117,0,246.753662887462,57.3547602651439,32.6452397348561,0,1000,9320.78148426364,30.6613126915964,1.35458594138517,94.5679387135923,9.64324603341531
pn_K4,比例导引法 K=4,missile_pn_K4,missile,0.484531936701111,413.699333771662,0,252.152001544986,57.3006099303502,32.6993900696498,0,1000,9306.48691941498,30.6748502763281,1.35293090163983,94.4523951423621,9.63146386812643
pn_K4,比例导引法 K=4,missile_pn_K4,missile,0.494531936701111,422.111946542936,0,257.558288527315,57.2465258095326,32.7534741904674,0,1000,9292.19320715313,30.6883713075642,1.35127524239112,94.336808321638,9.61967729261654
pn_K4,比例导引法 K=4,missile_pn_K4,missile,0.504531936701111,430.519455453964,0,262.972509293398,57.1925079274573,32.8074920725427,0,1000,9277.90035167986,30.7018757791135,1.34961896440631,94.2211783049854,9.60788631234778
pn_K4,比例导引法 K=4,missile_pn_K4,missile,0.514531936701111,438.921859292165,0,268.394649309188,57.1385563088598,32.8614436911402,0,1000,9263.60835717712,30.7153636847924,1.3479620684457,94.1055051454828,9.59609093273267
pn_K4,比例导引法 K=4,missile_pn_K4,missile,0.524531936701111,447.319156879305,0,273.824694047697,57.0846709784431,32.9153290215569,0,1000,9249.31722780706,30.728835018425,1.34630455526259,93.9897888957207,9.58429115913392
pn_K4,比例导引法 K=4,missile_pn_K4,missile,0.534531936701111,455.711347071446,0,279.262628989038,57.0308519608783,32.9691480391217,0,1000,9235.02696771199,30.7422897738428,1.34464642560327,93.8740296078001,9.57248699686438
pn_K4,比例导引法 K=4,missile_pn_K4,missile,0.544531936701111,464.098428758896,0,284.708439620477,56.9770992808138,33.0229007191862,0,1000,9220.73758101448,30.7557279448846,1.34298768020702,93.7582273333326,9.56067845118696
pn_K4,比例导引法 K=4,missile_pn_K4,missile,0.554531936701111,472.48040086616,0,290.162111436473,56.923412962862,33.076587037138,0,1000,9206.44907181731,30.7691495253969,1.34132831980608,93.6423821234386,9.54886552731448
pn_K4,比例导引法 K=4,missile_pn_K4,missile,0.564531936701111,480.857262351889,0,295.623629938734,56.8697930316077,33.1302069683923,0,1000,9192.16144420349,30.7825545092331,1.33966834512567,93.5264940287465,9.53704823040962
pn_K4,比例导引法 K=4,missile_pn_K4,missile,0.574531936701111,489.229012208833,0,301.092980636254,56.8162395116146,33.1837604883854,0,1000,9177.8747022363,30.7959428902542,1.33800775688391,93.410563099392,9.52522656558478
pn_K4,比例导引法 K=4,missile_pn_K4,missile,0.584531936701111,497.595649463787,0,306.570149045365,56.7627524274039,33.2372475725961,0,1000,9163.5888499593,30.809314662328,1.33634655579187,93.2945893850169,9.51340053790203
pn_K4,比例导引法 K=4,missile_pn_K4,missile,0.594531936701111,505.957173177544,0,312.055120689782,56.7093318034745,33.2906681965255,0,1000,9149.30389139631,30.8226698193295,1.33468474255354,93.1785729347683,9.50157015237296
pn_K4,比例导引法 K=4,missile_pn_K4,missile,0.604531936701111,514.313582444844,0,317.547881100648,56.6559776643025,33.3440223356975,0,1000,9135.01983055145,30.8360083551409,1.33302231786578,93.0625137972972,9.48973541395861
pn_K4,比例导引法 K=4,missile_pn_K4,missile,0.614531936701111,522.664876394326,0,323.048415816579,56.602690034332,33.3973099656681,0,1000,9120.73667140916,30.849330263651,1.33135928241836,92.9464120207581,9.47789632756936
pn_K4,比例导引法 K=4,missile_pn_K4,missile,0.624531936701111,531.011054188473,0,328.556710383709,56.5494689379777,33.4505310620223,0,1000,9106.4544179342,30.8626355387557,1.32969563689392,92.8302676528075,9.46605289806483
pn_K4,比例导引法 K=4,missile_pn_K4,missile,0.634531936701111,539.352115023569,0,334.072750355737,56.4963143996309,33.5036856003691,0,1000,9092.17307407167,30.8759241743575,1.32803138196793,92.7140807406033,9.45420513025379
pn_K4,比例导引法 K=4,missile_pn_K4,missile,0.644531936701111,547.688058129641,0,339.596521293968,56.4432264436529,33.5567735563471,0,1000,9077.89264374701,30.8891961643659,1.32636651830872,92.5978513308034,9.442353028894
pn_K4,比例导引法 K=4,missile_pn_K4,missile,0.654531936701111,556.018882770417,0,345.128008767362,56.3902050943819,33.6097949056181,0,1000,9063.61313086605,30.9024515026968,1.32470104657745,92.4815794695651,9.43049659869222
pn_K4,比例导引法 K=4,missile_pn_K4,missile,0.664531936701111,564.344588243269,0,350.667198352573,56.3372503761258,33.6627496238742,0,1000,9049.33453931498,30.9156901832728,1.32303496742808,92.3652652025439,9.41863584430401
pn_K4,比例导引法 K=4,missile_pn_K4,missile,0.674531936701111,572.665173879167,0,356.214075633998,56.2843623131662,33.7156376868339,0,1000,9035.05687296038,30.9289122000228,1.32136828150738,92.2489085748924,9.40677077033365
pn_K4,比例导引法 K=4,missile_pn_K4,missile,0.684531936701111,580.980639042627,0,361.768626203817,56.2315409297678,33.7684590702322,0,1000,9020.78013564926,30.9421175468825,1.3197009894549,92.1325096312596,9.39490138133405
pn_K4,比例导引法 K=4,missile_pn_K4,missile,0.694531936701111,589.290983131662,0,367.330835662036,56.1787862501582,33.8212137498418,0,1000,9006.50433120904,30.9553062177936,1.31803309190294,92.0160684157893,9.38302768180666
pn_K4,比例导引法 K=4,missile_pn_K4,missile,0.704531936701111,597.596205577731,0,372.900689616536,56.1260982985446,33.8739017014554,0,1000,8992.22946344758,30.9684782067043,1.31636458947658,91.8995849721196,9.37114967620131
pn_K4,比例导引法 K=4,missile_pn_K4,missile,0.714531936701111,605.896305845687,0,378.478173683106,56.0734770991159,33.9265229008841,0,1000,8977.95553615318,30.9816335075689,1.31469548279364,91.7830593433817,9.35926736891616
pn_K4,比例导引法 K=4,missile_pn_K4,missile,0.724531936701111,614.191283433732,0,384.063273485495,56.0209226760202,33.9790773239798,0,1000,8963.68255309462,30.994772114348,1.31302577246463,91.666491572199,9.3473807642976
pn_K4,比例导引法 K=4,missile_pn_K4,missile,0.734531936701111,622.481137873358,0,389.65597465545,55.9684350533959,34.0315649466041,0,1000,8949.41051802117,31.0078940210081,1.31135545909281,91.5498817006855,9.33548986664004
pn_K4,比例导引法 K=4,missile_pn_K4,missile,0.744531936701111,630.765868729308,0,395.256262832758,55.9160142553566,34.0839857446435,0,1000,8935.13943466256,31.0209992215217,1.30968454327411,91.4332297704458,9.32359468018598
pn_K4,比例导引法 K=4,missile_pn_K4,missile,0.754531936701111,639.045475599514,0,400.864123665288,55.8636603059849,34.1363396940151,0,1000,8920.86930672907,31.0340877098674,1.30801302559716,91.316535822573,9.31169520912575
pn_K4,比例导引法 K=4,missile_pn_K4,missile,0.764531936701111,647.319958115056,0,406.479542809034,55.811373229345,34.1886267706551,0,1000,8906.60013791148,31.0471594800294,1.30634090664321,91.1997998976478,9.29979145759743
pn_K4,比例导引法 K=4,missile_pn_K4,missile,0.774531936701111,655.589315940105,0,412.102505928155,55.7591530494727,34.2408469505273,0,1000,8892.33193188112,31.0602145259979,1.30466818698622,91.0830220357385,9.28788342968685
pn_K4,比例导引法 K=4,missile_pn_K4,missile,0.784531936701111,663.853548771877,0,417.732998695018,55.7069997903894,34.2930002096106,0,1000,8878.06469228986,31.0732528417687,1.30299486719274,90.9662022763984,9.27597112942732
pn_K4,比例导引法 K=4,missile_pn_K4,missile,0.794531936701111,672.11265634058,0,423.371006790235,55.6549134760861,34.3450865239139,0,1000,8863.79842277016,31.0862744213431,1.30132094782195,90.8493406586657,9.26405456079963
pn_K4,比例导引法 K=4,missile_pn_K4,missile,0.804531936701111,680.366638409365,0,429.01651590271,55.6028941305359,34.3971058694641,0,1000,8849.53312693505,31.0992792587283,1.29964642942564,90.7324372210624,9.25213372773193
pn_K4,比例导引法 K=4,missile_pn_K4,missile,0.814531936701111,688.615494774273,0,434.66951172967,55.5509417776923,34.4490582223077,0,1000,8835.26880837816,31.1122673479367,1.29797131254818,90.6154920015925,9.24020863409957
pn_K4,比例导引法 K=4,missile_pn_K4,missile,0.824531936701111,696.85922526419,0,440.329979976716,55.4990564414793,34.5009435585207,0,1000,8821.00547067374,31.1252386829862,1.29629559772651,90.4985050377421,9.22827928372503
pn_K4,比例导引法 K=4,missile_pn_K4,missile,0.834531936701111,705.097829740789,0,445.997906357854,55.4472381458036,34.5527618541964,0,1000,8806.74311737666,31.1381932578999,1.29461928549013,90.381476366477,9.2163456803778
pn_K4,比例导引法 K=4,missile_pn_K4,missile,0.844531936701111,713.331308098485,0,451.67327659554,55.3954869145565,34.6045130854435,0,1000,8792.48175202245,31.1511310667063,1.29294237636108,90.2644060242424,9.20440782777425
pn_K4,比例导引法 K=4,missile_pn_K4,missile,0.854531936701111,721.559660264385,0,457.356076420716,55.3438027715985,34.6561972284015,0,1000,8778.22137812729,31.1640521034392,1.29126487085393,90.1472940469617,9.19246572957755
pn_K4,比例导引法 K=4,missile_pn_K4,missile,0.864531936701112,729.782886198231,0,463.046291572853,55.2921857407763,34.7078142592237,0,1000,8763.96199918803,31.1769563621372,1.28958676947575,90.0301404700355,9.18051938939755
pn_K4,比例导引法 K=4,missile_pn_K4,missile,0.874531936701112,738.000985892358,0,468.743907799984,55.2406358459189,34.7593641540811,0,1000,8749.70361868222,31.1898438368441,1.2879080727261,89.9129453283398,9.16856881079062
pn_K4,比例导引法 K=4,missile_pn_K4,missile,0.884531936701112,746.213959371635,0,474.448910858748,55.1891531108235,34.8108468891765,0,1000,8735.4462400681,31.2027145216088,1.28622878109702,89.7957086562258,9.15661399725959
pn_K4,比例导引法 K=4,missile_pn_K4,missile,0.894531936701112,754.421806693423,0,480.161286514428,55.1377375592804,34.8622624407196,0,1000,8721.18986678466,31.2155684104847,1.28454889507303,89.6784304875179,9.14465495225362
pn_K4,比例导引法 K=4,missile_pn_K4,missile,0.904531936701112,762.624527947517,0,485.881020540985,55.0863892150548,34.9136107849452,0,1000,8706.93450225159,31.2284054975305,1.28286841513106,89.5611108555135,9.13269167916806
pn_K4,比例导引法 K=4,missile_pn_K4,missile,0.914531936701112,770.822123256099,0,491.6080987211,55.0351081018943,34.9648918981057,0,1000,8692.68014986937,31.2412257768092,1.28118734174048,89.4437497929809,9.12072418134438
pn_K4,比例导引法 K=4,missile_pn_K4,missile,0.924531936701112,779.014592773687,0,497.342506846209,54.9838942435306,35.0161057564694,0,1000,8678.42681301922,31.2540292423887,1.2795056753631,89.3263473321588,9.10875246207001
pn_K4,比例导引法 K=4,missile_pn_K4,missile,0.934531936701112,787.201936687085,0,503.084230716542,54.9327476636683,35.0672523363318,0,1000,8664.17449506316,31.2668158883413,1.27782341645307,89.2089035047553,9.09677652457825
pn_K4,比例导引法 K=4,missile_pn_K4,missile,0.944531936701112,795.38415521533,0,508.833256141161,54.8816683859994,35.1183316140006,0,1000,8649.92319934399,31.2795857087441,1.27614056545697,89.0914183419456,9.08479637204811
pn_K4,比例导引法 K=4,missile_pn_K4,missile,0.954531936701112,803.561248609644,0,514.589568937994,54.8306564342054,35.1693435657946,0,1000,8635.67292918535,31.2923386976783,1.27445712281372,88.9738918743723,9.07281200760426
pn_K4,比例导引法 K=4,missile_pn_K4,missile,0.964531936701112,811.733217153383,0,520.353154933873,54.7797118319435,35.2202881680565,0,1000,8621.4236878917,31.3050748492297,1.27277308895456,88.8563241321433,9.06082343431685
pn_K4,比例导引法 K=4,missile_pn_K4,missile,0.974531936701112,819.900061161985,0,526.123999964571,54.7288346028463,35.2711653971537,0,1000,8607.17547874833,31.3177941574881,1.27108846430311,88.738715144831,9.04883065520142
pn_K4,比例导引法 K=4,missile_pn_K4,missile,0.984531936701112,828.061780982919,0,531.902089874839,54.678024770541,35.321975229459,0,1000,8592.92830502143,31.3304966165478,1.26940324927527,88.6210649414709,9.03683367321878
pn_K4,比例导引法 K=4,missile_pn_K4,missile,0.994531936701112,836.218376995637,0,537.687410518438,54.6272823586366,35.3727176413634,0,1000,8578.68216995803,31.3431822205071,1.26771744427922,88.5033735505605,9.02483249127485
pn_K4,比例导引法 K=4,missile_pn_K4,missile,1.00453193670111,844.369849611521,0,543.47994775818,54.5766073907207,35.4233926092793,0,1000,8564.43707678607,31.3558509634682,1.26603104971544,88.385641000058,9.01282711222059
pn_K4,比例导引法 K=4,missile_pn_K4,missile,1.01453193670111,852.516199273834,0,549.279687465959,54.5259998903687,35.4740001096313,0,1000,8550.19302871442,31.3685028395375,1.26434406597667,88.2678673173814,9.00081753885184
pn_K4,比例导引法 K=4,missile_pn_K4,missile,1.02453193670111,860.657426457667,0,555.086615522789,54.4754598811423,35.5245401188577,0,1000,8535.95002893284,31.3811378428251,1.26265649344788,88.1500525294068,8.98880377390922
pn_K4,比例导引法 K=4,missile_pn_K4,missile,1.03453193670111,868.793531669892,0,560.900717818836,54.4249873865878,35.5750126134122,0,1000,8521.70808061206,31.393755967445,1.26096833250627,88.0321966624681,8.97678582007802
pn_K4,比例导引法 K=4,missile_pn_K4,missile,1.04453193670111,876.924515449108,0,566.721980253456,54.3745824302236,35.6254175697764,0,1000,8507.46718690378,31.4063572075151,1.25927958352124,87.9142997423543,8.964763679988
pn_K4,比例导引法 K=4,missile_pn_K4,missile,1.05453193670111,885.05037836559,0,572.550388735229,54.3242450355726,35.6757549644274,0,1000,8493.22735094063,31.4189415571565,1.25759024685439,87.7963617943096,8.95273735621335
pn_K4,比例导引法 K=4,missile_pn_K4,missile,1.06453193670111,893.171121021244,0,578.385929181989,54.2739752261392,35.7260247738608,0,1000,8478.98857583627,31.4315090104944,1.25590032285949,87.6783828430316,8.94070685127251
pn_K4,比例导引法 K=4,missile_pn_K4,missile,1.07453193670111,901.286744049549,0,584.228587520863,54.2237730254002,35.7762269745998,0,1000,8464.75086468537,31.4440595616571,1.25420981188245,87.5603629126701,8.9286721676281
pn_K4,比例导引法 K=4,missile_pn_K4,missile,1.08453193670111,909.397248115511,0,590.078349688303,54.1736384568325,35.8263615431675,0,1000,8450.5142205636,31.4565932047766,1.25251871426134,87.4423020268256,8.91663330768668
pn_K4,比例导引法 K=4,missile_pn_K4,missile,1.09453193670111,917.502633915611,0,595.935201630118,54.1235715438932,35.8764284561068,0,1000,8436.27864652769,31.469109933988,1.25082703032631,87.3242002085486,8.90459027379876
pn_K4,比例导引法 K=4,missile_pn_K4,missile,1.10453193670111,925.602902177754,0,601.79912930151,54.0735723100314,35.9264276899686,0,1000,8422.04414561542,31.4816097434298,1.24913476039966,87.2060574803379,8.89254306825857
pn_K4,比例导引法 K=4,missile_pn_K4,missile,1.11453193670111,933.69805366122,0,607.670118667103,54.0236407786805,35.9763592213195,0,1000,8407.81072084565,31.4940926272437,1.24744190479572,87.0878738641395,8.88049169330399
pn_K4,比例导引法 K=4,missile_pn_K4,missile,1.12453193670111,941.788089156612,0,613.548155700981,53.9737769732573,36.0262230267428,0,1000,8393.57837521832,31.5065585795745,1.24574846382091,86.9696493813453,8.86843615111637
pn_K4,比例导引法 K=4,missile_pn_K4,missile,1.13453193670111,949.873009485804,0,619.433226386715,53.923980917176,36.076019082824,0,1000,8379.3471117145,31.5190075945699,1.24405443777369,86.8513840527914,8.85637644382041
pn_K4,比例导引法 K=4,missile_pn_K4,missile,1.14453193670111,957.952815501894,0,625.325316717398,53.8742526338297,36.1257473661703,0,1000,8365.11693329637,31.5314396663807,1.24235982694455,86.7330778987576,8.84431257348408
pn_K4,比例导引法 K=4,missile_pn_K4,missile,1.15453193670111,966.027508089152,0,631.22441269568,53.8245921466068,36.1754078533932,0,1000,8350.88784290723,31.5438547891604,1.24066463161598,86.6147309389656,8.83224454211842
pn_K4,比例导引法 K=4,missile_pn_K4,missile,1.16453193670111,974.097088162968,0,637.130500333792,53.7749994788825,36.2250005211175,0,1000,8336.65984347158,31.5562529570656,1.23896885206245,86.4963431925773,8.82017235167741
pn_K4,比例导引法 K=4,missile_pn_K4,missile,1.17453193670111,982.161556669802,0,643.043565653585,53.7254746540157,36.2745253459843,0,1000,8322.43293789507,31.5686341642552,1.23727248855042,86.3779146781944,8.8080960040579
pn_K4,比例导引法 K=4,missile_pn_K4,missile,1.18453193670111,990.220914587134,0,648.963594686557,53.6760176953621,36.3239823046379,0,1000,8308.20712906455,31.5809984048909,1.23557554133827,86.2594454138562,8.79601550109937
pn_K4,比例导引法 K=4,missile_pn_K4,missile,1.19453193670111,998.275162923415,0,654.890573473887,53.6266286262605,36.3733713737395,0,1000,8293.98241984806,31.5933456731371,1.23387801067633,86.1409354170389,8.78393084458393
pn_K4,比例导引法 K=4,missile_pn_K4,missile,1.20453193670111,1006.32430271801,0,660.824488066462,53.5773074700665,36.4226925299335,0,1000,8279.7588130949,31.6056759631604,1.23217989680685,86.0223847046539,8.77184203623601
pn_K4,比例导引法 K=4,missile_pn_K4,missile,1.21453193670111,1014.36833504117,0,666.765324524911,53.5280542500757,36.4719457499243,0,1000,8265.53631163557,31.61798926913,1.23048119996395,85.9037932930465,8.75974907772241
pn_K4,比例导引法 K=4,missile_pn_K4,missile,1.22453193670111,1022.40726099393,0,672.713068919633,53.4788689895917,36.5211310104083,0,1000,8251.31491828188,31.6302855852172,1.22878192037363,85.7851611979942,8.74765197065198
pn_K4,比例导引法 K=4,missile_pn_K4,missile,1.23453193670111,1030.44108170812,0,678.667707330829,53.4297517119736,36.5702482880264,0,1000,8237.09463582687,31.6425649055957,1.22708205825374,85.6664884347064,8.73555071657563
pn_K4,比例导引法 K=4,missile_pn_K4,missile,1.24453193670111,1038.46979834629,0,684.629225848529,53.3807024404746,36.6192975595254,0,1000,8222.8754670449,31.6548272244412,1.22538161381397,85.5477750178214,8.72344531698607
pn_K4,比例导引法 K=4,missile_pn_K4,missile,1.25453193670111,1046.49341210163,0,690.597610572627,53.3317211983772,36.6682788016228,0,1000,8208.65741469164,31.6670725359316,1.22368058725581,85.4290209614066,8.71133577331775
pn_K4,比例导引法 K=4,missile_pn_K4,missile,1.26453193670111,1054.51192419797,0,696.572847612904,53.2828080090002,36.7171919909998,0,1000,8194.44048150408,31.6793008342466,1.22197897877256,85.3102262789559,8.69922208694671
pn_K4,比例导引法 K=4,missile_pn_K4,missile,1.27453193670111,1062.5253358897,0,702.554923089059,53.2339628956146,36.7660371043854,0,1000,8180.22467020056,31.6915121135679,1.22027678854926,85.1913909833891,8.68710425919036
pn_K4,比例导引法 K=4,missile_pn_K4,missile,1.28453193670111,1070.53364846173,0,708.54382313074,53.1851858814447,36.8148141185553,0,1000,8166.00998348078,31.703706368079,1.21857401676275,85.07251508705,8.67498229130743
pn_K4,比例导引法 K=4,missile_pn_K4,missile,1.29453193670111,1078.53686322941,0,714.539533877573,53.1364769897546,36.8635230102454,0,1000,8151.79642402583,31.7158835919652,1.21687066358155,84.953598601705,8.66285618449777
pn_K4,比例导引法 K=4,missile_pn_K4,missile,1.30453193670111,1086.53498153853,0,720.542041479185,53.087836243834,36.912163756166,0,1000,8137.58399449819,31.7280437794132,1.21516672916592,84.8346415385419,8.6507259399022
pn_K4,比例导引法 K=4,missile_pn_K4,missile,1.31453193670111,1094.52800476524,0,726.551332095239,53.0392636669284,36.9607363330716,0,1000,8123.37269754175,31.7401869246116,1.2134622136678,84.7156439081682,8.6385915586024
pn_K4,比例导引法 K=4,missile_pn_K4,missile,1.32453193670111,1102.51593431601,0,732.567391895457,52.9907592822503,37.0092407177497,0,1000,8109.16253578184,31.7523130217501,1.21175711723081,84.5966057206099,8.62645304162073
pn_K4,比例导引法 K=4,missile_pn_K4,missile,1.33453193670111,1110.49877162755,0,738.59020705965,52.9423231130387,37.0576768869613,0,1000,8094.95351182524,31.7644220650202,1.21005143999019,84.4775269853098,8.61431038992009
pn_K4,比例导引法 K=4,missile_pn_K4,missile,1.34453193670111,1118.47651816681,0,744.619763777744,52.8939551825285,37.1060448174715,0,1000,8080.7456282602,31.7765140486143,1.20834518207285,84.3584077111262,8.60216360440377
pn_K4,比例导引法 K=4,missile_pn_K4,missile,1.35453193670111,1126.44917543088,0,750.656048249809,52.8456555139486,37.1543444860514,0,1000,8066.53888765646,31.7885889667264,1.20663834359725,84.2392479063309,8.59001268591526
pn_K4,比例导引法 K=4,missile_pn_K4,missile,1.36453193670111,1134.41674494699,0,756.699046686085,52.7974241305306,37.2025758694694,0,1000,8052.33329256524,31.8006468135514,1.20493092467349,84.1200475786087,8.5778576352382
pn_K4,比例导引法 K=4,missile_pn_K4,missile,1.37453193670111,1142.37922827241,0,762.748745307006,52.7492610554593,37.2507389445407,0,1000,8038.12884551931,31.8126875832854,1.20322292540319,84.0008067350548,8.5656984530961
pn_K4,比例导引法 K=4,missile_pn_K4,missile,1.38453193670111,1150.33662699443,0,768.805130343233,52.7011663119527,37.2988336880473,0,1000,8023.92554903296,31.8247112701253,1.20151434587952,83.8815253821741,8.55353514015225
pn_K4,比例导引法 K=4,missile_pn_K4,missile,1.39453193670111,1158.2889427303,0,774.868188035674,52.6531399232503,37.3468600767497,0,1000,8009.72340560205,31.8367178682691,1.19980518618718,83.7622035258793,8.54136769700961
pn_K4,比例导引法 K=4,missile_pn_K4,missile,1.40453193670111,1166.2361771272,0,780.937904635512,52.6051819125453,37.3948180874547,0,1000,7995.52241770399,31.8487073719154,1.19809544640235,83.6428411714889,8.5291961242105
pn_K4,比例导引法 K=4,missile_pn_K4,missile,1.41453193670111,1174.17833186215,0,787.014266404232,52.5572923030147,37.4427076969853,0,1000,7981.32258779781,31.8606797752637,1.1963851265927,83.5234383237272,8.51702042223667
pn_K4,比例导引法 K=4,missile_pn_K4,missile,1.42453193670111,1182.11540864199,0,793.097259613645,52.5094711178653,37.4905288821347,0,1000,7967.12391832414,31.8726350725141,1.19467422681734,83.4039949867205,8.50484059150888
pn_K4,比例导引法 K=4,missile_pn_K4,missile,1.43453193670111,1190.04740920332,0,799.186870545915,52.4617183803215,37.5382816196785,0,1000,7952.92641170523,31.884573257867,1.19296274712681,83.2845111639976,8.49265663238697
pn_K4,比例导引法 K=4,missile_pn_K4,missile,1.44453193670111,1197.97433531247,0,805.283085493581,52.4140341135724,37.5859658864276,0,1000,7938.73007034498,31.8964943255237,1.19125068756306,83.1649868584869,8.48046854516955
pn_K4,比例导引法 K=4,missile_pn_K4,missile,1.45453193670111,1205.89618876541,0,811.385890759585,52.3664183407855,37.6335816592145,0,1000,7924.53489662896,31.9083982696855,1.18953804815942,83.0454220725152,8.46827633009389
pn_K4,比例导引法 K=4,missile_pn_K4,missile,1.46453193670111,1213.81297138773,0,817.495272657294,52.3188710851765,37.6811289148235,0,1000,7910.34089292441,31.9202850845542,1.18782482894058,82.9258168078063,8.45607998733576
pn_K4,比例导引法 K=4,missile_pn_K4,missile,1.47453193670111,1221.72468503459,0,823.611217510528,52.2713923699285,37.7286076300715,0,1000,7896.14806158028,31.9321547643316,1.18611102992257,82.8061710654792,8.44387951700929
pn_K4,比例导引法 K=4,missile_pn_K4,missile,1.48453193670111,1229.63133159065,0,829.733711653579,52.2239822182403,37.7760177817597,0,1000,7881.95640492724,31.94400730322,1.18439665111272,82.6864848460462,8.43167491916671
pn_K4,比例导引法 K=4,missile_pn_K4,missile,1.49453193670111,1237.53291297005,0,835.86274143124,52.1766406533125,37.8233593466875,0,1000,7867.76592527767,31.9558426954213,1.18268169250968,82.566758149412,8.41946619379829
pn_K4,比例导引法 K=4,missile_pn_K4,missile,1.50453193670111,1245.42943111633,0,841.998293198823,52.1293676983058,37.8706323016942,0,1000,7853.57662492575,31.9676609351375,1.18096615410332,82.446990974871,8.40725334083209
pn_K4,比例导引法 K=4,missile_pn_K4,missile,1.51453193670111,1253.32088800239,0,848.140353322189,52.0821633764313,37.9178366235687,0,1000,7839.3885061474,31.9794620165706,1.17925003587481,82.3271833211067,8.39503636013386
pn_K4,比例导引法 K=4,missile_pn_K4,missile,1.52453193670111,1261.20728563046,0,854.288908177766,52.0350277109066,37.9649722890934,0,1000,7825.20157120032,31.9912459339222,1.17753333779649,82.2073351861891,8.38281525150679
pn_K4,比例导引法 K=4,missile_pn_K4,missile,1.53453193670111,1269.08862603203,0,860.443944152574,51.987960724875,38.012039275125,0,1000,7811.01582232405,32.0030126813936,1.17581605983191,82.0874465675738,8.37059001469144
pn_K4,比例导引法 K=4,missile_pn_K4,missile,1.54453193670111,1276.96491126778,0,866.605447644247,51.9409624415679,38.0590375584321,0,1000,7796.83126173995,32.0147622531857,1.1740982019358,81.9675174621,8.35836064936548
pn_K4,比例导引法 K=4,missile_pn_K4,missile,1.55453193670111,1284.8361434276,0,872.773405061057,51.8940328841845,38.1059671158155,0,1000,7782.6478916512,32.026494643499,1.17237976405403,81.8475478659882,8.34612715514352
pn_K4,比例导引法 K=4,missile_pn_K4,missile,1.56453193670111,1292.70232463045,0,878.947802821933,51.8471720759255,38.1528279240745,0,1000,7768.46571424287,32.0382098465333,1.17066074612358,81.7275377748395,8.33388953157699
pn_K4,比例导引法 K=4,missile_pn_K4,missile,1.57453193670111,1300.5634570244,0,885.128627356486,51.8003800399833,38.1996199600167,0,1000,7754.2847316819,32.0499078564877,1.16894114807253,81.6074871836331,8.32164777815392
pn_K4,比例导引法 K=4,missile_pn_K4,missile,1.58453193670111,1308.41954278649,0,891.315865105032,51.7536567995453,38.2463432004547,0,1000,7740.10494611715,32.0615886675607,1.16722096982005,81.4873960867248,8.30940189429875
pn_K4,比例导引法 K=4,missile_pn_K4,missile,1.59453193670111,1316.27058412276,0,897.509502518607,51.7070023778469,38.2929976221531,0,1000,7725.92635967937,32.0732522739498,1.16550021127632,81.3672644778454,8.2971518793722
pn_K4,比例导引法 K=4,missile_pn_K4,missile,1.60453193670111,1324.11658326815,0,903.709526058997,51.6604167981086,38.3395832018914,0,1000,7711.74897448126,32.0848986698516,1.16377887234257,81.2470923500986,8.28489773267105
pn_K4,比例导引法 K=4,missile_pn_K4,missile,1.61453193670111,1331.95754248649,0,909.915922198751,51.6139000835542,38.3860999164458,0,1000,7697.57279261748,32.0965278494617,1.16205695291101,81.1268796959594,8.27263945342797
pn_K4,比例导引法 K=4,missile_pn_K4,missile,1.62453193670111,1339.79346407041,0,916.128677421209,51.567452257373,38.432547742627,0,1000,7683.39781616466,32.1081398069745,1.16033445286482,81.0066265072723,8.26037704081132
pn_K4,比例导引法 K=4,missile_pn_K4,missile,1.63453193670111,1347.62435034131,0,922.347778220515,51.5210733428088,38.4789266571912,0,1000,7669.22404718144,32.1197345365832,1.15861137207813,80.8863327752495,8.24811049392499
pn_K4,比例导引法 K=4,missile_pn_K4,missile,1.64453193670111,1355.45020364932,0,928.573211101646,51.4747633630869,38.5252366369131,0,1000,7655.05148770843,32.1313120324798,1.15688771041596,80.765998490469,8.23583981180821
pn_K4,比例导引法 K=4,missile_pn_K4,missile,1.65453193670111,1363.27102637323,0,934.804962580425,51.428522341466,38.571477658534,0,1000,7640.88013976831,32.1428722888548,1.15516346773426,80.6456236428724,8.22356499343531
pn_K4,比例导引法 K=4,missile_pn_K4,missile,1.66453193670111,1371.08682092047,0,941.043019183542,51.3823503011749,38.6176496988251,0,1000,7626.7100053658,32.1544152998972,1.15343864387981,80.525208221764,8.21128603771563
pn_K4,比例导引法 K=4,missile_pn_K4,missile,1.67453193670111,1378.89758972702,0,947.287367448579,51.3362472654659,38.6637527345341,0,1000,7612.54108648768,32.1659410597946,1.15171323869023,80.4047522158078,8.19900294349322
pn_K4,比例导引法 K=4,missile_pn_K4,missile,1.68453193670111,1386.70333525741,0,953.537993924023,51.2902132575838,38.7097867424162,0,1000,7598.37338510282,32.1774495627327,1.14998725199398,80.2842556130265,8.18671570954674
pn_K4,比例导引法 K=4,missile_pn_K4,missile,1.69453193670111,1394.50406000461,0,959.794885169289,51.2442483008094,38.7557516991906,0,1000,7584.20690316219,32.1889408028955,1.14826068361025,80.1637184007992,8.1744243345892
pn_K4,比例导引法 K=4,missile_pn_K4,missile,1.70453193670111,1402.29976649006,0,966.058027754736,51.1983524184221,38.8016475815779,0,1000,7570.04164259889,32.2004147744653,1.14653353334903,80.0431405658594,8.16212881726781
pn_K4,比例导引法 K=4,missile_pn_K4,missile,1.71453193670111,1410.09045726354,0,972.327408261691,51.1525256336563,38.8474743663437,0,1000,7555.87760532817,32.2118714716222,1.14480580101102,79.9225220942931,8.14982915616373
pn_K4,比例导引法 K=4,missile_pn_K4,missile,1.72453193670111,1417.87613490317,0,978.60301328246,51.1067679698602,38.8932320301398,0,1000,7541.71479324742,32.2233108885446,1.1430774863876,79.801862971537,8.13752534979193
pn_K4,比例导引法 K=4,missile_pn_K4,missile,1.73453193670111,1425.65680201537,0,984.884829420353,51.0610794503063,38.9389205496937,0,1000,7527.55320823624,32.2347330194083,1.14134858926085,79.6811631823769,8.12521739660097
pn_K4,比例导引法 K=4,missile_pn_K4,missile,1.74453193670111,1433.43246123476,0,991.172843289699,51.0154600982613,38.9845399017387,0,1000,7513.3928521564,32.2461378583873,1.13961910940348,79.560422710945,8.1129052949728
pn_K4,比例导引法 K=4,missile_pn_K4,missile,1.75453193670111,1441.20311522415,0,997.467041515863,50.9699099370749,39.0300900629251,0,1000,7499.2337268519,32.2575253996532,1.13788904657881,79.4396415407177,8.10058904322248
pn_K4,比例导引法 K=4,missile_pn_K4,missile,1.76453193670111,1448.9687666745,0,1003.76741073527,50.9244289900816,39.0755710099184,0,1000,7485.07583414899,32.2688956373749,1.13615840054076,79.3188196545151,8.08826863959814
pn_K4,比例导引法 K=4,missile_pn_K4,missile,1.77453193670111,1456.72941830483,0,1010.0739375954,50.8790172805861,39.1209827194139,0,1000,7470.91917585616,32.2802485657191,1.13442717103378,79.1979570344971,8.07594408228061
pn_K4,比例导引法 K=4,missile_pn_K4,missile,1.78453193670111,1464.48507286223,0,1016.38660875486,50.833674831978,39.166325168022,0,1000,7456.76375376417,32.2915841788498,1.13269535779287,79.0770536621629,8.06361536938332
pn_K4,比例导引法 K=4,missile_pn_K4,missile,1.79453193670111,1472.23573312175,0,1022.70541088331,50.7884016675584,39.2115983324416,0,1000,7442.6095696461,32.3029024709282,1.13096296054351,78.9561095183479,8.05128249895202
pn_K4,比例导引法 K=4,missile_pn_K4,missile,1.80453193670111,1479.98140188637,0,1029.03033066158,50.7431978106847,39.2568021893153,0,1000,7428.45662525732,32.314203436113,1.12922997900167,78.8351245832221,8.03894546896464
pn_K4,比例导引法 K=4,missile_pn_K4,missile,1.81453193670111,1487.722081987,0,1035.36135478162,50.6980632848209,39.3019367151791,0,1000,7414.30492233553,32.3254870685597,1.12749641287373,78.7140988362881,8.02660427733101
pn_K4,比例导引法 K=4,missile_pn_K4,missile,1.82453193670111,1495.45777628237,0,1041.69846994653,50.6529981132818,39.3470018867182,0,1000,7400.15446260081,32.3367533624208,1.12576226185651,78.5930322563787,8.01425892189266
pn_K4,比例导引法 K=4,missile_pn_K4,missile,1.83453193670111,1503.18848765899,0,1048.04166287059,50.60800231948,39.39199768052,0,1000,7386.00524775557,32.3480023118461,1.12402752563718,78.4719248216547,8.00190940042264
pn_K4,比例导引法 K=4,missile_pn_K4,missile,1.84453193670111,1510.91421903115,0,1054.39092027927,50.5630759268424,39.4369240731575,0,1000,7371.85727948465,32.3592339109818,1.12229220389326,78.3507765096036,7.9895557106253
pn_K4,比例导引法 K=4,missile_pn_K4,missile,1.85453193670111,1518.63497334081,0,1060.74622890924,50.5182189587698,39.4817810412302,0,1000,7357.71055945526,32.3704481539711,1.1205562962926,78.229587297036,7.97719785013598
pn_K4,比例导引法 K=4,missile_pn_K4,missile,1.86453193670111,1526.35075355758,0,1067.10757550838,50.4734314387585,39.5265685612415,0,1000,7343.56508931708,32.3816450349537,1.11881980249333,78.1083571600851,7.96483581652094
pn_K4,比例导引法 K=4,missile_pn_K4,missile,1.87453193670111,1534.0615626787,0,1073.47494683581,50.4287133902293,39.5712866097707,0,1000,7329.42087070219,32.3928245480658,1.11708272214382,77.9870860742028,7.95246960727698
pn_K4,比例导引法 K=4,missile_pn_K4,missile,1.88453193670111,1541.76740372894,0,1079.84832966191,50.3840648366576,39.6159351633424,0,1000,7315.27790522518,32.4039866874402,1.11534505488269,77.865774014159,7.94009921983134
pn_K4,比例导引法 K=4,missile_pn_K4,missile,1.89453193670111,1549.46827976059,0,1086.2277107683,50.3394858015036,39.6605141984964,0,1000,7301.13619448311,32.4151314472059,1.11360680033871,77.7444209540385,7.92772465154141
pn_K4,比例导引法 K=4,missile_pn_K4,missile,1.90453193670111,1557.16419385337,0,1092.6130769479,50.294976308283,39.705023691717,0,1000,7286.99574005552,32.4262588214881,1.11186795813085,77.6230268672389,7.91534589969449
pn_K4,比例导引法 K=4,missile_pn_K4,missile,1.91453193670111,1564.85514911445,0,1099.0044150049,50.2505363805377,39.7494636194623,0,1000,7272.85654350451,32.4373688044083,1.11012852786817,77.5015917264686,7.90296296150761
pn_K4,比例导引法 K=4,missile_pn_K4,missile,1.92453193670111,1572.54114867833,0,1105.40171175481,50.2061660417333,39.7938339582667,0,1000,7258.71860637471,32.4484613900839,1.10838850914984,77.3801155037443,7.89057583412728
pn_K4,比例导引法 K=4,missile_pn_K4,missile,1.93453193670111,1580.22219570684,0,1111.80495402446,50.1618653154911,39.8381346845089,0,1000,7244.58193019332,32.4595365726284,1.1066479015651,77.2585981703888,7.87818451462923
pn_K4,比例导引法 K=4,missile_pn_K4,missile,1.94453193670111,1587.89829338909,0,1118.214128652,50.1176342253587,39.8823657746413,0,1000,7230.44651647009,32.470594346151,1.1049067046932,77.1370396970284,7.86578900001819
pn_K4,比例导引法 K=4,missile_pn_K4,missile,1.95453193670111,1595.56944494139,0,1124.62922248694,50.0734727948437,39.9265272051563,0,1000,7216.31236669742,32.4816347047566,1.10316491810339,77.0154400535909,7.85338928722764
pn_K4,比例导引法 K=4,missile_pn_K4,missile,1.96453193670111,1603.23565360722,0,1131.05022239015,50.0293810476123,39.9706189523877,0,1000,7202.1794823503,32.4926576425458,1.10142254135487,76.8937992093036,7.84098537311962
pn_K4,比例导引法 K=4,missile_pn_K4,missile,1.97453193670111,1610.8969226572,0,1137.47711523385,49.9853590073068,40.0146409926932,0,1000,7188.04786488636,32.503663153615,1.09967957399678,76.7721171326895,7.82857725448441
pn_K4,比例导引法 K=4,missile_pn_K4,missile,1.98453193670111,1618.55325538902,0,1143.90988790166,49.941406697484,40.058593302516,0,1000,7173.9175157459,32.5146512320555,1.09793601556814,76.6503937915671,7.81616492804037
pn_K4,比例导引法 K=4,missile_pn_K4,missile,1.99453193670111,1626.2046551274,0,1150.34852728861,49.8975241418223,40.1024758581777,0,1000,7159.78843635191,32.5256218719545,1.09619186559784,76.5286291530457,7.80374839043361
pn_K4,比例导引法 K=4,missile_pn_K4,missile,2.00453193670111,1633.85112522405,0,1156.79302030112,49.8537113640154,40.1462886359846,0,1000,7145.66062811006,32.5365750673941,1.09444712360458,76.4068231835249,7.79132763823782
pn_K4,比例导引法 K=4,missile_pn_K4,missile,2.01453193670111,1641.49266905761,0,1163.24335385704,49.8099683877345,40.1900316122655,0,1000,7131.53409240873,32.5475108124516,1.09270178909684,76.2849758486902,7.77890266795391
pn_K4,比例导引法 K=4,missile_pn_K4,missile,2.02453193670111,1649.1292900336,0,1169.69951488564,49.7662952366804,40.2337047633196,0,1000,7117.40883061907,32.5584291011993,1.09095586157288,76.1630871135128,7.76647347600994
pn_K4,比例导引法 K=4,missile_pn_K4,missile,2.03453193670111,1656.7609915844,0,1176.16149032766,49.7226919346292,40.2773080653708,0,1000,7103.28484409497,32.5693299277046,1.08920934052065,76.0411569422454,7.75404005876068
pn_K4,比例导引法 K=4,missile_pn_K4,missile,2.04453193670111,1664.38777716918,0,1182.62926713526,49.679158505313,40.320841494687,0,1000,7089.16213417308,32.5802132860295,1.08746222541778,75.9191852984199,7.74160241248744
pn_K4,比例导引法 K=4,missile_pn_K4,missile,2.05453193670111,1672.00965027385,0,1189.1028322721,49.6356949724486,40.3643050275514,0,1000,7075.04070217287,32.591079170231,1.08571451573155,75.7971721448455,7.7291605333978
pn_K4,比例导引法 K=4,missile_pn_K4,missile,2.06453193670111,1679.62661441103,0,1195.58217271331,49.5923013598964,40.4076986401036,0,1000,7060.92054939663,32.6019275743604,1.08396621091887,75.6751174436062,7.71671441762541
pn_K4,比例导引法 K=4,missile_pn_K4,missile,2.07453193670111,1687.23867311998,0,1202.06727544548,49.5489776914575,40.4510223085425,0,1000,7046.80167712947,32.6127584924638,1.08221731042617,75.5530211560569,7.70426406122956
pn_K4,比例导引法 K=4,missile_pn_K4,missile,2.08453193670111,1694.84582996659,0,1208.55812746674,49.5057239909619,40.4942760090381,0,1000,7032.68408663934,32.6235719185815,1.08046781368945,75.4308832428224,7.69180946019512
pn_K4,比例导引法 K=4,missile_pn_K4,missile,2.09453193670111,1702.4480885433,0,1215.0547157867,49.4625402822994,40.5374597177006,0,1000,7018.56777917712,32.6343678467482,1.0787177201342,75.3087036637941,7.67935061043211
pn_K4,比例导引法 K=4,missile_pn_K4,missile,2.10453193670111,1710.04545246906,0,1221.55702742649,49.4194265893177,40.5805734106823,0,1000,7004.45275597652,32.6451462709928,1.07696702917535,75.1864823781268,7.66688750777552
pn_K4,比例导引法 K=4,missile_pn_K4,missile,2.11453193670111,1717.6379253893,0,1228.06504941879,49.3763829359146,40.6236170640854,0,1000,6990.33901825421,32.6559071853384,1.07521574021727,75.0642193442374,7.65442014798503
pn_K4,比例导引法 K=4,missile_pn_K4,missile,2.12453193670111,1725.22551097586,0,1234.5787688078,49.3334093460394,40.6665906539606,0,1000,6976.22656720978,32.6666505838018,1.07346385265369,74.9419145198008,7.64194852674469
pn_K4,比例导引法 K=4,missile_pn_K4,missile,2.13453193670111,1732.80821292696,0,1241.09817264927,49.2905058436434,40.7094941563566,0,1000,6962.11540402576,32.677376460394,1.0717113658677,74.819567861748,7.62947263966268
pn_K4,比例导引法 K=4,missile_pn_K4,missile,2.14453193670111,1740.38603496715,0,1247.62324801051,49.2476724527634,40.7523275472366,0,1000,6948.00552986767,32.6880848091197,1.06995827923169,74.6971793262632,7.61699248227103
pn_K4,比例导引法 K=4,missile_pn_K4,missile,2.15453193670111,1747.95898084728,0,1254.15398197038,49.2049091973438,40.7950908026562,0,1000,6933.89694588402,32.698775623977,1.06820459210729,74.5747488687811,7.60450805002535
pn_K4,比例导引法 K=4,missile_pn_K4,missile,2.16453193670111,1755.5270543444,0,1260.69036161934,49.1622161014106,40.8377838985894,0,1000,6919.78965320634,32.709448898958,1.06645030384538,74.4522764439836,7.59201933830447
pn_K4,比例导引法 K=4,missile_pn_K4,missile,2.17453193670111,1763.09025926178,0,1267.2323740594,49.1195931890897,40.8804068109103,0,1000,6905.68365294917,32.7201046280479,1.06469541378602,74.3297620057977,7.57952634241027
pn_K4,比例导引法 K=4,missile_pn_K4,missile,2.18453193670111,1770.64859942884,0,1273.78000640419,49.0770404844144,40.9229595155856,0,1000,6891.57894621012,32.7307428052255,1.06293992125839,74.2072055073924,7.56702905756731
pn_K4,比例导引法 K=4,missile_pn_K4,missile,2.19453193670111,1778.20207870108,0,1280.33324577892,49.0345580114597,40.9654419885403,0,1000,6877.47553406987,32.7413634244626,1.06118382558079,74.0846069011758,7.55452747892255
pn_K4,比例导引法 K=4,missile_pn_K4,missile,2.20453193670111,1785.75070096005,0,1286.89207932042,48.9921457944161,41.0078542055839,0,1000,6863.3734175922,32.7519664797243,1.05942712606057,73.9619661387921,7.54202160154508
pn_K4,比例导引法 K=4,missile_pn_K4,missile,2.21453193670111,1793.29447011334,0,1293.45649417712,48.9498038575213,41.0501961424787,0,1000,6849.27259782397,32.7625519649687,1.05766982199412,73.839283171119,7.52951142042583
pn_K4,比例导引法 K=4,missile_pn_K4,missile,2.22453193670111,1800.83339009448,0,1300.02647750906,48.9075322248468,41.0924677751532,0,1000,6835.17307579522,32.7731198741467,1.05591191266678,73.7165579482644,7.51699693047722
pn_K4,比例导引法 K=4,missile_pn_K4,missile,2.23453193670111,1808.36746486291,0,1306.60201648795,48.8653309206241,41.1346690793759,0,1000,6821.0748525191,32.783670201202,1.05415339735283,73.593790419564,7.50447812653291
pn_K4,比例导引法 K=4,missile_pn_K4,missile,2.24453193670111,1815.89669840395,0,1313.18309829709,48.8231999692264,41.1768000307736,0,1000,6806.97792899195,32.7942029400713,1.05239427531545,73.4709805335773,7.49195500334745
pn_K4,比例导引法 K=4,missile_pn_K4,missile,2.25453193670111,1823.42109472876,0,1319.76971013143,48.7811393948352,41.2188606051648,0,1000,6792.8823061933,32.8047180846835,1.05063454580666,73.3481282380858,7.47942755559603
pn_K4,比例导引法 K=4,missile_pn_K4,missile,2.26453193670111,1830.94065787426,0,1326.3618391976,48.7391492217537,41.2608507782463,0,1000,6778.78798508589,32.81521562896,1.0488742080673,73.2252334800895,7.46689577787414
pn_K4,比例导引法 K=4,missile_pn_K4,missile,2.27453193670111,1838.45539190312,0,1332.95947271385,48.6972294744236,41.3027705255764,0,1000,6764.69496661569,32.8256955668148,1.04711326132693,73.1022962058031,7.45435966469724
pn_K4,比例导引法 K=4,missile_pn_K4,missile,2.28453193670111,1845.9653009037,0,1339.56259791009,48.6553801771383,41.3446198228617,0,1000,6750.60325171192,32.8361578921539,1.04535170480388,72.9793163606542,7.44181921050045
pn_K4,比例导引法 K=4,missile_pn_K4,missile,2.29453193670111,1853.47038898999,0,1346.17120202792,48.613601354303,41.386398645697,0,1000,6736.51284128708,32.8466025988756,1.04358953770512,72.8562938892792,7.42927440963827
pn_K4,比例导引法 K=4,missile_pn_K4,missile,2.30453193670111,1860.9706603016,0,1352.78527232059,48.5718930304181,41.428106969582,0,1000,6722.42373623694,32.8570296808701,1.04182675922624,72.7332287355206,7.41672525638425
pn_K4,比例导引法 K=4,missile_pn_K4,missile,2.31453193670111,1868.46611900369,0,1359.40479605303,48.5302552298979,41.4697447701021,0,1000,6708.33593744059,32.8674391320195,1.04006336855144,72.6101208424236,7.4041717449306
pn_K4,比例导引法 K=4,missile_pn_K4,missile,2.32453193670111,1875.95676928692,0,1366.02976050186,48.4886879772869,41.5113120227131,0,1000,6694.24944576048,32.8778309461977,1.03829936485343,72.4869701522332,7.39161386938794
pn_K4,比例导引法 K=4,missile_pn_K4,missile,2.33453193670111,1883.44261536744,0,1372.66015295537,48.4471912970791,41.5528087029209,0,1000,6680.16426204236,32.8882051172704,1.03653474729343,72.3637766063908,7.37905162378496
pn_K4,比例导引法 K=4,missile_pn_K4,missile,2.34453193670111,1890.92366148679,0,1379.29596071357,48.40576521388,41.59423478612,0,1000,6666.08038711538,32.8985616390946,1.03476951502107,72.2405401455307,7.36648500206806
pn_K4,比例导引法 K=4,missile_pn_K4,missile,2.3545319367011,1898.39991191193,0,1385.93717108813,48.3644097523275,41.6355902476725,0,1000,6651.99782179208,32.9089005055189,1.03300366717442,72.1172607094771,7.353913998101
pn_K4,比例导引法 K=4,missile_pn_K4,missile,2.3645319367011,1905.87137093511,0,1392.58377140244,48.3231249369426,41.6768750630574,0,1000,6637.9165668684,32.9192217103832,1.03123720287985,71.9939382372407,7.3413386056646
pn_K4,比例导引法 K=4,missile_pn_K4,missile,2.3745319367011,1913.33804287389,0,1399.23574899161,48.2819107925193,41.7180892074807,0,1000,6623.83662312373,32.9295252475187,1.02947012125207,71.8705726670158,7.32875881845643
pn_K4,比例导引法 K=4,missile_pn_K4,missile,2.3845319367011,1920.79993207108,0,1405.89309120241,48.2407673437552,41.7592326562448,0,1000,6609.75799132088,32.9398111107475,1.02770242139402,71.7471639361756,7.31617463009035
pn_K4,比例导引法 K=4,missile_pn_K4,missile,2.3945319367011,1928.25704289468,0,1412.55578539337,48.1996946153142,41.8003053846858,0,1000,6595.68067220616,32.9500792938828,1.02593410239685,71.6237119812704,7.3035860340963
pn_K4,比例导引法 K=4,missile_pn_K4,missile,2.4045319367011,1935.70937973784,0,1419.22381893471,48.1586926320689,41.8413073679311,0,1000,6581.60466650935,32.9603297907286,1.02416516333985,71.5002167380234,7.29099302391983
pn_K4,比例导引法 K=4,missile_pn_K4,missile,2.4145319367011,1943.15694701885,0,1425.89717920837,48.117761418816,41.882238581184,0,1000,6567.52997494375,32.9705625950796,1.02239560329043,71.376678141327,7.27839559292185
pn_K4,比例导引法 K=4,missile_pn_K4,missile,2.4245319367011,1950.59974918103,0,1432.57585360801,48.0769010004161,41.9230989995839,0,1000,6553.45659820619,32.9807777007212,1.02062542130405,71.2530961252398,7.26579373437818
pn_K4,比例导引法 K=4,missile_pn_K4,missile,2.4345319367011,1958.03779069276,0,1439.25982953901,48.0361114017481,41.9638885982519,0,1000,6539.38453697705,32.9909751014294,1.01885461642416,71.1294706229822,7.25318744147922
pn_K4,比例导引法 K=4,missile_pn_K4,missile,2.4445319367011,1965.47107604738,0,1445.9490944185,47.9953926477204,42.0046073522796,0,1000,6525.31379192027,33.0011547909702,1.01708318768219,71.0058015669345,7.24057670732967
pn_K4,比例导引法 K=4,missile_pn_K4,missile,2.4545319367011,1972.89960976317,0,1452.64363567531,47.9547447633806,42.0452552366194,0,1000,6511.2443636834,33.0113167631002,1.01531113409743,70.8820888886314,7.22796152494801
pn_K4,比例导引法 K=4,missile_pn_K4,missile,2.4645319367011,1980.32339638332,0,1459.34344075001,47.9141677736772,42.0858322263228,0,1000,6497.17625289758,33.021461011566,1.01353845467705,70.7583325187597,7.21534188726626
pn_K4,比例导引法 K=4,missile_pn_K4,missile,2.4745319367011,1987.74244047584,0,1466.04849709491,47.8736617037013,42.1263382962987,0,1000,6483.10946017761,33.0315875301043,1.01176514841601,70.6345323871537,7.20271778712952
pn_K4,比例导引法 K=4,missile_pn_K4,missile,2.4845319367011,1995.15674663358,0,1472.75879217403,47.8332265785606,42.1667734214394,0,1000,6469.0439861219,33.0416963124415,1.00999121429699,70.5106884227923,7.19008921729564
pn_K4,比例导引法 K=4,missile_pn_K4,missile,2.4945319367011,2002.56631947413,0,1479.47431346315,47.7928624233406,42.2071375766594,0,1000,6454.97983131257,33.0517873522939,1.00821665129039,70.3868005537951,7.17745617043486
pn_K4,比例导引法 K=4,missile_pn_K4,missile,2.5045319367011,2009.97116363982,0,1486.19504844978,47.7525692632464,42.2474307367536,0,1000,6440.9169963154,33.0618606433675,1.00644145835422,70.262868707418,7.16481863912936
pn_K4,比例导引法 K=4,missile_pn_K4,missile,2.5145319367011,2017.37128379765,0,1492.92098463317,47.7123471234852,42.2876528765148,0,1000,6426.8554816799,33.0719161793577,1.00466563443408,70.1388928100498,7.15217661587289
pn_K4,比例导引法 K=4,missile_pn_K4,missile,2.5245319367011,2024.76668463924,0,1499.65210952429,47.6721960293549,42.3278039706451,0,1000,6412.7952879393,33.0819539539494,1.00288917846311,70.014872787209,7.13953009307041
pn_K4,比例导引法 K=4,missile_pn_K4,missile,2.5345319367011,2032.15737088083,0,1506.38841064586,47.6321160061064,42.3678839938936,0,1000,6398.73641561059,33.0919739608166,1.00111208936189,69.8908085635386,7.1268790630377
pn_K4,比例导引法 K=4,missile_pn_K4,missile,2.5445319367011,2039.54334726319,0,1513.12987553236,47.592107079114,42.407892920886,0,1000,6384.67886519454,33.1019761936225,0.999334366038428,69.7667000628031,7.11422351800086
pn_K4,比例导引法 K=4,missile_pn_K4,missile,2.5545319367011,2046.92461855161,0,1519.87649172997,47.5521692737632,42.4478307262368,0,1000,6370.62263717568,33.1119606460196,0.997556007388101,69.642547207885,7.10156345009611
pn_K4,比例导引法 K=4,missile_pn_K4,missile,2.5645319367011,2054.30118953582,0,1526.62824679664,47.5123026154901,42.4876973845099,0,1000,6356.56773202237,33.1219273116488,0.995777012293569,69.5183499207793,7.08889885136915
pn_K4,比例导引法 K=4,missile_pn_K4,missile,2.5745319367011,2061.67306503001,0,1533.38512830204,47.4725071298042,42.5274928701958,0,1000,6342.51415018682,33.1318761841402,0.993997379624739,69.3941081225908,7.07622971377491
pn_K4,比例导引法 K=4,missile_pn_K4,missile,2.5845319367011,2069.04024987272,0,1540.14712382759,47.4327828421687,42.5672171578313,0,1000,6328.46189210505,33.1418072571122,0.992217108238702,69.2698217335292,7.06355602917706
pn_K4,比例导引法 K=4,missile_pn_K4,missile,2.5945319367011,2076.40274892684,0,1546.91422096645,47.393129778181,42.606870221819,0,1000,6314.41095819699,33.1517205241721,0.990436196979677,69.145490672906,7.05087778934763
pn_K4,比例导引法 K=4,missile_pn_K4,missile,2.6045319367011,2083.76056707954,0,1553.6864073235,47.3535479634824,42.6464520365176,0,1000,6300.36134886644,33.1616159789151,0.988654644678947,69.021114859129,7.03819498596657
pn_K4,比例导引法 K=4,missile_pn_K4,missile,2.6145319367011,2091.11370924227,0,1560.46367051537,47.3140374237461,42.6859625762539,0,1000,6286.31306450111,33.1714936149249,0.986872450154796,68.8966942096993,7.02550761062129
pn_K4,比例导引法 K=4,missile_pn_K4,missile,2.6245319367011,2098.46218035068,0,1567.24599817042,47.2745981846404,42.7254018153596,0,1000,6272.26610547267,33.1813534257734,0.985089612212463,68.7722286412065,7.01281565480633
pn_K4,比例导引法 K=4,missile_pn_K4,missile,2.6345319367011,2105.80598536457,0,1574.03337792874,47.2352302719526,42.7647697280474,0,1000,6258.2204721367,33.1911954050204,0.983306129644067,68.6477180693248,7.00011910992283
pn_K4,比例导引法 K=4,missile_pn_K4,missile,2.6445319367011,2113.14512926791,0,1580.82579744216,47.1959337115024,42.8040662884975,0,1000,6244.17616483278,33.2010195462135,0.981522001228544,68.5231624088077,6.98741796727809
pn_K4,比例导引法 K=4,missile_pn_K4,missile,2.6545319367011,2120.47961706871,0,1587.62324437422,47.1567085291185,42.8432914708815,0,1000,6230.13318388448,33.210825842888,0.979737225731604,68.3985615734856,6.97471221808524
pn_K4,比例导引法 K=4,missile_pn_K4,missile,2.6645319367011,2127.80945379905,0,1594.4257064002,47.1175547507285,42.8824452492715,0,1000,6216.09152959938,33.220614288567,0.977951801905641,68.2739154762591,6.96200185346261
pn_K4,比例导引法 K=4,missile_pn_K4,missile,2.6745319367011,2135.13464451502,0,1601.23317120711,47.0784724022903,42.9215275977097,0,1000,6202.05120226908,33.2303848767608,0.976165728489693,68.1492240290966,6.94928686443349
pn_K4,比例导引法 K=4,missile_pn_K4,missile,2.6845319367011,2142.45519429666,0,1608.04562649367,47.0394615097864,42.9605384902136,0,1000,6188.01220216925,33.2401376009673,0.974379004209361,68.0244871430281,6.93656724192544
pn_K4,比例导引法 K=4,missile_pn_K4,missile,2.6945319367011,2149.77110824793,0,1614.86305997033,47.0005220993036,42.9994779006964,0,1000,6173.97452955962,33.2498724546712,0.97259162777676,67.8997047281424,6.92384297677009
pn_K4,比例导引法 K=4,missile_pn_K4,missile,2.7045319367011,2157.08239149667,0,1621.68545935923,46.9616541970094,43.0383458029906,0,1000,6159.93818468402,33.2595894313446,0.970803597890438,67.7748766935809,6.91111405970244
pn_K4,比例导引法 K=4,missile_pn_K4,missile,2.7145319367011,2164.38904919458,0,1628.51281239424,46.9228578289713,43.0771421710287,0,1000,6145.9031677704,33.2692885244464,0.969014913235324,67.6500029475343,6.89838048136054
pn_K4,比例导引法 K=4,missile_pn_K4,missile,2.7245319367011,2171.69108651713,0,1635.34510682096,46.8841330214435,43.1158669785565,0,1000,6131.86947903082,33.2789697274223,0.967225572482648,67.5250833972371,6.88564223228494
pn_K4,比例导引法 K=4,missile_pn_K4,missile,2.7345319367011,2178.98850866357,0,1642.18233039665,46.8454798007189,43.1545201992811,0,1000,6117.83711866151,33.2886330337046,0.965435574289885,67.4001179489632,6.87289930291825
pn_K4,比例导引法 K=4,missile_pn_K4,missile,2.7445319367011,2186.28132085685,0,1649.02447089031,46.8068981930487,43.1931018069512,0,1000,6103.80608684288,33.2982784367121,0.96364491730068,67.2751065080213,6.86015168360463
pn_K4,比例导引法 K=4,missile_pn_K4,missile,2.7545319367011,2193.5695283436,0,1655.87151608262,46.7683882249081,43.2316117750919,0,1000,6089.77638373951,33.3079059298501,0.96185360014479,67.1500489787503,6.84739936458937
pn_K4,比例导引法 K=4,missile_pn_K4,missile,2.7645319367011,2200.8531363941,0,1662.72345376594,46.729949922704,43.270050077296,0,1000,6075.7480095002,33.3175155065099,0.960061621437998,67.0249452645138,6.83464233601829
pn_K4,比例导引法 K=4,missile_pn_K4,missile,2.7745319367011,2208.13215030221,0,1669.58027174434,46.6915833128854,43.3084166871146,0,1000,6061.72096425801,33.327107160069,0.958268979782055,66.8997952676953,6.8218805879373
pn_K4,比例导引法 K=4,missile_pn_K4,missile,2.7845319367011,2215.40657538535,0,1676.44195783356,46.6532884220386,43.3467115779614,0,1000,6047.69524813021,33.336680883891,0.956475673764611,66.7745988896944,6.80911411029194
pn_K4,比例导引法 K=4,missile_pn_K4,missile,2.7945319367011,2222.67641698447,0,1683.30849986103,46.6150652767222,43.3849347232778,0,1000,6033.67086121839,33.346236671325,0.954681701959127,66.6493560309199,6.79634289292673
pn_K4,比例导引法 K=4,missile_pn_K4,missile,2.8045319367011,2229.94168046397,0,1690.17988566585,46.5769139036572,43.4230860963428,0,1000,6019.64780360839,33.3557745157061,0.952887062924835,66.5240665907871,6.78356692558489
pn_K4,比例导引法 K=4,missile_pn_K4,missile,2.8145319367011,2237.20237121171,0,1697.05610309876,46.5388343295323,43.4611656704677,0,1000,6005.62607537038,33.3652944103546,0.951091755206627,66.3987304677103,6.77078619790757
pn_K4,比例导引法 K=4,missile_pn_K4,missile,2.82453193670109,2244.45849463893,0,1703.93714002221,46.5008265810932,43.4991734189068,0,1000,5991.60567655889,33.3747963485763,0.949295777335013,66.2733475590998,6.75800069943352
pn_K4,比例导引法 K=4,missile_pn_K4,missile,2.83453193670109,2251.71005618024,0,1710.82298431027,46.4628906852612,43.5371093147388,0,1000,5977.58660721276,33.3842803236625,0.947499127826025,66.147917761355,6.74521041959844
pn_K4,比例导引法 K=4,missile_pn_K4,missile,2.84453193670109,2258.95706129356,0,1717.71362384866,46.425026668845,43.574973331155,0,1000,5963.56886735523,33.3937463288891,0.945701805181159,66.0224409698608,6.73241534773452
pn_K4,比例导引法 K=4,missile_pn_K4,missile,2.85453193670109,2266.19951546009,0,1724.60904653478,46.3872345588292,43.6127654411708,0,1000,5949.55245699392,33.4031943575173,0.943903807887289,65.8969170789808,6.71961547306989
pn_K4,比例导引法 K=4,missile_pn_K4,missile,2.86453193670109,2273.43742418427,0,1731.50924027762,46.3495143822478,43.6504856177522,0,1000,5935.53737612089,33.4126244027929,0.942105134416585,65.7713459820526,6.70681078472798
pn_K4,比例导引法 K=4,missile_pn_K4,missile,2.87453193670109,2280.67079299373,0,1738.41419299783,46.3118661661447,43.6881338338553,0,1000,5921.5236247126,33.4220364579465,0.940305783226456,65.6457275713829,6.69400127172713
pn_K4,比例导引法 K=4,missile_pn_K4,missile,2.88453193670109,2287.89962743927,0,1745.32389262767,46.2742899376961,43.7257100623039,0,1000,5907.51120272999,33.4314305161932,0.938505752759452,65.5200617382412,6.68118692297994
pn_K4,比例导引法 K=4,missile_pn_K4,missile,2.89453193670109,2295.12393309482,0,1752.23832711103,46.2367857241034,43.7632142758966,0,1000,5893.50011011845,33.4408065707322,0.936705041443198,65.394348372855,6.6683677272927
pn_K4,比例导引法 K=4,missile_pn_K4,missile,2.90453193670109,2302.34371555738,0,1759.15748440339,46.1993535525962,43.8006464474038,0,1000,5879.49034680789,33.4501646147473,0.934903647690307,65.2685873644037,6.65554367336488
pn_K4,比例导引法 K=4,missile_pn_K4,missile,2.91453193670109,2309.558980447,0,1766.08135247186,46.1619934505158,43.8380065494842,0,1000,5865.48191271272,33.4595046414059,0.933101569898303,65.1427786010136,6.64271474978852
pn_K4,比例导引法 K=4,missile_pn_K4,missile,2.92453193670109,2316.76973340673,0,1773.00991929511,46.1247054452652,43.8752945547348,0,1000,5851.47480773188,33.4688266438597,0.931298806449536,65.0169219697513,6.62988094504762
pn_K4,比例导引法 K=4,missile_pn_K4,missile,2.93453193670109,2323.97598010259,0,1779.94317286342,46.0874895643154,43.9125104356846,0,1000,5837.46903174886,33.4781306152439,0.929495355711107,64.8910173566188,6.61704224751763
pn_K4,比例导引法 K=4,missile_pn_K4,missile,2.94453193670109,2331.17772622355,0,1786.88110117864,46.0503458351838,43.9496541648162,0,1000,5823.46458463176,33.4874165486775,0.927691216034784,64.765064646548,6.60419864546486
pn_K4,比例导引法 K=4,missile_pn_K4,missile,2.95453193670109,2338.37497748143,0,1793.82369225418,46.0132742854482,43.9867257145518,0,1000,5809.46146623322,33.4966844372626,0.925886385756907,64.6390637233934,6.59135012704577
pn_K4,比例导引法 K=4,missile_pn_K4,missile,2.96453193670109,2345.56773961095,0,1800.77093411503,45.9762749427948,44.0237250572052,0,1000,5795.45967639053,33.505934274085,0.924080863198318,64.5130144699278,6.57849668030651
pn_K4,比例导引法 K=4,missile_pn_K4,missile,2.97453193670109,2352.75601836961,0,1807.72281479771,45.9393478349084,44.0606521650916,0,1000,5781.45921492562,33.5151660522133,0.92227464666427,64.3869167678354,6.56563829318222
pn_K4,比例导引法 K=4,missile_pn_K4,missile,2.98453193670109,2359.93981953771,0,1814.67932235031,45.9024929896001,44.0975070103999,0,1000,5767.46008164503,33.5243797646993,0.920467734444333,64.2607704977057,6.55277495349643
pn_K4,比例导引法 K=4,missile_pn_K4,missile,2.99453193670109,2367.11914891827,0,1821.64044483242,45.8657104347387,44.1342895652613,0,1000,5753.46227634003,33.5335754045775,0.918660124812326,64.1345755390286,6.53990664896051
pn_K4,比例导引法 K=4,missile_pn_K4,missile,3.00453193670109,2374.29401233703,0,1828.60617031518,45.8290001982549,44.1709998017451,0,1000,5739.46579878653,33.5427529648651,0.916851816026206,64.0083317701864,6.52703336717293
pn_K4,比例导引法 K=4,missile_pn_K4,missile,3.01453193670109,2381.46441564239,0,1835.57648688123,45.7923623081622,44.2076376918378,0,1000,5725.4706487452,33.5519124385617,0.915042806327995,63.8820390684493,6.51415509561872
pn_K4,比例导引法 K=4,missile_pn_K4,missile,3.02453193670109,2388.63036470538,0,1842.55138262472,45.755796792508,44.244203207492,0,1000,5711.47682596142,33.5610538186493,0.913233093943684,63.7556973099679,6.50127182166876
pn_K4,比例导引法 K=4,missile_pn_K4,missile,3.03453193670109,2395.79186541962,0,1849.5308456513,45.7193036794422,44.2806963205578,0,1000,5697.48433016531,33.5701770980923,0.911422677083147,63.6293063697679,6.48838353257921
pn_K4,比例导引法 K=4,missile_pn_K4,missile,3.04453193670109,2402.94892370128,0,1856.51486407809,45.6828829971525,44.3171170028475,0,1000,5683.4931610718,33.5792822698367,0.909611553940033,63.5028661217423,6.47549021549074
pn_K4,比例导引法 K=4,missile_pn_K4,missile,3.05453193670109,2410.10154548904,0,1863.5034260337,45.6465347739821,44.3534652260179,0,1000,5669.50331838059,33.5883693268107,0.907799722691699,63.3763764386465,6.46259185742802
pn_K4,比例导引法 K=4,missile_pn_K4,missile,3.06453193670109,2417.24973674409,0,1870.49651965818,45.6102590383095,44.3897409616905,0,1000,5655.51480177618,33.5974382619241,0.9059871814991,63.249837192091,6.44968844529896
pn_K4,比例导引法 K=4,missile_pn_K4,missile,3.07453193670109,2424.39350345004,0,1877.49413310305,45.5740558184689,44.4259441815311,0,1000,5641.52761092793,33.6064890680681,0.904173928506688,63.1232482525341,6.43677996589397
pn_K4,比例导引法 K=4,missile_pn_K4,missile,3.08453193670109,2431.53285161291,0,1884.49625453128,45.5379251430347,44.4620748569653,0,1000,5627.54174549004,33.6155217381153,0.902359961842334,62.9966094892765,6.42386640588544
pn_K4,比例导引法 K=4,missile_pn_K4,missile,3.09453193670109,2438.66778726109,0,1891.50287211723,45.5018670405896,44.4981329594104,0,1000,5613.55720510158,33.6245362649197,0.900545279617222,62.869920770454,6.41094775182697
pn_K4,比例导引法 K=4,missile_pn_K4,missile,3.10453193670109,2445.79831644531,0,1898.51397404672,45.4658815397899,44.5341184602101,0,1000,5599.57398938653,33.6335326413161,0.898729879925747,62.7431819630303,6.39802399015263
pn_K4,比例导引法 K=4,missile_pn_K4,missile,3.11453193670109,2452.92444523861,0,1905.52954851695,45.4299686693663,44.5700313306337,0,1000,5585.59209795375,33.6425108601203,0.896913760845419,62.6163929327902,6.38509510717627
pn_K4,比例导引法 K=4,missile_pn_K4,missile,3.12453193670109,2460.04617973627,0,1912.54958373653,45.3941284581414,44.6058715418586,0,1000,5571.61153039706,33.6514709141286,0.895096920436775,62.4895535443337,6.37216108909095
pn_K4,比例导引法 K=4,missile_pn_K4,missile,3.13453193670109,2467.16352605582,0,1919.57406792543,45.3583609350498,44.6416390649502,0,1000,5557.63228629522,33.660412796118,0.893279356743257,62.3626636610674,6.35922192196799
pn_K4,比例导引法 K=4,missile_pn_K4,missile,3.14453193670109,2474.27649033697,0,1926.602989315,45.3226661289748,44.6773338710252,0,1000,5543.65436521197,33.6693364988459,0.89146106779113,62.2357231451984,6.34627759175645
pn_K4,比例导引法 K=4,missile_pn_K4,missile,3.15453193670109,2481.38507874158,0,1933.63633614796,45.2870440690108,44.7129559309892,0,1000,5529.67776669602,33.6782420150497,0.889642051589361,62.1087318577264,6.33332808428224
pn_K4,比例导引法 K=4,missile_pn_K4,missile,3.16453193670109,2488.48929745365,0,1940.67409667835,45.2514947842986,44.7485052157014,0,1000,5515.70249028112,33.6871293374469,0.887822306129526,61.9816896584371,6.32037338524747
pn_K4,比例导引法 K=4,missile_pn_K4,missile,3.17453193670109,2495.58915267924,0,1947.71625917155,45.2160183040092,44.7839816959908,0,1000,5501.72853548602,33.6959984587347,0.886001829385709,61.8545964058947,6.30741348022971
pn_K4,比例导引法 K=4,missile_pn_K4,missile,3.18453193670109,2502.68465064649,0,1954.76281190427,45.1806146574834,44.8193853425166,0,1000,5487.75590181456,33.7048493715901,0.884180619314379,61.7274519574339,6.29444835468115
pn_K4,比例导引法 K=4,missile_pn_K4,missile,3.19453193670109,2509.77579760554,0,1961.8137431645,45.1452838740864,44.8547161259136,0,1000,5473.7845887556,33.7136820686697,0.882358673854298,61.6002561691532,6.28147799392792
pn_K4,比例导引法 K=4,missile_pn_K4,missile,3.20453193670109,2516.86259982851,0,1968.86904125153,45.1100259832475,44.8899740167525,0,1000,5459.81459578314,33.722496542609,0.880535990926398,61.4730088959063,6.2685023831692
pn_K4,比例导引法 K=4,missile_pn_K4,missile,3.21453193670109,2523.94506360947,0,1975.92869447593,45.0748410145251,44.9251589854749,0,1000,5445.84592235625,33.731292786023,0.878712568433695,61.3457099912959,6.25552150747665
pn_K4,比例导引法 K=4,missile_pn_K4,missile,3.22453193670109,2531.02319526441,0,1982.99269115953,45.0397289975425,44.9602710024575,0,1000,5431.87856791915,33.7400707915054,0.87688840426114,61.2183593076639,6.24253535179331
pn_K4,比例导引法 K=4,missile_pn_K4,missile,3.23453193670109,2538.09700113117,0,1990.06101963539,45.0046899620228,44.9953100379771,0,1000,5417.9125319012,33.7488305516288,0.875063496275553,61.0909566960862,6.22954390093316
pn_K4,比例导引法 K=4,missile_pn_K4,missile,3.24453193670109,2545.16648756948,0,1997.13366824783,44.969723937735,45.030276062265,0,1000,5403.94781371694,33.7575720589444,0.873237842325461,60.9635020063616,6.21654713957993
pn_K4,比例导引法 K=4,missile_pn_K4,missile,3.25453193670109,2552.23166096083,0,2004.21062535237,44.9348309545715,45.0651690454285,0,1000,5389.98441276608,33.7662953059816,0.871411440241023,60.8359950870066,6.20354505228662
pn_K4,比例导引法 K=4,missile_pn_K4,missile,3.26453193670109,2559.29252770852,0,2011.29187931573,44.9000110425261,45.0999889574739,0,1000,5376.02232843355,33.7750002852481,0.869584287833894,60.7084357852461,6.19053762347449
pn_K4,比例导引法 K=4,missile_pn_K4,missile,3.27453193670109,2566.34909423758,0,2018.37741851583,44.8652642316314,45.1347357683686,0,1000,5362.06156008951,33.7836869892298,0.867756382897108,60.5808239470046,6.17752483743221
pn_K4,比例导引法 K=4,missile_pn_K4,missile,3.28453193670109,2573.40136699475,0,2025.46723134175,44.8305905520437,45.1694094479563,0,1000,5348.10210708934,33.7923554103902,0.865927723204963,60.4531594168988,6.16450667831511
pn_K4,比例导引法 K=4,missile_pn_K4,missile,3.29453193670108,2580.44935244844,0,2032.56130619373,44.7959900339564,45.2040099660436,0,1000,5334.14396877373,33.8010055411706,0.864098306512904,60.3254420382294,6.15148313014428
pn_K4,比例导引法 K=4,missile_pn_K4,missile,3.30453193670108,2587.4930570887,0,2039.65963148316,44.7614627077628,45.2385372922373,0,1000,5320.18714446862,33.8096373739896,0.862268130557397,60.1976716529716,6.1384541768057
pn_K4,比例导引法 K=4,missile_pn_K4,missile,3.31453193670108,2594.53248742721,0,2046.76219563253,44.7270086038347,45.2729913961653,0,1000,5306.23163348526,33.8182509012432,0.860437193055804,60.0698481017675,6.12541980204938
pn_K4,比例导引法 K=4,missile_pn_K4,missile,3.32453193670108,2601.56764999719,0,2053.86898707547,44.6926277526607,45.3073722473393,0,1000,5292.27743512024,33.8268461153046,0.85860549170627,59.9419712239171,6.11237998948847
pn_K4,比例导引法 K=4,missile_pn_K4,missile,3.33453193670108,2608.59855135342,0,2060.97999425666,44.6583201849077,45.3416798150923,0,1000,5278.32454865549,33.8354230085235,0.856773024187577,59.8140408573689,6.09933472259833
pn_K4,比例导引法 K=4,missile_pn_K4,missile,3.34453193670108,2615.62519807221,0,2068.0952056319,44.6240859312384,45.3759140687616,0,1000,5264.37297335828,33.8439815732266,0.854939788159042,59.6860568387124,6.08628398471572
pn_K4,比例导引法 K=4,missile_pn_K4,missile,3.35453193670108,2622.64759675132,0,2075.21460966801,44.5899250224069,45.4100749775931,0,1000,5250.42270848129,33.8525218017171,0.853105781260376,59.5580190031684,6.07322775903784
pn_K4,比例导引法 K=4,missile_pn_K4,missile,3.36453193670108,2629.66575400995,0,2082.33819484287,44.555837489347,45.444162510653,0,1000,5236.47375326259,33.8610436862743,0.851271001111544,59.429927184579,6.0601660286213
pn_K4,比例导引法 K=4,missile_pn_K4,missile,3.37453193670108,2636.67967648875,0,2089.46594964537,44.521823363027,45.478176636973,0,1000,5222.52610692567,33.8695472191538,0.849435445312656,59.3017812154003,6.04709877638136
pn_K4,比例导引法 K=4,missile_pn_K4,missile,3.38453193670108,2643.6893708497,0,2096.59786257541,44.4878826744624,45.5121173255376,0,1000,5208.57976867947,33.878032392587,0.847599111443815,59.1735809266917,6.0340259850909
pn_K4,比例导引法 K=4,missile_pn_K4,missile,3.39453193670108,2650.69484377617,0,2103.73392214389,44.4540154549287,45.5459845450713,0,1000,5194.63473771838,33.886499198781,0.845761997064997,59.0453261481073,6.02094763737946
pn_K4,比例导引法 K=4,missile_pn_K4,missile,3.40453193670108,2657.69610197284,0,2110.87411687265,44.4202217356079,45.5797782643921,0,1000,5180.69101322228,33.8949476299184,0.843924099715904,58.9170167078859,6.00786371573227
pn_K4,比例导引法 K=4,missile_pn_K4,missile,3.41453193670108,2664.69315216564,0,2118.01843529451,44.3865015478713,45.6134984521287,0,1000,5166.74859435653,33.9033776781571,0.842085416915835,58.7886524328419,5.99477420248932
pn_K4,比例导引法 K=4,missile_pn_K4,missile,3.42453193670108,2671.68600110181,0,2125.16686595321,44.3528549232492,45.6471450767508,0,1000,5152.80748027202,33.9117893356302,0.840245946163542,58.6602331483553,5.98167907984432
pn_K4,比例导引法 K=4,missile_pn_K4,missile,3.43453193670108,2678.67465554976,0,2132.31939740339,44.319281893258,45.680718106742,0,1000,5138.86767010518,33.9201825944455,0.838405684937092,58.5317586783619,5.96857832984372
pn_K4,比例导引法 K=4,missile_pn_K4,missile,3.44453193670108,2685.65912229913,0,2139.47601821061,44.2857824895972,45.7142175104027,0,1000,5124.929162978,33.9285574466856,0.836564630693721,58.4032288453434,5.95547193438568
pn_K4,比例导引法 K=4,missile_pn_K4,missile,3.45453193670108,2692.6394081607,0,2146.63671695128,44.2523567440393,45.7476432559607,0,1000,5110.99195799802,33.9369138844074,0.834722780869697,58.2746434703174,5.9423598752191
pn_K4,比例导引法 K=4,missile_pn_K4,missile,3.46453193670108,2699.61551996638,0,2153.80148221267,44.2190046884285,45.7809953115715,0,1000,5097.0560542584,33.9452518996424,0.832880132880175,58.1460023728277,5.92924213394255
pn_K4,比例导引法 K=4,missile_pn_K4,missile,3.47453193670108,2706.58746456919,0,2160.97030259291,44.1857263547476,45.8142736452524,0,1000,5083.1214508379,33.9535714843958,0.831036684119031,58.0173053709327,5.91611869200315
pn_K4,比例导引法 K=4,missile_pn_K4,missile,3.48453193670108,2713.55524884321,0,2168.14316670092,44.1525217751111,45.8474782248889,0,1000,5069.18814680092,33.9618726306468,0.829192431958747,57.8885522811968,5.90298953069568
pn_K4,比例导引法 K=4,missile_pn_K4,missile,3.49453193670108,2720.51887968356,0,2175.32006315642,44.1193909817009,45.8806090182991,0,1000,5055.25614119751,33.9701553303482,0.827347373750231,57.7597429186785,5.88985463116136
pn_K4,比例导引法 K=4,missile_pn_K4,missile,3.50453193670108,2727.47836400637,0,2182.50098058991,44.0863340067757,45.9136659932243,0,1000,5041.32543306339,33.9784195754261,0.825501506822678,57.6308770969207,5.87671397438684
pn_K4,比例导引法 K=4,missile_pn_K4,missile,3.51453193670108,2734.43370874874,0,2189.68590764265,44.0533508827651,45.9466491172349,0,1000,5027.39602141997,33.9866653577799,0.823654828483417,57.5019546279392,5.86356754120308
pn_K4,比例导引法 K=4,missile_pn_K4,missile,3.52453193670108,2741.38492086873,0,2196.87483296662,44.0204416422021,45.9795583577979,0,1000,5013.46790527436,33.994892669282,0.82180733601774,57.3729753222118,5.8504153122842
pn_K4,比例导引法 K=4,missile_pn_K4,missile,3.53453193670108,2748.33200734532,0,2204.06774522453,43.9876063176786,46.0123936823214,0,1000,4999.54108361941,34.0031015017774,0.819959026688769,57.2439389886683,5.83725726814644
pn_K4,比例导引法 K=4,missile_pn_K4,missile,3.54453193670108,2755.27497517836,0,2211.26463308976,43.9548449419321,46.0451550580679,0,1000,4985.61555543371,34.0112918470837,0.818109897737282,57.1148454346787,5.82409338914703
pn_K4,比例导引法 K=4,missile_pn_K4,missile,3.55453193670108,2762.21383138859,0,2218.46548524639,43.9221575477803,46.0778424522197,0,1000,4971.69131968162,34.0194636969908,0.816259946381547,56.9856944660415,5.81092365548291
pn_K4,比例导引法 K=4,missile_pn_K4,missile,3.56453193670108,2769.14858301754,0,2225.67029038912,43.8895441682186,46.1104558317814,0,1000,4957.76837531328,34.0276170432606,0.814409169817166,56.8564858869727,5.79774804718968
pn_K4,比例导引法 K=4,missile_pn_K4,missile,3.57453193670108,2776.07923712759,0,2232.87903722329,43.8570048363064,46.1429951636936,0,1000,4943.84672126463,34.035751877627,0.812557565216915,56.7272195000949,5.78456654414044
pn_K4,比例导引法 K=4,missile_pn_K4,missile,3.58453193670108,2783.00580080185,0,2240.09171446484,43.8245395851626,46.1754604148374,0,1000,4929.92635645743,34.0438681917953,0.810705129730567,56.5978951064247,5.77137912604454
pn_K4,比例导引法 K=4,missile_pn_K4,missile,3.59453193670108,2789.9282811442,0,2247.30831084031,43.7921484481416,46.2078515518585,0,1000,4916.0072797993,34.0519659774424,0.808851860484722,56.4685125053609,5.75818577244634
pn_K4,比例导引法 K=4,missile_pn_K4,missile,3.60453193670108,2796.84668527923,0,2254.52881508677,43.7598314586377,46.2401685413623,0,1000,4902.08949018369,34.0600452262162,0.806997754582645,56.3390714946733,5.7449864627241
pn_K4,比例导引法 K=4,missile_pn_K4,missile,3.61453193670108,2803.76102035222,0,2261.75321595186,43.7275886501622,46.2724113498378,0,1000,4888.17298648996,34.0681059297355,0.805142809104088,56.20957187049,5.73178117608868
pn_K4,比例导引法 K=4,missile_pn_K4,missile,3.62453193670108,2810.6712935291,0,2268.9815021937,43.6954200563843,46.3045799436157,0,1000,4874.25776758334,34.0761480795899,0.80328702110511,56.0800134272854,5.71856989158228
pn_K4,比例导引法 K=4,missile_pn_K4,missile,3.63453193670108,2817.57751199645,0,2276.21366258093,43.6633257110449,46.3366742889551,0,1000,4860.34383231499,34.0841716673393,0.801430387617909,55.9503959578676,5.70535258807723
pn_K4,比例导引法 K=4,missile_pn_K4,missile,3.64453193670108,2824.47968296143,0,2283.44968589263,43.631305648001,46.368694351999,0,1000,4846.43117952199,34.092176684514,0.799572905650633,55.8207192533661,5.69212924427466
pn_K4,比例导引法 K=4,missile_pn_K4,missile,3.65453193670108,2831.37781365179,0,2290.68956091835,43.5993599012712,46.4006400987288,0,1000,4832.51980802739,34.100163122614,0.797714572187206,55.6909831032189,5.67889983870322
pn_K4,比例导引法 K=4,missile_pn_K4,missile,3.66453193670108,2838.27191131584,0,2297.93327645805,43.5674885049994,46.4325114950006,0,1000,4818.60971664021,34.1081309731093,0.79585538418714,55.56118729516,5.66566434971779
pn_K4,比例导引法 K=4,missile_pn_K4,missile,3.67453193670108,2845.16198322239,0,2305.18082132207,43.5356914934058,46.4643085065942,0,1000,4804.70090415544,34.1160802274391,0.793995338585345,55.4313316152058,5.65242275549814
pn_K4,比例导引法 K=4,missile_pn_K4,missile,3.68453193670108,2852.04803666076,0,2312.43218433114,43.5039689008644,46.4960310991356,0,1000,4790.79336935409,34.124010877012,0.792134432291956,55.3014158476429,5.6391750340476
pn_K4,比例导引法 K=4,missile_pn_K4,missile,3.69453193670108,2858.93007894074,0,2319.68735431633,43.4723207618794,46.5276792381206,0,1000,4776.88711100321,34.1319229132056,0.790272662192117,55.1714397750134,5.62592116319165
pn_K4,比例导引法 K=4,missile_pn_K4,missile,3.70453193670108,2865.80811739256,0,2326.94632011903,43.4407471110264,46.5592528889736,0,1000,4762.98212785588,34.139816327366,0.788410025145812,55.0414031781028,5.61266112057663
pn_K4,比例导引法 K=4,missile_pn_K4,missile,3.71453193670108,2872.68215936685,0,2334.20907059093,43.4092479830479,46.5907520169522,0,1000,4749.07841865123,34.1476911108081,0.786546517987653,54.9113058359254,5.59939488366826
pn_K4,比例导引法 K=4,missile_pn_K4,missile,3.72453193670108,2879.55221223464,0,2341.47559459398,43.3778234128624,46.6221765871376,0,1000,4735.17598211451,34.1555472548148,0.784682137526689,54.7811475257107,5.5861224297503
pn_K4,比例导引法 K=4,missile_pn_K4,missile,3.73453193670108,2886.41828338734,0,2348.74588100039,43.3464734354162,46.6535265645838,0,1000,4721.27481695703,34.1633847506369,0.782816880546212,54.6509280228902,5.57284373592309
pn_K4,比例导引法 K=4,missile_pn_K4,missile,3.74453193670108,2893.28038023667,0,2356.01991869259,43.3151980858792,46.6848019141208,0,1000,4707.37492187624,34.1712035894931,0.780950743803539,54.5206471010819,5.55955877910213
pn_K4,比例导引法 K=4,missile_pn_K4,missile,3.75453193670107,2900.13851021468,0,2363.29769656317,43.2839973994739,46.7160026005261,0,1000,4693.47629555573,34.1790037625695,0.779083724029821,54.390304532077,5.54626753601658
pn_K4,比例导引法 K=4,missile_pn_K4,missile,3.76453193670107,2906.99268077369,0,2370.57920351494,43.2528714115882,46.7471285884118,0,1000,4679.57893666523,34.1867852610193,0.77721581792982,54.2599000858246,5.53296998320778
pn_K4,比例导引法 K=4,missile_pn_K4,missile,3.77453193670107,2913.8428993863,0,2377.8644284608,43.2218201577563,46.7781798422437,0,1000,4665.68284386065,34.1945480759626,0.775347022181718,54.1294335304179,5.51966609702783
pn_K4,比例导引法 K=4,missile_pn_K4,missile,3.78453193670107,2920.68917354533,0,2385.15336032381,43.1908436736177,46.8091563263823,0,1000,4651.78801578409,34.2022921984863,0.773477333436885,53.9989046320787,5.50635585363796
pn_K4,比例导引法 K=4,missile_pn_K4,missile,3.79453193670107,2927.53151076383,0,2392.44598803708,43.1599419949984,46.8400580050016,0,1000,4637.89445106387,34.2100176196435,0.77160674831967,53.8683131551419,5.49303922900704
pn_K4,比例导引法 K=4,missile_pn_K4,missile,3.80453193670107,2934.36991857501,0,2399.74230054379,43.1291151577668,46.8708848422332,0,1000,4624.00214831451,34.2177243304534,0.769735263427192,53.7376588620416,5.47971619891008
pn_K4,比例导引法 K=4,missile_pn_K4,missile,3.81453193670107,2941.20440453227,0,2407.04228679717,43.0983631979957,46.9016368020043,0,1000,4610.11110613681,34.2254123219013,0.767862875329101,53.6069415132942,5.46638673892657
pn_K4,比例导引法 K=4,missile_pn_K4,missile,3.82453193670107,2948.03497620912,0,2414.34593576043,43.0676861519028,46.9323138480972,0,1000,4596.2213231178,34.2330815849378,0.765989580567364,53.4761608674835,5.45305082443888
pn_K4,比例导引法 K=4,missile_pn_K4,missile,3.83453193670107,2954.8616411992,0,2421.65323640676,43.0370840558245,46.9629159441755,0,1000,4582.33279783082,34.2407321104789,0.764115375656047,53.3453166812454,5.43970843063078
pn_K4,比例导引法 K=4,missile_pn_K4,missile,3.84453193670107,2961.68440711625,0,2428.96417771932,43.0065569462413,46.9934430537587,0,1000,4568.44552883549,34.2483638894054,0.762240257081057,53.2144087092498,5.42635953248559
pn_K4,比例导引法 K=4,missile_pn_K4,missile,3.85453193670107,2968.50328159405,0,2436.27874869115,42.9761048597165,47.0238951402835,0,1000,4554.55951467775,34.2559769125631,0.760364221299945,53.0834367041873,5.41300410478475
pn_K4,比例导引法 K=4,missile_pn_K4,missile,3.86453193670107,2975.31827228643,0,2443.59693832523,42.9457278330511,47.0542721669488,0,1000,4540.67475388988,34.2635711707621,0.758487264741638,52.9524004167499,5.39964212210591
pn_K4,比例导引法 K=4,missile_pn_K4,missile,3.87453193670107,2982.12938686726,0,2450.91873563436,42.9154259031846,47.0845740968154,0,1000,4526.79124499051,34.2711466547767,0.756609383806224,52.8212995956163,5.38627355882144
pn_K4,比例导引法 K=4,missile_pn_K4,missile,3.88453193670107,2988.93663303038,0,2458.24412964119,42.8851991071378,47.1148008928622,0,1000,4512.90898648463,34.2787033553449,0.754730574864688,52.6901339874335,5.37289838909653
pn_K4,比例导引法 K=4,missile_pn_K4,missile,3.89453193670107,2995.74001848963,0,2465.57310937817,42.8550474820715,47.1449525179285,0,1000,4499.02797686364,34.2862412631684,0.752850834258696,52.5589033368015,5.35951658688762
pn_K4,比例导引法 K=4,missile_pn_K4,missile,3.90453193670107,3002.53955097877,0,2472.90566388754,42.8249710653,47.1750289347,0,1000,4485.14821460532,34.2937603689122,0.750970158300312,52.4276073862539,5.34612812594045
pn_K4,比例导引法 K=4,missile_pn_K4,missile,3.91453193670107,3009.3352382515,0,2480.24178222126,42.7949698943991,47.2050301056009,0,1000,4471.2696981739,34.3012606632042,0.749088543271778,52.2962458762422,5.33273297978843
pn_K4,比例导引法 K=4,missile_pn_K4,missile,3.92453193670107,3016.12708808145,0,2487.58145344102,42.7650440069991,47.2349559930009,0,1000,4457.39242602002,34.308742136635,0.747205985425238,52.1648185451166,5.31933112175071
pn_K4,比例导引法 K=4,missile_pn_K4,missile,3.93453193670107,3022.9151082621,0,2494.92466661817,42.7351934408424,47.2648065591576,0,1000,4443.5163965808,34.3162047797574,0.745322480982487,52.0333251291088,5.30592252493041
pn_K4,比例导引法 K=4,missile_pn_K4,missile,3.94453193670107,3029.69930660682,0,2502.27141083375,42.7054182338721,47.2945817661279,0,1000,4429.64160827984,34.3236485830866,0.743438026134709,51.9017653623133,5.29250716221271
pn_K4,比例导引法 K=4,missile_pn_K4,missile,3.95453193670107,3036.47969094879,0,2509.62167517838,42.6757184241843,47.3242815758157,0,1000,4415.76805952721,34.3310735370993,0.741552617042218,51.7701389766693,5.27908500626302
pn_K4,比例导引法 K=4,missile_pn_K4,missile,3.96453193670107,3043.25626914104,0,2516.97544875231,42.6460940500479,47.3539059499521,0,1000,4401.8957487195,34.3384796322337,0.73966624983418,51.6384457019416,5.26565602952503
pn_K4,比例导引法 K=4,missile_pn_K4,missile,3.97453193670107,3050.02904905638,0,2524.33272066531,42.6165451498653,47.3834548501347,0,1000,4388.02467423984,34.3458668588893,0.737778920608344,51.5066852657018,5.25222020421875
pn_K4,比例导引法 K=4,missile_pn_K4,missile,3.98453193670107,3056.79803858741,0,2531.69348003671,42.5870717621723,47.4129282378277,0,1000,4374.15483445789,34.3532352074261,0.735890625430773,51.3748573933092,5.23877750233864
pn_K4,比例导引法 K=4,missile_pn_K4,missile,3.99453193670107,3063.56324564648,0,2539.05771599532,42.5576739256738,47.4423260743262,0,1000,4360.28622772988,34.3605846681648,0.734001360335551,51.2429618078907,5.22532789565149
pn_K4,比例导引法 K=4,missile_pn_K4,missile,4.00453193670107,3070.32467816567,0,2546.42541767942,42.5283516792899,47.4716483207101,0,1000,4346.41885239861,34.3679152313864,0.732111121324509,51.1109982303214,5.21187135569449
pn_K4,比例导引法 K=4,missile_pn_K4,missile,4.01453193670107,3077.08234409679,0,2553.7965742367,42.4991050620702,47.5008949379298,0,1000,4332.55270679348,34.3752268873315,0.730219904366944,50.9789663792052,5.19840785377322
pn_K4,比例导引法 K=4,missile_pn_K4,missile,4.02453193670107,3083.83625141135,0,2561.17117482428,42.4699341131505,47.5300658868495,0,1000,4318.68778923052,34.3825196262004,0.728327705399316,50.8468659708534,5.18493736095949
pn_K4,比例导引法 K=4,missile_pn_K4,missile,4.03453193670107,3090.58640810051,0,2568.54920860862,42.4408388718999,47.5591611281001,0,1000,4304.82409801236,34.3897934381525,0.726434520324962,50.7146967192651,5.17145984808931
pn_K4,比例导引法 K=4,missile_pn_K4,missile,4.04453193670107,3097.33282217511,0,2575.93066476553,42.4118193779158,47.5881806220842,0,1000,4290.9616314283,34.3970483133061,0.724540345013789,50.5824583361052,5.1579752857607
pn_K4,比例导引法 K=4,missile_pn_K4,missile,4.05453193670107,3104.07550166563,0,2583.31553248009,42.3828756708434,47.6171243291566,0,1000,4277.1003877543,34.4042842417381,0.72264517530198,50.4501505306846,5.14448364433162
pn_K4,比例导引法 K=4,missile_pn_K4,missile,4.06453193670107,3110.81445462215,0,2590.70380094668,42.3540077905124,47.6459922094876,0,1000,4263.240365253,34.4115012134835,0.720749006991685,50.3177730099381,5.13098489391771
pn_K4,比例导引法 K=4,missile_pn_K4,missile,4.07453193670107,3117.54968911436,0,2598.09545936888,42.3252157770241,47.6747842229759,0,1000,4249.38156217372,34.4186992185351,0.718851835850705,50.1853254784025,5.11747900439013
pn_K4,比例导引法 K=4,missile_pn_K4,missile,4.08453193670107,3124.28121323155,0,2605.49049695949,42.2964996705228,47.7035003294772,0,1000,4235.52397675253,34.4258782468435,0.716953657612179,50.0528076381945,5.10396594537325
pn_K4,比例导引法 K=4,missile_pn_K4,missile,4.09453193670107,3131.00903508253,0,2612.88890294045,42.2678595113785,47.7321404886215,0,1000,4221.66760721221,34.433038288316,0.715054467974275,49.9202191889898,5.09044568624248
pn_K4,比例导引法 K=4,missile_pn_K4,missile,4.10453193670107,3137.7331627957,0,2620.29066654285,42.2392953401675,47.7607046598325,0,1000,4207.81245176228,34.4401793328172,0.713154262599844,49.7875598279981,5.07691819612183
pn_K4,比例导引法 K=4,missile_pn_K4,missile,4.11453193670107,3144.45360451896,0,2627.69577700685,42.2108071975685,47.7891928024315,0,1000,4193.95850859904,34.4473013701677,0.711253037116117,49.6548292499427,5.06338344388172
pn_K4,比例导引法 K=4,missile_pn_K4,missile,4.12453193670107,3151.17036841973,0,2635.10422358169,42.1823951245239,47.817604875476,0,1000,4180.10577590556,34.4544043901444,0.709350787114345,49.5220271470347,5.04984139813644
pn_K4,比例导引法 K=4,missile_pn_K4,missile,4.13453193670107,3157.88346268492,0,2642.51599552559,42.1540591620607,47.8459408379393,0,1000,4166.25425185173,34.4614883824801,0.70744750814949,49.3891532089521,5.03629202724193
pn_K4,比例导引法 K=4,missile_pn_K4,missile,4.14453193670107,3164.59289552091,0,2649.93108210581,42.1257993514074,47.8742006485926,0,1000,4152.40393459423,34.4685533368626,0.705543195739864,49.2562071228138,5.02273529929321
pn_K4,比例导引法 K=4,missile_pn_K4,missile,4.15453193670107,3171.29867515354,0,2657.34947259851,42.0976157340746,47.9023842659254,0,1000,4138.55482227657,34.475599242935,0.70363784536678,49.1231885731562,5.00917118212194
pn_K4,比例导引法 K=4,missile_pn_K4,missile,4.16453193670107,3178.00080982811,0,2664.77115628879,42.0695083516112,47.9304916483888,0,1000,4124.70691302912,34.4826260902949,0.701731452474219,48.9900972419089,4.99559964329398
pn_K4,比例导引法 K=4,missile_pn_K4,missile,4.17453193670107,3184.69930780931,0,2672.19612247061,42.041477245789,47.958522754211,0,1000,4110.86020496911,34.4896338684941,0.69982401246844,48.8569328083685,4.98202065010667
pn_K4,比例导引法 K=4,missile_pn_K4,missile,4.18453193670107,3191.39417738127,0,2679.62436044679,42.0135224586435,47.9864775413565,0,1000,4097.01469620064,34.4966225670385,0.697915520717665,48.7236949491758,4.96843416958654
pn_K4,比例导引法 K=4,missile_pn_K4,missile,4.19453193670107,3198.0854268475,0,2687.05585952892,41.9856440323012,48.0143559676988,0,1000,4083.17038481471,34.5035921753871,0.696005972551655,48.5903833382866,4.95484016848635
pn_K4,比例导引法 K=4,missile_pn_K4,missile,4.20453193670107,3204.77306453089,0,2694.49060903739,41.957842009131,48.042157990869,0,1000,4069.32726888924,34.5105426829524,0.694095363261396,48.4569976469498,4.9412386132828
pn_K4,比例导引法 K=4,missile_pn_K4,missile,4.21453193670107,3211.45709877369,0,2701.92859830127,41.9301164316614,48.0698835683386,0,1000,4055.48534648907,34.5174740790994,0.69218368809868,48.3235375436778,4.92762947017359
pn_K4,比例导引法 K=4,missile_pn_K4,missile,4.22453193670106,3218.1375379375,0,2709.36981665837,41.9024673426192,48.0975326573808,0,1000,4041.64461566598,34.5243863531455,0.690270942275735,48.1900026942212,4.91401270507474
pn_K4,比例导引法 K=4,missile_pn_K4,missile,4.23453193670106,3224.81439040326,0,2716.81425345511,41.8748947849615,48.1251052150384,0,1000,4027.80507445871,34.53127949436,0.688357120964838,48.0563927615413,4.90038828361788
pn_K4,比例导引法 K=4,missile_pn_K4,missile,4.24453193670106,3231.48766457121,0,2724.26189804653,41.8473988017871,48.1526011982129,0,1000,4013.96672089298,34.5381534919636,0.686442219297913,47.9227074057822,4.88675617114735
pn_K4,比例导引法 K=4,missile_pn_K4,missile,4.25453193670106,3238.15736886092,0,2731.71273979625,41.8199794363896,48.1800205636104,0,1000,4000.1295529815,34.5450083351284,0.684526232366152,47.7889462842445,4.87311633271755
pn_K4,比例导引法 K=4,missile_pn_K4,missile,4.26453193670106,3244.82351171122,0,2739.16676807642,41.7926367322541,48.2073632677459,0,1000,3986.29356872397,34.5518440129769,0.682609155219584,47.6551090513551,4.8594687330898
pn_K4,比例导引法 K=4,missile_pn_K4,missile,4.27453193670106,3251.48610158023,0,2746.62397226768,41.7653707331269,48.2346292668731,0,1000,3972.45876610713,34.5586605145821,0.680690982866677,47.5211953586393,4.8458133367296
pn_K4,比例导引法 K=4,missile_pn_K4,missile,4.28453193670106,3258.14514694534,0,2754.08434175913,41.7381814829588,48.2618185170412,0,1000,3958.62514310476,34.5654578289668,0.678771710273923,47.3872048546919,4.83215010780357
pn_K4,比例导引法 K=4,missile_pn_K4,missile,4.29453193670106,3264.80065630318,0,2761.54786594825,41.7110690258002,48.2889309741998,0,1000,3944.79269767768,34.5722359451032,0.676851332365401,47.2531371851468,4.81847901017645
pn_K4,比例导引法 K=4,missile_pn_K4,missile,4.30453193670106,3271.45263816962,0,2769.01453424095,41.6840334059726,48.3159665940274,0,1000,3930.96142777378,34.5789948519126,0.674929844022353,47.1189919926473,4.80480000740796
pn_K4,比例导引法 K=4,missile_pn_K4,missile,4.31453193670106,3278.10110107975,0,2776.48433605141,41.657074668048,48.342925331952,0,1000,3917.13133132804,34.585734538265,0.673007240082763,46.9847689168167,4.79111306274994
pn_K4,比例导引法 K=4,missile_pn_K4,missile,4.32453193670106,3284.74605358789,0,2783.95726080215,41.630192856673,48.369807143327,0,1000,3903.30240626254,34.5924549929783,0.671083515340891,46.8504675942257,4.7774181391429
pn_K4,比例导引法 K=4,missile_pn_K4,missile,4.33453193670106,3291.38750426753,0,2791.43329792392,41.6033880168181,48.3966119831819,0,1000,3889.47465048646,34.5991562048183,0.669158664546839,46.7160876583624,4.76371519921302
pn_K4,比例导引法 K=4,missile_pn_K4,missile,4.34453193670106,3298.02546171137,0,2798.91243685567,41.576660193689,48.423339806311,0,1000,3875.64806189611,34.6058381624981,0.667232682406089,46.5816287395995,4.75000420526883
pn_K4,比例导引法 K=4,missile_pn_K4,missile,4.35453193670106,3304.65993453128,0,2806.39466704451,41.5500094325595,48.4499905674405,0,1000,3861.82263837497,34.6125008546775,0.665305563579036,46.4470904651626,4.73628511929788
pn_K4,比例导引法 K=4,missile_pn_K4,missile,4.36453193670106,3311.29093135829,0,2813.87997794571,41.5234357790343,48.4765642209657,0,1000,3847.99837779366,34.6191442699628,0.663377302680531,46.312472459097,4.7225579029635
pn_K4,比例导引法 K=4,missile_pn_K4,missile,4.37453193670106,3317.9184608426,0,2821.36835902258,41.4969392789459,48.5030607210541,0,1000,3834.17527800996,34.6257683969061,0.661447894279394,46.1777743422352,4.70882251760134
pn_K4,比例导引法 K=4,missile_pn_K4,missile,4.38453193670106,3324.54253165354,0,2828.85979974649,41.4705199782271,48.5294800217729,0,1000,3820.35333686886,34.6323732240051,0.659517332897934,46.0429957321619,4.6950789242159
pn_K4,比例导引法 K=4,missile_pn_K4,missile,4.39453193670106,3331.16315247957,0,2836.3542895968,41.4441779231894,48.5558220768106,0,1000,3806.53255220255,34.6389587397024,0.657585613011459,45.9081362431809,4.68132708347712
pn_K4,比例导引法 K=4,missile_pn_K4,missile,4.40453193670106,3337.78033202831,0,2843.85181806082,41.417913160262,48.582086839738,0,1000,3792.71292183043,34.6455249323851,0.655652729047767,45.7731954862792,4.6675669557167
pn_K4,比例导引法 K=4,missile_pn_K4,missile,4.41453193670106,3344.39407902644,0,2851.35237463376,41.3917257360776,48.6082742639224,0,1000,3778.89444355914,34.6520717903843,0.653718675386658,45.6381730690928,4.65379850092465
pn_K4,比例导引法 K=4,missile_pn_K4,missile,4.42453193670106,3351.00440221978,0,2858.8559488187,41.3656156975504,48.6343843024496,0,1000,3765.07711518256,34.6585993019749,0.651783446359404,45.5030685958698,4.64002167874553
pn_K4,比例导引法 K=4,missile_pn_K4,missile,4.43453193670106,3357.61131037324,0,2866.36253012656,41.3395830918423,48.6604169081576,0,1000,3751.26093448184,34.6651074553746,0.649847036248233,45.3678816674344,4.6262364484747
pn_K4,比例导引法 K=4,missile_pn_K4,missile,4.44453193670106,3364.21481227082,0,2873.87210807599,41.3136279663221,48.6863720336779,0,1000,3737.4458992254,34.6715962387437,0.6479094392858,45.23261188115,4.61244276905467
pn_K4,比例导引法 K=4,missile_pn_K4,missile,4.45453193670106,3370.81491671559,0,2881.3846721934,41.2877503685091,48.7122496314909,0,1000,3723.63200716895,34.6780656401848,0.645970649654638,45.0972588308808,4.59864059907112
pn_K4,比例导引法 K=4,missile_pn_K4,missile,4.46453193670106,3377.41163252969,0,2888.90021201288,41.2619503463009,48.7380496536991,0,1000,3709.81925605551,34.6845156477417,0.644030661486632,44.9618221069551,4.58482989674915
pn_K4,比例导引法 K=4,missile_pn_K4,missile,4.47453193670106,3384.00496855435,0,2896.41871707615,41.2362279477169,48.7637720522831,0,1000,3696.0076436154,34.6909462493996,0.642089468862453,44.8263012961256,4.57101061994928
pn_K4,比例导引法 K=4,missile_pn_K4,missile,4.48453193670106,3390.59493364981,0,2903.94017693253,41.2105832210392,48.7894167789608,0,1000,3682.1971675663,34.6973574330842,0.640147065810989,44.6906959815303,4.5571827261634
pn_K4,比例导引法 K=4,missile_pn_K4,missile,4.49453193670106,3397.1815366954,0,2911.46458113888,41.1850162148917,48.8149837851083,0,1000,3668.38782561321,34.703749186661,0.638203446308771,44.5550057426516,4.54334617251065
pn_K4,比例导引法 K=4,missile_pn_K4,missile,4.50453193670106,3403.76478658948,0,2918.99191925955,41.1595269779763,48.8404730220237,0,1000,3654.57961544851,34.7101214979353,0.63625860427941,44.4192301552776,4.52950091573346
pn_K4,比例导引法 K=4,missile_pn_K4,missile,4.51453193670106,3410.34469224943,0,2926.52218086636,41.134115559297,48.865884440703,0,1000,3640.77253475195,34.7164743546511,0.634312533592986,44.283368791459,4.51564691219315
pn_K4,比例导引法 K=4,missile_pn_K4,missile,4.52453193670106,3416.92126261167,0,2934.05535553852,41.1087820081994,48.8912179918006,0,1000,3626.96658119065,34.722807744491,0.632365228065456,44.1474212194682,4.50178411786576
pn_K4,比例导引法 K=4,missile_pn_K4,missile,4.53453193670106,3423.49450663166,0,2941.5914328626,41.083526374163,48.916473625837,0,1000,3613.16175241916,34.7291216550755,0.630416681458044,44.0113870037566,4.48791248833767
pn_K4,比例导引法 K=4,missile_pn_K4,missile,4.54453193670106,3430.06443328385,0,2949.13040243248,41.0583487069487,48.9416512930513,0,1000,3599.35804607941,34.7354160739623,0.628466887476623,43.8752657049112,4.47403197880124
pn_K4,比例导引法 K=4,missile_pn_K4,missile,4.55453193670106,3436.63105156173,0,2956.6722538493,41.0332490565944,48.9667509434056,0,1000,3585.55545980078,34.7416909886459,0.626515839771081,43.7390568796104,4.46014254405025
pn_K4,比例导引法 K=4,missile_pn_K4,missile,4.56453193670106,3443.19437047778,0,2964.21697672141,41.0082274733749,48.9917725266251,0,1000,3571.75399120009,34.7479463865572,0.624563531934683,43.6027600805799,4.44624413847541
pn_K4,比例导引法 K=4,missile_pn_K4,missile,4.57453193670106,3449.7543990635,0,2971.76456066432,40.9832840078206,49.0167159921794,0,1000,3557.95363788161,34.7541822550626,0.622609957503421,43.4663748565467,4.43233671605968
pn_K4,比例导引法 K=4,missile_pn_K4,missile,4.58453193670106,3456.31114636937,0,2979.31499530065,40.9584187107169,49.0415812892831,0,1000,3544.15439743707,34.7603985814636,0.620655109955359,43.3299007521938,4.41842023037365
pn_K4,比例导引法 K=4,missile_pn_K4,missile,4.59453193670106,3462.86462146488,0,2986.86827026008,40.9336316331508,49.0663683668492,0,1000,3530.3562674457,34.7665953529961,0.618698982709954,43.1933373081126,4.40449463457069
pn_K4,比例导引法 K=4,missile_pn_K4,missile,4.60453193670106,3469.41483343853,0,2994.42437517932,40.9089228264191,49.0910771735809,0,1000,3516.55924547419,34.77277255683,0.616741569127378,43.0566840607558,4.39055988138211
pn_K4,比例导引法 K=4,missile_pn_K4,missile,4.61453193670106,3475.96179139778,0,3001.98329970202,40.8842923421071,49.1157076578929,0,1000,3502.76332907678,34.7789301800685,0.614782862507822,42.9199405423884,4.37661592311221
pn_K4,比例导引法 K=4,missile_pn_K4,missile,4.62453193670106,3482.50550446909,0,3009.54503347874,40.8597402320678,49.1402597679322,0,1000,3488.96851579519,34.7850682097475,0.612822856090788,42.7831062810385,4.36266271163328
pn_K4,比例导引法 K=4,missile_pn_K4,missile,4.63453193670106,3489.04598179792,0,3017.10956616693,40.8352665484589,49.1647334515411,0,1000,3475.17480315868,34.7911866328349,0.610861543054387,42.6461808004486,4.34870019838055
pn_K4,比例导引法 K=4,missile_pn_K4,missile,4.64453193670106,3495.5832325487,0,3024.6768874308,40.8108713436462,49.1891286563538,0,1000,3461.38218868407,34.7972854362303,0.608898916514596,42.5091636200231,4.33472833434691
pn_K4,比例导引法 K=4,missile_pn_K4,missile,4.65453193670106,3502.11726590484,0,3032.24698694136,40.7865546703373,49.2134453296627,0,1000,3447.59066987571,34.8033646067637,0.606934969524518,42.3720542547771,4.32074707007766
pn_K4,比例导引法 K=4,missile_pn_K4,missile,4.66453193670106,3508.64809106876,0,3039.81985437629,40.7623165815061,49.2376834184939,0,1000,3433.80024422554,34.8094241311959,0.604969695073634,42.2348522152841,4.3067563556652
pn_K4,比例导引法 K=4,missile_pn_K4,missile,4.67453193670106,3515.17571726183,0,3047.39547941994,40.7381571303168,49.2618428696832,0,1000,3420.01090921308,34.8154639962168,0.603003086087048,42.0975570076232,4.29275614074359
pn_K4,比例导引法 K=4,missile_pn_K4,missile,4.68453193670106,3521.70015372441,0,3054.97385176325,40.7140763703815,49.2859236296185,0,1000,3406.22266230541,34.8214841884454,0.601035135424682,41.9601681333228,4.27874637448291
pn_K4,比例导引法 K=4,missile_pn_K4,missile,4.69453193670105,3528.22140971585,0,3062.55496110368,40.6900743554723,49.3099256445277,0,1000,3392.43550095726,34.827484694429,0.599065835880505,41.8226850893072,4.26472700558368
pn_K4,比例导引法 K=4,missile_pn_K4,missile,4.70453193670105,3534.73949451448,0,3070.13879714523,40.6661511396624,49.3338488603376,0,1000,3378.64942261094,34.8334655006425,0.597095180181723,41.6851073678394,4.25069798227115
pn_K4,比例导引法 K=4,missile_pn_K4,missile,4.71453193670105,3541.25441741761,0,3077.72534959829,40.6423067774102,49.3576932225898,0,1000,3364.8644246964,34.8394265934876,0.595123160987968,41.5474344564652,4.23665925228954
pn_K4,比例导引法 K=4,missile_pn_K4,missile,4.72453193670105,3547.76618774154,0,3085.31460817964,40.6185413233522,49.3814586766478,0,1000,3351.08050463124,34.8453679592926,0.593149770890436,41.4096658379525,4.22261076289584
pn_K4,比例导引法 K=4,missile_pn_K4,missile,4.73453193670105,3554.27481482155,0,3092.9065626124,40.5948548324685,49.4051451675315,0,1000,3337.29765982069,34.8512895843108,0.591175002411084,41.2718009902353,4.20855246085415
pn_K4,比例导引法 K=4,missile_pn_K4,missile,4.74453193670105,3560.78030801192,0,3100.50120262595,40.5712473601207,49.4287526398793,0,1000,3323.51588765765,34.857191454721,0.589198848001724,41.1338393863508,4.1944842924292
pn_K4,比例导引法 K=4,missile_pn_K4,missile,4.75453193670105,3567.28267668592,0,3108.09851795586,40.5477189618231,49.4522810381769,0,1000,3309.7351855227,34.8630735566257,0.587221300043181,40.9957804943801,4.18040620338037
pn_K4,比例导引法 K=4,missile_pn_K4,missile,4.76453193670105,3573.7819302358,0,3115.6984983439,40.5242696934772,49.4757303065228,0,1000,3295.95555078409,34.8689358760511,0.585242350844385,40.8576237773854,4.16631813895524
pn_K4,比例导引法 K=4,missile_pn_K4,missile,4.77453193670105,3580.27807807283,0,3123.3011335379,40.5008996113209,49.4991003886791,0,1000,3282.17698079778,34.8747783989459,0.58326199264146,40.7193686933457,4.15222004388305
pn_K4,比例导引法 K=4,missile_pn_K4,missile,4.78453193670105,3586.77112962726,0,3130.90641329175,40.4776087718495,49.5223912281505,0,1000,3268.39947290742,34.8806011111811,0.581280217596808,40.5810146950935,4.13811186236824
pn_K4,比例导引法 K=4,missile_pn_K4,missile,4.79453193670105,3593.26109434838,0,3138.51432736533,40.4543972318951,49.5456027681049,0,1000,3254.62302444439,34.8864039985487,0.579297017798175,40.4425612302494,4.12399353808379
pn_K4,比例导引法 K=4,missile_pn_K4,missile,4.80453193670105,3599.74798170446,0,3146.12486552444,40.4312650486302,49.5687349513698,0,1000,3240.8476327278,34.8921870467613,0.577312385257664,40.3040077411529,4.10986501416415
pn_K4,比例导引法 K=4,missile_pn_K4,missile,4.81453193670105,3606.23180118281,0,3153.73801754073,40.4082122795211,49.5917877204789,0,1000,3227.07329506447,34.8979502414512,0.575326311910811,40.1653536647981,4.09572623319871
pn_K4,比例导引法 K=4,missile_pn_K4,missile,4.82453193670105,3612.71256228975,0,3161.35377319169,40.3852389823259,49.6147610176741,0,1000,3213.300008749,34.9036935681697,0.573338789615556,40.0265984327621,4.08157713722444
pn_K4,比例导引法 K=4,missile_pn_K4,missile,4.83453193670105,3619.19027455063,0,3168.97212226053,40.3623452151908,49.6376547848092,0,1000,3199.52777106374,34.9094170123863,0.571349810151249,39.8877414711353,4.06741766771887
pn_K4,比例导引法 K=4,missile_pn_K4,missile,4.84453193670105,3625.66494750984,0,3176.59305453617,40.3395310365684,49.6604689634316,0,1000,3185.75657927878,34.9151205594878,0.569359365217612,39.7487822004489,4.05324776559262
pn_K4,比例导引法 K=4,missile_pn_K4,missile,4.85453193670105,3632.13659073083,0,3184.21655981316,40.3167965052835,49.6832034947165,0,1000,3171.98643065203,34.9208041947778,0.567367446433711,39.6097200356033,4.03906737118213
pn_K4,比例导引法 K=4,missile_pn_K4,missile,4.86453193670105,3638.60521379608,0,3191.84262789159,40.2941416804022,49.7058583195978,0,1000,3158.21732242916,34.9264679034755,0.565374045336881,39.4705543857931,4.02487642424203
pn_K4,比例导引法 K=4,missile_pn_K4,missile,4.87453193670105,3645.07082630713,0,3199.47124857709,40.2715666214173,49.7284333785827,0,1000,3144.44925184364,34.932111670715,0.563379153381644,39.3312846544313,4.01067486393736
pn_K4,比例导引法 K=4,missile_pn_K4,missile,4.88453193670105,3651.53343788461,0,3207.10241168071,40.249071388136,49.750928611864,0,1000,3130.68221611675,34.9377354815448,0.561382761938602,39.1919102390724,3.99646262883578
pn_K4,比例导引法 K=4,missile_pn_K4,missile,4.89453193670105,3657.9930581682,0,3214.7361070189,40.2266560406666,49.7733439593334,0,1000,3116.9162124576,34.9433393209264,0.559384862293326,39.0524305313345,3.9822396568996
pn_K4,比例导引法 K=4,missile_pn_K4,missile,4.90453193670105,3664.44969681669,0,3222.37232441343,40.2043206395773,49.7956793604227,0,1000,3103.1512380631,34.948923173734,0.557385445645197,38.9128449168183,3.96800588547754
pn_K4,比例导引法 K=4,missile_pn_K4,missile,4.91453193670105,3670.90336350796,0,3230.01105369131,40.1820652457065,49.8179347542935,0,1000,3089.387290118,34.9544870247531,0.555384503106255,38.7731527750273,3.95376125129655
pn_K4,比例导引法 K=4,missile_pn_K4,missile,4.92453193670105,3677.35406793899,0,3237.65228468475,40.1598899202639,49.8401100797361,0,1000,3075.62436579492,34.9600308586799,0.553382025699983,38.6333534792823,3.93950569045314
pn_K4,比例导引法 K=4,missile_pn_K4,missile,4.93453193670105,3683.8018198259,0,3245.2960072311,40.1377947248465,49.8622052751535,0,1000,3061.86246225429,34.9655546601206,0.551378004360144,38.4934463966407,3.92523913840513
pn_K4,比例导引法 K=4,missile_pn_K4,missile,4.94453193670105,3690.24662890393,0,3252.94221117276,40.1157797213451,49.8842202786549,0,1000,3048.10157664442,34.9710584135902,0.549372429929507,38.3534308878069,3.91096152996252
pn_K4,比例导引法 K=4,missile_pn_K4,missile,4.95453193670105,3696.68850492745,0,3260.59088635714,40.0938449720791,49.9061550279209,0,1000,3034.3417061015,34.9765421035114,0.547365293158605,38.2133063070466,3.89667279927872
pn_K4,比例导引法 K=4,missile_pn_K4,missile,4.96453193670105,3703.12745767002,0,3268.24202263659,40.0719905397897,49.9280094602103,0,1000,3020.58284774957,34.9820057142144,0.54535658470447,38.0730720020974,3.88237287984147
pn_K4,比例导引法 K=4,missile_pn_K4,missile,4.97453193670105,3709.56349692434,0,3275.89560986829,40.0502164874809,49.9497835125191,0,1000,3006.82499870058,34.9874492299351,0.543346295129309,37.9327273140771,3.86806170446351
pn_K4,比例导引法 K=4,missile_pn_K4,missile,4.98453193670105,3715.99663250231,0,3283.55163791427,40.0285228785922,49.9714771214078,0,1000,2993.06815605436,34.9928726348148,0.541334414899178,37.7922715773908,3.85373920527304
pn_K4,比例导引法 K=4,missile_pn_K4,missile,4.99453193670105,3722.42687423503,0,3291.21009664126,40.0069097769718,49.9930902230282,0,1000,2979.31231689865,34.9982759128988,0.539320934382651,37.6517041196382,3.83940531370429
pn_K4,比例导引法 K=4,missile_pn_K4,missile,5.00453193670105,3728.85423197281,0,3298.87097592067,39.9853772467837,50.0146227532163,0,1000,2965.55747830907,35.0036590481358,0.537305843849405,37.5110242615146,3.82505996048748
pn_K4,比例导引法 K=4,missile_pn_K4,missile,5.01453193670105,3735.27871558518,0,3306.5342656285,39.9639253526472,50.0360746473528,0,1000,2951.80363734919,35.0090220243763,0.535289133468838,37.3702313167144,3.81070307563892
pn_K4,比例导引法 K=4,missile_pn_K4,missile,5.02453193670105,3741.70033496094,0,3314.19995564529,39.9425541595941,50.0574458404059,0,1000,2938.05079107049,35.0143648253725,0.533270793308632,37.2293245918311,3.7963345884508
pn_K4,比例导引法 K=4,missile_pn_K4,missile,5.03453193670105,3748.11910000814,0,3321.86803585602,39.921263732923,50.078736267077,0,1000,2924.29893651236,35.0196874347765,0.53125081333328,37.0883033862541,3.78195442748075
pn_K4,比例导引法 K=4,missile_pn_K4,missile,5.04453193670105,3754.53502065409,0,3329.53849615009,39.900054138491,50.099945861509,0,1000,2910.54807070216,35.0249898361394,0.529229183402604,36.9471669920655,3.76756252054121
pn_K4,比例导引法 K=4,missile_pn_K4,missile,5.05453193670105,3760.94810684545,0,3337.21132642119,39.8789254425369,50.1210745574631,0,1000,2896.79819065517,35.0302720129105,0.527205893270223,36.8059146939329,3.75315879468859
pn_K4,比例导引法 K=4,missile_pn_K4,missile,5.06453193670105,3767.35836854814,0,3344.88651656726,39.8578777116009,50.1421222883991,0,1000,2883.04929337463,35.0355339484363,0.525180932582027,36.6645457690029,3.73874317621236
pn_K4,比例导引法 K=4,missile_pn_K4,missile,5.07453193670105,3773.76581574746,0,3352.56405649044,39.836911012734,50.1630889872659,0,1000,2869.30137585172,35.0407756259588,0.523154290874575,36.5230594867899,3.72431559062369
pn_K4,比例导引法 K=4,missile_pn_K4,missile,5.08453193670105,3780.17045844804,0,3360.24393609696,39.8160254134027,50.1839745865973,0,1000,2855.5544350656,35.0459970286151,0.521125957573474,36.3814551090616,3.70987596264388
pn_K4,比例导引法 K=4,missile_pn_K4,missile,5.09453193670105,3786.5723066739,0,3367.92614529707,39.7952209815345,50.2047790184655,0,1000,2841.80846798338,35.051198139436,0.519095921991745,36.2397318897264,3.69542421619272
pn_K4,比例导引法 K=4,missile_pn_K4,missile,5.10453193670105,3792.97137046847,0,3375.61067400499,39.7744977853447,50.2255022146553,0,1000,2828.06347156017,35.0563789413447,0.517064173328169,36.0978890747168,3.68096027437676
pn_K4,比例导引法 K=4,missile_pn_K4,missile,5.11453193670105,3799.36765989457,0,3383.29751213884,39.7538558936344,50.2461441063656,0,1000,2814.31944273902,35.0615394171559,0.515030700665529,35.9559259018674,3.66648405947672
pn_K4,比例导引法 K=4,missile_pn_K4,missile,5.12453193670105,3805.7611850345,0,3390.98664962051,39.733295375589,50.266704624411,0,1000,2800.576378451,35.0666795495746,0.512995492968884,35.8138416007938,3.65199549293528
pn_K4,比例导引法 K=4,missile_pn_K4,missile,5.13453193670105,3812.15195598999,0,3398.67807637566,39.712816300749,50.287183699251,0,1000,2786.83427561515,35.0717993211947,0.510958539083793,35.6716353927692,3.63749449534441
pn_K4,比例导引法 K=4,missile_pn_K4,missile,5.14453193670105,3818.53998288228,0,3406.3717823336,39.6924187392977,50.3075812607023,0,1000,2773.09313113851,35.076898714498,0.508919827734469,35.5293064905953,3.6229809864322
pn_K4,比例导引法 K=4,missile_pn_K4,missile,5.15453193670105,3824.92527585213,0,3414.0677574272,39.6721027617262,50.3278972382738,0,1000,2759.35294191611,35.0819777118531,0.506879347521954,35.3868540984746,3.6084548850499
pn_K4,比例导引法 K=4,missile_pn_K4,missile,5.16453193670104,3831.30784505984,0,3421.76599159288,39.6518684389668,50.3481315610332,0,1000,2745.61370483099,35.0870362955139,0.504837086922203,35.244277411877,3.59391610915827
pn_K4,比例导引法 K=4,missile_pn_K4,missile,5.17453193670104,3837.68770068525,0,3429.46647477044,39.6317158425434,50.3682841574566,0,1000,2731.8754167542,35.0920744476181,0.502793034284128,35.101575617403,3.57936457581366
pn_K4,比例导引法 K=4,missile_pn_K4,missile,5.18453193670104,3844.06485292784,0,3437.16919690306,39.6116450443416,50.3883549556584,0,1000,2718.13807454478,35.0970921501868,0.500747177827671,34.9587478926496,3.56480020115428
pn_K4,比例导引法 K=4,missile_pn_K4,missile,5.19453193670104,3850.43931200666,0,3444.87414793717,39.591656116752,50.408343883248,0,1000,2704.40167504983,35.1020893851223,0.498699505641741,34.8157934060656,3.55022290038552
pn_K4,比例导引法 K=4,missile_pn_K4,missile,5.20453193670104,3856.81108816046,0,3452.58131782241,39.5717491326343,50.4282508673657,0,1000,2690.66621510441,35.1070661342071,0.496650005682173,34.6727113168099,3.53563258776543
pn_K4,比例导引法 K=4,missile_pn_K4,missile,5.21453193670104,3863.18019164762,0,3460.29069651152,39.5519241653411,50.4480758346588,0,1000,2676.93169153164,35.1120223791028,0.49459866576961,34.5295007746027,3.52102917658963
pn_K4,比例导引法 K=4,missile_pn_K4,missile,5.22453193670104,3869.54663274627,0,3468.00227396027,39.5321812887575,50.4678187112425,0,1000,2663.19810114266,35.1169581013483,0.492545473587362,34.386160919577,3.50641257917606
pn_K4,比例导引法 K=4,missile_pn_K4,missile,5.23453193670104,3875.91042175425,0,3475.71604012737,39.5125205771861,50.4874794228139,0,1000,2649.46544073662,35.1218732823588,0.490490416679215,34.2426908821249,3.49178270684942
pn_K4,比例导引法 K=4,missile_pn_K4,missile,5.24453193670104,3882.27156898918,0,3483.4319849744,39.4929421054774,50.5070578945226,0,1000,2635.73370710071,35.1267679034241,0.488433482447153,34.099089782739,3.4771394699249
pn_K4,比例导引法 K=4,missile_pn_K4,missile,5.25453193670104,3888.63008478849,0,3491.15009846573,39.4734459489999,50.5265540510001,0,1000,2622.00289701016,35.1316419457075,0.486374658149109,33.9553567318553,3.4624827776922
pn_K4,比例导引法 K=4,missile_pn_K4,missile,5.26453193670104,3894.98597950944,0,3498.87037056841,39.4540321835827,50.5459678164173,0,1000,2608.27300722822,35.1364953902439,0.484313930896582,33.8114908296866,3.4478125383986
pn_K4,比例导引法 K=4,missile_pn_K4,missile,5.27453193670104,3901.33926352915,0,3506.59279125212,39.4347008856225,50.5652991143775,0,1000,2594.54403450618,35.1413282179388,0.482251287652281,33.6674911660583,3.43312865923208
pn_K4,比例导引法 K=4,missile_pn_K4,missile,5.28453193670104,3907.68994724467,0,3514.31735048906,39.4154521320065,50.5845478679935,0,1000,2580.81597558337,35.1461404095664,0.48018671522765,33.5233568202356,3.41843104630384
pn_K4,比例导引法 K=4,missile_pn_K4,missile,5.29453193670104,3914.03804107295,0,3522.04403825387,39.3962860002059,50.6037139997941,0,1000,2567.08882718715,35.1509319457683,0.478120200280336,33.3790868607463,3.40371960463016
pn_K4,比例导引法 K=4,missile_pn_K4,missile,5.30453193670104,3920.38355545096,0,3529.77284452353,39.3772025681583,50.6227974318417,0,1000,2553.36258603292,35.1557028070519,0.476051729311699,33.2346803452078,3.38899423811473
pn_K4,比例导引法 K=4,missile_pn_K4,missile,5.31453193670104,3926.72650083565,0,3537.50375927733,39.3582019143733,50.6417980856267,0,1000,2539.63724882414,35.160452973789,0.473981288664157,33.0901363201409,3.37425484952975
pn_K4,比例导引法 K=4,missile_pn_K4,missile,5.32453193670104,3933.06688770404,0,3545.23677249668,39.3392841179605,50.6607158820395,0,1000,2525.91281225227,35.1651824262136,0.471908864518504,32.9454538207829,3.3595013404968
pn_K4,比例导引法 K=4,missile_pn_K4,missile,5.33453193670104,3939.40472655323,0,3552.97187416512,39.3204492584726,50.6795507415274,0,1000,2512.18927299685,35.1698911444211,0.469834442891176,32.8006318708971,3.34473361146744
pn_K4,比例导引法 K=4,missile_pn_K4,missile,5.34453193670104,3945.74002790046,0,3560.70905426818,39.3016974161764,50.6983025838236,0,1000,2498.46662772543,35.174579108366,0.467758009631476,32.6556694825784,3.32995156170338
pn_K4,比例导引法 K=4,missile_pn_K4,missile,5.35453193670104,3952.07280228315,0,3568.44830279328,39.2830286717548,50.7169713282452,0,1000,2484.74487309362,35.1792462978606,0.465679550418686,32.510565656052,3.31515508925597
pn_K4,比例导引法 K=4,missile_pn_K4,missile,5.36453193670104,3958.4030602589,0,3576.18960972968,39.2644431065339,50.7355568934661,0,1000,2471.02400574505,35.1838926925729,0.463599050759148,32.3653193794698,3.30034409094541
pn_K4,比例导引法 K=4,missile_pn_K4,missile,5.37453193670104,3964.73081240561,0,3583.93296506835,39.2459408024907,50.7540591975093,0,1000,2457.3040223114,35.1885182720254,0.461516495983273,32.2199296287012,3.28551846233945
pn_K4,比例导引法 K=4,missile_pn_K4,missile,5.38453193670104,3971.05606932145,0,3591.67835880188,39.2275218420588,50.7724781579412,0,1000,2443.58491941238,35.1931230155927,0.459431871242452,32.0743953671178,3.27067809773141
pn_K4,比例导引法 K=4,missile_pn_K4,missile,5.39453193670104,3977.37884162494,0,3599.42578092441,39.2091863083798,50.7908136916202,0,1000,2429.86669365573,35.1977069025002,0.457345161505941,31.9287155453756,3.25582289011799
pn_K4,比例导引法 K=4,missile_pn_K4,missile,5.40453193670104,3983.69913995502,0,3607.17522143152,39.1909342851568,50.8090657148432,0,1000,2416.14934163722,35.2022699118221,0.455256351557651,31.7828891011913,3.24095273117643
pn_K4,比例导引法 K=4,missile_pn_K4,missile,5.41453193670104,3990.01697497103,0,3614.92667032012,39.1727658566671,50.8272341433329,0,1000,2402.43285994067,35.2068120224794,0.453165425992834,31.6369149591106,3.2260675112409
pn_K4,比例导引法 K=4,missile_pn_K4,missile,5.42453193670104,3996.33235735281,0,3622.68011758837,39.1546811079015,50.8453188920985,0,1000,2388.7172451379,35.211333213238,0.451072369214715,31.4907920302731,3.21116711927857
pn_K4,比例导引法 K=4,missile_pn_K4,missile,5.43453193670104,4002.64529780076,0,3630.43555323559,39.1366801244058,50.8633198755942,0,1000,2375.00249378876,35.215833462707,0.448977165431082,31.3445192121746,3.19625144286526
pn_K4,比例导引法 K=4,missile_pn_K4,missile,5.44453193670104,4008.95580703583,0,3638.19296726213,39.1187629923664,50.8812370076336,0,1000,2361.28860244111,35.2203127493366,0.446879798650721,31.1980953884176,3.18132036816014
pn_K4,比例导引法 K=4,missile_pn_K4,missile,5.45453193670104,4015.26389579963,0,3645.9523496693,39.1009297986303,50.8990702013697,0,1000,2347.57556763086,35.2247710514161,0.444780252679809,31.05151942846,3.16637377987998
pn_K4,比例导引法 K=4,missile_pn_K4,missile,5.46453193670104,4021.56957485445,0,3653.71369045926,39.0831806306664,50.9168193693336,0,1000,2333.86338588188,35.2292083470716,0.442678511118192,30.9047901873551,3.15141156127272
pn_K4,比例导引法 K=4,missile_pn_K4,missile,5.47453193670104,4027.87285498332,0,3661.47697963491,39.0655155767106,50.9344844232894,0,1000,2320.1520537061,35.2336246142644,0.440574557355608,30.7579065054878,3.13643359409052
pn_K4,比例导引法 K=4,missile_pn_K4,missile,5.48453193670104,4034.1737469901,0,3669.24220719979,39.0479347255594,50.9520652744406,0,1000,2306.4415676034,35.2380198307886,0.438468374567802,30.6108672083037,3.12143975856217
pn_K4,比例导引法 K=4,missile_pn_K4,missile,5.49453193670104,4040.47226169946,0,3677.00936315798,39.0304381666412,50.9695618333588,0,1000,2292.73192406169,35.2423939742689,0.436359945712526,30.4636711060292,3.10642993336452
pn_K4,比例导引法 K=4,missile_pn_K4,missile,5.50453193670104,4046.768409957,0,3684.778437514,39.0130259902311,50.9869740097689,0,1000,2279.02311955685,35.2467470221585,0.434249253525446,30.3163169933865,3.09140399559345
pn_K4,比例导引法 K=4,missile_pn_K4,missile,5.51453193670104,4053.06220262931,0,3692.54942027269,38.9956982871813,51.0043017128187,0,1000,2265.31515055276,35.2510789517367,0.43213628051596,30.1688036493013,3.07636182073402
pn_K4,比例导引法 K=4,missile_pn_K4,missile,5.52453193670104,4059.35365060397,0,3700.32230143911,38.9784551490844,51.0215448509155,0,1000,2251.60801350126,35.255389740107,0.430021008962891,30.021129836602,3.06130328262985
pn_K4,比例导引法 K=4,missile_pn_K4,missile,5.53453193670104,4065.6427647897,0,3708.09707101844,38.961296668257,51.038703331743,0,1000,2237.90170484218,35.2596793641943,0.427903420910124,29.8732943017152,3.04622825345202
pn_K4,比例导引法 K=4,missile_pn_K4,missile,5.54453193670104,4071.92955611632,0,3715.87371901584,38.9442229376666,51.0557770623334,0,1000,2224.19622100328,35.2639478007429,0.425783498162033,29.7252957743468,3.03113660366658
pn_K4,比例导引法 K=4,missile_pn_K4,missile,5.55453193670104,4078.2140355349,0,3723.65223543639,38.9272340511219,51.0727659488781,0,1000,2210.49155840031,35.2681950263138,0.423661222278879,29.57713296716,3.0160282020017
pn_K4,比例导引法 K=4,missile_pn_K4,missile,5.56453193670104,4084.49621401779,0,3731.43261028493,38.9103301031312,51.0896698968688,0,1000,2196.78771343695,35.2724210172824,0.421536574572037,29.4288045754426,3.00090291541379
pn_K4,比例导引法 K=4,missile_pn_K4,missile,5.57453193670104,4090.77610255868,0,3739.21483356597,38.893511188934,51.106488811066,0,1000,2183.0846825048,35.2766257498361,0.419409536099151,29.2803092767688,2.98576060905292
pn_K4,比例导引法 K=4,missile_pn_K4,missile,5.58453193670104,4097.05371217268,0,3746.99889528357,38.8767774045414,51.1232225954586,0,1000,2169.38246198341,35.2808091999712,0.417280087659089,29.1316457306466,2.97060114622696
pn_K4,比例导引法 K=4,missile_pn_K4,missile,5.59453193670104,4103.32905389638,0,3754.78478544123,38.8601288466929,51.1398711533071,0,1000,2155.68104824025,35.2849713434912,0.415148209786836,28.9828125781618,2.95542438836522
pn_K4,比例导引法 K=4,missile_pn_K4,missile,5.60453193670104,4109.60213878792,0,3762.57249404178,38.843565613041,51.156434386959,0,1000,2141.98043763067,35.2891121560031,0.413013882748164,28.8338084416051,2.94023019498046
pn_K4,比例导引法 K=4,missile_pn_K4,missile,5.61453193670104,4115.8729779271,0,3770.36201108723,38.8270878019416,51.1729121980584,0,1000,2128.28062649794,35.2932316129156,0.410877086534314,28.6846319241018,2.92501842363108
pn_K4,比例导引法 K=4,missile_pn_K4,missile,5.62453193670104,4122.14158241538,0,3778.15332657869,38.8106955124941,51.1893044875059,0,1000,2114.58161117321,35.2973296894356,0.408737800856331,28.5352816092155,2.9097889298808
pn_K4,比例导引法 K=4,missile_pn_K4,missile,5.63453193670103,4128.40796337601,0,3785.94643051622,38.7943888447977,51.2056111552023,0,1000,2100.8833879755,35.3014063605659,0.406596005139407,28.3857560605538,2.89454156725832
pn_K4,比例导引法 K=4,missile_pn_K4,missile,5.64453193670103,4134.67213195412,0,3793.74131289872,38.7781678996158,51.2218321003842,0,1000,2087.18595321169,35.3054616011021,0.404451678517014,28.236053821358,2.87927618721562
pn_K4,比例导引法 K=4,missile_pn_K4,missile,5.65453193670103,4140.93409931674,0,3801.53796372383,38.762032778575,51.237967221425,0,1000,2073.48930317651,35.3094953856294,0.402304799824856,28.0861734140818,2.86399263908489
pn_K4,比例导引法 K=4,missile_pn_K4,missile,5.66453193670103,4147.19387665292,0,3809.33637298775,38.74598358423,51.25401641577,0,1000,2059.79343415252,35.3135076885202,0.40015534759466,27.9361133399568,2.84869077003429
pn_K4,比例导引法 K=4,missile_pn_K4,missile,5.67453193670103,4153.45147517381,0,3817.13653068517,38.7300204199622,51.2699795800378,0,1000,2046.0983424101,35.3174984839303,0.398003300047852,27.7858720785517,2.83337042502299
pn_K4,比例导引法 K=4,missile_pn_K4,missile,5.68453193670103,4159.70690611273,0,3824.93842680909,38.7141433900217,51.2858566099783,0,1000,2032.40402420744,35.3214677457964,0.395848635088966,27.6354480873121,2.8180314467542
pn_K4,比例导引法 K=4,missile_pn_K4,missile,5.69453193670103,4165.96018072527,0,3832.74205135075,38.6983525995657,51.3016474004343,0,1000,2018.71047579053,35.3254154478327,0.393691330298951,27.4848398010928,2.80267367562754
pn_K4,比例导引法 K=4,missile_pn_K4,missile,5.70453193670103,4172.21131028937,0,3840.54739429944,38.6826481546206,51.3173518453794,0,1000,2005.0176933931,35.3293415635272,0.391531362928222,27.3340456316734,2.78729694968959
pn_K4,比例导引法 K=4,missile_pn_K4,missile,5.71453193670103,4178.4603061054,0,3848.35444564243,38.6670301621289,51.3329698378711,0,1000,1991.32567323668,35.333246066139,0.389368709889535,27.18306396726,2.77190110458311
pn_K4,比例导引法 K=4,missile_pn_K4,missile,5.72453193670103,4184.70717949626,0,3856.16319536477,38.6514987300463,51.3485012699537,0,1000,1977.6344115305,35.3371289286947,0.387203347750698,27.031893171977,2.75648597349523
pn_K4,比例导引法 K=4,missile_pn_K4,missile,5.73453193670103,4190.95194180749,0,3863.97363344921,38.6360539671907,51.3639460328093,0,1000,1963.94390447156,35.3409901239845,0.385035252726982,26.8805315853372,2.74105138710337
pn_K4,比例导引法 K=4,missile_pn_K4,missile,5.74453193670103,4197.19460440731,0,3871.78574987601,38.6206959833674,51.3793040166326,0,1000,1950.25414824451,35.3448296245592,0.382864400673451,26.7289775217061,2.72559717352063
pn_K4,比例导引法 K=4,missile_pn_K4,missile,5.75453193670103,4203.4351786868,0,3879.59953462287,38.6054248893296,51.3945751106704,0,1000,1936.56513902173,35.3486474027262,0.380690767076851,26.5772292697355,2.71012315823808
pn_K4,比例导引法 K=4,missile_pn_K4,missile,5.76453193670103,4209.67367605991,0,3887.41497766473,38.5902407968238,51.4097592031762,0,1000,1922.87687296325,35.352443430546,0.378514327047509,26.4252850917986,2.6946291640671
pn_K4,比例导引法 K=4,missile_pn_K4,missile,5.77453193670103,4215.91010796361,0,3895.23206897364,38.5751438186716,51.4248561813284,0,1000,1909.18934621674,35.3562176798281,0.376335055310774,26.2731432233919,2.67911501107839
pn_K4,比例导引法 K=4,missile_pn_K4,missile,5.78453193670103,4222.14448585801,0,3903.05079851864,38.5601340686037,51.4398659313963,0,1000,1895.50255491749,35.3599701221276,0.374152926198411,26.1208018725345,2.66358051654077
pn_K4,比例导引法 K=4,missile_pn_K4,missile,5.79453193670103,4228.37682122641,0,3910.87115626561,38.5452116614619,51.4547883385381,0,1000,1881.81649518842,35.3637007287407,0.371967913639485,25.9682592191317,2.64802549485622
pn_K4,比例导引法 K=4,missile_pn_K4,missile,5.80453193670103,4234.60712557546,0,3918.69313217708,38.5303767131338,51.4696232868662,0,1000,1868.13116313999,35.3674094707007,0.369779991151221,25.8155134143372,2.63244975749488
pn_K4,比例导引法 K=4,missile_pn_K4,missile,5.81453193670103,4240.83541043522,0,3926.51671621213,38.5156293404847,51.4843706595153,0,1000,1854.44655487025,35.3710963187743,0.367589131829371,25.6625625798801,2.61685311292644
pn_K4,比例导引法 K=4,missile_pn_K4,missile,5.82453193670103,4247.06168735932,0,3934.34189832624,38.5009696616059,51.4990303383941,0,1000,1840.76266646476,35.3747612434568,0.365395308338456,25.5094048073838,2.60123536655063
pn_K4,比例导引法 K=4,missile_pn_K4,missile,5.83453193670103,4253.28596792504,0,3942.16866847107,38.4863977956073,51.5136022043927,0,1000,1827.07949399659,35.378404214968,0.363198492901566,25.3560381576543,2.58559632062471
pn_K4,比例导引法 K=4,missile_pn_K4,missile,5.84453193670103,4259.50826373345,0,3949.99701659441,38.4719138627182,51.5280861372818,0,1000,1813.39703352631,35.3820252032476,0.360998657289966,25.2024606599542,2.56993577418937
pn_K4,比例导引法 K=4,missile_pn_K4,missile,5.85453193670103,4265.72858640951,0,3957.82693263992,38.4575179843543,51.5424820156457,0,1000,1799.71528110191,35.3856241779509,0.358795772812251,25.0486703112453,2.55425352299157
pn_K4,比例导引法 K=4,missile_pn_K4,missile,5.86453193670103,4271.94694760219,0,3965.65840654702,38.443210282977,51.556789717023,0,1000,1786.03423275883,35.3892011084438,0.35658981030322,24.8946650754128,2.53854935940538
pn_K4,比例导引法 K=4,missile_pn_K4,missile,5.87453193670103,4278.16335898461,0,3973.49142825076,38.4289908823508,51.5710091176492,0,1000,1772.35388451991,35.3927559637981,0.35438074011247,24.7404428824678,2.52282307235068
pn_K4,比例导引法 K=4,missile_pn_K4,missile,5.88453193670103,4284.37783225417,0,3981.32598768158,38.414859907446,51.585140092554,0,1000,1758.67423239535,35.3962887127867,0.352168532092384,24.5860016277097,2.50707444720773
pn_K4,比例导引法 K=4,missile_pn_K4,missile,5.89453193670103,4290.59037913266,0,3989.16207476519,38.4008174843091,51.5991825156909,0,1000,1744.99527238268,35.3997993238784,0.349953155586053,24.4313391708825,2.49130326573116
pn_K4,比例导引法 K=4,missile_pn_K4,missile,5.90453193670103,4296.8010113664,0,3996.99967942242,38.3868637403237,51.6131362596763,0,1000,1731.31700046675,35.4032877652329,0.347734579414477,24.2764533352813,2.47550930595884
pn_K4,比例导引法 K=4,missile_pn_K4,missile,5.91453193670103,4303.00974072638,0,4004.83879156899,38.372998804116,51.627001195884,0,1000,1717.63941261968,35.4067540046955,0.345512771863664,24.1213419068519,2.45969234212008
pn_K4,比例导引法 K=4,missile_pn_K4,missile,5.92453193670103,4309.21657900839,0,4012.6794011154,38.3592228056048,51.6407771943952,0,1000,1703.96250480083,35.4101980097914,0.343287700670978,23.9660026332373,2.44385214453838
pn_K4,比例导引法 K=4,missile_pn_K4,missile,5.93453193670103,4315.42153803318,0,4020.5214979667,38.3455358759963,51.6544641240037,0,1000,1690.28627295676,35.4136197477207,0.341059333011252,23.8104332228085,2.42798847953262
pn_K4,比例导引法 K=4,missile_pn_K4,missile,5.94453193670103,4321.62462964657,0,4028.36507202235,38.3319381477528,51.6680618522472,0,1000,1676.61071302121,35.4170191853521,0.338827635482365,23.6546313436577,2.41210110931437
pn_K4,比例导引法 K=4,missile_pn_K4,missile,5.95453193670103,4327.82586571963,0,4036.21011317604,38.3184297548304,51.6815702451696,0,1000,1662.93582091505,35.4203962892176,0.336592574090368,23.4985946225595,2.39618979188199
pn_K4,比例导引法 K=4,missile_pn_K4,missile,5.96453193670103,4334.02525814882,0,4044.05661131545,38.3050108324656,51.6949891675344,0,1000,1649.26159254625,35.4237510255058,0.334354114233905,23.3423206438835,2.38025428090974
pn_K4,比例导引法 K=4,missile_pn_K4,missile,5.97453193670103,4340.22281885613,0,4051.90455632214,38.2916815172545,51.7083184827455,0,1000,1635.58802380984,35.4270833600567,0.332112220688412,23.1858069484913,2.36429432563529
pn_K4,比例导引法 K=4,missile_pn_K4,missile,5.98453193670103,4346.41855978927,0,4059.75393807133,38.2784419473249,51.7215580526751,0,1000,1621.91511058786,35.4303932583545,0.329866857589497,23.0290510325758,2.34830967074137
pn_K4,比例导引法 K=4,missile_pn_K4,missile,5.99453193670103,4352.6124929218,0,4067.60474643168,38.2652922621733,51.7347077378267,0,1000,1608.24284874932,35.4336806855216,0.327617988415841,22.8720503464683,2.33230005623411
pn_K4,比例导引法 K=4,missile_pn_K4,missile,6.00453193670103,4358.80463025329,0,4075.45697126512,38.2522326027383,51.7477673972617,0,1000,1594.57123415019,35.436945606312,0.32536557597151,22.7148022934024,2.31626521731707
pn_K4,比例导引法 K=4,missile_pn_K4,missile,6.01453193670103,4364.99498380952,0,4083.31060242668,38.2392631115484,51.7607368884516,0,1000,1580.9002626333,35.440187985104,0.323109582367553,22.5573042282305,2.30020488426022
pn_K4,比例导引法 K=4,missile_pn_K4,missile,6.02453193670103,4371.18356564264,0,4091.16562976424,38.2263839326689,51.7736160673311,0,1000,1567.22993002833,35.4434077858936,0.320849969003043,22.3995534560994,2.28411878226504
pn_K4,比例导引法 K=4,missile_pn_K4,missile,6.03453193670103,4377.37038783133,0,4099.02204311833,38.2135952116635,51.7864047883365,0,1000,1553.56023215179,35.4466049722871,0.318586696545295,22.2415472310698,2.26800663132362
pn_K4,比例导引法 K=4,missile_pn_K4,missile,6.04453193670103,4383.555462481,0,4106.87983232196,38.2008970956025,51.7991029043975,0,1000,1539.8911648069,35.4497795074939,0.316319724909497,22.0832827546938,2.25186814607371
pn_K4,比例导引法 K=4,missile_pn_K4,missile,6.05453193670103,4389.73880172394,0,4114.7389872004,38.1882897333483,51.8117102666517,0,1000,1526.22272378361,35.4529313543186,0.314049013237447,21.9247571745308,2.23570303564732
pn_K4,比例导引法 K=4,missile_pn_K4,missile,6.06453193670103,4395.92041771957,0,4122.59949757091,38.1757732753957,51.8242267246043,0,1000,1512.55490485849,35.4560604751532,0.311774519875601,21.765967582615,2.21951100351445
pn_K4,比例导引法 K=4,missile_pn_K4,missile,6.07453193670103,4402.10032265457,0,4130.46135324259,38.1633478737851,51.8366521262149,0,1000,1498.88770379473,35.459166831969,0.30949620235218,21.6069110138567,2.2032917473201
pn_K4,比例导引法 K=4,missile_pn_K4,missile,6.08453193670103,4408.27852874312,0,4138.32454401614,38.1510136823315,51.8489863176685,0,1000,1485.22111634207,35.4622503863087,0.307214017353568,21.447584444395,2.18704495871628
pn_K4,比例导引法 K=4,missile_pn_K4,missile,6.09453193670103,4414.45504822706,0,4146.18905968362,38.1387708566771,51.8612291433229,0,1000,1471.55513823672,35.4653110992773,0.304927920699644,21.2879847898758,2.17077032318639
pn_K4,比例导引法 K=4,missile_pn_K4,missile,6.10453193670102,4420.62989337615,0,4154.05489002821,38.1266195541959,51.8733804458041,0,1000,1457.88976520132,35.4683489315337,0.302637867318205,21.1281089036657,2.15446751986312
pn_K4,比例导引法 K=4,missile_pn_K4,missile,6.11453193670102,4426.80307648824,0,4161.92202482403,38.114559934054,51.885440065946,0,1000,1444.22499294491,35.4713638432814,0.300343811218365,20.967953574995,2.13813622133909
pn_K4,比例导引法 K=4,missile_pn_K4,missile,6.12453193670102,4432.97460988949,0,4169.79045383582,38.1025921572886,51.8974078427114,0,1000,1430.5608171628,35.4743557942593,0.298045705463037,20.807515527037,2.12177609347096
pn_K4,比例导引法 K=4,missile_pn_K4,missile,6.13453193670102,4439.14450593461,0,4177.6601668188,38.0907163868654,51.9092836131346,0,1000,1416.89723353659,35.4773247437322,0.295743502140139,20.6467914148973,2.10538679517443
pn_K4,比例导引法 K=4,missile_pn_K4,missile,6.14453193670102,4445.31277700708,0,4185.53115351832,38.0789327876921,51.9210672123079,0,1000,1403.23423773402,35.4802706504806,0.293437152332599,20.48577782352,2.08896797821071
pn_K4,比例导引法 K=4,missile_pn_K4,missile,6.15453193670102,4451.47943551937,0,4193.40340366969,38.0672415265854,51.9327584734146,0,1000,1389.57182540899,35.4831934727909,0.29112660608745,20.3244712655303,2.07251928696653
pn_K4,比例导引法 K=4,missile_pn_K4,missile,6.16453193670102,4457.6444939132,0,4201.27690699789,38.0556427724839,51.9443572275161,0,1000,1375.90999220143,35.4860931684443,0.288811812383195,20.1628681789555,2.05604035822177
pn_K4,比例导引法 K=4,missile_pn_K4,missile,6.17453193670102,4463.80796465977,0,4209.1516532173,38.0441366962704,51.9558633037296,0,1000,1362.24873373724,35.4889696947067,0.286492719096309,20.0009649248873,2.03953082091105
pn_K4,比例导引法 K=4,missile_pn_K4,missile,6.18453193670102,4469.96986025999,0,4217.02763203147,38.0327234710203,51.9672765289797,0,1000,1348.58804562825,35.4918230083169,0.284169272965964,19.8387577850183,2.02299029587253
pn_K4,比例导引法 K=4,missile_pn_K4,missile,6.19453193670102,4476.1301932448,0,4224.90483313282,38.0214032719584,51.9785967280416,0,1000,1334.92792347209,35.4946530654753,0.281841419557297,19.6762429590783,2.0064183955865
pn_K4,比例导引法 K=4,missile_pn_K4,missile,6.20453193670102,4482.28897617534,0,4232.78324620237,38.0101762764495,51.9898237235505,0,1000,1321.26836285218,35.4974598218318,0.279509103223326,19.5134165621749,1.98981472390418
pn_K4,比例导引法 K=4,missile_pn_K4,missile,6.21453193670102,4488.44622164331,0,4240.66286090948,37.9990426642307,52.0009573357693,0,1000,1307.60935933759,35.5002432324738,0.277172267064996,19.3502746220049,1.97317887576337
pn_K4,比例导引法 K=4,missile_pn_K4,missile,6.22453193670102,4494.6019422712,0,4248.54366691153,37.9880026171966,52.0119973828034,0,1000,1293.95090848299,35.5030032519131,0.274830852889589,19.18681307595,1.95651043689231
pn_K4,比例导引法 K=4,missile_pn_K4,missile,6.23453193670102,4500.75615071256,0,4256.42565385368,37.9770563196557,52.0229436803443,0,1000,1280.29300582855,35.5057398340732,0.272484801167345,19.023027768049,1.93980898350089
pn_K4,比例导引法 K=4,missile_pn_K4,missile,6.24453193670102,4506.90885965232,0,4264.3088113685,37.9662039584004,52.0337960415996,0,1000,1266.63564689989,35.5084529322751,0.270134050985741,18.8589144458057,1.92307408195517
pn_K4,比例导引法 K=4,missile_pn_K4,missile,6.25453193670102,4513.0600818071,0,4272.19312907575,37.9554457225515,52.0445542774485,0,1000,1252.97882720793,35.5111424992238,0.267778540002457,18.6944687569049,1.90630528844253
pn_K4,比例导引法 K=4,missile_pn_K4,missile,6.26453193670102,4519.20982992545,0,4280.078596582,37.9447818038463,52.0552181961537,0,1000,1239.32254224883,35.5138084869933,0.265418204395483,18.5296862457298,1.88950214861648
pn_K4,比例导引法 K=4,missile_pn_K4,missile,6.27453193670102,4525.35811678825,0,4287.96520348035,37.9342123965986,52.0657876034014,0,1000,1225.66678750393,35.5164508470119,0.263052978811196,18.364562349737,1.87266419722709
pn_K4,比例导引法 K=4,missile_pn_K4,missile,6.28453193670102,4531.50495520897,0,4295.85293935011,37.9237376977047,52.0762623022953,0,1000,1212.01155843958,35.5190695300466,0.260682796310141,18.1990923956708,1.85579095773488
pn_K4,比例导引法 K=4,missile_pn_K4,missile,6.29453193670102,4537.65035803402,0,4303.74179375645,37.9133579068831,52.0866420931169,0,1000,1198.35685050708,35.5216644861867,0.258307588310097,18.0332715955888,1.83888194190563
pn_K4,比例导引法 K=4,missile_pn_K4,missile,6.30453193670102,4543.79433814311,0,4311.63175625006,37.9030732265699,52.0969267734301,0,1000,1184.70265914258,35.5242356648271,0.255927284526376,17.8670950426944,1.8219366493853
pn_K4,比例导引法 K=4,missile_pn_K4,missile,6.31453193670102,4549.93690844957,0,4319.52281636684,37.8928838619621,52.1071161380379,0,1000,1171.04897976695,35.5267830146513,0.253541812909345,17.7005577069742,1.8049545672553
pn_K4,比例导引法 K=4,missile_pn_K4,missile,6.32453193670102,4556.07808190071,0,4327.41496362752,37.8827900212993,52.1172099787007,0,1000,1157.3958077857,35.5293064836131,0.251151099578926,17.5336544306256,1.78793516956612
pn_K4,比例导引法 K=4,missile_pn_K4,missile,6.33453193670102,4562.21787147823,0,4335.30818753731,37.8727919157781,52.1272080842219,0,1000,1143.74313858883,35.5318060189181,0.24875506875571,17.366379923248,1.77087791684704
pn_K4,比例导引法 K=4,missile_pn_K4,missile,6.34453193670102,4568.35629019854,0,4343.20247758552,37.8628897596712,52.1371102403288,0,1000,1130.09096755071,35.5342815670043,0.246353642688757,17.1987287568018,1.75378225559206
pn_K4,比例导引法 K=4,missile_pn_K4,missile,6.35453193670102,4574.49335111321,0,4351.09782324519,37.8530837703915,52.1469162296085,0,1000,1116.43929003001,35.536733073522,0.243946741579684,17.030695360309,1.7366476177195
pn_K4,比例导引法 K=4,missile_pn_K4,missile,6.36453193670102,4580.62906730931,0,4358.9942139727,37.8433741685379,52.1566258314621,0,1000,1102.78810136951,35.5391604833129,0.241534283502869,16.8622740142819,1.71947342000397
pn_K4,比例导引法 K=4,missile_pn_K4,missile,6.37453193670102,4586.76345190988,0,4366.8916392074,37.8337611781187,52.1662388218813,0,1000,1089.137396896,35.5415637403886,0.239116184321501,16.6934588448633,1.7022590634787
pn_K4,比例导引法 K=4,missile_pn_K4,missile,6.38453193670102,4592.89651807433,0,4374.79008837117,37.8242450265272,52.1757549734728,0,1000,1075.48717192015,35.5439427879078,0.236692357599199,16.5242438176553,1.68500393280635
pn_K4,比例导引法 K=4,missile_pn_K4,missile,6.39453193670102,4599.02827899887,0,4382.68955086801,37.8148259446227,52.1851740553773,0,1000,1061.83742173635,35.546297568153,0.234262714507001,16.3546227312266,1.66770739561692
pn_K4,比例导引法 K=4,missile_pn_K4,missile,6.40453193670102,4605.15874791698,0,4390.59001608365,37.8055041669192,52.1944958330808,0,1000,1048.1881416226,35.548628022506,0.231827163725446,16.184589210276,1.65036880181061
pn_K4,比例导引法 K=4,missile_pn_K4,missile,6.41453193670102,4611.28793809987,0,4398.49147338506,37.7962799315987,52.2037200684013,0,1000,1034.53932684029,35.5509340914224,0.229385611340723,16.0141366983827,1.63298748281856
pn_K4,比例导引法 K=4,missile_pn_K4,missile,6.42453193670102,4617.41586285694,0,4406.39391212005,37.7871534806419,52.2128465193581,0,1000,1020.89097263415,35.5532157144057,0.226937960736057,15.8432584504232,1.61556275082961
pn_K4,比例导引法 K=4,missile_pn_K4,missile,6.43453193670102,4623.5425355363,0,4414.29732161678,37.77812505998,52.22187494002,0,1000,1007.24307423198,35.5554728299786,0.224484112476136,15.6719475245034,1.59809389796754
pn_K4,比例导引法 K=4,missile_pn_K4,missile,6.44453193670102,4629.66796952527,0,4422.20169118332,37.7691949196352,52.2308050803647,0,1000,993.595626844585,35.5577053756555,0.222023964185273,15.5001967734519,1.58058019542371
pn_K4,比例导引法 K=4,missile_pn_K4,missile,6.45453193670102,4635.79217825091,0,4430.1070101071,37.760363313667,52.239636686333,0,1000,979.948625665519,35.5599132879111,0.219557410418622,15.3279988358298,1.56302089254024
pn_K4,比例导引法 K=4,missile_pn_K4,missile,6.46453193670102,4641.91517518054,0,4438.01326765452,37.7516305004952,52.2483694995048,0,1000,966.302065870963,35.5620965021504,0.217084342526038,15.155346126426,1.54541521584089
pn_K4,比例导引法 K=4,missile_pn_K4,missile,6.47453193670102,4648.03697382235,0,4445.92045307032,37.7429967429816,52.2570032570184,0,1000,952.655942619522,35.564254952675,0.214604648507334,14.9822308261525,1.52776236800054
pn_K4,比例导引法 K=4,missile_pn_K4,missile,6.48453193670102,4654.15758772592,0,4453.82855557715,37.7344623084273,52.2655376915727,0,1000,939.010251052033,35.5663885726489,0.212118212859294,14.8086448713635,1.51006152675618
pn_K4,比例导引法 K=4,missile_pn_K4,missile,6.49453193670102,4660.27703048286,0,4461.73756437497,37.7260274689171,52.2739725310829,0,1000,925.364986291372,35.5684972940633,0.209624916413305,14.6345799425203,1.49231184375095
pn_K4,比例导引法 K=4,missile_pn_K4,missile,6.50453193670102,4666.3953157274,0,4469.64746864052,37.717692501347,52.282307498653,0,1000,911.720143442251,35.5705810476983,0.207124636162735,14.4600274521402,1.47451244330532
pn_K4,比例导引法 K=4,missile_pn_K4,missile,6.51453193670102,4672.51245713705,0,4477.55825752673,37.709457687626,52.290542312374,0,1000,898.075717591001,35.5726397630843,0.204617245079678,14.2849785320022,1.45666242111243
pn_K4,比例导引法 K=4,missile_pn_K4,missile,6.52453193670102,4678.62846843325,0,4485.46992016215,37.7013233148571,52.2986766851429,0,1000,884.431703805354,35.5746733684601,0.202102611919847,14.1094240195267,1.43876084284916
pn_K4,比例导引法 K=4,missile_pn_K4,missile,6.53453193670102,4684.74336338208,0,4493.38244565032,37.693289675436,52.3067103245639,0,1000,870.788097134217,35.5766817907307,0.199580601015197,13.9333544432973,1.42080674269983
pn_K4,比例导引法 K=4,missile_pn_K4,missile,6.54453193670102,4690.85715579492,0,4501.29582306916,37.6853570672627,52.3146429327373,0,1000,857.144892607433,35.5786649554208,0.197051072052313,13.7567600075897,1.40279912177856
pn_K4,比例导引法 K=4,missile_pn_K4,missile,6.55453193670102,4696.96985952922,0,4509.2100414703,37.6775257940372,52.3224742059628,0,1000,843.502085235532,35.5806227866282,0.194513879836669,13.5796305759139,1.38473694645102
pn_K4,比例导引法 K=4,missile_pn_K4,missile,6.56453193670102,4703.08148848927,0,4517.12508987843,37.66979616525,52.33020383475,0,1000,829.859670009479,35.582555206973,0.191968874040051,13.4019556533807,1.36661914653635
pn_K4,比例导引法 K=4,missile_pn_K4,missile,6.57453193670101,4709.19205662694,0,4525.04095729061,37.6621684966205,52.3378315033795,0,1000,816.217641900407,35.5844621375453,0.189415898931733,13.2237243679342,1.34844461339338
pn_K4,比例导引法 K=4,missile_pn_K4,missile,6.58453193670101,4715.30157794257,0,4532.95763267552,37.6546431101864,52.3453568898136,0,1000,802.575995859337,35.5863434978499,0.18685479308954,13.0449254501809,1.33021219786379
pn_K4,比例导引法 K=4,missile_pn_K4,missile,6.59453193670101,4721.41006648576,0,4540.87510497278,37.6472203344852,52.3527796655148,0,1000,788.934726816889,35.5881992057473,0.184285389091233,12.8655472118435,1.31192070807498
pn_K4,比例导引法 K=4,missile_pn_K4,missile,6.60453193670101,4727.51753635628,0,4548.79336309213,37.6399005049719,52.3600994950281,0,1000,775.293829682989,35.5900291773928,0.181707513183084,12.6855775226232,1.29356890708073
pn_K4,比例导引法 K=4,missile_pn_K4,missile,6.61453193670101,4733.62400170499,0,4556.71239591267,37.632683964141,52.367316035859,0,1000,761.653299346546,35.5918333271707,0.179120984923793,12.5050037853412,1.27515551032628
pn_K4,比例导引法 K=4,missile_pn_K4,missile,6.62453193670101,4739.72947673479,0,4564.63219228203,37.6255710618953,52.3744289381046,0,1000,748.013130675136,35.5936115676259,0.176525616801939,12.3238129092306,1.25667918292492
pn_K4,比例导引法 K=4,missile_pn_K4,missile,6.63453193670101,4745.83397570162,0,4572.5527410155,37.6185621557585,52.3814378442415,0,1000,734.373318514648,35.5953638093914,0.173921213824705,12.1419912812247,1.23813853673015
pn_K4,比例导引法 K=4,missile_pn_K4,missile,6.64453193670101,4751.93751291549,0,4580.47403089518,37.6116576111632,52.3883423888368,0,1000,720.73385768894,35.5970899611108,0.171307573072906,11.959524734892,1.21953212716799
pn_K4,比例导引法 K=4,missile_pn_K4,missile,6.65453193670101,4758.04010274155,0,4588.39605066904,37.6048578018928,52.3951421981072,0,1000,707.094742999465,35.5987899293569,0.16868448322242,11.7763985170254,1.20085844983001
pn_K4,比例导引法 K=4,missile_pn_K4,missile,6.66453193670101,4764.14175960125,0,4596.31878904998,37.5981631103691,52.4018368896308,0,1000,693.455969224878,35.6004636185452,0.166051724025496,11.5925972514315,1.18211593678081
pn_K4,比例导引法 K=4,missile_pn_K4,missile,6.67453193670101,4770.24249797347,0,4604.24223471481,37.5915739279571,52.4084260720429,0,1000,679.817531120637,35.6021109308417,0.163409065750453,11.4081048998132,1.16330295256925
pn_K4,比例导引法 K=4,missile_pn_K4,missile,6.68453193670101,4776.34233239577,0,4612.16637630325,37.5850906554889,52.4149093445111,0,1000,666.179423418571,35.6037317660652,0.160756268573122,11.2229047192851,1.14441778989615
pn_K4,比例导引法 K=4,missile_pn_K4,missile,6.69453193670101,4782.44127746571,0,4620.09120241685,37.5787137035604,52.4212862964396,0,1000,652.54164082644,35.605326021583,0.158093081916702,11.0369792162862,1.12545866491475
pn_K4,比例导引法 K=4,missile_pn_K4,missile,6.70453193670101,4788.5393478421,0,4628.01670161783,37.5724434929844,52.4275565070156,0,1000,638.904178027464,35.6068935922,0.155419243732951,10.8503100963982,1.10642371211354
pn_K4,比例导引法 K=4,missile_pn_K4,missile,6.71453193670101,4794.63655824649,0,4635.94286242796,37.5662804554156,52.4337195445844,0,1000,625.267029679837,35.6084343700398,0.152734479719472,10.6628782097011,1.08731097874413
pn_K4,比例导引法 K=4,missile_pn_K4,missile,6.72453193670101,4800.73292346463,0,4643.86967332731,37.5602250336688,52.4397749663312,0,1000,611.630190416208,35.6099482444185,0.150038502465604,10.4746634911457,1.06811841874092
pn_K4,比例导引法 K=4,missile_pn_K4,missile,6.73453193670101,4806.82845834797,0,4651.79712275296,37.5542776823046,52.4457223176954,0,1000,597.993654843146,35.6114351017086,0.147331010517427,10.285644895278,1.04884388606486
pn_K4,比例导引法 K=4,missile_pn_K4,missile,6.74453193670101,4812.92317781532,0,4659.72519909768,37.5484388683189,52.4515611316811,0,1000,584.357417540563,35.6128948251934,0.144611687353567,10.0958003247375,1.02948512741227
pn_K4,比例导引法 K=4,missile_pn_K4,missile,6.75453193670101,4819.01709685456,0,4667.65389070852,37.5427090716983,52.4572909283017,0,1000,570.721473061123,35.6143272949113,0.141880200260576,9.9051065517439,1.01003977420872
pn_K4,比例导引法 K=4,missile_pn_K4,missile,6.76453193670101,4825.11023052443,0,4675.58318588533,37.5370887860402,52.4629112139598,0,1000,557.085815929604,35.6157323874873,0.139136199096032,9.71353913174446,0.990505333803538
pn_K4,比例导引法 K=4,missile_pn_K4,missile,6.77453193670101,4831.2025939564,0,4683.51307287921,37.5315785193504,52.4684214806495,0,1000,543.450440642233,35.6171099759523,0.136379314923344,9.52107230810635,0.970879179751123
pn_K4,比例导引法 K=4,missile_pn_K4,missile,6.78453193670101,4837.2942023567,0,4691.44353989089,37.5261787948226,52.4738212051774,0,1000,529.815341665983,35.6184599295476,0.13360915850291,9.32767890677905,0.951158541069484
pn_K4,比例导引法 K=4,missile_pn_K4,missile,6.79453193670101,4843.38507100841,0,4699.37457506901,37.5208901516138,52.4791098483862,0,1000,516.180513437822,35.6197821135137,0.130825318620741,9.13333021961032,0.93134049034179
pn_K4,比例导引法 K=4,missile_pn_K4,missile,6.80453193670101,4849.47521527369,0,4707.30616650832,37.5157131458449,52.4842868541551,0,1000,502.54595036393,35.6210763888615,0.128027360230528,8.93799587463825,0.911421930489846
pn_K4,比例导引法 K=4,missile_pn_K4,missile,6.81453193670101,4855.56465059614,0,4715.23830224774,37.5106483515996,52.4893516484004,0,1000,488.911646818852,35.6223426121237,0.125214822384496,8.74164369163743,0.891399580043892
pn_K4,比例导引法 K=4,missile_pn_K4,missile,6.82453193670101,4861.65339250332,0,4723.17097026836,37.5056963619119,52.4943036380881,0,1000,475.277597144615,35.6235806350843,0.122387215921109,8.5442395206903,0.871269956681466
pn_K4,比例导引法 K=4,missile_pn_K4,missile,6.83453193670101,4867.7414566094,0,4731.10415849132,37.5008577900687,52.4991422099313,0,1000,461.64379564978,35.6247903044843,0.11954402087424,8.34574706131328,0.851029358783405
pn_K4,比例导引法 K=4,missile_pn_K4,missile,6.84453193670101,4873.828858618,0,4739.03785477547,37.4961332707888,52.5038667292112,0,1000,448.010236608427,35.6259714616989,0.116684683560369,8.14612765910458,0.830673844697688
pn_K4,比例导引法 K=4,missile_pn_K4,missile,6.85453193670101,4879.91561432517,0,4746.97204691501,37.4915234616444,52.5084765383556,0,1000,434.376914259081,35.6271239423841,0.113808613292481,7.94534007633114,0.810199209345815
pn_K4,比例导引法 K=4,missile_pn_K4,missile,6.86453193670101,4886.00173962268,0,4754.90672263692,37.4870290448075,52.5129709551925,0,1000,420.74382280356,35.6282475760891,0.110915178661364,7.74334023231421,0.789600957749507
pn_K4,比例导引法 K=4,missile_pn_K4,missile,6.87453193670101,4892.08725050141,0,4762.84186959813,37.4826507285216,52.5173492714784,0,1000,407.110956405738,35.6293421858279,0.108003703308002,7.54008090828688,0.768874274934548
pn_K4,比例导引法 K=4,missile_pn_K4,missile,6.88453193670101,4898.17216305509,0,4770.7774753827,37.4783892490585,52.5216107509415,0,1000,393.478309190222,35.6304075876061,0.105073461101601,7.33551141075651,0.7480139916033
pn_K4,比例导引法 K=4,missile_pn_K4,missile,6.89453193670101,4904.25649348422,0,4778.71352749855,37.4742453730071,52.5257546269929,0,1000,379.845875240921,35.6314435898968,0.102123670614327,7.12957718576877,0.727014544800596
pn_K4,比例导引法 K=4,missile_pn_K4,missile,6.90453193670101,4910.34025810043,0,4786.65001337414,37.4702198993148,52.5297801006852,0,1000,366.213648599512,35.6324499930559,0.0991534887592799,6.92221937475449,0.705869932622709
pn_K4,比例导引法 K=4,missile_pn_K4,missile,6.91453193670101,4916.423473331,0,4794.58692035481,37.4663136620763,52.5336863379237,0,1000,352.581623263772,35.6334265886704,0.0961620034355201,6.71337430105569,0.684573661857586
pn_K4,比例导引法 K=4,missile_pn_K4,missile,6.92453193670101,4922.50615572395,0,4802.52423569881,37.462527533593,52.537472466407,0,1000,338.949793185779,35.6343731588255,0.0931482249691102,6.50297287239746,0.663118687053934
pn_K4,比例导引法 K=4,missile_pn_K4,missile,6.93453193670101,4928.58832195344,0,4810.46194657304,37.4588624274442,52.5411375725558,0,1000,325.318152269948,35.6352894752813,0.0901110761099696,6.29093988253669,0.641497339309213
pn_K4,比例导引法 K=4,missile_pn_K4,missile,6.94453193670101,4934.66998882568,0,4818.40004004838,37.455319302277,52.544680697723,0,1000,311.686694370894,35.6361752985392,0.0870493802592261,6.0771931893762,0.619701242460596
pn_K4,比例导引法 K=4,missile_pn_K4,missile,6.95453193670101,4940.7511732854,0,4826.33850309465,37.4518991661847,52.5481008338153,0,1000,298.055413291092,35.6370303767807,0.0839618475252777,5.8616427414942,0.597721213818603
pn_K4,比例导引法 K=4,missile_pn_K4,missile,6.96453193670101,4946.83189242299,0,4834.27732257504,37.4486030815076,52.5513969184924,0,1000,284.424302778309,35.6378544446541,0.0808470580945142,5.64418941720162,0.575547145783894
pn_K4,比例导引法 K=4,missile_pn_K4,missile,6.97453193670101,4952.91216348225,0,4842.21648523998,37.4454321704444,52.5545678295556,0,1000,270.793356522764,35.6386472218779,0.0777034422346159,5.42472362850907,0.553167863491516
pn_K4,比例导引法 K=4,missile_pn_K4,missile,6.98453193670101,4958.99200386911,0,4850.15597772041,37.4423876216122,52.5576123783878,0,1000,257.162568153998,35.6394084116253,0.0745292560563412,5.20312362898031,0.530570952259978
pn_K4,比例导引法 K=4,missile_pn_K4,missile,6.99453193670101,4965.07143116121,0,4858.09578652028,37.4394706974722,52.5605293025278,0,1000,243.531931237372,35.6401376986387,0.0713225518468132,4.97925344260501,0.507742546395049
pn_K4,比例导引法 K=4,missile_pn_K4,missile,7.00453193670101,4971.15046311865,0,4866.0358980082,37.4366827433849,52.5633172566151,0,1000,229.901439270166,35.6408347470148,0.068081141387881,4.75296030293722,0.484667068054557
pn_K4,比例导引法 K=4,missile_pn_K4,missile,7.01453193670101,4977.22911769611,0,4873.97629840806,37.434025198116,52.565974801884,0,1000,216.271085677183,35.6414991975792,0.0648025500871765,4.52407145083907,0.461326900709118
pn_K4,比例导引法 K=4,missile_pn_K4,missile,7.02453193670101,4983.30741305647,0,4881.9169737884,37.4314996065747,52.5685003934253,0,1000,202.640863805762,35.6421306647441,0.0614839588764337,4.29239007821825,0.437701975518474
pn_K4,比例导引法 K=4,missile_pn_K4,missile,7.03453193670101,4989.38536758649,0,4889.85791005036,37.4291076351219,52.5708923648781,0,1000,189.010766920102,35.6427287327061,0.0581221295703658,4.05769011709456,0.413769239964164
pn_K4,比例导引法 K=4,missile_pn_K4,missile,7.044531936701,4995.46299991467,0,4897.7990929138,37.4268510902715,52.5731489097285,0,1000,175.380788194722,35.6432929507905,0.0547133074148697,3.81970943618122,0.389501964093877
pn_K4,比例导引法 K=4,missile_pn_K4,missile,7.054531936701,5001.54032893208,0,4905.74050790124,37.4247319421834,52.5752680578166,0,1000,161.750920706868,35.6438228276701,0.0512530915207775,3.57814079545422,0.364868818144241
pn_K4,比例导引法 K=4,missile_pn_K4,missile,7.064531936701,5007.61737381677,0,4913.68214031904,37.4227523542321,52.5772476457679,0,1000,148.121157427605,35.6443178240708,0.0477362589035716,3.33261956180713,0.339832619886213
pn_K4,比例导引法 K=4,missile_pn_K4,missile,7.074531936701,5013.69415406278,0,4921.62397523505,37.4209147209876,52.5790852790124,0,1000,134.491491211219,35.6447773433978,0.0441565196493978,3.08270661641426,0.314348591661195
pn_K4,比例导引法 K=4,missile_pn_K4,missile,7.084531936701,5019.77068951506,0,4929.56599745171,37.4192217184354,52.5807782815646,0,1000,120.861914782438,35.6452007194259,0.0405061662738203,2.82786387535379,0.288361864179285
pn_K4,比例导引法 K=4,missile_pn_K4,missile,7.094531936701,5025.84700041241,0,4937.50819147305,37.4176763718635,52.5823236281365,0,1000,107.232420720744,35.6455871997102,0.0367755539917916,2.56741800560683,0.261803776580874
pn_K4,比例导引法 K=4,missile_pn_K4,missile,7.104531936701,5031.92310744123,0,4945.45054146341,37.4162821506278,52.5837178493722,0,1000,93.6030014406916,35.645935922521,0.0329522973920672,2.30050434235165,0.234586157592211
pn_K4,比例导引法 K=4,missile_pn_K4,missile,7.114531936701,5037.99903180471,0,4953.39303119431,37.415043106568,52.584956893432,0,1000,79.9736491665814,35.6462458835085,0.0290199619730768,2.02597554093496,0.206592010618811
pn_K4,比例导引法 K=4,missile_pn_K4,missile,7.124531936701,5044.07479531494,0,4961.33564397379,37.4139640868427,52.5860359131573,0,1000,66.3443558987164,35.6465158851198,0.0249557837728938,1.74224237701108,0.17765927987754
pn_K4,比例导引法 K=4,missile_pn_K4,missile,7.134531936701,5050.15042052113,0,4969.27836254817,37.4130510883198,52.5869489116802,0,1000,52.7151133664216,35.6467444548268,0.0207263093297887,1.44696935836653,0.147549811440862
pn_K4,比例导引法 K=4,missile_pn_K4,missile,7.144531936701,5056.22593089995,0,4977.2211689562,37.4123119311786,52.5876880688214,0,1000,39.0859129582825,35.6469297019163,0.0162777915359824,1.13640422902463,0.11588098168331
pn_K4,比例导引法 K=4,missile_pn_K4,missile,7.154531936701,5062.30135117049,0,4985.16404428794,37.4117582782824,52.5882417217176,0,1000,25.4567456066507,35.647069052193,0.0115076377168898,0.80338466914564,0.0819224372385718
pn_K4,比例导引法 K=4,missile_pn_K4,missile,7.164531936701,5068.37670804448,0,4993.10696811064,37.4035393613823,52.5964606386177,0,1000,11.8276015125091,35.6471596875381,0.0059031687541772,0.412118924244975,0.0420244348727624
pn_K4,比例导引法 K=4,missile_pn_K4,missile,7.174531936701,5074.44984798023,0,5001.05158439414,37.3955490969848,52.6044509030152,0,1000,1.80072931923207,-144.269251786569,167.528976876129,11695.7289559435,1192.63244389711
pn_K4,比例导引法 K=4,target_pn_K4,target,0,8660.25403784439,0,5000,270,0,0,500,0,NaN,NaN,0,0
pn_K4,比例导引法 K=4,target_pn_K4,target,2.32038129184932e-07,8660.25392182532,0,5000,270,0,0,500,0,NaN,NaN,0,0
pn_K4,比例导引法 K=4,target_pn_K4,target,1.39222877510959e-06,8660.25334173,0,5000,270,0,0,500,0,NaN,NaN,0,0
pn_K4,比例导引法 K=4,target_pn_K4,target,7.19318200473289e-06,8660.25044125338,0,5000,270,0,0,500,0,NaN,NaN,0,0
pn_K4,比例导引法 K=4,target_pn_K4,target,3.61979481528494e-05,8660.23593887031,0,5000,270,0,0,500,0,NaN,NaN,0,0
pn_K4,比例导引法 K=4,target_pn_K4,target,0.000181221778893432,8660.16342695494,0,5000,270,0,0,500,0,NaN,NaN,0,0
pn_K4,比例导引法 K=4,target_pn_K4,target,0.000906340932596344,8659.80086737809,0,5000,270,0,0,500,0,NaN,NaN,0,0
pn_K4,比例导引法 K=4,target_pn_K4,target,0.0045319367011109,8657.98806949383,0,5000,270,0,0,500,0,NaN,NaN,0,0
pn_K4,比例导引法 K=4,target_pn_K4,target,0.0145319367011109,8652.98806949383,0,5000,270,0,0,500,0,NaN,NaN,0,0
pn_K4,比例导引法 K=4,target_pn_K4,target,0.0245319367011109,8647.98806949383,0,5000,270,0,0,500,0,NaN,NaN,0,0
pn_K4,比例导引法 K=4,target_pn_K4,target,0.0345319367011109,8642.98806949383,0,5000,270,0,0,500,0,NaN,NaN,0,0
pn_K4,比例导引法 K=4,target_pn_K4,target,0.0445319367011109,8637.98806949383,0,5000,270,0,0,500,0,NaN,NaN,0,0
pn_K4,比例导引法 K=4,target_pn_K4,target,0.0545319367011109,8632.98806949383,0,5000,270,0,0,500,0,NaN,NaN,0,0
pn_K4,比例导引法 K=4,target_pn_K4,target,0.0645319367011109,8627.98806949383,0,5000,270,0,0,500,0,NaN,NaN,0,0
pn_K4,比例导引法 K=4,target_pn_K4,target,0.0745319367011109,8622.98806949383,0,5000,270,0,0,500,0,NaN,NaN,0,0
pn_K4,比例导引法 K=4,target_pn_K4,target,0.0845319367011109,8617.98806949383,0,5000,270,0,0,500,0,NaN,NaN,0,0
pn_K4,比例导引法 K=4,target_pn_K4,target,0.0945319367011109,8612.98806949383,0,5000,270,0,0,500,0,NaN,NaN,0,0
pn_K4,比例导引法 K=4,target_pn_K4,target,0.104531936701111,8607.98806949383,0,5000,270,0,0,500,0,NaN,NaN,0,0
pn_K4,比例导引法 K=4,target_pn_K4,target,0.114531936701111,8602.98806949383,0,5000,270,0,0,500,0,NaN,NaN,0,0
pn_K4,比例导引法 K=4,target_pn_K4,target,0.124531936701111,8597.98806949383,0,5000,270,0,0,500,0,NaN,NaN,0,0
pn_K4,比例导引法 K=4,target_pn_K4,target,0.134531936701111,8592.98806949383,0,5000,270,0,0,500,0,NaN,NaN,0,0
pn_K4,比例导引法 K=4,target_pn_K4,target,0.144531936701111,8587.98806949383,0,5000,270,0,0,500,0,NaN,NaN,0,0
pn_K4,比例导引法 K=4,target_pn_K4,target,0.154531936701111,8582.98806949383,0,5000,270,0,0,500,0,NaN,NaN,0,0
pn_K4,比例导引法 K=4,target_pn_K4,target,0.164531936701111,8577.98806949383,0,5000,270,0,0,500,0,NaN,NaN,0,0
pn_K4,比例导引法 K=4,target_pn_K4,target,0.174531936701111,8572.98806949383,0,5000,270,0,0,500,0,NaN,NaN,0,0
pn_K4,比例导引法 K=4,target_pn_K4,target,0.184531936701111,8567.98806949383,0,5000,270,0,0,500,0,NaN,NaN,0,0
pn_K4,比例导引法 K=4,target_pn_K4,target,0.194531936701111,8562.98806949383,0,5000,270,0,0,500,0,NaN,NaN,0,0
pn_K4,比例导引法 K=4,target_pn_K4,target,0.204531936701111,8557.98806949383,0,5000,270,0,0,500,0,NaN,NaN,0,0
pn_K4,比例导引法 K=4,target_pn_K4,target,0.214531936701111,8552.98806949383,0,5000,270,0,0,500,0,NaN,NaN,0,0
pn_K4,比例导引法 K=4,target_pn_K4,target,0.224531936701111,8547.98806949383,0,5000,270,0,0,500,0,NaN,NaN,0,0
pn_K4,比例导引法 K=4,target_pn_K4,target,0.234531936701111,8542.98806949383,0,5000,270,0,0,500,0,NaN,NaN,0,0
pn_K4,比例导引法 K=4,target_pn_K4,target,0.244531936701111,8537.98806949383,0,5000,270,0,0,500,0,NaN,NaN,0,0
pn_K4,比例导引法 K=4,target_pn_K4,target,0.254531936701111,8532.98806949383,0,5000,270,0,0,500,0,NaN,NaN,0,0
pn_K4,比例导引法 K=4,target_pn_K4,target,0.264531936701111,8527.98806949383,0,5000,270,0,0,500,0,NaN,NaN,0,0
pn_K4,比例导引法 K=4,target_pn_K4,target,0.274531936701111,8522.98806949383,0,5000,270,0,0,500,0,NaN,NaN,0,0
pn_K4,比例导引法 K=4,target_pn_K4,target,0.284531936701111,8517.98806949383,0,5000,270,0,0,500,0,NaN,NaN,0,0
pn_K4,比例导引法 K=4,target_pn_K4,target,0.294531936701111,8512.98806949383,0,5000,270,0,0,500,0,NaN,NaN,0,0
pn_K4,比例导引法 K=4,target_pn_K4,target,0.304531936701111,8507.98806949383,0,5000,270,0,0,500,0,NaN,NaN,0,0
pn_K4,比例导引法 K=4,target_pn_K4,target,0.314531936701111,8502.98806949383,0,5000,270,0,0,500,0,NaN,NaN,0,0
pn_K4,比例导引法 K=4,target_pn_K4,target,0.324531936701111,8497.98806949383,0,5000,270,0,0,500,0,NaN,NaN,0,0
pn_K4,比例导引法 K=4,target_pn_K4,target,0.334531936701111,8492.98806949383,0,5000,270,0,0,500,0,NaN,NaN,0,0
pn_K4,比例导引法 K=4,target_pn_K4,target,0.344531936701111,8487.98806949383,0,5000,270,0,0,500,0,NaN,NaN,0,0
pn_K4,比例导引法 K=4,target_pn_K4,target,0.354531936701111,8482.98806949383,0,5000,270,0,0,500,0,NaN,NaN,0,0
pn_K4,比例导引法 K=4,target_pn_K4,target,0.364531936701111,8477.98806949383,0,5000,270,0,0,500,0,NaN,NaN,0,0
pn_K4,比例导引法 K=4,target_pn_K4,target,0.374531936701111,8472.98806949383,0,5000,270,0,0,500,0,NaN,NaN,0,0
pn_K4,比例导引法 K=4,target_pn_K4,target,0.384531936701111,8467.98806949383,0,5000,270,0,0,500,0,NaN,NaN,0,0
pn_K4,比例导引法 K=4,target_pn_K4,target,0.394531936701111,8462.98806949383,0,5000,270,0,0,500,0,NaN,NaN,0,0
pn_K4,比例导引法 K=4,target_pn_K4,target,0.404531936701111,8457.98806949383,0,5000,270,0,0,500,0,NaN,NaN,0,0
pn_K4,比例导引法 K=4,target_pn_K4,target,0.414531936701111,8452.98806949383,0,5000,270,0,0,500,0,NaN,NaN,0,0
pn_K4,比例导引法 K=4,target_pn_K4,target,0.424531936701111,8447.98806949383,0,5000,270,0,0,500,0,NaN,NaN,0,0
pn_K4,比例导引法 K=4,target_pn_K4,target,0.434531936701111,8442.98806949383,0,5000,270,0,0,500,0,NaN,NaN,0,0
pn_K4,比例导引法 K=4,target_pn_K4,target,0.444531936701111,8437.98806949383,0,5000,270,0,0,500,0,NaN,NaN,0,0
pn_K4,比例导引法 K=4,target_pn_K4,target,0.454531936701111,8432.98806949383,0,5000,270,0,0,500,0,NaN,NaN,0,0
pn_K4,比例导引法 K=4,target_pn_K4,target,0.464531936701111,8427.98806949383,0,5000,270,0,0,500,0,NaN,NaN,0,0
pn_K4,比例导引法 K=4,target_pn_K4,target,0.474531936701111,8422.98806949383,0,5000,270,0,0,500,0,NaN,NaN,0,0
pn_K4,比例导引法 K=4,target_pn_K4,target,0.484531936701111,8417.98806949383,0,5000,270,0,0,500,0,NaN,NaN,0,0
pn_K4,比例导引法 K=4,target_pn_K4,target,0.494531936701111,8412.98806949383,0,5000,270,0,0,500,0,NaN,NaN,0,0
pn_K4,比例导引法 K=4,target_pn_K4,target,0.504531936701111,8407.98806949383,0,5000,270,0,0,500,0,NaN,NaN,0,0
pn_K4,比例导引法 K=4,target_pn_K4,target,0.514531936701111,8402.98806949383,0,5000,270,0,0,500,0,NaN,NaN,0,0
pn_K4,比例导引法 K=4,target_pn_K4,target,0.524531936701111,8397.98806949383,0,5000,270,0,0,500,0,NaN,NaN,0,0
pn_K4,比例导引法 K=4,target_pn_K4,target,0.534531936701111,8392.98806949383,0,5000,270,0,0,500,0,NaN,NaN,0,0
pn_K4,比例导引法 K=4,target_pn_K4,target,0.544531936701111,8387.98806949383,0,5000,270,0,0,500,0,NaN,NaN,0,0
pn_K4,比例导引法 K=4,target_pn_K4,target,0.554531936701111,8382.98806949383,0,5000,270,0,0,500,0,NaN,NaN,0,0
pn_K4,比例导引法 K=4,target_pn_K4,target,0.564531936701111,8377.98806949383,0,5000,270,0,0,500,0,NaN,NaN,0,0
pn_K4,比例导引法 K=4,target_pn_K4,target,0.574531936701111,8372.98806949383,0,5000,270,0,0,500,0,NaN,NaN,0,0
pn_K4,比例导引法 K=4,target_pn_K4,target,0.584531936701111,8367.98806949383,0,5000,270,0,0,500,0,NaN,NaN,0,0
pn_K4,比例导引法 K=4,target_pn_K4,target,0.594531936701111,8362.98806949383,0,5000,270,0,0,500,0,NaN,NaN,0,0
pn_K4,比例导引法 K=4,target_pn_K4,target,0.604531936701111,8357.98806949383,0,5000,270,0,0,500,0,NaN,NaN,0,0
pn_K4,比例导引法 K=4,target_pn_K4,target,0.614531936701111,8352.98806949383,0,5000,270,0,0,500,0,NaN,NaN,0,0
pn_K4,比例导引法 K=4,target_pn_K4,target,0.624531936701111,8347.98806949383,0,5000,270,0,0,500,0,NaN,NaN,0,0
pn_K4,比例导引法 K=4,target_pn_K4,target,0.634531936701111,8342.98806949383,0,5000,270,0,0,500,0,NaN,NaN,0,0
pn_K4,比例导引法 K=4,target_pn_K4,target,0.644531936701111,8337.98806949383,0,5000,270,0,0,500,0,NaN,NaN,0,0
pn_K4,比例导引法 K=4,target_pn_K4,target,0.654531936701111,8332.98806949383,0,5000,270,0,0,500,0,NaN,NaN,0,0
pn_K4,比例导引法 K=4,target_pn_K4,target,0.664531936701111,8327.98806949383,0,5000,270,0,0,500,0,NaN,NaN,0,0
pn_K4,比例导引法 K=4,target_pn_K4,target,0.674531936701111,8322.98806949383,0,5000,270,0,0,500,0,NaN,NaN,0,0
pn_K4,比例导引法 K=4,target_pn_K4,target,0.684531936701111,8317.98806949383,0,5000,270,0,0,500,0,NaN,NaN,0,0
pn_K4,比例导引法 K=4,target_pn_K4,target,0.694531936701111,8312.98806949383,0,5000,270,0,0,500,0,NaN,NaN,0,0
pn_K4,比例导引法 K=4,target_pn_K4,target,0.704531936701111,8307.98806949383,0,5000,270,0,0,500,0,NaN,NaN,0,0
pn_K4,比例导引法 K=4,target_pn_K4,target,0.714531936701111,8302.98806949383,0,5000,270,0,0,500,0,NaN,NaN,0,0
pn_K4,比例导引法 K=4,target_pn_K4,target,0.724531936701111,8297.98806949383,0,5000,270,0,0,500,0,NaN,NaN,0,0
pn_K4,比例导引法 K=4,target_pn_K4,target,0.734531936701111,8292.98806949383,0,5000,270,0,0,500,0,NaN,NaN,0,0
pn_K4,比例导引法 K=4,target_pn_K4,target,0.744531936701111,8287.98806949383,0,5000,270,0,0,500,0,NaN,NaN,0,0
pn_K4,比例导引法 K=4,target_pn_K4,target,0.754531936701111,8282.98806949383,0,5000,270,0,0,500,0,NaN,NaN,0,0
pn_K4,比例导引法 K=4,target_pn_K4,target,0.764531936701111,8277.98806949383,0,5000,270,0,0,500,0,NaN,NaN,0,0
pn_K4,比例导引法 K=4,target_pn_K4,target,0.774531936701111,8272.98806949383,0,5000,270,0,0,500,0,NaN,NaN,0,0
pn_K4,比例导引法 K=4,target_pn_K4,target,0.784531936701111,8267.98806949383,0,5000,270,0,0,500,0,NaN,NaN,0,0
pn_K4,比例导引法 K=4,target_pn_K4,target,0.794531936701111,8262.98806949383,0,5000,270,0,0,500,0,NaN,NaN,0,0
pn_K4,比例导引法 K=4,target_pn_K4,target,0.804531936701111,8257.98806949383,0,5000,270,0,0,500,0,NaN,NaN,0,0
pn_K4,比例导引法 K=4,target_pn_K4,target,0.814531936701111,8252.98806949383,0,5000,270,0,0,500,0,NaN,NaN,0,0
pn_K4,比例导引法 K=4,target_pn_K4,target,0.824531936701111,8247.98806949383,0,5000,270,0,0,500,0,NaN,NaN,0,0
pn_K4,比例导引法 K=4,target_pn_K4,target,0.834531936701111,8242.98806949383,0,5000,270,0,0,500,0,NaN,NaN,0,0
pn_K4,比例导引法 K=4,target_pn_K4,target,0.844531936701111,8237.98806949383,0,5000,270,0,0,500,0,NaN,NaN,0,0
pn_K4,比例导引法 K=4,target_pn_K4,target,0.854531936701111,8232.98806949383,0,5000,270,0,0,500,0,NaN,NaN,0,0
pn_K4,比例导引法 K=4,target_pn_K4,target,0.864531936701112,8227.98806949383,0,5000,270,0,0,500,0,NaN,NaN,0,0
pn_K4,比例导引法 K=4,target_pn_K4,target,0.874531936701112,8222.98806949383,0,5000,270,0,0,500,0,NaN,NaN,0,0
pn_K4,比例导引法 K=4,target_pn_K4,target,0.884531936701112,8217.98806949383,0,5000,270,0,0,500,0,NaN,NaN,0,0
pn_K4,比例导引法 K=4,target_pn_K4,target,0.894531936701112,8212.98806949383,0,5000,270,0,0,500,0,NaN,NaN,0,0
pn_K4,比例导引法 K=4,target_pn_K4,target,0.904531936701112,8207.98806949383,0,5000,270,0,0,500,0,NaN,NaN,0,0
pn_K4,比例导引法 K=4,target_pn_K4,target,0.914531936701112,8202.98806949383,0,5000,270,0,0,500,0,NaN,NaN,0,0
pn_K4,比例导引法 K=4,target_pn_K4,target,0.924531936701112,8197.98806949383,0,5000,270,0,0,500,0,NaN,NaN,0,0
pn_K4,比例导引法 K=4,target_pn_K4,target,0.934531936701112,8192.98806949383,0,5000,270,0,0,500,0,NaN,NaN,0,0
pn_K4,比例导引法 K=4,target_pn_K4,target,0.944531936701112,8187.98806949383,0,5000,270,0,0,500,0,NaN,NaN,0,0
pn_K4,比例导引法 K=4,target_pn_K4,target,0.954531936701112,8182.98806949383,0,5000,270,0,0,500,0,NaN,NaN,0,0
pn_K4,比例导引法 K=4,target_pn_K4,target,0.964531936701112,8177.98806949383,0,5000,270,0,0,500,0,NaN,NaN,0,0
pn_K4,比例导引法 K=4,target_pn_K4,target,0.974531936701112,8172.98806949383,0,5000,270,0,0,500,0,NaN,NaN,0,0
pn_K4,比例导引法 K=4,target_pn_K4,target,0.984531936701112,8167.98806949383,0,5000,270,0,0,500,0,NaN,NaN,0,0
pn_K4,比例导引法 K=4,target_pn_K4,target,0.994531936701112,8162.98806949383,0,5000,270,0,0,500,0,NaN,NaN,0,0
pn_K4,比例导引法 K=4,target_pn_K4,target,1.00453193670111,8157.98806949383,0,5000,270,0,0,500,0,NaN,NaN,0,0
pn_K4,比例导引法 K=4,target_pn_K4,target,1.01453193670111,8152.98806949383,0,5000,270,0,0,500,0,NaN,NaN,0,0
pn_K4,比例导引法 K=4,target_pn_K4,target,1.02453193670111,8147.98806949383,0,5000,270,0,0,500,0,NaN,NaN,0,0
pn_K4,比例导引法 K=4,target_pn_K4,target,1.03453193670111,8142.98806949383,0,5000,270,0,0,500,0,NaN,NaN,0,0
pn_K4,比例导引法 K=4,target_pn_K4,target,1.04453193670111,8137.98806949383,0,5000,270,0,0,500,0,NaN,NaN,0,0
pn_K4,比例导引法 K=4,target_pn_K4,target,1.05453193670111,8132.98806949383,0,5000,270,0,0,500,0,NaN,NaN,0,0
pn_K4,比例导引法 K=4,target_pn_K4,target,1.06453193670111,8127.98806949383,0,5000,270,0,0,500,0,NaN,NaN,0,0
pn_K4,比例导引法 K=4,target_pn_K4,target,1.07453193670111,8122.98806949383,0,5000,270,0,0,500,0,NaN,NaN,0,0
pn_K4,比例导引法 K=4,target_pn_K4,target,1.08453193670111,8117.98806949383,0,5000,270,0,0,500,0,NaN,NaN,0,0
pn_K4,比例导引法 K=4,target_pn_K4,target,1.09453193670111,8112.98806949383,0,5000,270,0,0,500,0,NaN,NaN,0,0
pn_K4,比例导引法 K=4,target_pn_K4,target,1.10453193670111,8107.98806949383,0,5000,270,0,0,500,0,NaN,NaN,0,0
pn_K4,比例导引法 K=4,target_pn_K4,target,1.11453193670111,8102.98806949383,0,5000,270,0,0,500,0,NaN,NaN,0,0
pn_K4,比例导引法 K=4,target_pn_K4,target,1.12453193670111,8097.98806949383,0,5000,270,0,0,500,0,NaN,NaN,0,0
pn_K4,比例导引法 K=4,target_pn_K4,target,1.13453193670111,8092.98806949383,0,5000,270,0,0,500,0,NaN,NaN,0,0
pn_K4,比例导引法 K=4,target_pn_K4,target,1.14453193670111,8087.98806949383,0,5000,270,0,0,500,0,NaN,NaN,0,0
pn_K4,比例导引法 K=4,target_pn_K4,target,1.15453193670111,8082.98806949383,0,5000,270,0,0,500,0,NaN,NaN,0,0
pn_K4,比例导引法 K=4,target_pn_K4,target,1.16453193670111,8077.98806949383,0,5000,270,0,0,500,0,NaN,NaN,0,0
pn_K4,比例导引法 K=4,target_pn_K4,target,1.17453193670111,8072.98806949383,0,5000,270,0,0,500,0,NaN,NaN,0,0
pn_K4,比例导引法 K=4,target_pn_K4,target,1.18453193670111,8067.98806949383,0,5000,270,0,0,500,0,NaN,NaN,0,0
pn_K4,比例导引法 K=4,target_pn_K4,target,1.19453193670111,8062.98806949383,0,5000,270,0,0,500,0,NaN,NaN,0,0
pn_K4,比例导引法 K=4,target_pn_K4,target,1.20453193670111,8057.98806949383,0,5000,270,0,0,500,0,NaN,NaN,0,0
pn_K4,比例导引法 K=4,target_pn_K4,target,1.21453193670111,8052.98806949383,0,5000,270,0,0,500,0,NaN,NaN,0,0
pn_K4,比例导引法 K=4,target_pn_K4,target,1.22453193670111,8047.98806949383,0,5000,270,0,0,500,0,NaN,NaN,0,0
pn_K4,比例导引法 K=4,target_pn_K4,target,1.23453193670111,8042.98806949383,0,5000,270,0,0,500,0,NaN,NaN,0,0
pn_K4,比例导引法 K=4,target_pn_K4,target,1.24453193670111,8037.98806949383,0,5000,270,0,0,500,0,NaN,NaN,0,0
pn_K4,比例导引法 K=4,target_pn_K4,target,1.25453193670111,8032.98806949383,0,5000,270,0,0,500,0,NaN,NaN,0,0
pn_K4,比例导引法 K=4,target_pn_K4,target,1.26453193670111,8027.98806949383,0,5000,270,0,0,500,0,NaN,NaN,0,0
pn_K4,比例导引法 K=4,target_pn_K4,target,1.27453193670111,8022.98806949383,0,5000,270,0,0,500,0,NaN,NaN,0,0
pn_K4,比例导引法 K=4,target_pn_K4,target,1.28453193670111,8017.98806949383,0,5000,270,0,0,500,0,NaN,NaN,0,0
pn_K4,比例导引法 K=4,target_pn_K4,target,1.29453193670111,8012.98806949383,0,5000,270,0,0,500,0,NaN,NaN,0,0
pn_K4,比例导引法 K=4,target_pn_K4,target,1.30453193670111,8007.98806949383,0,5000,270,0,0,500,0,NaN,NaN,0,0
pn_K4,比例导引法 K=4,target_pn_K4,target,1.31453193670111,8002.98806949383,0,5000,270,0,0,500,0,NaN,NaN,0,0
pn_K4,比例导引法 K=4,target_pn_K4,target,1.32453193670111,7997.98806949383,0,5000,270,0,0,500,0,NaN,NaN,0,0
pn_K4,比例导引法 K=4,target_pn_K4,target,1.33453193670111,7992.98806949383,0,5000,270,0,0,500,0,NaN,NaN,0,0
pn_K4,比例导引法 K=4,target_pn_K4,target,1.34453193670111,7987.98806949383,0,5000,270,0,0,500,0,NaN,NaN,0,0
pn_K4,比例导引法 K=4,target_pn_K4,target,1.35453193670111,7982.98806949383,0,5000,270,0,0,500,0,NaN,NaN,0,0
pn_K4,比例导引法 K=4,target_pn_K4,target,1.36453193670111,7977.98806949383,0,5000,270,0,0,500,0,NaN,NaN,0,0
pn_K4,比例导引法 K=4,target_pn_K4,target,1.37453193670111,7972.98806949383,0,5000,270,0,0,500,0,NaN,NaN,0,0
pn_K4,比例导引法 K=4,target_pn_K4,target,1.38453193670111,7967.98806949383,0,5000,270,0,0,500,0,NaN,NaN,0,0
pn_K4,比例导引法 K=4,target_pn_K4,target,1.39453193670111,7962.98806949383,0,5000,270,0,0,500,0,NaN,NaN,0,0
pn_K4,比例导引法 K=4,target_pn_K4,target,1.40453193670111,7957.98806949383,0,5000,270,0,0,500,0,NaN,NaN,0,0
pn_K4,比例导引法 K=4,target_pn_K4,target,1.41453193670111,7952.98806949383,0,5000,270,0,0,500,0,NaN,NaN,0,0
pn_K4,比例导引法 K=4,target_pn_K4,target,1.42453193670111,7947.98806949383,0,5000,270,0,0,500,0,NaN,NaN,0,0
pn_K4,比例导引法 K=4,target_pn_K4,target,1.43453193670111,7942.98806949383,0,5000,270,0,0,500,0,NaN,NaN,0,0
pn_K4,比例导引法 K=4,target_pn_K4,target,1.44453193670111,7937.98806949383,0,5000,270,0,0,500,0,NaN,NaN,0,0
pn_K4,比例导引法 K=4,target_pn_K4,target,1.45453193670111,7932.98806949383,0,5000,270,0,0,500,0,NaN,NaN,0,0
pn_K4,比例导引法 K=4,target_pn_K4,target,1.46453193670111,7927.98806949383,0,5000,270,0,0,500,0,NaN,NaN,0,0
pn_K4,比例导引法 K=4,target_pn_K4,target,1.47453193670111,7922.98806949383,0,5000,270,0,0,500,0,NaN,NaN,0,0
pn_K4,比例导引法 K=4,target_pn_K4,target,1.48453193670111,7917.98806949383,0,5000,270,0,0,500,0,NaN,NaN,0,0
pn_K4,比例导引法 K=4,target_pn_K4,target,1.49453193670111,7912.98806949383,0,5000,270,0,0,500,0,NaN,NaN,0,0
pn_K4,比例导引法 K=4,target_pn_K4,target,1.50453193670111,7907.98806949383,0,5000,270,0,0,500,0,NaN,NaN,0,0
pn_K4,比例导引法 K=4,target_pn_K4,target,1.51453193670111,7902.98806949383,0,5000,270,0,0,500,0,NaN,NaN,0,0
pn_K4,比例导引法 K=4,target_pn_K4,target,1.52453193670111,7897.98806949383,0,5000,270,0,0,500,0,NaN,NaN,0,0
pn_K4,比例导引法 K=4,target_pn_K4,target,1.53453193670111,7892.98806949383,0,5000,270,0,0,500,0,NaN,NaN,0,0
pn_K4,比例导引法 K=4,target_pn_K4,target,1.54453193670111,7887.98806949383,0,5000,270,0,0,500,0,NaN,NaN,0,0
pn_K4,比例导引法 K=4,target_pn_K4,target,1.55453193670111,7882.98806949383,0,5000,270,0,0,500,0,NaN,NaN,0,0
pn_K4,比例导引法 K=4,target_pn_K4,target,1.56453193670111,7877.98806949383,0,5000,270,0,0,500,0,NaN,NaN,0,0
pn_K4,比例导引法 K=4,target_pn_K4,target,1.57453193670111,7872.98806949383,0,5000,270,0,0,500,0,NaN,NaN,0,0
pn_K4,比例导引法 K=4,target_pn_K4,target,1.58453193670111,7867.98806949383,0,5000,270,0,0,500,0,NaN,NaN,0,0
pn_K4,比例导引法 K=4,target_pn_K4,target,1.59453193670111,7862.98806949383,0,5000,270,0,0,500,0,NaN,NaN,0,0
pn_K4,比例导引法 K=4,target_pn_K4,target,1.60453193670111,7857.98806949383,0,5000,270,0,0,500,0,NaN,NaN,0,0
pn_K4,比例导引法 K=4,target_pn_K4,target,1.61453193670111,7852.98806949383,0,5000,270,0,0,500,0,NaN,NaN,0,0
pn_K4,比例导引法 K=4,target_pn_K4,target,1.62453193670111,7847.98806949383,0,5000,270,0,0,500,0,NaN,NaN,0,0
pn_K4,比例导引法 K=4,target_pn_K4,target,1.63453193670111,7842.98806949383,0,5000,270,0,0,500,0,NaN,NaN,0,0
pn_K4,比例导引法 K=4,target_pn_K4,target,1.64453193670111,7837.98806949383,0,5000,270,0,0,500,0,NaN,NaN,0,0
pn_K4,比例导引法 K=4,target_pn_K4,target,1.65453193670111,7832.98806949383,0,5000,270,0,0,500,0,NaN,NaN,0,0
pn_K4,比例导引法 K=4,target_pn_K4,target,1.66453193670111,7827.98806949383,0,5000,270,0,0,500,0,NaN,NaN,0,0
pn_K4,比例导引法 K=4,target_pn_K4,target,1.67453193670111,7822.98806949383,0,5000,270,0,0,500,0,NaN,NaN,0,0
pn_K4,比例导引法 K=4,target_pn_K4,target,1.68453193670111,7817.98806949383,0,5000,270,0,0,500,0,NaN,NaN,0,0
pn_K4,比例导引法 K=4,target_pn_K4,target,1.69453193670111,7812.98806949383,0,5000,270,0,0,500,0,NaN,NaN,0,0
pn_K4,比例导引法 K=4,target_pn_K4,target,1.70453193670111,7807.98806949383,0,5000,270,0,0,500,0,NaN,NaN,0,0
pn_K4,比例导引法 K=4,target_pn_K4,target,1.71453193670111,7802.98806949383,0,5000,270,0,0,500,0,NaN,NaN,0,0
pn_K4,比例导引法 K=4,target_pn_K4,target,1.72453193670111,7797.98806949383,0,5000,270,0,0,500,0,NaN,NaN,0,0
pn_K4,比例导引法 K=4,target_pn_K4,target,1.73453193670111,7792.98806949383,0,5000,270,0,0,500,0,NaN,NaN,0,0
pn_K4,比例导引法 K=4,target_pn_K4,target,1.74453193670111,7787.98806949383,0,5000,270,0,0,500,0,NaN,NaN,0,0
pn_K4,比例导引法 K=4,target_pn_K4,target,1.75453193670111,7782.98806949383,0,5000,270,0,0,500,0,NaN,NaN,0,0
pn_K4,比例导引法 K=4,target_pn_K4,target,1.76453193670111,7777.98806949383,0,5000,270,0,0,500,0,NaN,NaN,0,0
pn_K4,比例导引法 K=4,target_pn_K4,target,1.77453193670111,7772.98806949383,0,5000,270,0,0,500,0,NaN,NaN,0,0
pn_K4,比例导引法 K=4,target_pn_K4,target,1.78453193670111,7767.98806949383,0,5000,270,0,0,500,0,NaN,NaN,0,0
pn_K4,比例导引法 K=4,target_pn_K4,target,1.79453193670111,7762.98806949383,0,5000,270,0,0,500,0,NaN,NaN,0,0
pn_K4,比例导引法 K=4,target_pn_K4,target,1.80453193670111,7757.98806949383,0,5000,270,0,0,500,0,NaN,NaN,0,0
pn_K4,比例导引法 K=4,target_pn_K4,target,1.81453193670111,7752.98806949383,0,5000,270,0,0,500,0,NaN,NaN,0,0
pn_K4,比例导引法 K=4,target_pn_K4,target,1.82453193670111,7747.98806949383,0,5000,270,0,0,500,0,NaN,NaN,0,0
pn_K4,比例导引法 K=4,target_pn_K4,target,1.83453193670111,7742.98806949383,0,5000,270,0,0,500,0,NaN,NaN,0,0
pn_K4,比例导引法 K=4,target_pn_K4,target,1.84453193670111,7737.98806949383,0,5000,270,0,0,500,0,NaN,NaN,0,0
pn_K4,比例导引法 K=4,target_pn_K4,target,1.85453193670111,7732.98806949383,0,5000,270,0,0,500,0,NaN,NaN,0,0
pn_K4,比例导引法 K=4,target_pn_K4,target,1.86453193670111,7727.98806949383,0,5000,270,0,0,500,0,NaN,NaN,0,0
pn_K4,比例导引法 K=4,target_pn_K4,target,1.87453193670111,7722.98806949383,0,5000,270,0,0,500,0,NaN,NaN,0,0
pn_K4,比例导引法 K=4,target_pn_K4,target,1.88453193670111,7717.98806949383,0,5000,270,0,0,500,0,NaN,NaN,0,0
pn_K4,比例导引法 K=4,target_pn_K4,target,1.89453193670111,7712.98806949383,0,5000,270,0,0,500,0,NaN,NaN,0,0
pn_K4,比例导引法 K=4,target_pn_K4,target,1.90453193670111,7707.98806949383,0,5000,270,0,0,500,0,NaN,NaN,0,0
pn_K4,比例导引法 K=4,target_pn_K4,target,1.91453193670111,7702.98806949383,0,5000,270,0,0,500,0,NaN,NaN,0,0
pn_K4,比例导引法 K=4,target_pn_K4,target,1.92453193670111,7697.98806949383,0,5000,270,0,0,500,0,NaN,NaN,0,0
pn_K4,比例导引法 K=4,target_pn_K4,target,1.93453193670111,7692.98806949383,0,5000,270,0,0,500,0,NaN,NaN,0,0
pn_K4,比例导引法 K=4,target_pn_K4,target,1.94453193670111,7687.98806949383,0,5000,270,0,0,500,0,NaN,NaN,0,0
pn_K4,比例导引法 K=4,target_pn_K4,target,1.95453193670111,7682.98806949383,0,5000,270,0,0,500,0,NaN,NaN,0,0
pn_K4,比例导引法 K=4,target_pn_K4,target,1.96453193670111,7677.98806949383,0,5000,270,0,0,500,0,NaN,NaN,0,0
pn_K4,比例导引法 K=4,target_pn_K4,target,1.97453193670111,7672.98806949383,0,5000,270,0,0,500,0,NaN,NaN,0,0
pn_K4,比例导引法 K=4,target_pn_K4,target,1.98453193670111,7667.98806949383,0,5000,270,0,0,500,0,NaN,NaN,0,0
pn_K4,比例导引法 K=4,target_pn_K4,target,1.99453193670111,7662.98806949383,0,5000,270,0,0,500,0,NaN,NaN,0,0
pn_K4,比例导引法 K=4,target_pn_K4,target,2.00453193670111,7657.98806949383,0,5000,270,0,0,500,0,NaN,NaN,0,0
pn_K4,比例导引法 K=4,target_pn_K4,target,2.01453193670111,7652.98806949383,0,5000,270,0,0,500,0,NaN,NaN,0,0
pn_K4,比例导引法 K=4,target_pn_K4,target,2.02453193670111,7647.98806949383,0,5000,270,0,0,500,0,NaN,NaN,0,0
pn_K4,比例导引法 K=4,target_pn_K4,target,2.03453193670111,7642.98806949383,0,5000,270,0,0,500,0,NaN,NaN,0,0
pn_K4,比例导引法 K=4,target_pn_K4,target,2.04453193670111,7637.98806949383,0,5000,270,0,0,500,0,NaN,NaN,0,0
pn_K4,比例导引法 K=4,target_pn_K4,target,2.05453193670111,7632.98806949383,0,5000,270,0,0,500,0,NaN,NaN,0,0
pn_K4,比例导引法 K=4,target_pn_K4,target,2.06453193670111,7627.98806949383,0,5000,270,0,0,500,0,NaN,NaN,0,0
pn_K4,比例导引法 K=4,target_pn_K4,target,2.07453193670111,7622.98806949383,0,5000,270,0,0,500,0,NaN,NaN,0,0
pn_K4,比例导引法 K=4,target_pn_K4,target,2.08453193670111,7617.98806949383,0,5000,270,0,0,500,0,NaN,NaN,0,0
pn_K4,比例导引法 K=4,target_pn_K4,target,2.09453193670111,7612.98806949383,0,5000,270,0,0,500,0,NaN,NaN,0,0
pn_K4,比例导引法 K=4,target_pn_K4,target,2.10453193670111,7607.98806949383,0,5000,270,0,0,500,0,NaN,NaN,0,0
pn_K4,比例导引法 K=4,target_pn_K4,target,2.11453193670111,7602.98806949383,0,5000,270,0,0,500,0,NaN,NaN,0,0
pn_K4,比例导引法 K=4,target_pn_K4,target,2.12453193670111,7597.98806949383,0,5000,270,0,0,500,0,NaN,NaN,0,0
pn_K4,比例导引法 K=4,target_pn_K4,target,2.13453193670111,7592.98806949383,0,5000,270,0,0,500,0,NaN,NaN,0,0
pn_K4,比例导引法 K=4,target_pn_K4,target,2.14453193670111,7587.98806949383,0,5000,270,0,0,500,0,NaN,NaN,0,0
pn_K4,比例导引法 K=4,target_pn_K4,target,2.15453193670111,7582.98806949383,0,5000,270,0,0,500,0,NaN,NaN,0,0
pn_K4,比例导引法 K=4,target_pn_K4,target,2.16453193670111,7577.98806949383,0,5000,270,0,0,500,0,NaN,NaN,0,0
pn_K4,比例导引法 K=4,target_pn_K4,target,2.17453193670111,7572.98806949383,0,5000,270,0,0,500,0,NaN,NaN,0,0
pn_K4,比例导引法 K=4,target_pn_K4,target,2.18453193670111,7567.98806949383,0,5000,270,0,0,500,0,NaN,NaN,0,0
pn_K4,比例导引法 K=4,target_pn_K4,target,2.19453193670111,7562.98806949383,0,5000,270,0,0,500,0,NaN,NaN,0,0
pn_K4,比例导引法 K=4,target_pn_K4,target,2.20453193670111,7557.98806949383,0,5000,270,0,0,500,0,NaN,NaN,0,0
pn_K4,比例导引法 K=4,target_pn_K4,target,2.21453193670111,7552.98806949383,0,5000,270,0,0,500,0,NaN,NaN,0,0
pn_K4,比例导引法 K=4,target_pn_K4,target,2.22453193670111,7547.98806949383,0,5000,270,0,0,500,0,NaN,NaN,0,0
pn_K4,比例导引法 K=4,target_pn_K4,target,2.23453193670111,7542.98806949383,0,5000,270,0,0,500,0,NaN,NaN,0,0
pn_K4,比例导引法 K=4,target_pn_K4,target,2.24453193670111,7537.98806949383,0,5000,270,0,0,500,0,NaN,NaN,0,0
pn_K4,比例导引法 K=4,target_pn_K4,target,2.25453193670111,7532.98806949383,0,5000,270,0,0,500,0,NaN,NaN,0,0
pn_K4,比例导引法 K=4,target_pn_K4,target,2.26453193670111,7527.98806949383,0,5000,270,0,0,500,0,NaN,NaN,0,0
pn_K4,比例导引法 K=4,target_pn_K4,target,2.27453193670111,7522.98806949383,0,5000,270,0,0,500,0,NaN,NaN,0,0
pn_K4,比例导引法 K=4,target_pn_K4,target,2.28453193670111,7517.98806949383,0,5000,270,0,0,500,0,NaN,NaN,0,0
pn_K4,比例导引法 K=4,target_pn_K4,target,2.29453193670111,7512.98806949383,0,5000,270,0,0,500,0,NaN,NaN,0,0
pn_K4,比例导引法 K=4,target_pn_K4,target,2.30453193670111,7507.98806949383,0,5000,270,0,0,500,0,NaN,NaN,0,0
pn_K4,比例导引法 K=4,target_pn_K4,target,2.31453193670111,7502.98806949383,0,5000,270,0,0,500,0,NaN,NaN,0,0
pn_K4,比例导引法 K=4,target_pn_K4,target,2.32453193670111,7497.98806949383,0,5000,270,0,0,500,0,NaN,NaN,0,0
pn_K4,比例导引法 K=4,target_pn_K4,target,2.33453193670111,7492.98806949383,0,5000,270,0,0,500,0,NaN,NaN,0,0
pn_K4,比例导引法 K=4,target_pn_K4,target,2.34453193670111,7487.98806949383,0,5000,270,0,0,500,0,NaN,NaN,0,0
pn_K4,比例导引法 K=4,target_pn_K4,target,2.3545319367011,7482.98806949383,0,5000,270,0,0,500,0,NaN,NaN,0,0
pn_K4,比例导引法 K=4,target_pn_K4,target,2.3645319367011,7477.98806949383,0,5000,270,0,0,500,0,NaN,NaN,0,0
pn_K4,比例导引法 K=4,target_pn_K4,target,2.3745319367011,7472.98806949383,0,5000,270,0,0,500,0,NaN,NaN,0,0
pn_K4,比例导引法 K=4,target_pn_K4,target,2.3845319367011,7467.98806949383,0,5000,270,0,0,500,0,NaN,NaN,0,0
pn_K4,比例导引法 K=4,target_pn_K4,target,2.3945319367011,7462.98806949383,0,5000,270,0,0,500,0,NaN,NaN,0,0
pn_K4,比例导引法 K=4,target_pn_K4,target,2.4045319367011,7457.98806949383,0,5000,270,0,0,500,0,NaN,NaN,0,0
pn_K4,比例导引法 K=4,target_pn_K4,target,2.4145319367011,7452.98806949383,0,5000,270,0,0,500,0,NaN,NaN,0,0
pn_K4,比例导引法 K=4,target_pn_K4,target,2.4245319367011,7447.98806949383,0,5000,270,0,0,500,0,NaN,NaN,0,0
pn_K4,比例导引法 K=4,target_pn_K4,target,2.4345319367011,7442.98806949383,0,5000,270,0,0,500,0,NaN,NaN,0,0
pn_K4,比例导引法 K=4,target_pn_K4,target,2.4445319367011,7437.98806949383,0,5000,270,0,0,500,0,NaN,NaN,0,0
pn_K4,比例导引法 K=4,target_pn_K4,target,2.4545319367011,7432.98806949383,0,5000,270,0,0,500,0,NaN,NaN,0,0
pn_K4,比例导引法 K=4,target_pn_K4,target,2.4645319367011,7427.98806949383,0,5000,270,0,0,500,0,NaN,NaN,0,0
pn_K4,比例导引法 K=4,target_pn_K4,target,2.4745319367011,7422.98806949383,0,5000,270,0,0,500,0,NaN,NaN,0,0
pn_K4,比例导引法 K=4,target_pn_K4,target,2.4845319367011,7417.98806949384,0,5000,270,0,0,500,0,NaN,NaN,0,0
pn_K4,比例导引法 K=4,target_pn_K4,target,2.4945319367011,7412.98806949384,0,5000,270,0,0,500,0,NaN,NaN,0,0
pn_K4,比例导引法 K=4,target_pn_K4,target,2.5045319367011,7407.98806949384,0,5000,270,0,0,500,0,NaN,NaN,0,0
pn_K4,比例导引法 K=4,target_pn_K4,target,2.5145319367011,7402.98806949384,0,5000,270,0,0,500,0,NaN,NaN,0,0
pn_K4,比例导引法 K=4,target_pn_K4,target,2.5245319367011,7397.98806949384,0,5000,270,0,0,500,0,NaN,NaN,0,0
pn_K4,比例导引法 K=4,target_pn_K4,target,2.5345319367011,7392.98806949384,0,5000,270,0,0,500,0,NaN,NaN,0,0
pn_K4,比例导引法 K=4,target_pn_K4,target,2.5445319367011,7387.98806949384,0,5000,270,0,0,500,0,NaN,NaN,0,0
pn_K4,比例导引法 K=4,target_pn_K4,target,2.5545319367011,7382.98806949384,0,5000,270,0,0,500,0,NaN,NaN,0,0
pn_K4,比例导引法 K=4,target_pn_K4,target,2.5645319367011,7377.98806949384,0,5000,270,0,0,500,0,NaN,NaN,0,0
pn_K4,比例导引法 K=4,target_pn_K4,target,2.5745319367011,7372.98806949384,0,5000,270,0,0,500,0,NaN,NaN,0,0
pn_K4,比例导引法 K=4,target_pn_K4,target,2.5845319367011,7367.98806949384,0,5000,270,0,0,500,0,NaN,NaN,0,0
pn_K4,比例导引法 K=4,target_pn_K4,target,2.5945319367011,7362.98806949384,0,5000,270,0,0,500,0,NaN,NaN,0,0
pn_K4,比例导引法 K=4,target_pn_K4,target,2.6045319367011,7357.98806949384,0,5000,270,0,0,500,0,NaN,NaN,0,0
pn_K4,比例导引法 K=4,target_pn_K4,target,2.6145319367011,7352.98806949384,0,5000,270,0,0,500,0,NaN,NaN,0,0
pn_K4,比例导引法 K=4,target_pn_K4,target,2.6245319367011,7347.98806949384,0,5000,270,0,0,500,0,NaN,NaN,0,0
pn_K4,比例导引法 K=4,target_pn_K4,target,2.6345319367011,7342.98806949384,0,5000,270,0,0,500,0,NaN,NaN,0,0
pn_K4,比例导引法 K=4,target_pn_K4,target,2.6445319367011,7337.98806949384,0,5000,270,0,0,500,0,NaN,NaN,0,0
pn_K4,比例导引法 K=4,target_pn_K4,target,2.6545319367011,7332.98806949384,0,5000,270,0,0,500,0,NaN,NaN,0,0
pn_K4,比例导引法 K=4,target_pn_K4,target,2.6645319367011,7327.98806949384,0,5000,270,0,0,500,0,NaN,NaN,0,0
pn_K4,比例导引法 K=4,target_pn_K4,target,2.6745319367011,7322.98806949384,0,5000,270,0,0,500,0,NaN,NaN,0,0
pn_K4,比例导引法 K=4,target_pn_K4,target,2.6845319367011,7317.98806949384,0,5000,270,0,0,500,0,NaN,NaN,0,0
pn_K4,比例导引法 K=4,target_pn_K4,target,2.6945319367011,7312.98806949384,0,5000,270,0,0,500,0,NaN,NaN,0,0
pn_K4,比例导引法 K=4,target_pn_K4,target,2.7045319367011,7307.98806949384,0,5000,270,0,0,500,0,NaN,NaN,0,0
pn_K4,比例导引法 K=4,target_pn_K4,target,2.7145319367011,7302.98806949384,0,5000,270,0,0,500,0,NaN,NaN,0,0
pn_K4,比例导引法 K=4,target_pn_K4,target,2.7245319367011,7297.98806949384,0,5000,270,0,0,500,0,NaN,NaN,0,0
pn_K4,比例导引法 K=4,target_pn_K4,target,2.7345319367011,7292.98806949384,0,5000,270,0,0,500,0,NaN,NaN,0,0
pn_K4,比例导引法 K=4,target_pn_K4,target,2.7445319367011,7287.98806949384,0,5000,270,0,0,500,0,NaN,NaN,0,0
pn_K4,比例导引法 K=4,target_pn_K4,target,2.7545319367011,7282.98806949384,0,5000,270,0,0,500,0,NaN,NaN,0,0
pn_K4,比例导引法 K=4,target_pn_K4,target,2.7645319367011,7277.98806949384,0,5000,270,0,0,500,0,NaN,NaN,0,0
pn_K4,比例导引法 K=4,target_pn_K4,target,2.7745319367011,7272.98806949384,0,5000,270,0,0,500,0,NaN,NaN,0,0
pn_K4,比例导引法 K=4,target_pn_K4,target,2.7845319367011,7267.98806949384,0,5000,270,0,0,500,0,NaN,NaN,0,0
pn_K4,比例导引法 K=4,target_pn_K4,target,2.7945319367011,7262.98806949384,0,5000,270,0,0,500,0,NaN,NaN,0,0
pn_K4,比例导引法 K=4,target_pn_K4,target,2.8045319367011,7257.98806949384,0,5000,270,0,0,500,0,NaN,NaN,0,0
pn_K4,比例导引法 K=4,target_pn_K4,target,2.8145319367011,7252.98806949384,0,5000,270,0,0,500,0,NaN,NaN,0,0
pn_K4,比例导引法 K=4,target_pn_K4,target,2.82453193670109,7247.98806949384,0,5000,270,0,0,500,0,NaN,NaN,0,0
pn_K4,比例导引法 K=4,target_pn_K4,target,2.83453193670109,7242.98806949384,0,5000,270,0,0,500,0,NaN,NaN,0,0
pn_K4,比例导引法 K=4,target_pn_K4,target,2.84453193670109,7237.98806949384,0,5000,270,0,0,500,0,NaN,NaN,0,0
pn_K4,比例导引法 K=4,target_pn_K4,target,2.85453193670109,7232.98806949384,0,5000,270,0,0,500,0,NaN,NaN,0,0
pn_K4,比例导引法 K=4,target_pn_K4,target,2.86453193670109,7227.98806949384,0,5000,270,0,0,500,0,NaN,NaN,0,0
pn_K4,比例导引法 K=4,target_pn_K4,target,2.87453193670109,7222.98806949384,0,5000,270,0,0,500,0,NaN,NaN,0,0
pn_K4,比例导引法 K=4,target_pn_K4,target,2.88453193670109,7217.98806949384,0,5000,270,0,0,500,0,NaN,NaN,0,0
pn_K4,比例导引法 K=4,target_pn_K4,target,2.89453193670109,7212.98806949384,0,5000,270,0,0,500,0,NaN,NaN,0,0
pn_K4,比例导引法 K=4,target_pn_K4,target,2.90453193670109,7207.98806949384,0,5000,270,0,0,500,0,NaN,NaN,0,0
pn_K4,比例导引法 K=4,target_pn_K4,target,2.91453193670109,7202.98806949384,0,5000,270,0,0,500,0,NaN,NaN,0,0
pn_K4,比例导引法 K=4,target_pn_K4,target,2.92453193670109,7197.98806949384,0,5000,270,0,0,500,0,NaN,NaN,0,0
pn_K4,比例导引法 K=4,target_pn_K4,target,2.93453193670109,7192.98806949384,0,5000,270,0,0,500,0,NaN,NaN,0,0
pn_K4,比例导引法 K=4,target_pn_K4,target,2.94453193670109,7187.98806949384,0,5000,270,0,0,500,0,NaN,NaN,0,0
pn_K4,比例导引法 K=4,target_pn_K4,target,2.95453193670109,7182.98806949384,0,5000,270,0,0,500,0,NaN,NaN,0,0
pn_K4,比例导引法 K=4,target_pn_K4,target,2.96453193670109,7177.98806949384,0,5000,270,0,0,500,0,NaN,NaN,0,0
pn_K4,比例导引法 K=4,target_pn_K4,target,2.97453193670109,7172.98806949384,0,5000,270,0,0,500,0,NaN,NaN,0,0
pn_K4,比例导引法 K=4,target_pn_K4,target,2.98453193670109,7167.98806949384,0,5000,270,0,0,500,0,NaN,NaN,0,0
pn_K4,比例导引法 K=4,target_pn_K4,target,2.99453193670109,7162.98806949384,0,5000,270,0,0,500,0,NaN,NaN,0,0
pn_K4,比例导引法 K=4,target_pn_K4,target,3.00453193670109,7157.98806949384,0,5000,270,0,0,500,0,NaN,NaN,0,0
pn_K4,比例导引法 K=4,target_pn_K4,target,3.01453193670109,7152.98806949384,0,5000,270,0,0,500,0,NaN,NaN,0,0
pn_K4,比例导引法 K=4,target_pn_K4,target,3.02453193670109,7147.98806949384,0,5000,270,0,0,500,0,NaN,NaN,0,0
pn_K4,比例导引法 K=4,target_pn_K4,target,3.03453193670109,7142.98806949384,0,5000,270,0,0,500,0,NaN,NaN,0,0
pn_K4,比例导引法 K=4,target_pn_K4,target,3.04453193670109,7137.98806949384,0,5000,270,0,0,500,0,NaN,NaN,0,0
pn_K4,比例导引法 K=4,target_pn_K4,target,3.05453193670109,7132.98806949384,0,5000,270,0,0,500,0,NaN,NaN,0,0
pn_K4,比例导引法 K=4,target_pn_K4,target,3.06453193670109,7127.98806949384,0,5000,270,0,0,500,0,NaN,NaN,0,0
pn_K4,比例导引法 K=4,target_pn_K4,target,3.07453193670109,7122.98806949384,0,5000,270,0,0,500,0,NaN,NaN,0,0
pn_K4,比例导引法 K=4,target_pn_K4,target,3.08453193670109,7117.98806949384,0,5000,270,0,0,500,0,NaN,NaN,0,0
pn_K4,比例导引法 K=4,target_pn_K4,target,3.09453193670109,7112.98806949384,0,5000,270,0,0,500,0,NaN,NaN,0,0
pn_K4,比例导引法 K=4,target_pn_K4,target,3.10453193670109,7107.98806949384,0,5000,270,0,0,500,0,NaN,NaN,0,0
pn_K4,比例导引法 K=4,target_pn_K4,target,3.11453193670109,7102.98806949384,0,5000,270,0,0,500,0,NaN,NaN,0,0
pn_K4,比例导引法 K=4,target_pn_K4,target,3.12453193670109,7097.98806949384,0,5000,270,0,0,500,0,NaN,NaN,0,0
pn_K4,比例导引法 K=4,target_pn_K4,target,3.13453193670109,7092.98806949384,0,5000,270,0,0,500,0,NaN,NaN,0,0
pn_K4,比例导引法 K=4,target_pn_K4,target,3.14453193670109,7087.98806949384,0,5000,270,0,0,500,0,NaN,NaN,0,0
pn_K4,比例导引法 K=4,target_pn_K4,target,3.15453193670109,7082.98806949384,0,5000,270,0,0,500,0,NaN,NaN,0,0
pn_K4,比例导引法 K=4,target_pn_K4,target,3.16453193670109,7077.98806949384,0,5000,270,0,0,500,0,NaN,NaN,0,0
pn_K4,比例导引法 K=4,target_pn_K4,target,3.17453193670109,7072.98806949384,0,5000,270,0,0,500,0,NaN,NaN,0,0
pn_K4,比例导引法 K=4,target_pn_K4,target,3.18453193670109,7067.98806949384,0,5000,270,0,0,500,0,NaN,NaN,0,0
pn_K4,比例导引法 K=4,target_pn_K4,target,3.19453193670109,7062.98806949384,0,5000,270,0,0,500,0,NaN,NaN,0,0
pn_K4,比例导引法 K=4,target_pn_K4,target,3.20453193670109,7057.98806949384,0,5000,270,0,0,500,0,NaN,NaN,0,0
pn_K4,比例导引法 K=4,target_pn_K4,target,3.21453193670109,7052.98806949384,0,5000,270,0,0,500,0,NaN,NaN,0,0
pn_K4,比例导引法 K=4,target_pn_K4,target,3.22453193670109,7047.98806949384,0,5000,270,0,0,500,0,NaN,NaN,0,0
pn_K4,比例导引法 K=4,target_pn_K4,target,3.23453193670109,7042.98806949384,0,5000,270,0,0,500,0,NaN,NaN,0,0
pn_K4,比例导引法 K=4,target_pn_K4,target,3.24453193670109,7037.98806949384,0,5000,270,0,0,500,0,NaN,NaN,0,0
pn_K4,比例导引法 K=4,target_pn_K4,target,3.25453193670109,7032.98806949384,0,5000,270,0,0,500,0,NaN,NaN,0,0
pn_K4,比例导引法 K=4,target_pn_K4,target,3.26453193670109,7027.98806949384,0,5000,270,0,0,500,0,NaN,NaN,0,0
pn_K4,比例导引法 K=4,target_pn_K4,target,3.27453193670109,7022.98806949384,0,5000,270,0,0,500,0,NaN,NaN,0,0
pn_K4,比例导引法 K=4,target_pn_K4,target,3.28453193670109,7017.98806949384,0,5000,270,0,0,500,0,NaN,NaN,0,0
pn_K4,比例导引法 K=4,target_pn_K4,target,3.29453193670108,7012.98806949384,0,5000,270,0,0,500,0,NaN,NaN,0,0
pn_K4,比例导引法 K=4,target_pn_K4,target,3.30453193670108,7007.98806949384,0,5000,270,0,0,500,0,NaN,NaN,0,0
pn_K4,比例导引法 K=4,target_pn_K4,target,3.31453193670108,7002.98806949384,0,5000,270,0,0,500,0,NaN,NaN,0,0
pn_K4,比例导引法 K=4,target_pn_K4,target,3.32453193670108,6997.98806949384,0,5000,270,0,0,500,0,NaN,NaN,0,0
pn_K4,比例导引法 K=4,target_pn_K4,target,3.33453193670108,6992.98806949384,0,5000,270,0,0,500,0,NaN,NaN,0,0
pn_K4,比例导引法 K=4,target_pn_K4,target,3.34453193670108,6987.98806949384,0,5000,270,0,0,500,0,NaN,NaN,0,0
pn_K4,比例导引法 K=4,target_pn_K4,target,3.35453193670108,6982.98806949384,0,5000,270,0,0,500,0,NaN,NaN,0,0
pn_K4,比例导引法 K=4,target_pn_K4,target,3.36453193670108,6977.98806949384,0,5000,270,0,0,500,0,NaN,NaN,0,0
pn_K4,比例导引法 K=4,target_pn_K4,target,3.37453193670108,6972.98806949384,0,5000,270,0,0,500,0,NaN,NaN,0,0
pn_K4,比例导引法 K=4,target_pn_K4,target,3.38453193670108,6967.98806949384,0,5000,270,0,0,500,0,NaN,NaN,0,0
pn_K4,比例导引法 K=4,target_pn_K4,target,3.39453193670108,6962.98806949385,0,5000,270,0,0,500,0,NaN,NaN,0,0
pn_K4,比例导引法 K=4,target_pn_K4,target,3.40453193670108,6957.98806949385,0,5000,270,0,0,500,0,NaN,NaN,0,0
pn_K4,比例导引法 K=4,target_pn_K4,target,3.41453193670108,6952.98806949385,0,5000,270,0,0,500,0,NaN,NaN,0,0
pn_K4,比例导引法 K=4,target_pn_K4,target,3.42453193670108,6947.98806949385,0,5000,270,0,0,500,0,NaN,NaN,0,0
pn_K4,比例导引法 K=4,target_pn_K4,target,3.43453193670108,6942.98806949385,0,5000,270,0,0,500,0,NaN,NaN,0,0
pn_K4,比例导引法 K=4,target_pn_K4,target,3.44453193670108,6937.98806949385,0,5000,270,0,0,500,0,NaN,NaN,0,0
pn_K4,比例导引法 K=4,target_pn_K4,target,3.45453193670108,6932.98806949385,0,5000,270,0,0,500,0,NaN,NaN,0,0
pn_K4,比例导引法 K=4,target_pn_K4,target,3.46453193670108,6927.98806949385,0,5000,270,0,0,500,0,NaN,NaN,0,0
pn_K4,比例导引法 K=4,target_pn_K4,target,3.47453193670108,6922.98806949385,0,5000,270,0,0,500,0,NaN,NaN,0,0
pn_K4,比例导引法 K=4,target_pn_K4,target,3.48453193670108,6917.98806949385,0,5000,270,0,0,500,0,NaN,NaN,0,0
pn_K4,比例导引法 K=4,target_pn_K4,target,3.49453193670108,6912.98806949385,0,5000,270,0,0,500,0,NaN,NaN,0,0
pn_K4,比例导引法 K=4,target_pn_K4,target,3.50453193670108,6907.98806949385,0,5000,270,0,0,500,0,NaN,NaN,0,0
pn_K4,比例导引法 K=4,target_pn_K4,target,3.51453193670108,6902.98806949385,0,5000,270,0,0,500,0,NaN,NaN,0,0
pn_K4,比例导引法 K=4,target_pn_K4,target,3.52453193670108,6897.98806949385,0,5000,270,0,0,500,0,NaN,NaN,0,0
pn_K4,比例导引法 K=4,target_pn_K4,target,3.53453193670108,6892.98806949385,0,5000,270,0,0,500,0,NaN,NaN,0,0
pn_K4,比例导引法 K=4,target_pn_K4,target,3.54453193670108,6887.98806949385,0,5000,270,0,0,500,0,NaN,NaN,0,0
pn_K4,比例导引法 K=4,target_pn_K4,target,3.55453193670108,6882.98806949385,0,5000,270,0,0,500,0,NaN,NaN,0,0
pn_K4,比例导引法 K=4,target_pn_K4,target,3.56453193670108,6877.98806949385,0,5000,270,0,0,500,0,NaN,NaN,0,0
pn_K4,比例导引法 K=4,target_pn_K4,target,3.57453193670108,6872.98806949385,0,5000,270,0,0,500,0,NaN,NaN,0,0
pn_K4,比例导引法 K=4,target_pn_K4,target,3.58453193670108,6867.98806949385,0,5000,270,0,0,500,0,NaN,NaN,0,0
pn_K4,比例导引法 K=4,target_pn_K4,target,3.59453193670108,6862.98806949385,0,5000,270,0,0,500,0,NaN,NaN,0,0
pn_K4,比例导引法 K=4,target_pn_K4,target,3.60453193670108,6857.98806949385,0,5000,270,0,0,500,0,NaN,NaN,0,0
pn_K4,比例导引法 K=4,target_pn_K4,target,3.61453193670108,6852.98806949385,0,5000,270,0,0,500,0,NaN,NaN,0,0
pn_K4,比例导引法 K=4,target_pn_K4,target,3.62453193670108,6847.98806949385,0,5000,270,0,0,500,0,NaN,NaN,0,0
pn_K4,比例导引法 K=4,target_pn_K4,target,3.63453193670108,6842.98806949385,0,5000,270,0,0,500,0,NaN,NaN,0,0
pn_K4,比例导引法 K=4,target_pn_K4,target,3.64453193670108,6837.98806949385,0,5000,270,0,0,500,0,NaN,NaN,0,0
pn_K4,比例导引法 K=4,target_pn_K4,target,3.65453193670108,6832.98806949385,0,5000,270,0,0,500,0,NaN,NaN,0,0
pn_K4,比例导引法 K=4,target_pn_K4,target,3.66453193670108,6827.98806949385,0,5000,270,0,0,500,0,NaN,NaN,0,0
pn_K4,比例导引法 K=4,target_pn_K4,target,3.67453193670108,6822.98806949385,0,5000,270,0,0,500,0,NaN,NaN,0,0
pn_K4,比例导引法 K=4,target_pn_K4,target,3.68453193670108,6817.98806949385,0,5000,270,0,0,500,0,NaN,NaN,0,0
pn_K4,比例导引法 K=4,target_pn_K4,target,3.69453193670108,6812.98806949385,0,5000,270,0,0,500,0,NaN,NaN,0,0
pn_K4,比例导引法 K=4,target_pn_K4,target,3.70453193670108,6807.98806949385,0,5000,270,0,0,500,0,NaN,NaN,0,0
pn_K4,比例导引法 K=4,target_pn_K4,target,3.71453193670108,6802.98806949385,0,5000,270,0,0,500,0,NaN,NaN,0,0
pn_K4,比例导引法 K=4,target_pn_K4,target,3.72453193670108,6797.98806949385,0,5000,270,0,0,500,0,NaN,NaN,0,0
pn_K4,比例导引法 K=4,target_pn_K4,target,3.73453193670108,6792.98806949385,0,5000,270,0,0,500,0,NaN,NaN,0,0
pn_K4,比例导引法 K=4,target_pn_K4,target,3.74453193670108,6787.98806949385,0,5000,270,0,0,500,0,NaN,NaN,0,0
pn_K4,比例导引法 K=4,target_pn_K4,target,3.75453193670107,6782.98806949385,0,5000,270,0,0,500,0,NaN,NaN,0,0
pn_K4,比例导引法 K=4,target_pn_K4,target,3.76453193670107,6777.98806949385,0,5000,270,0,0,500,0,NaN,NaN,0,0
pn_K4,比例导引法 K=4,target_pn_K4,target,3.77453193670107,6772.98806949385,0,5000,270,0,0,500,0,NaN,NaN,0,0
pn_K4,比例导引法 K=4,target_pn_K4,target,3.78453193670107,6767.98806949385,0,5000,270,0,0,500,0,NaN,NaN,0,0
pn_K4,比例导引法 K=4,target_pn_K4,target,3.79453193670107,6762.98806949385,0,5000,270,0,0,500,0,NaN,NaN,0,0
pn_K4,比例导引法 K=4,target_pn_K4,target,3.80453193670107,6757.98806949385,0,5000,270,0,0,500,0,NaN,NaN,0,0
pn_K4,比例导引法 K=4,target_pn_K4,target,3.81453193670107,6752.98806949385,0,5000,270,0,0,500,0,NaN,NaN,0,0
pn_K4,比例导引法 K=4,target_pn_K4,target,3.82453193670107,6747.98806949385,0,5000,270,0,0,500,0,NaN,NaN,0,0
pn_K4,比例导引法 K=4,target_pn_K4,target,3.83453193670107,6742.98806949385,0,5000,270,0,0,500,0,NaN,NaN,0,0
pn_K4,比例导引法 K=4,target_pn_K4,target,3.84453193670107,6737.98806949385,0,5000,270,0,0,500,0,NaN,NaN,0,0
pn_K4,比例导引法 K=4,target_pn_K4,target,3.85453193670107,6732.98806949385,0,5000,270,0,0,500,0,NaN,NaN,0,0
pn_K4,比例导引法 K=4,target_pn_K4,target,3.86453193670107,6727.98806949385,0,5000,270,0,0,500,0,NaN,NaN,0,0
pn_K4,比例导引法 K=4,target_pn_K4,target,3.87453193670107,6722.98806949385,0,5000,270,0,0,500,0,NaN,NaN,0,0
pn_K4,比例导引法 K=4,target_pn_K4,target,3.88453193670107,6717.98806949385,0,5000,270,0,0,500,0,NaN,NaN,0,0
pn_K4,比例导引法 K=4,target_pn_K4,target,3.89453193670107,6712.98806949385,0,5000,270,0,0,500,0,NaN,NaN,0,0
pn_K4,比例导引法 K=4,target_pn_K4,target,3.90453193670107,6707.98806949385,0,5000,270,0,0,500,0,NaN,NaN,0,0
pn_K4,比例导引法 K=4,target_pn_K4,target,3.91453193670107,6702.98806949385,0,5000,270,0,0,500,0,NaN,NaN,0,0
pn_K4,比例导引法 K=4,target_pn_K4,target,3.92453193670107,6697.98806949385,0,5000,270,0,0,500,0,NaN,NaN,0,0
pn_K4,比例导引法 K=4,target_pn_K4,target,3.93453193670107,6692.98806949385,0,5000,270,0,0,500,0,NaN,NaN,0,0
pn_K4,比例导引法 K=4,target_pn_K4,target,3.94453193670107,6687.98806949385,0,5000,270,0,0,500,0,NaN,NaN,0,0
pn_K4,比例导引法 K=4,target_pn_K4,target,3.95453193670107,6682.98806949385,0,5000,270,0,0,500,0,NaN,NaN,0,0
pn_K4,比例导引法 K=4,target_pn_K4,target,3.96453193670107,6677.98806949385,0,5000,270,0,0,500,0,NaN,NaN,0,0
pn_K4,比例导引法 K=4,target_pn_K4,target,3.97453193670107,6672.98806949385,0,5000,270,0,0,500,0,NaN,NaN,0,0
pn_K4,比例导引法 K=4,target_pn_K4,target,3.98453193670107,6667.98806949385,0,5000,270,0,0,500,0,NaN,NaN,0,0
pn_K4,比例导引法 K=4,target_pn_K4,target,3.99453193670107,6662.98806949385,0,5000,270,0,0,500,0,NaN,NaN,0,0
pn_K4,比例导引法 K=4,target_pn_K4,target,4.00453193670107,6657.98806949385,0,5000,270,0,0,500,0,NaN,NaN,0,0
pn_K4,比例导引法 K=4,target_pn_K4,target,4.01453193670107,6652.98806949385,0,5000,270,0,0,500,0,NaN,NaN,0,0
pn_K4,比例导引法 K=4,target_pn_K4,target,4.02453193670107,6647.98806949385,0,5000,270,0,0,500,0,NaN,NaN,0,0
pn_K4,比例导引法 K=4,target_pn_K4,target,4.03453193670107,6642.98806949385,0,5000,270,0,0,500,0,NaN,NaN,0,0
pn_K4,比例导引法 K=4,target_pn_K4,target,4.04453193670107,6637.98806949385,0,5000,270,0,0,500,0,NaN,NaN,0,0
pn_K4,比例导引法 K=4,target_pn_K4,target,4.05453193670107,6632.98806949385,0,5000,270,0,0,500,0,NaN,NaN,0,0
pn_K4,比例导引法 K=4,target_pn_K4,target,4.06453193670107,6627.98806949385,0,5000,270,0,0,500,0,NaN,NaN,0,0
pn_K4,比例导引法 K=4,target_pn_K4,target,4.07453193670107,6622.98806949385,0,5000,270,0,0,500,0,NaN,NaN,0,0
pn_K4,比例导引法 K=4,target_pn_K4,target,4.08453193670107,6617.98806949385,0,5000,270,0,0,500,0,NaN,NaN,0,0
pn_K4,比例导引法 K=4,target_pn_K4,target,4.09453193670107,6612.98806949385,0,5000,270,0,0,500,0,NaN,NaN,0,0
pn_K4,比例导引法 K=4,target_pn_K4,target,4.10453193670107,6607.98806949385,0,5000,270,0,0,500,0,NaN,NaN,0,0
pn_K4,比例导引法 K=4,target_pn_K4,target,4.11453193670107,6602.98806949385,0,5000,270,0,0,500,0,NaN,NaN,0,0
pn_K4,比例导引法 K=4,target_pn_K4,target,4.12453193670107,6597.98806949385,0,5000,270,0,0,500,0,NaN,NaN,0,0
pn_K4,比例导引法 K=4,target_pn_K4,target,4.13453193670107,6592.98806949385,0,5000,270,0,0,500,0,NaN,NaN,0,0
pn_K4,比例导引法 K=4,target_pn_K4,target,4.14453193670107,6587.98806949385,0,5000,270,0,0,500,0,NaN,NaN,0,0
pn_K4,比例导引法 K=4,target_pn_K4,target,4.15453193670107,6582.98806949385,0,5000,270,0,0,500,0,NaN,NaN,0,0
pn_K4,比例导引法 K=4,target_pn_K4,target,4.16453193670107,6577.98806949385,0,5000,270,0,0,500,0,NaN,NaN,0,0
pn_K4,比例导引法 K=4,target_pn_K4,target,4.17453193670107,6572.98806949385,0,5000,270,0,0,500,0,NaN,NaN,0,0
pn_K4,比例导引法 K=4,target_pn_K4,target,4.18453193670107,6567.98806949385,0,5000,270,0,0,500,0,NaN,NaN,0,0
pn_K4,比例导引法 K=4,target_pn_K4,target,4.19453193670107,6562.98806949385,0,5000,270,0,0,500,0,NaN,NaN,0,0
pn_K4,比例导引法 K=4,target_pn_K4,target,4.20453193670107,6557.98806949385,0,5000,270,0,0,500,0,NaN,NaN,0,0
pn_K4,比例导引法 K=4,target_pn_K4,target,4.21453193670107,6552.98806949385,0,5000,270,0,0,500,0,NaN,NaN,0,0
pn_K4,比例导引法 K=4,target_pn_K4,target,4.22453193670106,6547.98806949385,0,5000,270,0,0,500,0,NaN,NaN,0,0
pn_K4,比例导引法 K=4,target_pn_K4,target,4.23453193670106,6542.98806949385,0,5000,270,0,0,500,0,NaN,NaN,0,0
pn_K4,比例导引法 K=4,target_pn_K4,target,4.24453193670106,6537.98806949385,0,5000,270,0,0,500,0,NaN,NaN,0,0
pn_K4,比例导引法 K=4,target_pn_K4,target,4.25453193670106,6532.98806949385,0,5000,270,0,0,500,0,NaN,NaN,0,0
pn_K4,比例导引法 K=4,target_pn_K4,target,4.26453193670106,6527.98806949385,0,5000,270,0,0,500,0,NaN,NaN,0,0
pn_K4,比例导引法 K=4,target_pn_K4,target,4.27453193670106,6522.98806949385,0,5000,270,0,0,500,0,NaN,NaN,0,0
pn_K4,比例导引法 K=4,target_pn_K4,target,4.28453193670106,6517.98806949385,0,5000,270,0,0,500,0,NaN,NaN,0,0
pn_K4,比例导引法 K=4,target_pn_K4,target,4.29453193670106,6512.98806949385,0,5000,270,0,0,500,0,NaN,NaN,0,0
pn_K4,比例导引法 K=4,target_pn_K4,target,4.30453193670106,6507.98806949385,0,5000,270,0,0,500,0,NaN,NaN,0,0
pn_K4,比例导引法 K=4,target_pn_K4,target,4.31453193670106,6502.98806949385,0,5000,270,0,0,500,0,NaN,NaN,0,0
pn_K4,比例导引法 K=4,target_pn_K4,target,4.32453193670106,6497.98806949385,0,5000,270,0,0,500,0,NaN,NaN,0,0
pn_K4,比例导引法 K=4,target_pn_K4,target,4.33453193670106,6492.98806949385,0,5000,270,0,0,500,0,NaN,NaN,0,0
pn_K4,比例导引法 K=4,target_pn_K4,target,4.34453193670106,6487.98806949385,0,5000,270,0,0,500,0,NaN,NaN,0,0
pn_K4,比例导引法 K=4,target_pn_K4,target,4.35453193670106,6482.98806949385,0,5000,270,0,0,500,0,NaN,NaN,0,0
pn_K4,比例导引法 K=4,target_pn_K4,target,4.36453193670106,6477.98806949386,0,5000,270,0,0,500,0,NaN,NaN,0,0
pn_K4,比例导引法 K=4,target_pn_K4,target,4.37453193670106,6472.98806949386,0,5000,270,0,0,500,0,NaN,NaN,0,0
pn_K4,比例导引法 K=4,target_pn_K4,target,4.38453193670106,6467.98806949386,0,5000,270,0,0,500,0,NaN,NaN,0,0
pn_K4,比例导引法 K=4,target_pn_K4,target,4.39453193670106,6462.98806949386,0,5000,270,0,0,500,0,NaN,NaN,0,0
pn_K4,比例导引法 K=4,target_pn_K4,target,4.40453193670106,6457.98806949386,0,5000,270,0,0,500,0,NaN,NaN,0,0
pn_K4,比例导引法 K=4,target_pn_K4,target,4.41453193670106,6452.98806949386,0,5000,270,0,0,500,0,NaN,NaN,0,0
pn_K4,比例导引法 K=4,target_pn_K4,target,4.42453193670106,6447.98806949386,0,5000,270,0,0,500,0,NaN,NaN,0,0
pn_K4,比例导引法 K=4,target_pn_K4,target,4.43453193670106,6442.98806949386,0,5000,270,0,0,500,0,NaN,NaN,0,0
pn_K4,比例导引法 K=4,target_pn_K4,target,4.44453193670106,6437.98806949386,0,5000,270,0,0,500,0,NaN,NaN,0,0
pn_K4,比例导引法 K=4,target_pn_K4,target,4.45453193670106,6432.98806949386,0,5000,270,0,0,500,0,NaN,NaN,0,0
pn_K4,比例导引法 K=4,target_pn_K4,target,4.46453193670106,6427.98806949386,0,5000,270,0,0,500,0,NaN,NaN,0,0
pn_K4,比例导引法 K=4,target_pn_K4,target,4.47453193670106,6422.98806949386,0,5000,270,0,0,500,0,NaN,NaN,0,0
pn_K4,比例导引法 K=4,target_pn_K4,target,4.48453193670106,6417.98806949386,0,5000,270,0,0,500,0,NaN,NaN,0,0
pn_K4,比例导引法 K=4,target_pn_K4,target,4.49453193670106,6412.98806949386,0,5000,270,0,0,500,0,NaN,NaN,0,0
pn_K4,比例导引法 K=4,target_pn_K4,target,4.50453193670106,6407.98806949386,0,5000,270,0,0,500,0,NaN,NaN,0,0
pn_K4,比例导引法 K=4,target_pn_K4,target,4.51453193670106,6402.98806949386,0,5000,270,0,0,500,0,NaN,NaN,0,0
pn_K4,比例导引法 K=4,target_pn_K4,target,4.52453193670106,6397.98806949386,0,5000,270,0,0,500,0,NaN,NaN,0,0
pn_K4,比例导引法 K=4,target_pn_K4,target,4.53453193670106,6392.98806949386,0,5000,270,0,0,500,0,NaN,NaN,0,0
pn_K4,比例导引法 K=4,target_pn_K4,target,4.54453193670106,6387.98806949386,0,5000,270,0,0,500,0,NaN,NaN,0,0
pn_K4,比例导引法 K=4,target_pn_K4,target,4.55453193670106,6382.98806949386,0,5000,270,0,0,500,0,NaN,NaN,0,0
pn_K4,比例导引法 K=4,target_pn_K4,target,4.56453193670106,6377.98806949386,0,5000,270,0,0,500,0,NaN,NaN,0,0
pn_K4,比例导引法 K=4,target_pn_K4,target,4.57453193670106,6372.98806949386,0,5000,270,0,0,500,0,NaN,NaN,0,0
pn_K4,比例导引法 K=4,target_pn_K4,target,4.58453193670106,6367.98806949386,0,5000,270,0,0,500,0,NaN,NaN,0,0
pn_K4,比例导引法 K=4,target_pn_K4,target,4.59453193670106,6362.98806949386,0,5000,270,0,0,500,0,NaN,NaN,0,0
pn_K4,比例导引法 K=4,target_pn_K4,target,4.60453193670106,6357.98806949386,0,5000,270,0,0,500,0,NaN,NaN,0,0
pn_K4,比例导引法 K=4,target_pn_K4,target,4.61453193670106,6352.98806949386,0,5000,270,0,0,500,0,NaN,NaN,0,0
pn_K4,比例导引法 K=4,target_pn_K4,target,4.62453193670106,6347.98806949386,0,5000,270,0,0,500,0,NaN,NaN,0,0
pn_K4,比例导引法 K=4,target_pn_K4,target,4.63453193670106,6342.98806949386,0,5000,270,0,0,500,0,NaN,NaN,0,0
pn_K4,比例导引法 K=4,target_pn_K4,target,4.64453193670106,6337.98806949386,0,5000,270,0,0,500,0,NaN,NaN,0,0
pn_K4,比例导引法 K=4,target_pn_K4,target,4.65453193670106,6332.98806949386,0,5000,270,0,0,500,0,NaN,NaN,0,0
pn_K4,比例导引法 K=4,target_pn_K4,target,4.66453193670106,6327.98806949386,0,5000,270,0,0,500,0,NaN,NaN,0,0
pn_K4,比例导引法 K=4,target_pn_K4,target,4.67453193670106,6322.98806949386,0,5000,270,0,0,500,0,NaN,NaN,0,0
pn_K4,比例导引法 K=4,target_pn_K4,target,4.68453193670106,6317.98806949386,0,5000,270,0,0,500,0,NaN,NaN,0,0
pn_K4,比例导引法 K=4,target_pn_K4,target,4.69453193670105,6312.98806949386,0,5000,270,0,0,500,0,NaN,NaN,0,0
pn_K4,比例导引法 K=4,target_pn_K4,target,4.70453193670105,6307.98806949386,0,5000,270,0,0,500,0,NaN,NaN,0,0
pn_K4,比例导引法 K=4,target_pn_K4,target,4.71453193670105,6302.98806949386,0,5000,270,0,0,500,0,NaN,NaN,0,0
pn_K4,比例导引法 K=4,target_pn_K4,target,4.72453193670105,6297.98806949386,0,5000,270,0,0,500,0,NaN,NaN,0,0
pn_K4,比例导引法 K=4,target_pn_K4,target,4.73453193670105,6292.98806949386,0,5000,270,0,0,500,0,NaN,NaN,0,0
pn_K4,比例导引法 K=4,target_pn_K4,target,4.74453193670105,6287.98806949386,0,5000,270,0,0,500,0,NaN,NaN,0,0
pn_K4,比例导引法 K=4,target_pn_K4,target,4.75453193670105,6282.98806949386,0,5000,270,0,0,500,0,NaN,NaN,0,0
pn_K4,比例导引法 K=4,target_pn_K4,target,4.76453193670105,6277.98806949386,0,5000,270,0,0,500,0,NaN,NaN,0,0
pn_K4,比例导引法 K=4,target_pn_K4,target,4.77453193670105,6272.98806949386,0,5000,270,0,0,500,0,NaN,NaN,0,0
pn_K4,比例导引法 K=4,target_pn_K4,target,4.78453193670105,6267.98806949386,0,5000,270,0,0,500,0,NaN,NaN,0,0
pn_K4,比例导引法 K=4,target_pn_K4,target,4.79453193670105,6262.98806949386,0,5000,270,0,0,500,0,NaN,NaN,0,0
pn_K4,比例导引法 K=4,target_pn_K4,target,4.80453193670105,6257.98806949386,0,5000,270,0,0,500,0,NaN,NaN,0,0
pn_K4,比例导引法 K=4,target_pn_K4,target,4.81453193670105,6252.98806949386,0,5000,270,0,0,500,0,NaN,NaN,0,0
pn_K4,比例导引法 K=4,target_pn_K4,target,4.82453193670105,6247.98806949386,0,5000,270,0,0,500,0,NaN,NaN,0,0
pn_K4,比例导引法 K=4,target_pn_K4,target,4.83453193670105,6242.98806949386,0,5000,270,0,0,500,0,NaN,NaN,0,0
pn_K4,比例导引法 K=4,target_pn_K4,target,4.84453193670105,6237.98806949386,0,5000,270,0,0,500,0,NaN,NaN,0,0
pn_K4,比例导引法 K=4,target_pn_K4,target,4.85453193670105,6232.98806949386,0,5000,270,0,0,500,0,NaN,NaN,0,0
pn_K4,比例导引法 K=4,target_pn_K4,target,4.86453193670105,6227.98806949386,0,5000,270,0,0,500,0,NaN,NaN,0,0
pn_K4,比例导引法 K=4,target_pn_K4,target,4.87453193670105,6222.98806949386,0,5000,270,0,0,500,0,NaN,NaN,0,0
pn_K4,比例导引法 K=4,target_pn_K4,target,4.88453193670105,6217.98806949386,0,5000,270,0,0,500,0,NaN,NaN,0,0
pn_K4,比例导引法 K=4,target_pn_K4,target,4.89453193670105,6212.98806949386,0,5000,270,0,0,500,0,NaN,NaN,0,0
pn_K4,比例导引法 K=4,target_pn_K4,target,4.90453193670105,6207.98806949386,0,5000,270,0,0,500,0,NaN,NaN,0,0
pn_K4,比例导引法 K=4,target_pn_K4,target,4.91453193670105,6202.98806949386,0,5000,270,0,0,500,0,NaN,NaN,0,0
pn_K4,比例导引法 K=4,target_pn_K4,target,4.92453193670105,6197.98806949386,0,5000,270,0,0,500,0,NaN,NaN,0,0
pn_K4,比例导引法 K=4,target_pn_K4,target,4.93453193670105,6192.98806949386,0,5000,270,0,0,500,0,NaN,NaN,0,0
pn_K4,比例导引法 K=4,target_pn_K4,target,4.94453193670105,6187.98806949386,0,5000,270,0,0,500,0,NaN,NaN,0,0
pn_K4,比例导引法 K=4,target_pn_K4,target,4.95453193670105,6182.98806949386,0,5000,270,0,0,500,0,NaN,NaN,0,0
pn_K4,比例导引法 K=4,target_pn_K4,target,4.96453193670105,6177.98806949386,0,5000,270,0,0,500,0,NaN,NaN,0,0
pn_K4,比例导引法 K=4,target_pn_K4,target,4.97453193670105,6172.98806949386,0,5000,270,0,0,500,0,NaN,NaN,0,0
pn_K4,比例导引法 K=4,target_pn_K4,target,4.98453193670105,6167.98806949386,0,5000,270,0,0,500,0,NaN,NaN,0,0
pn_K4,比例导引法 K=4,target_pn_K4,target,4.99453193670105,6162.98806949386,0,5000,270,0,0,500,0,NaN,NaN,0,0
pn_K4,比例导引法 K=4,target_pn_K4,target,5.00453193670105,6157.98806949386,0,5000,270,0,0,500,0,NaN,NaN,0,0
pn_K4,比例导引法 K=4,target_pn_K4,target,5.01453193670105,6152.98806949386,0,5000,270,0,0,500,0,NaN,NaN,0,0
pn_K4,比例导引法 K=4,target_pn_K4,target,5.02453193670105,6147.98806949386,0,5000,270,0,0,500,0,NaN,NaN,0,0
pn_K4,比例导引法 K=4,target_pn_K4,target,5.03453193670105,6142.98806949386,0,5000,270,0,0,500,0,NaN,NaN,0,0
pn_K4,比例导引法 K=4,target_pn_K4,target,5.04453193670105,6137.98806949386,0,5000,270,0,0,500,0,NaN,NaN,0,0
pn_K4,比例导引法 K=4,target_pn_K4,target,5.05453193670105,6132.98806949386,0,5000,270,0,0,500,0,NaN,NaN,0,0
pn_K4,比例导引法 K=4,target_pn_K4,target,5.06453193670105,6127.98806949386,0,5000,270,0,0,500,0,NaN,NaN,0,0
pn_K4,比例导引法 K=4,target_pn_K4,target,5.07453193670105,6122.98806949386,0,5000,270,0,0,500,0,NaN,NaN,0,0
pn_K4,比例导引法 K=4,target_pn_K4,target,5.08453193670105,6117.98806949386,0,5000,270,0,0,500,0,NaN,NaN,0,0
pn_K4,比例导引法 K=4,target_pn_K4,target,5.09453193670105,6112.98806949386,0,5000,270,0,0,500,0,NaN,NaN,0,0
pn_K4,比例导引法 K=4,target_pn_K4,target,5.10453193670105,6107.98806949386,0,5000,270,0,0,500,0,NaN,NaN,0,0
pn_K4,比例导引法 K=4,target_pn_K4,target,5.11453193670105,6102.98806949386,0,5000,270,0,0,500,0,NaN,NaN,0,0
pn_K4,比例导引法 K=4,target_pn_K4,target,5.12453193670105,6097.98806949386,0,5000,270,0,0,500,0,NaN,NaN,0,0
pn_K4,比例导引法 K=4,target_pn_K4,target,5.13453193670105,6092.98806949386,0,5000,270,0,0,500,0,NaN,NaN,0,0
pn_K4,比例导引法 K=4,target_pn_K4,target,5.14453193670105,6087.98806949386,0,5000,270,0,0,500,0,NaN,NaN,0,0
pn_K4,比例导引法 K=4,target_pn_K4,target,5.15453193670105,6082.98806949386,0,5000,270,0,0,500,0,NaN,NaN,0,0
pn_K4,比例导引法 K=4,target_pn_K4,target,5.16453193670104,6077.98806949386,0,5000,270,0,0,500,0,NaN,NaN,0,0
pn_K4,比例导引法 K=4,target_pn_K4,target,5.17453193670104,6072.98806949386,0,5000,270,0,0,500,0,NaN,NaN,0,0
pn_K4,比例导引法 K=4,target_pn_K4,target,5.18453193670104,6067.98806949386,0,5000,270,0,0,500,0,NaN,NaN,0,0
pn_K4,比例导引法 K=4,target_pn_K4,target,5.19453193670104,6062.98806949386,0,5000,270,0,0,500,0,NaN,NaN,0,0
pn_K4,比例导引法 K=4,target_pn_K4,target,5.20453193670104,6057.98806949386,0,5000,270,0,0,500,0,NaN,NaN,0,0
pn_K4,比例导引法 K=4,target_pn_K4,target,5.21453193670104,6052.98806949386,0,5000,270,0,0,500,0,NaN,NaN,0,0
pn_K4,比例导引法 K=4,target_pn_K4,target,5.22453193670104,6047.98806949386,0,5000,270,0,0,500,0,NaN,NaN,0,0
pn_K4,比例导引法 K=4,target_pn_K4,target,5.23453193670104,6042.98806949386,0,5000,270,0,0,500,0,NaN,NaN,0,0
pn_K4,比例导引法 K=4,target_pn_K4,target,5.24453193670104,6037.98806949386,0,5000,270,0,0,500,0,NaN,NaN,0,0
pn_K4,比例导引法 K=4,target_pn_K4,target,5.25453193670104,6032.98806949386,0,5000,270,0,0,500,0,NaN,NaN,0,0
pn_K4,比例导引法 K=4,target_pn_K4,target,5.26453193670104,6027.98806949387,0,5000,270,0,0,500,0,NaN,NaN,0,0
pn_K4,比例导引法 K=4,target_pn_K4,target,5.27453193670104,6022.98806949387,0,5000,270,0,0,500,0,NaN,NaN,0,0
pn_K4,比例导引法 K=4,target_pn_K4,target,5.28453193670104,6017.98806949387,0,5000,270,0,0,500,0,NaN,NaN,0,0
pn_K4,比例导引法 K=4,target_pn_K4,target,5.29453193670104,6012.98806949387,0,5000,270,0,0,500,0,NaN,NaN,0,0
pn_K4,比例导引法 K=4,target_pn_K4,target,5.30453193670104,6007.98806949387,0,5000,270,0,0,500,0,NaN,NaN,0,0
pn_K4,比例导引法 K=4,target_pn_K4,target,5.31453193670104,6002.98806949387,0,5000,270,0,0,500,0,NaN,NaN,0,0
pn_K4,比例导引法 K=4,target_pn_K4,target,5.32453193670104,5997.98806949387,0,5000,270,0,0,500,0,NaN,NaN,0,0
pn_K4,比例导引法 K=4,target_pn_K4,target,5.33453193670104,5992.98806949387,0,5000,270,0,0,500,0,NaN,NaN,0,0
pn_K4,比例导引法 K=4,target_pn_K4,target,5.34453193670104,5987.98806949387,0,5000,270,0,0,500,0,NaN,NaN,0,0
pn_K4,比例导引法 K=4,target_pn_K4,target,5.35453193670104,5982.98806949387,0,5000,270,0,0,500,0,NaN,NaN,0,0
pn_K4,比例导引法 K=4,target_pn_K4,target,5.36453193670104,5977.98806949387,0,5000,270,0,0,500,0,NaN,NaN,0,0
pn_K4,比例导引法 K=4,target_pn_K4,target,5.37453193670104,5972.98806949387,0,5000,270,0,0,500,0,NaN,NaN,0,0
pn_K4,比例导引法 K=4,target_pn_K4,target,5.38453193670104,5967.98806949387,0,5000,270,0,0,500,0,NaN,NaN,0,0
pn_K4,比例导引法 K=4,target_pn_K4,target,5.39453193670104,5962.98806949387,0,5000,270,0,0,500,0,NaN,NaN,0,0
pn_K4,比例导引法 K=4,target_pn_K4,target,5.40453193670104,5957.98806949387,0,5000,270,0,0,500,0,NaN,NaN,0,0
pn_K4,比例导引法 K=4,target_pn_K4,target,5.41453193670104,5952.98806949387,0,5000,270,0,0,500,0,NaN,NaN,0,0
pn_K4,比例导引法 K=4,target_pn_K4,target,5.42453193670104,5947.98806949387,0,5000,270,0,0,500,0,NaN,NaN,0,0
pn_K4,比例导引法 K=4,target_pn_K4,target,5.43453193670104,5942.98806949387,0,5000,270,0,0,500,0,NaN,NaN,0,0
pn_K4,比例导引法 K=4,target_pn_K4,target,5.44453193670104,5937.98806949387,0,5000,270,0,0,500,0,NaN,NaN,0,0
pn_K4,比例导引法 K=4,target_pn_K4,target,5.45453193670104,5932.98806949387,0,5000,270,0,0,500,0,NaN,NaN,0,0
pn_K4,比例导引法 K=4,target_pn_K4,target,5.46453193670104,5927.98806949387,0,5000,270,0,0,500,0,NaN,NaN,0,0
pn_K4,比例导引法 K=4,target_pn_K4,target,5.47453193670104,5922.98806949387,0,5000,270,0,0,500,0,NaN,NaN,0,0
pn_K4,比例导引法 K=4,target_pn_K4,target,5.48453193670104,5917.98806949387,0,5000,270,0,0,500,0,NaN,NaN,0,0
pn_K4,比例导引法 K=4,target_pn_K4,target,5.49453193670104,5912.98806949387,0,5000,270,0,0,500,0,NaN,NaN,0,0
pn_K4,比例导引法 K=4,target_pn_K4,target,5.50453193670104,5907.98806949387,0,5000,270,0,0,500,0,NaN,NaN,0,0
pn_K4,比例导引法 K=4,target_pn_K4,target,5.51453193670104,5902.98806949387,0,5000,270,0,0,500,0,NaN,NaN,0,0
pn_K4,比例导引法 K=4,target_pn_K4,target,5.52453193670104,5897.98806949387,0,5000,270,0,0,500,0,NaN,NaN,0,0
pn_K4,比例导引法 K=4,target_pn_K4,target,5.53453193670104,5892.98806949387,0,5000,270,0,0,500,0,NaN,NaN,0,0
pn_K4,比例导引法 K=4,target_pn_K4,target,5.54453193670104,5887.98806949387,0,5000,270,0,0,500,0,NaN,NaN,0,0
pn_K4,比例导引法 K=4,target_pn_K4,target,5.55453193670104,5882.98806949387,0,5000,270,0,0,500,0,NaN,NaN,0,0
pn_K4,比例导引法 K=4,target_pn_K4,target,5.56453193670104,5877.98806949387,0,5000,270,0,0,500,0,NaN,NaN,0,0
pn_K4,比例导引法 K=4,target_pn_K4,target,5.57453193670104,5872.98806949387,0,5000,270,0,0,500,0,NaN,NaN,0,0
pn_K4,比例导引法 K=4,target_pn_K4,target,5.58453193670104,5867.98806949387,0,5000,270,0,0,500,0,NaN,NaN,0,0
pn_K4,比例导引法 K=4,target_pn_K4,target,5.59453193670104,5862.98806949387,0,5000,270,0,0,500,0,NaN,NaN,0,0
pn_K4,比例导引法 K=4,target_pn_K4,target,5.60453193670104,5857.98806949387,0,5000,270,0,0,500,0,NaN,NaN,0,0
pn_K4,比例导引法 K=4,target_pn_K4,target,5.61453193670104,5852.98806949387,0,5000,270,0,0,500,0,NaN,NaN,0,0
pn_K4,比例导引法 K=4,target_pn_K4,target,5.62453193670104,5847.98806949387,0,5000,270,0,0,500,0,NaN,NaN,0,0
pn_K4,比例导引法 K=4,target_pn_K4,target,5.63453193670103,5842.98806949387,0,5000,270,0,0,500,0,NaN,NaN,0,0
pn_K4,比例导引法 K=4,target_pn_K4,target,5.64453193670103,5837.98806949387,0,5000,270,0,0,500,0,NaN,NaN,0,0
pn_K4,比例导引法 K=4,target_pn_K4,target,5.65453193670103,5832.98806949387,0,5000,270,0,0,500,0,NaN,NaN,0,0
pn_K4,比例导引法 K=4,target_pn_K4,target,5.66453193670103,5827.98806949387,0,5000,270,0,0,500,0,NaN,NaN,0,0
pn_K4,比例导引法 K=4,target_pn_K4,target,5.67453193670103,5822.98806949387,0,5000,270,0,0,500,0,NaN,NaN,0,0
pn_K4,比例导引法 K=4,target_pn_K4,target,5.68453193670103,5817.98806949387,0,5000,270,0,0,500,0,NaN,NaN,0,0
pn_K4,比例导引法 K=4,target_pn_K4,target,5.69453193670103,5812.98806949387,0,5000,270,0,0,500,0,NaN,NaN,0,0
pn_K4,比例导引法 K=4,target_pn_K4,target,5.70453193670103,5807.98806949387,0,5000,270,0,0,500,0,NaN,NaN,0,0
pn_K4,比例导引法 K=4,target_pn_K4,target,5.71453193670103,5802.98806949387,0,5000,270,0,0,500,0,NaN,NaN,0,0
pn_K4,比例导引法 K=4,target_pn_K4,target,5.72453193670103,5797.98806949387,0,5000,270,0,0,500,0,NaN,NaN,0,0
pn_K4,比例导引法 K=4,target_pn_K4,target,5.73453193670103,5792.98806949387,0,5000,270,0,0,500,0,NaN,NaN,0,0
pn_K4,比例导引法 K=4,target_pn_K4,target,5.74453193670103,5787.98806949387,0,5000,270,0,0,500,0,NaN,NaN,0,0
pn_K4,比例导引法 K=4,target_pn_K4,target,5.75453193670103,5782.98806949387,0,5000,270,0,0,500,0,NaN,NaN,0,0
pn_K4,比例导引法 K=4,target_pn_K4,target,5.76453193670103,5777.98806949387,0,5000,270,0,0,500,0,NaN,NaN,0,0
pn_K4,比例导引法 K=4,target_pn_K4,target,5.77453193670103,5772.98806949387,0,5000,270,0,0,500,0,NaN,NaN,0,0
pn_K4,比例导引法 K=4,target_pn_K4,target,5.78453193670103,5767.98806949387,0,5000,270,0,0,500,0,NaN,NaN,0,0
pn_K4,比例导引法 K=4,target_pn_K4,target,5.79453193670103,5762.98806949387,0,5000,270,0,0,500,0,NaN,NaN,0,0
pn_K4,比例导引法 K=4,target_pn_K4,target,5.80453193670103,5757.98806949387,0,5000,270,0,0,500,0,NaN,NaN,0,0
pn_K4,比例导引法 K=4,target_pn_K4,target,5.81453193670103,5752.98806949387,0,5000,270,0,0,500,0,NaN,NaN,0,0
pn_K4,比例导引法 K=4,target_pn_K4,target,5.82453193670103,5747.98806949387,0,5000,270,0,0,500,0,NaN,NaN,0,0
pn_K4,比例导引法 K=4,target_pn_K4,target,5.83453193670103,5742.98806949387,0,5000,270,0,0,500,0,NaN,NaN,0,0
pn_K4,比例导引法 K=4,target_pn_K4,target,5.84453193670103,5737.98806949387,0,5000,270,0,0,500,0,NaN,NaN,0,0
pn_K4,比例导引法 K=4,target_pn_K4,target,5.85453193670103,5732.98806949387,0,5000,270,0,0,500,0,NaN,NaN,0,0
pn_K4,比例导引法 K=4,target_pn_K4,target,5.86453193670103,5727.98806949387,0,5000,270,0,0,500,0,NaN,NaN,0,0
pn_K4,比例导引法 K=4,target_pn_K4,target,5.87453193670103,5722.98806949387,0,5000,270,0,0,500,0,NaN,NaN,0,0
pn_K4,比例导引法 K=4,target_pn_K4,target,5.88453193670103,5717.98806949387,0,5000,270,0,0,500,0,NaN,NaN,0,0
pn_K4,比例导引法 K=4,target_pn_K4,target,5.89453193670103,5712.98806949387,0,5000,270,0,0,500,0,NaN,NaN,0,0
pn_K4,比例导引法 K=4,target_pn_K4,target,5.90453193670103,5707.98806949387,0,5000,270,0,0,500,0,NaN,NaN,0,0
pn_K4,比例导引法 K=4,target_pn_K4,target,5.91453193670103,5702.98806949387,0,5000,270,0,0,500,0,NaN,NaN,0,0
pn_K4,比例导引法 K=4,target_pn_K4,target,5.92453193670103,5697.98806949387,0,5000,270,0,0,500,0,NaN,NaN,0,0
pn_K4,比例导引法 K=4,target_pn_K4,target,5.93453193670103,5692.98806949387,0,5000,270,0,0,500,0,NaN,NaN,0,0
pn_K4,比例导引法 K=4,target_pn_K4,target,5.94453193670103,5687.98806949387,0,5000,270,0,0,500,0,NaN,NaN,0,0
pn_K4,比例导引法 K=4,target_pn_K4,target,5.95453193670103,5682.98806949387,0,5000,270,0,0,500,0,NaN,NaN,0,0
pn_K4,比例导引法 K=4,target_pn_K4,target,5.96453193670103,5677.98806949387,0,5000,270,0,0,500,0,NaN,NaN,0,0
pn_K4,比例导引法 K=4,target_pn_K4,target,5.97453193670103,5672.98806949387,0,5000,270,0,0,500,0,NaN,NaN,0,0
pn_K4,比例导引法 K=4,target_pn_K4,target,5.98453193670103,5667.98806949387,0,5000,270,0,0,500,0,NaN,NaN,0,0
pn_K4,比例导引法 K=4,target_pn_K4,target,5.99453193670103,5662.98806949387,0,5000,270,0,0,500,0,NaN,NaN,0,0
pn_K4,比例导引法 K=4,target_pn_K4,target,6.00453193670103,5657.98806949387,0,5000,270,0,0,500,0,NaN,NaN,0,0
pn_K4,比例导引法 K=4,target_pn_K4,target,6.01453193670103,5652.98806949387,0,5000,270,0,0,500,0,NaN,NaN,0,0
pn_K4,比例导引法 K=4,target_pn_K4,target,6.02453193670103,5647.98806949387,0,5000,270,0,0,500,0,NaN,NaN,0,0
pn_K4,比例导引法 K=4,target_pn_K4,target,6.03453193670103,5642.98806949387,0,5000,270,0,0,500,0,NaN,NaN,0,0
pn_K4,比例导引法 K=4,target_pn_K4,target,6.04453193670103,5637.98806949387,0,5000,270,0,0,500,0,NaN,NaN,0,0
pn_K4,比例导引法 K=4,target_pn_K4,target,6.05453193670103,5632.98806949387,0,5000,270,0,0,500,0,NaN,NaN,0,0
pn_K4,比例导引法 K=4,target_pn_K4,target,6.06453193670103,5627.98806949387,0,5000,270,0,0,500,0,NaN,NaN,0,0
pn_K4,比例导引法 K=4,target_pn_K4,target,6.07453193670103,5622.98806949387,0,5000,270,0,0,500,0,NaN,NaN,0,0
pn_K4,比例导引法 K=4,target_pn_K4,target,6.08453193670103,5617.98806949387,0,5000,270,0,0,500,0,NaN,NaN,0,0
pn_K4,比例导引法 K=4,target_pn_K4,target,6.09453193670103,5612.98806949387,0,5000,270,0,0,500,0,NaN,NaN,0,0
pn_K4,比例导引法 K=4,target_pn_K4,target,6.10453193670102,5607.98806949387,0,5000,270,0,0,500,0,NaN,NaN,0,0
pn_K4,比例导引法 K=4,target_pn_K4,target,6.11453193670102,5602.98806949387,0,5000,270,0,0,500,0,NaN,NaN,0,0
pn_K4,比例导引法 K=4,target_pn_K4,target,6.12453193670102,5597.98806949387,0,5000,270,0,0,500,0,NaN,NaN,0,0
pn_K4,比例导引法 K=4,target_pn_K4,target,6.13453193670102,5592.98806949387,0,5000,270,0,0,500,0,NaN,NaN,0,0
pn_K4,比例导引法 K=4,target_pn_K4,target,6.14453193670102,5587.98806949387,0,5000,270,0,0,500,0,NaN,NaN,0,0
pn_K4,比例导引法 K=4,target_pn_K4,target,6.15453193670102,5582.98806949387,0,5000,270,0,0,500,0,NaN,NaN,0,0
pn_K4,比例导引法 K=4,target_pn_K4,target,6.16453193670102,5577.98806949387,0,5000,270,0,0,500,0,NaN,NaN,0,0
pn_K4,比例导引法 K=4,target_pn_K4,target,6.17453193670102,5572.98806949387,0,5000,270,0,0,500,0,NaN,NaN,0,0
pn_K4,比例导引法 K=4,target_pn_K4,target,6.18453193670102,5567.98806949387,0,5000,270,0,0,500,0,NaN,NaN,0,0
pn_K4,比例导引法 K=4,target_pn_K4,target,6.19453193670102,5562.98806949387,0,5000,270,0,0,500,0,NaN,NaN,0,0
pn_K4,比例导引法 K=4,target_pn_K4,target,6.20453193670102,5557.98806949387,0,5000,270,0,0,500,0,NaN,NaN,0,0
pn_K4,比例导引法 K=4,target_pn_K4,target,6.21453193670102,5552.98806949387,0,5000,270,0,0,500,0,NaN,NaN,0,0
pn_K4,比例导引法 K=4,target_pn_K4,target,6.22453193670102,5547.98806949387,0,5000,270,0,0,500,0,NaN,NaN,0,0
pn_K4,比例导引法 K=4,target_pn_K4,target,6.23453193670102,5542.98806949387,0,5000,270,0,0,500,0,NaN,NaN,0,0
pn_K4,比例导引法 K=4,target_pn_K4,target,6.24453193670102,5537.98806949388,0,5000,270,0,0,500,0,NaN,NaN,0,0
pn_K4,比例导引法 K=4,target_pn_K4,target,6.25453193670102,5532.98806949388,0,5000,270,0,0,500,0,NaN,NaN,0,0
pn_K4,比例导引法 K=4,target_pn_K4,target,6.26453193670102,5527.98806949388,0,5000,270,0,0,500,0,NaN,NaN,0,0
pn_K4,比例导引法 K=4,target_pn_K4,target,6.27453193670102,5522.98806949388,0,5000,270,0,0,500,0,NaN,NaN,0,0
pn_K4,比例导引法 K=4,target_pn_K4,target,6.28453193670102,5517.98806949388,0,5000,270,0,0,500,0,NaN,NaN,0,0
pn_K4,比例导引法 K=4,target_pn_K4,target,6.29453193670102,5512.98806949388,0,5000,270,0,0,500,0,NaN,NaN,0,0
pn_K4,比例导引法 K=4,target_pn_K4,target,6.30453193670102,5507.98806949388,0,5000,270,0,0,500,0,NaN,NaN,0,0
pn_K4,比例导引法 K=4,target_pn_K4,target,6.31453193670102,5502.98806949388,0,5000,270,0,0,500,0,NaN,NaN,0,0
pn_K4,比例导引法 K=4,target_pn_K4,target,6.32453193670102,5497.98806949388,0,5000,270,0,0,500,0,NaN,NaN,0,0
pn_K4,比例导引法 K=4,target_pn_K4,target,6.33453193670102,5492.98806949388,0,5000,270,0,0,500,0,NaN,NaN,0,0
pn_K4,比例导引法 K=4,target_pn_K4,target,6.34453193670102,5487.98806949388,0,5000,270,0,0,500,0,NaN,NaN,0,0
pn_K4,比例导引法 K=4,target_pn_K4,target,6.35453193670102,5482.98806949388,0,5000,270,0,0,500,0,NaN,NaN,0,0
pn_K4,比例导引法 K=4,target_pn_K4,target,6.36453193670102,5477.98806949388,0,5000,270,0,0,500,0,NaN,NaN,0,0
pn_K4,比例导引法 K=4,target_pn_K4,target,6.37453193670102,5472.98806949388,0,5000,270,0,0,500,0,NaN,NaN,0,0
pn_K4,比例导引法 K=4,target_pn_K4,target,6.38453193670102,5467.98806949388,0,5000,270,0,0,500,0,NaN,NaN,0,0
pn_K4,比例导引法 K=4,target_pn_K4,target,6.39453193670102,5462.98806949388,0,5000,270,0,0,500,0,NaN,NaN,0,0
pn_K4,比例导引法 K=4,target_pn_K4,target,6.40453193670102,5457.98806949388,0,5000,270,0,0,500,0,NaN,NaN,0,0
pn_K4,比例导引法 K=4,target_pn_K4,target,6.41453193670102,5452.98806949388,0,5000,270,0,0,500,0,NaN,NaN,0,0
pn_K4,比例导引法 K=4,target_pn_K4,target,6.42453193670102,5447.98806949388,0,5000,270,0,0,500,0,NaN,NaN,0,0
pn_K4,比例导引法 K=4,target_pn_K4,target,6.43453193670102,5442.98806949388,0,5000,270,0,0,500,0,NaN,NaN,0,0
pn_K4,比例导引法 K=4,target_pn_K4,target,6.44453193670102,5437.98806949388,0,5000,270,0,0,500,0,NaN,NaN,0,0
pn_K4,比例导引法 K=4,target_pn_K4,target,6.45453193670102,5432.98806949388,0,5000,270,0,0,500,0,NaN,NaN,0,0
pn_K4,比例导引法 K=4,target_pn_K4,target,6.46453193670102,5427.98806949388,0,5000,270,0,0,500,0,NaN,NaN,0,0
pn_K4,比例导引法 K=4,target_pn_K4,target,6.47453193670102,5422.98806949388,0,5000,270,0,0,500,0,NaN,NaN,0,0
pn_K4,比例导引法 K=4,target_pn_K4,target,6.48453193670102,5417.98806949388,0,5000,270,0,0,500,0,NaN,NaN,0,0
pn_K4,比例导引法 K=4,target_pn_K4,target,6.49453193670102,5412.98806949388,0,5000,270,0,0,500,0,NaN,NaN,0,0
pn_K4,比例导引法 K=4,target_pn_K4,target,6.50453193670102,5407.98806949388,0,5000,270,0,0,500,0,NaN,NaN,0,0
pn_K4,比例导引法 K=4,target_pn_K4,target,6.51453193670102,5402.98806949388,0,5000,270,0,0,500,0,NaN,NaN,0,0
pn_K4,比例导引法 K=4,target_pn_K4,target,6.52453193670102,5397.98806949388,0,5000,270,0,0,500,0,NaN,NaN,0,0
pn_K4,比例导引法 K=4,target_pn_K4,target,6.53453193670102,5392.98806949388,0,5000,270,0,0,500,0,NaN,NaN,0,0
pn_K4,比例导引法 K=4,target_pn_K4,target,6.54453193670102,5387.98806949388,0,5000,270,0,0,500,0,NaN,NaN,0,0
pn_K4,比例导引法 K=4,target_pn_K4,target,6.55453193670102,5382.98806949388,0,5000,270,0,0,500,0,NaN,NaN,0,0
pn_K4,比例导引法 K=4,target_pn_K4,target,6.56453193670102,5377.98806949388,0,5000,270,0,0,500,0,NaN,NaN,0,0
pn_K4,比例导引法 K=4,target_pn_K4,target,6.57453193670101,5372.98806949388,0,5000,270,0,0,500,0,NaN,NaN,0,0
pn_K4,比例导引法 K=4,target_pn_K4,target,6.58453193670101,5367.98806949388,0,5000,270,0,0,500,0,NaN,NaN,0,0
pn_K4,比例导引法 K=4,target_pn_K4,target,6.59453193670101,5362.98806949388,0,5000,270,0,0,500,0,NaN,NaN,0,0
pn_K4,比例导引法 K=4,target_pn_K4,target,6.60453193670101,5357.98806949388,0,5000,270,0,0,500,0,NaN,NaN,0,0
pn_K4,比例导引法 K=4,target_pn_K4,target,6.61453193670101,5352.98806949388,0,5000,270,0,0,500,0,NaN,NaN,0,0
pn_K4,比例导引法 K=4,target_pn_K4,target,6.62453193670101,5347.98806949388,0,5000,270,0,0,500,0,NaN,NaN,0,0
pn_K4,比例导引法 K=4,target_pn_K4,target,6.63453193670101,5342.98806949388,0,5000,270,0,0,500,0,NaN,NaN,0,0
pn_K4,比例导引法 K=4,target_pn_K4,target,6.64453193670101,5337.98806949388,0,5000,270,0,0,500,0,NaN,NaN,0,0
pn_K4,比例导引法 K=4,target_pn_K4,target,6.65453193670101,5332.98806949388,0,5000,270,0,0,500,0,NaN,NaN,0,0
pn_K4,比例导引法 K=4,target_pn_K4,target,6.66453193670101,5327.98806949388,0,5000,270,0,0,500,0,NaN,NaN,0,0
pn_K4,比例导引法 K=4,target_pn_K4,target,6.67453193670101,5322.98806949388,0,5000,270,0,0,500,0,NaN,NaN,0,0
pn_K4,比例导引法 K=4,target_pn_K4,target,6.68453193670101,5317.98806949388,0,5000,270,0,0,500,0,NaN,NaN,0,0
pn_K4,比例导引法 K=4,target_pn_K4,target,6.69453193670101,5312.98806949388,0,5000,270,0,0,500,0,NaN,NaN,0,0
pn_K4,比例导引法 K=4,target_pn_K4,target,6.70453193670101,5307.98806949388,0,5000,270,0,0,500,0,NaN,NaN,0,0
pn_K4,比例导引法 K=4,target_pn_K4,target,6.71453193670101,5302.98806949388,0,5000,270,0,0,500,0,NaN,NaN,0,0
pn_K4,比例导引法 K=4,target_pn_K4,target,6.72453193670101,5297.98806949388,0,5000,270,0,0,500,0,NaN,NaN,0,0
pn_K4,比例导引法 K=4,target_pn_K4,target,6.73453193670101,5292.98806949388,0,5000,270,0,0,500,0,NaN,NaN,0,0
pn_K4,比例导引法 K=4,target_pn_K4,target,6.74453193670101,5287.98806949388,0,5000,270,0,0,500,0,NaN,NaN,0,0
pn_K4,比例导引法 K=4,target_pn_K4,target,6.75453193670101,5282.98806949388,0,5000,270,0,0,500,0,NaN,NaN,0,0
pn_K4,比例导引法 K=4,target_pn_K4,target,6.76453193670101,5277.98806949388,0,5000,270,0,0,500,0,NaN,NaN,0,0
pn_K4,比例导引法 K=4,target_pn_K4,target,6.77453193670101,5272.98806949388,0,5000,270,0,0,500,0,NaN,NaN,0,0
pn_K4,比例导引法 K=4,target_pn_K4,target,6.78453193670101,5267.98806949388,0,5000,270,0,0,500,0,NaN,NaN,0,0
pn_K4,比例导引法 K=4,target_pn_K4,target,6.79453193670101,5262.98806949388,0,5000,270,0,0,500,0,NaN,NaN,0,0
pn_K4,比例导引法 K=4,target_pn_K4,target,6.80453193670101,5257.98806949388,0,5000,270,0,0,500,0,NaN,NaN,0,0
pn_K4,比例导引法 K=4,target_pn_K4,target,6.81453193670101,5252.98806949388,0,5000,270,0,0,500,0,NaN,NaN,0,0
pn_K4,比例导引法 K=4,target_pn_K4,target,6.82453193670101,5247.98806949388,0,5000,270,0,0,500,0,NaN,NaN,0,0
pn_K4,比例导引法 K=4,target_pn_K4,target,6.83453193670101,5242.98806949388,0,5000,270,0,0,500,0,NaN,NaN,0,0
pn_K4,比例导引法 K=4,target_pn_K4,target,6.84453193670101,5237.98806949388,0,5000,270,0,0,500,0,NaN,NaN,0,0
pn_K4,比例导引法 K=4,target_pn_K4,target,6.85453193670101,5232.98806949388,0,5000,270,0,0,500,0,NaN,NaN,0,0
pn_K4,比例导引法 K=4,target_pn_K4,target,6.86453193670101,5227.98806949388,0,5000,270,0,0,500,0,NaN,NaN,0,0
pn_K4,比例导引法 K=4,target_pn_K4,target,6.87453193670101,5222.98806949388,0,5000,270,0,0,500,0,NaN,NaN,0,0
pn_K4,比例导引法 K=4,target_pn_K4,target,6.88453193670101,5217.98806949388,0,5000,270,0,0,500,0,NaN,NaN,0,0
pn_K4,比例导引法 K=4,target_pn_K4,target,6.89453193670101,5212.98806949388,0,5000,270,0,0,500,0,NaN,NaN,0,0
pn_K4,比例导引法 K=4,target_pn_K4,target,6.90453193670101,5207.98806949388,0,5000,270,0,0,500,0,NaN,NaN,0,0
pn_K4,比例导引法 K=4,target_pn_K4,target,6.91453193670101,5202.98806949388,0,5000,270,0,0,500,0,NaN,NaN,0,0
pn_K4,比例导引法 K=4,target_pn_K4,target,6.92453193670101,5197.98806949388,0,5000,270,0,0,500,0,NaN,NaN,0,0
pn_K4,比例导引法 K=4,target_pn_K4,target,6.93453193670101,5192.98806949388,0,5000,270,0,0,500,0,NaN,NaN,0,0
pn_K4,比例导引法 K=4,target_pn_K4,target,6.94453193670101,5187.98806949388,0,5000,270,0,0,500,0,NaN,NaN,0,0
pn_K4,比例导引法 K=4,target_pn_K4,target,6.95453193670101,5182.98806949388,0,5000,270,0,0,500,0,NaN,NaN,0,0
pn_K4,比例导引法 K=4,target_pn_K4,target,6.96453193670101,5177.98806949388,0,5000,270,0,0,500,0,NaN,NaN,0,0
pn_K4,比例导引法 K=4,target_pn_K4,target,6.97453193670101,5172.98806949388,0,5000,270,0,0,500,0,NaN,NaN,0,0
pn_K4,比例导引法 K=4,target_pn_K4,target,6.98453193670101,5167.98806949388,0,5000,270,0,0,500,0,NaN,NaN,0,0
pn_K4,比例导引法 K=4,target_pn_K4,target,6.99453193670101,5162.98806949388,0,5000,270,0,0,500,0,NaN,NaN,0,0
pn_K4,比例导引法 K=4,target_pn_K4,target,7.00453193670101,5157.98806949388,0,5000,270,0,0,500,0,NaN,NaN,0,0
pn_K4,比例导引法 K=4,target_pn_K4,target,7.01453193670101,5152.98806949388,0,5000,270,0,0,500,0,NaN,NaN,0,0
pn_K4,比例导引法 K=4,target_pn_K4,target,7.02453193670101,5147.98806949388,0,5000,270,0,0,500,0,NaN,NaN,0,0
pn_K4,比例导引法 K=4,target_pn_K4,target,7.03453193670101,5142.98806949388,0,5000,270,0,0,500,0,NaN,NaN,0,0
pn_K4,比例导引法 K=4,target_pn_K4,target,7.044531936701,5137.98806949388,0,5000,270,0,0,500,0,NaN,NaN,0,0
pn_K4,比例导引法 K=4,target_pn_K4,target,7.054531936701,5132.98806949388,0,5000,270,0,0,500,0,NaN,NaN,0,0
pn_K4,比例导引法 K=4,target_pn_K4,target,7.064531936701,5127.98806949388,0,5000,270,0,0,500,0,NaN,NaN,0,0
pn_K4,比例导引法 K=4,target_pn_K4,target,7.074531936701,5122.98806949388,0,5000,270,0,0,500,0,NaN,NaN,0,0
pn_K4,比例导引法 K=4,target_pn_K4,target,7.084531936701,5117.98806949388,0,5000,270,0,0,500,0,NaN,NaN,0,0
pn_K4,比例导引法 K=4,target_pn_K4,target,7.094531936701,5112.98806949388,0,5000,270,0,0,500,0,NaN,NaN,0,0
pn_K4,比例导引法 K=4,target_pn_K4,target,7.104531936701,5107.98806949388,0,5000,270,0,0,500,0,NaN,NaN,0,0
pn_K4,比例导引法 K=4,target_pn_K4,target,7.114531936701,5102.98806949388,0,5000,270,0,0,500,0,NaN,NaN,0,0
pn_K4,比例导引法 K=4,target_pn_K4,target,7.124531936701,5097.98806949388,0,5000,270,0,0,500,0,NaN,NaN,0,0
pn_K4,比例导引法 K=4,target_pn_K4,target,7.134531936701,5092.98806949388,0,5000,270,0,0,500,0,NaN,NaN,0,0
pn_K4,比例导引法 K=4,target_pn_K4,target,7.144531936701,5087.98806949389,0,5000,270,0,0,500,0,NaN,NaN,0,0
pn_K4,比例导引法 K=4,target_pn_K4,target,7.154531936701,5082.98806949389,0,5000,270,0,0,500,0,NaN,NaN,0,0
pn_K4,比例导引法 K=4,target_pn_K4,target,7.164531936701,5077.98806949389,0,5000,270,0,0,500,0,NaN,NaN,0,0
pn_K4,比例导引法 K=4,target_pn_K4,target,7.174531936701,5072.98806949389,0,5000,270,0,0,500,0,NaN,NaN,0,0
